problem_id,algorithm,universe_size,num_test_cases,embedding_found,num_logical_variables,num_logical_couplers,num_physical_qubits,max_chain_length,min_chain_length,mean_chain_length,physical_logical_qubit_ratio,topology,topology_size,target_num_nodes,target_num_edges,num_tries,successful_tries,runtime_seconds,target_cardinality,iteration,stage
M-5-N-10-pa-0.05-pe-1.00,BinSearch,5,5,True,5,10,6,2,1,1.2,1.2,pegasus,16,5640,40484,10,10,0.3084981070132926,3,,
M-5-N-10-pa-0.05-pe-1.00,LinearSearch,5,5,True,5,10,6,2,1,1.2,1.2,pegasus,16,5640,40484,10,10,0.3087916229851544,2,,
M-5-N-10-pa-0.05-pe-1.00,LinearSearch,5,5,True,5,10,6,2,1,1.2,1.2,pegasus,16,5640,40484,10,10,0.3091934740077704,3,,
M-5-N-10-pa-0.05-pe-1.00,LinearSearch With Preprocessing,5,5,True,5,10,6,2,1,1.2,1.2,pegasus,16,5640,40484,10,10,0.3059031910379417,3,,
M-5-N-10-pa-0.05-pe-1.00,LinearSearch With Reduced Qubits,5,5,True,5,10,6,2,1,1.2,1.2,pegasus,16,5640,40484,10,10,0.2893974439939484,2,,
M-5-N-10-pa-0.05-pe-1.00,LinearSearch With Reduced Qubits,5,5,True,5,10,6,2,1,1.2,1.2,pegasus,16,5640,40484,10,10,0.30772912804968655,3,,
M-5-N-10-pa-0.05-pe-1.00,LinearSearch With Preprocessing and Reduced Qubits,5,5,True,5,10,6,2,1,1.2,1.2,pegasus,16,5640,40484,10,10,0.2997703109867871,3,,
M-5-N-25-pa-0.75-pe-1.00,BinSearch,5,12,True,10,20,12,2,1,1.2,1.2,pegasus,16,5640,40484,10,10,0.32535072101745754,2,,
M-5-N-25-pa-0.75-pe-1.00,LinearSearch,5,12,True,10,20,12,2,1,1.2,1.2,pegasus,16,5640,40484,10,10,0.3243469320004806,2,,
M-5-N-25-pa-0.75-pe-1.00,LinearSearch With Preprocessing,5,12,True,10,20,12,2,1,1.2,1.2,pegasus,16,5640,40484,10,10,0.32336018997011706,2,,
M-5-N-25-pa-0.75-pe-1.00,LinearSearch With Reduced Qubits,5,12,True,10,20,12,2,1,1.2,1.2,pegasus,16,5640,40484,10,10,0.302960067987442,2,,
M-5-N-25-pa-0.75-pe-1.00,LinearSearch With Preprocessing and Reduced Qubits,5,12,True,10,20,12,2,1,1.2,1.2,pegasus,16,5640,40484,10,10,0.29938250401755795,2,,
M-5-N-10-pa-0.35-pe-1.00,BinSearch,5,9,True,6,12,7,2,1,1.1666666666666667,1.1666666666666667,pegasus,16,5640,40484,10,10,0.3127782459487207,4,,
M-5-N-10-pa-0.35-pe-1.00,LinearSearch,5,9,True,6,12,7,2,1,1.1666666666666667,1.1666666666666667,pegasus,16,5640,40484,10,10,0.3022410779958591,2,,
M-5-N-10-pa-0.35-pe-1.00,LinearSearch,5,9,True,6,12,7,2,1,1.1666666666666667,1.1666666666666667,pegasus,16,5640,40484,10,10,0.2966783579904586,3,,
M-5-N-10-pa-0.35-pe-1.00,LinearSearch,5,9,True,6,12,7,2,1,1.1666666666666667,1.1666666666666667,pegasus,16,5640,40484,10,10,0.29117326997220516,4,,
M-5-N-10-pa-0.35-pe-1.00,LinearSearch With Preprocessing,5,9,True,6,12,7,2,1,1.1666666666666667,1.1666666666666667,pegasus,16,5640,40484,10,10,0.30955329298740253,4,,
M-5-N-10-pa-0.35-pe-1.00,LinearSearch With Reduced Qubits,5,9,True,6,12,7,2,1,1.1666666666666667,1.1666666666666667,pegasus,16,5640,40484,10,10,0.29373219900298864,2,,
M-5-N-10-pa-0.35-pe-1.00,LinearSearch With Reduced Qubits,5,9,True,6,12,7,2,1,1.1666666666666667,1.1666666666666667,pegasus,16,5640,40484,10,10,0.31821941700764,3,,
M-5-N-10-pa-0.35-pe-1.00,LinearSearch With Reduced Qubits,5,9,True,6,12,7,2,1,1.1666666666666667,1.1666666666666667,pegasus,16,5640,40484,10,10,0.3023638669983484,4,,
M-5-N-10-pa-0.35-pe-1.00,LinearSearch With Preprocessing and Reduced Qubits,5,9,True,6,12,7,2,1,1.1666666666666667,1.1666666666666667,pegasus,16,5640,40484,10,10,0.29719581600511447,4,,
M-5-N-50-pa-0.65-pe-1.00,BinSearch,5,23,True,5,10,6,2,1,1.2,1.2,pegasus,16,5640,40484,10,10,0.2958698800066486,3,,
M-5-N-50-pa-0.65-pe-1.00,LinearSearch,5,23,True,5,10,6,2,1,1.2,1.2,pegasus,16,5640,40484,10,10,0.29345362301683053,2,,
M-5-N-50-pa-0.65-pe-1.00,LinearSearch,5,23,True,5,10,6,2,1,1.2,1.2,pegasus,16,5640,40484,10,10,0.31452288903528824,3,,
M-5-N-50-pa-0.65-pe-1.00,LinearSearch With Preprocessing,5,23,True,5,10,6,2,1,1.2,1.2,pegasus,16,5640,40484,10,10,0.3005407260498032,3,,
M-5-N-50-pa-0.65-pe-1.00,LinearSearch With Reduced Qubits,5,23,True,5,10,6,2,1,1.2,1.2,pegasus,16,5640,40484,10,10,0.29673021903727204,2,,
M-5-N-50-pa-0.65-pe-1.00,LinearSearch With Reduced Qubits,5,23,True,5,10,6,2,1,1.2,1.2,pegasus,16,5640,40484,10,10,0.313845484983176,3,,
M-5-N-50-pa-0.65-pe-1.00,LinearSearch With Preprocessing and Reduced Qubits,5,23,True,5,10,6,2,1,1.2,1.2,pegasus,16,5640,40484,10,10,0.2938188380212523,3,,
M-5-N-50-pa-0.45-pe-1.00,BinSearch,5,29,True,5,10,6,2,1,1.2,1.2,pegasus,16,5640,40484,10,10,0.2953646919922903,5,,
M-5-N-50-pa-0.45-pe-1.00,LinearSearch,5,29,True,5,10,6,2,1,1.2,1.2,pegasus,16,5640,40484,10,10,0.2921154040377587,2,,
M-5-N-50-pa-0.45-pe-1.00,LinearSearch,5,29,True,5,10,6,2,1,1.2,1.2,pegasus,16,5640,40484,10,10,0.3120079989894293,3,,
M-5-N-50-pa-0.45-pe-1.00,LinearSearch,5,29,True,5,10,6,2,1,1.2,1.2,pegasus,16,5640,40484,10,10,0.3151157289976254,4,,
M-5-N-50-pa-0.45-pe-1.00,LinearSearch,5,29,True,5,10,6,2,1,1.2,1.2,pegasus,16,5640,40484,10,10,0.3089955790201202,5,,
M-5-N-50-pa-0.45-pe-1.00,LinearSearch With Preprocessing,5,29,True,5,10,6,2,1,1.2,1.2,pegasus,16,5640,40484,10,10,0.28622104099486023,5,,
M-5-N-50-pa-0.45-pe-1.00,LinearSearch With Reduced Qubits,5,29,True,5,10,6,2,1,1.2,1.2,pegasus,16,5640,40484,10,10,0.2935346909798682,2,,
M-5-N-50-pa-0.45-pe-1.00,LinearSearch With Reduced Qubits,5,29,True,5,10,6,2,1,1.2,1.2,pegasus,16,5640,40484,10,10,0.2944293470354751,3,,
M-5-N-50-pa-0.45-pe-1.00,LinearSearch With Reduced Qubits,5,29,True,5,10,6,2,1,1.2,1.2,pegasus,16,5640,40484,10,10,0.31536576099460945,4,,
M-5-N-50-pa-0.45-pe-1.00,LinearSearch With Reduced Qubits,5,29,True,5,10,6,2,1,1.2,1.2,pegasus,16,5640,40484,10,10,0.28852573898620903,5,,
M-5-N-50-pa-0.45-pe-1.00,LinearSearch With Preprocessing and Reduced Qubits,5,29,True,5,10,6,2,1,1.2,1.2,pegasus,16,5640,40484,10,10,0.2912237090058625,5,,
M-5-N-25-pa-0.25-pe-1.00,BinSearch,5,12,True,5,10,6,2,1,1.2,1.2,pegasus,16,5640,40484,10,10,0.31316730100661516,5,,
M-5-N-25-pa-0.25-pe-1.00,LinearSearch,5,12,True,5,10,6,2,1,1.2,1.2,pegasus,16,5640,40484,10,10,0.29441584600135684,2,,
M-5-N-25-pa-0.25-pe-1.00,LinearSearch,5,12,True,5,10,6,2,1,1.2,1.2,pegasus,16,5640,40484,10,10,0.2961519720265642,3,,
M-5-N-25-pa-0.25-pe-1.00,LinearSearch,5,12,True,5,10,6,2,1,1.2,1.2,pegasus,16,5640,40484,10,10,0.2930094050243497,4,,
M-5-N-25-pa-0.25-pe-1.00,LinearSearch,5,12,True,5,10,6,2,1,1.2,1.2,pegasus,16,5640,40484,10,10,0.29132144805043936,5,,
M-5-N-25-pa-0.25-pe-1.00,LinearSearch With Preprocessing,5,12,True,5,10,6,2,1,1.2,1.2,pegasus,16,5640,40484,10,10,0.309003883972764,5,,
M-5-N-25-pa-0.25-pe-1.00,LinearSearch With Reduced Qubits,5,12,True,5,10,6,2,1,1.2,1.2,pegasus,16,5640,40484,10,10,0.29322228499222547,2,,
M-5-N-25-pa-0.25-pe-1.00,LinearSearch With Reduced Qubits,5,12,True,5,10,6,2,1,1.2,1.2,pegasus,16,5640,40484,10,10,0.28869442304130644,3,,
M-5-N-25-pa-0.25-pe-1.00,LinearSearch With Reduced Qubits,5,12,True,5,10,6,2,1,1.2,1.2,pegasus,16,5640,40484,10,10,0.3096944090211764,4,,
M-5-N-25-pa-0.25-pe-1.00,LinearSearch With Reduced Qubits,5,12,True,5,10,6,2,1,1.2,1.2,pegasus,16,5640,40484,10,10,0.2928962479927577,5,,
M-5-N-25-pa-0.25-pe-1.00,LinearSearch With Preprocessing and Reduced Qubits,5,12,True,5,10,6,2,1,1.2,1.2,pegasus,16,5640,40484,10,10,0.2881904430105351,5,,
M-5-N-50-pa-0.05-pe-1.00,BinSearch,5,8,True,5,10,6,2,1,1.2,1.2,pegasus,16,5640,40484,10,10,0.29184731998248026,5,,
M-5-N-50-pa-0.05-pe-1.00,LinearSearch,5,8,True,5,10,6,2,1,1.2,1.2,pegasus,16,5640,40484,10,10,0.2951309939962812,2,,
M-5-N-50-pa-0.05-pe-1.00,LinearSearch,5,8,True,5,10,6,2,1,1.2,1.2,pegasus,16,5640,40484,10,10,0.31751599005656317,3,,
M-5-N-50-pa-0.05-pe-1.00,LinearSearch,5,8,True,5,10,6,2,1,1.2,1.2,pegasus,16,5640,40484,10,10,0.2918083799886517,4,,
M-5-N-50-pa-0.05-pe-1.00,LinearSearch,5,8,True,5,10,6,2,1,1.2,1.2,pegasus,16,5640,40484,10,10,0.29321411898126826,5,,
M-5-N-50-pa-0.05-pe-1.00,LinearSearch With Preprocessing,5,8,True,5,10,6,2,1,1.2,1.2,pegasus,16,5640,40484,10,10,0.3051375870127231,5,,
M-5-N-50-pa-0.05-pe-1.00,LinearSearch With Reduced Qubits,5,8,True,5,10,6,2,1,1.2,1.2,pegasus,16,5640,40484,10,10,0.30725400301162153,2,,
M-5-N-50-pa-0.05-pe-1.00,LinearSearch With Reduced Qubits,5,8,True,5,10,6,2,1,1.2,1.2,pegasus,16,5640,40484,10,10,0.29268717602826655,3,,
M-5-N-50-pa-0.05-pe-1.00,LinearSearch With Reduced Qubits,5,8,True,5,10,6,2,1,1.2,1.2,pegasus,16,5640,40484,10,10,0.29356883303262293,4,,
M-5-N-50-pa-0.05-pe-1.00,LinearSearch With Reduced Qubits,5,8,True,5,10,6,2,1,1.2,1.2,pegasus,16,5640,40484,10,10,0.2963681939872913,5,,
M-5-N-50-pa-0.05-pe-1.00,LinearSearch With Preprocessing and Reduced Qubits,5,8,True,5,10,6,2,1,1.2,1.2,pegasus,16,5640,40484,10,10,0.31514447898371145,5,,
M-5-N-25-pa-0.05-pe-1.00,BinSearch,5,10,True,5,10,6,2,1,1.2,1.2,pegasus,16,5640,40484,10,10,0.2928054499789141,5,,
M-5-N-25-pa-0.05-pe-1.00,LinearSearch,5,10,True,5,10,6,2,1,1.2,1.2,pegasus,16,5640,40484,10,10,0.3165414949762635,2,,
M-5-N-25-pa-0.05-pe-1.00,LinearSearch,5,10,True,5,10,6,2,1,1.2,1.2,pegasus,16,5640,40484,10,10,0.31397810799535364,3,,
M-5-N-25-pa-0.05-pe-1.00,LinearSearch,5,10,True,5,10,6,2,1,1.2,1.2,pegasus,16,5640,40484,10,10,0.2924452540464699,4,,
M-5-N-25-pa-0.05-pe-1.00,LinearSearch,5,10,True,5,10,6,2,1,1.2,1.2,pegasus,16,5640,40484,10,10,0.28972612897632644,5,,
M-5-N-25-pa-0.05-pe-1.00,LinearSearch With Preprocessing,5,10,True,5,10,6,2,1,1.2,1.2,pegasus,16,5640,40484,10,10,0.29291927098529413,5,,
M-5-N-25-pa-0.05-pe-1.00,LinearSearch With Reduced Qubits,5,10,True,5,10,6,2,1,1.2,1.2,pegasus,16,5640,40484,10,10,0.29469224700005725,2,,
M-5-N-25-pa-0.05-pe-1.00,LinearSearch With Reduced Qubits,5,10,True,5,10,6,2,1,1.2,1.2,pegasus,16,5640,40484,10,10,0.2939751329831779,3,,
M-5-N-25-pa-0.05-pe-1.00,LinearSearch With Reduced Qubits,5,10,True,5,10,6,2,1,1.2,1.2,pegasus,16,5640,40484,10,10,0.31575348001206294,4,,
M-5-N-25-pa-0.05-pe-1.00,LinearSearch With Reduced Qubits,5,10,True,5,10,6,2,1,1.2,1.2,pegasus,16,5640,40484,10,10,0.2874461199971847,5,,
M-5-N-25-pa-0.05-pe-1.00,LinearSearch With Preprocessing and Reduced Qubits,5,10,True,5,10,6,2,1,1.2,1.2,pegasus,16,5640,40484,10,10,0.29713610699400306,5,,
M-5-N-25-pa-0.85-pe-1.00,BinSearch,5,10,True,10,26,12,2,1,1.2,1.2,pegasus,16,5640,40484,10,10,0.3430213940446265,2,,
M-5-N-25-pa-0.85-pe-1.00,LinearSearch,5,10,True,15,47,20,2,1,1.3333333333333333,1.3333333333333333,pegasus,16,5640,40484,10,10,0.3438280890113674,2,,
M-5-N-25-pa-0.85-pe-1.00,LinearSearch With Preprocessing,5,10,True,15,47,20,2,1,1.3333333333333333,1.3333333333333333,pegasus,16,5640,40484,10,10,0.3462943769991398,2,,
M-5-N-25-pa-0.85-pe-1.00,LinearSearch With Reduced Qubits,5,10,True,10,26,12,2,1,1.2,1.2,pegasus,16,5640,40484,10,10,0.33756677800556645,2,,
M-5-N-25-pa-0.85-pe-1.00,LinearSearch With Preprocessing and Reduced Qubits,5,10,True,10,26,12,2,1,1.2,1.2,pegasus,16,5640,40484,10,10,0.34593848400982097,2,,
M-5-N-50-pa-0.55-pe-1.00,BinSearch,5,24,True,5,10,6,2,1,1.2,1.2,pegasus,16,5640,40484,10,10,0.29464506602380425,4,,
M-5-N-50-pa-0.55-pe-1.00,LinearSearch,5,24,True,5,10,6,2,1,1.2,1.2,pegasus,16,5640,40484,10,10,0.2942816289723851,2,,
M-5-N-50-pa-0.55-pe-1.00,LinearSearch,5,24,True,5,10,6,2,1,1.2,1.2,pegasus,16,5640,40484,10,10,0.29695299599552527,3,,
M-5-N-50-pa-0.55-pe-1.00,LinearSearch,5,24,True,5,10,6,2,1,1.2,1.2,pegasus,16,5640,40484,10,10,0.2894832519814372,4,,
M-5-N-50-pa-0.55-pe-1.00,LinearSearch With Preprocessing,5,24,True,5,10,6,2,1,1.2,1.2,pegasus,16,5640,40484,10,10,0.31292980996659026,4,,
M-5-N-50-pa-0.55-pe-1.00,LinearSearch With Reduced Qubits,5,24,True,5,10,6,2,1,1.2,1.2,pegasus,16,5640,40484,10,10,0.3105434469762258,2,,
M-5-N-50-pa-0.55-pe-1.00,LinearSearch With Reduced Qubits,5,24,True,5,10,6,2,1,1.2,1.2,pegasus,16,5640,40484,10,10,0.3122891599778086,3,,
M-5-N-50-pa-0.55-pe-1.00,LinearSearch With Reduced Qubits,5,24,True,5,10,6,2,1,1.2,1.2,pegasus,16,5640,40484,10,10,0.2961993360077031,4,,
M-5-N-50-pa-0.55-pe-1.00,LinearSearch With Preprocessing and Reduced Qubits,5,24,True,5,10,6,2,1,1.2,1.2,pegasus,16,5640,40484,10,10,0.31204308703308925,4,,
M-5-N-50-pa-0.35-pe-1.00,BinSearch,5,22,True,5,10,6,2,1,1.2,1.2,pegasus,16,5640,40484,10,10,0.29507247800938785,5,,
M-5-N-50-pa-0.35-pe-1.00,LinearSearch,5,22,True,5,10,6,2,1,1.2,1.2,pegasus,16,5640,40484,10,10,0.3174587639514357,2,,
M-5-N-50-pa-0.35-pe-1.00,LinearSearch,5,22,True,5,10,6,2,1,1.2,1.2,pegasus,16,5640,40484,10,10,0.2923920419998467,3,,
M-5-N-50-pa-0.35-pe-1.00,LinearSearch,5,22,True,5,10,6,2,1,1.2,1.2,pegasus,16,5640,40484,10,10,0.28862701600883156,4,,
M-5-N-50-pa-0.35-pe-1.00,LinearSearch,5,22,True,5,10,6,2,1,1.2,1.2,pegasus,16,5640,40484,10,10,0.3073055159766227,5,,
M-5-N-50-pa-0.35-pe-1.00,LinearSearch With Preprocessing,5,22,True,5,10,6,2,1,1.2,1.2,pegasus,16,5640,40484,10,10,0.3151371660060249,5,,
M-5-N-50-pa-0.35-pe-1.00,LinearSearch With Reduced Qubits,5,22,True,5,10,6,2,1,1.2,1.2,pegasus,16,5640,40484,10,10,0.2887480770004913,2,,
M-5-N-50-pa-0.35-pe-1.00,LinearSearch With Reduced Qubits,5,22,True,5,10,6,2,1,1.2,1.2,pegasus,16,5640,40484,10,10,0.29798636498162523,3,,
M-5-N-50-pa-0.35-pe-1.00,LinearSearch With Reduced Qubits,5,22,True,5,10,6,2,1,1.2,1.2,pegasus,16,5640,40484,10,10,0.31212122295983136,4,,
M-5-N-50-pa-0.35-pe-1.00,LinearSearch With Reduced Qubits,5,22,True,5,10,6,2,1,1.2,1.2,pegasus,16,5640,40484,10,10,0.3177759910468012,5,,
M-5-N-50-pa-0.35-pe-1.00,LinearSearch With Preprocessing and Reduced Qubits,5,22,True,5,10,6,2,1,1.2,1.2,pegasus,16,5640,40484,10,10,0.31464535696431994,5,,
M-5-N-5-pa-0.35-pe-1.00,BinSearch,5,5,True,5,10,6,2,1,1.2,1.2,pegasus,16,5640,40484,10,10,0.3150868749944493,2,,
M-5-N-5-pa-0.35-pe-1.00,LinearSearch,5,5,True,5,10,6,2,1,1.2,1.2,pegasus,16,5640,40484,10,10,0.2981267860159278,2,,
M-5-N-5-pa-0.35-pe-1.00,LinearSearch With Preprocessing,5,5,True,5,10,6,2,1,1.2,1.2,pegasus,16,5640,40484,10,10,0.3167350359726697,2,,
M-5-N-5-pa-0.35-pe-1.00,LinearSearch With Reduced Qubits,5,5,True,5,10,6,2,1,1.2,1.2,pegasus,16,5640,40484,10,10,0.29643613001098856,2,,
M-5-N-5-pa-0.35-pe-1.00,LinearSearch With Preprocessing and Reduced Qubits,5,5,True,5,10,6,2,1,1.2,1.2,pegasus,16,5640,40484,10,10,0.3155352529720403,2,,
M-5-N-50-pa-0.25-pe-1.00,BinSearch,5,19,True,5,10,6,2,1,1.2,1.2,pegasus,16,5640,40484,10,10,0.29861303901998326,5,,
M-5-N-50-pa-0.25-pe-1.00,LinearSearch,5,19,True,5,10,6,2,1,1.2,1.2,pegasus,16,5640,40484,10,10,0.2966681440011598,2,,
M-5-N-50-pa-0.25-pe-1.00,LinearSearch,5,19,True,5,10,6,2,1,1.2,1.2,pegasus,16,5640,40484,10,10,0.3110896999714896,3,,
M-5-N-50-pa-0.25-pe-1.00,LinearSearch,5,19,True,5,10,6,2,1,1.2,1.2,pegasus,16,5640,40484,10,10,0.2981198570341803,4,,
M-5-N-50-pa-0.25-pe-1.00,LinearSearch,5,19,True,5,10,6,2,1,1.2,1.2,pegasus,16,5640,40484,10,10,0.3165684880223125,5,,
M-5-N-50-pa-0.25-pe-1.00,LinearSearch With Preprocessing,5,19,True,5,10,6,2,1,1.2,1.2,pegasus,16,5640,40484,10,10,0.29682181699899957,5,,
M-5-N-50-pa-0.25-pe-1.00,LinearSearch With Reduced Qubits,5,19,True,5,10,6,2,1,1.2,1.2,pegasus,16,5640,40484,10,10,0.2935019989963621,2,,
M-5-N-50-pa-0.25-pe-1.00,LinearSearch With Reduced Qubits,5,19,True,5,10,6,2,1,1.2,1.2,pegasus,16,5640,40484,10,10,0.29943656601244584,3,,
M-5-N-50-pa-0.25-pe-1.00,LinearSearch With Reduced Qubits,5,19,True,5,10,6,2,1,1.2,1.2,pegasus,16,5640,40484,10,10,0.3165156969917007,4,,
M-5-N-50-pa-0.25-pe-1.00,LinearSearch With Reduced Qubits,5,19,True,5,10,6,2,1,1.2,1.2,pegasus,16,5640,40484,10,10,0.2993467730120756,5,,
M-5-N-50-pa-0.25-pe-1.00,LinearSearch With Preprocessing and Reduced Qubits,5,19,True,5,10,6,2,1,1.2,1.2,pegasus,16,5640,40484,10,10,0.29542605695314705,5,,
M-5-N-50-pa-0.95-pe-1.00,BinSearch,5,7,True,9,25,12,2,1,1.3333333333333333,1.3333333333333333,pegasus,16,5640,40484,10,10,0.3148825170355849,2,,
M-5-N-50-pa-0.95-pe-1.00,LinearSearch,5,7,True,13,44,18,2,1,1.3846153846153846,1.3846153846153846,pegasus,16,5640,40484,10,10,0.36133630300173536,2,,
M-5-N-50-pa-0.95-pe-1.00,LinearSearch With Preprocessing,5,7,True,13,44,18,2,1,1.3846153846153846,1.3846153846153846,pegasus,16,5640,40484,10,10,0.36535854096291587,2,,
M-5-N-50-pa-0.95-pe-1.00,LinearSearch With Reduced Qubits,5,7,True,9,25,12,2,1,1.3333333333333333,1.3333333333333333,pegasus,16,5640,40484,10,10,0.3408265610341914,2,,
M-5-N-50-pa-0.95-pe-1.00,LinearSearch With Preprocessing and Reduced Qubits,5,7,True,9,25,12,2,1,1.3333333333333333,1.3333333333333333,pegasus,16,5640,40484,10,10,0.3093437439529225,2,,
M-5-N-50-pa-0.15-pe-1.00,BinSearch,5,16,True,5,10,6,2,1,1.2,1.2,pegasus,16,5640,40484,10,10,0.317978622042574,5,,
M-5-N-50-pa-0.15-pe-1.00,LinearSearch,5,16,True,5,10,6,2,1,1.2,1.2,pegasus,16,5640,40484,10,10,0.3226170109701343,2,,
M-5-N-50-pa-0.15-pe-1.00,LinearSearch,5,16,True,5,10,6,2,1,1.2,1.2,pegasus,16,5640,40484,10,10,0.31849442597012967,3,,
M-5-N-50-pa-0.15-pe-1.00,LinearSearch,5,16,True,5,10,6,2,1,1.2,1.2,pegasus,16,5640,40484,10,10,0.31554123101523146,4,,
M-5-N-50-pa-0.15-pe-1.00,LinearSearch,5,16,True,5,10,6,2,1,1.2,1.2,pegasus,16,5640,40484,10,10,0.3136613430106081,5,,
M-5-N-50-pa-0.15-pe-1.00,LinearSearch With Preprocessing,5,16,True,5,10,6,2,1,1.2,1.2,pegasus,16,5640,40484,10,10,0.3153171460144222,5,,
M-5-N-50-pa-0.15-pe-1.00,LinearSearch With Reduced Qubits,5,16,True,5,10,6,2,1,1.2,1.2,pegasus,16,5640,40484,10,10,0.2966563070076518,2,,
M-5-N-50-pa-0.15-pe-1.00,LinearSearch With Reduced Qubits,5,16,True,5,10,6,2,1,1.2,1.2,pegasus,16,5640,40484,10,10,0.318374115973711,3,,
M-5-N-50-pa-0.15-pe-1.00,LinearSearch With Reduced Qubits,5,16,True,5,10,6,2,1,1.2,1.2,pegasus,16,5640,40484,10,10,0.30222761700861156,4,,
M-5-N-50-pa-0.15-pe-1.00,LinearSearch With Reduced Qubits,5,16,True,5,10,6,2,1,1.2,1.2,pegasus,16,5640,40484,10,10,0.3120284909964539,5,,
M-5-N-50-pa-0.15-pe-1.00,LinearSearch With Preprocessing and Reduced Qubits,5,16,True,5,10,6,2,1,1.2,1.2,pegasus,16,5640,40484,10,10,0.29661985399434343,5,,
M-5-N-10-pa-0.45-pe-1.00,BinSearch,5,10,True,9,18,11,2,1,1.2222222222222223,1.2222222222222223,pegasus,16,5640,40484,10,10,0.3143884590244852,3,,
M-5-N-10-pa-0.45-pe-1.00,LinearSearch,5,10,True,9,18,11,2,1,1.2222222222222223,1.2222222222222223,pegasus,16,5640,40484,10,10,0.3238271329901181,2,,
M-5-N-10-pa-0.45-pe-1.00,LinearSearch,5,10,True,9,18,11,2,1,1.2222222222222223,1.2222222222222223,pegasus,16,5640,40484,10,10,0.31206339498749003,3,,
M-5-N-10-pa-0.45-pe-1.00,LinearSearch With Preprocessing,5,10,True,9,18,11,2,1,1.2222222222222223,1.2222222222222223,pegasus,16,5640,40484,10,10,0.3211947620147839,3,,
M-5-N-10-pa-0.45-pe-1.00,LinearSearch With Reduced Qubits,5,10,True,9,18,11,2,1,1.2222222222222223,1.2222222222222223,pegasus,16,5640,40484,10,10,0.3113310370245017,2,,
M-5-N-10-pa-0.45-pe-1.00,LinearSearch With Reduced Qubits,5,10,True,9,18,11,2,1,1.2222222222222223,1.2222222222222223,pegasus,16,5640,40484,10,10,0.3063076820108108,3,,
M-5-N-10-pa-0.45-pe-1.00,LinearSearch With Preprocessing and Reduced Qubits,5,10,True,9,18,11,2,1,1.2222222222222223,1.2222222222222223,pegasus,16,5640,40484,10,10,0.31773887597955763,3,,
M-5-N-50-pa-0.75-pe-1.00,BinSearch,5,14,True,8,16,9,2,1,1.125,1.125,pegasus,16,5640,40484,10,10,0.3021821430302225,2,,
M-5-N-50-pa-0.75-pe-1.00,LinearSearch,5,14,True,8,16,9,2,1,1.125,1.125,pegasus,16,5640,40484,10,10,0.3029317230102606,2,,
M-5-N-50-pa-0.75-pe-1.00,LinearSearch With Preprocessing,5,14,True,8,16,9,2,1,1.125,1.125,pegasus,16,5640,40484,10,10,0.30339621601160616,2,,
M-5-N-50-pa-0.75-pe-1.00,LinearSearch With Reduced Qubits,5,14,True,8,16,9,2,1,1.125,1.125,pegasus,16,5640,40484,10,10,0.32621084398124367,2,,
M-5-N-50-pa-0.75-pe-1.00,LinearSearch With Preprocessing and Reduced Qubits,5,14,True,8,16,9,2,1,1.125,1.125,pegasus,16,5640,40484,10,10,0.3294470669934526,2,,
M-5-N-5-pa-0.45-pe-1.00,BinSearch,4,4,True,5,8,5,1,1,1.0,1.0,pegasus,16,5640,40484,10,10,0.2951887689996511,2,,
M-5-N-5-pa-0.45-pe-1.00,LinearSearch,4,4,True,5,8,5,1,1,1.0,1.0,pegasus,16,5640,40484,10,10,0.2921573059866205,2,,
M-5-N-5-pa-0.45-pe-1.00,LinearSearch With Preprocessing,4,4,True,5,8,5,1,1,1.0,1.0,pegasus,16,5640,40484,10,10,0.3103296069893986,2,,
M-5-N-5-pa-0.45-pe-1.00,LinearSearch With Reduced Qubits,4,4,True,5,8,5,1,1,1.0,1.0,pegasus,16,5640,40484,10,10,0.3098758629639633,2,,
M-5-N-5-pa-0.45-pe-1.00,LinearSearch With Preprocessing and Reduced Qubits,4,4,True,5,8,5,1,1,1.0,1.0,pegasus,16,5640,40484,10,10,0.3132661120034754,2,,
M-5-N-5-pa-0.05-pe-1.00,BinSearch,2,2,True,2,1,2,1,1,1.0,1.0,pegasus,16,5640,40484,10,10,0.30117228999733925,2,,
M-5-N-5-pa-0.05-pe-1.00,LinearSearch,2,2,True,2,1,2,1,1,1.0,1.0,pegasus,16,5640,40484,10,10,0.29025637300219387,2,,
M-5-N-5-pa-0.05-pe-1.00,LinearSearch With Preprocessing,2,2,True,2,1,2,1,1,1.0,1.0,pegasus,16,5640,40484,10,10,0.30020125705050305,2,,
M-5-N-5-pa-0.05-pe-1.00,LinearSearch With Reduced Qubits,2,2,True,2,1,2,1,1,1.0,1.0,pegasus,16,5640,40484,10,10,0.3047672159736976,2,,
M-5-N-5-pa-0.05-pe-1.00,LinearSearch With Preprocessing and Reduced Qubits,2,2,True,2,1,2,1,1,1.0,1.0,pegasus,16,5640,40484,10,10,0.28151585900923237,2,,
M-5-N-10-pa-0.55-pe-1.00,BinSearch,5,7,True,9,20,11,2,1,1.2222222222222223,1.2222222222222223,pegasus,16,5640,40484,10,10,0.32760335103375837,2,,
M-5-N-10-pa-0.55-pe-1.00,LinearSearch,5,7,True,11,28,13,2,1,1.1818181818181819,1.1818181818181819,pegasus,16,5640,40484,10,10,0.34558195201680064,2,,
M-5-N-10-pa-0.55-pe-1.00,LinearSearch With Preprocessing,5,7,True,11,28,13,2,1,1.1818181818181819,1.1818181818181819,pegasus,16,5640,40484,10,10,0.34569735697004944,2,,
M-5-N-10-pa-0.55-pe-1.00,LinearSearch With Reduced Qubits,5,7,True,9,20,11,2,1,1.2222222222222223,1.2222222222222223,pegasus,16,5640,40484,10,10,0.3269131139968522,2,,
M-5-N-10-pa-0.55-pe-1.00,LinearSearch With Preprocessing and Reduced Qubits,5,7,True,9,20,11,2,1,1.2222222222222223,1.2222222222222223,pegasus,16,5640,40484,10,10,0.32672740903217345,2,,
M-5-N-10-pa-0.75-pe-1.00,BinSearch,5,8,True,9,21,11,2,1,1.2222222222222223,1.2222222222222223,pegasus,16,5640,40484,10,10,0.30349328502779827,2,,
M-5-N-10-pa-0.75-pe-1.00,LinearSearch,5,8,True,12,33,15,2,1,1.25,1.25,pegasus,16,5640,40484,10,10,0.3270300049916841,2,,
M-5-N-10-pa-0.75-pe-1.00,LinearSearch With Preprocessing,5,8,True,12,33,15,2,1,1.25,1.25,pegasus,16,5640,40484,10,10,0.3259073530207388,2,,
M-5-N-10-pa-0.75-pe-1.00,LinearSearch With Reduced Qubits,5,8,True,9,21,11,2,1,1.2222222222222223,1.2222222222222223,pegasus,16,5640,40484,10,10,0.32663624396082014,2,,
M-5-N-10-pa-0.75-pe-1.00,LinearSearch With Preprocessing and Reduced Qubits,5,8,True,9,21,11,2,1,1.2222222222222223,1.2222222222222223,pegasus,16,5640,40484,10,10,0.3173836519708857,2,,
M-5-N-25-pa-0.35-pe-1.00,BinSearch,5,14,True,5,10,6,2,1,1.2,1.2,pegasus,16,5640,40484,10,10,0.29414323199307546,4,,
M-5-N-25-pa-0.35-pe-1.00,LinearSearch,5,14,True,5,10,6,2,1,1.2,1.2,pegasus,16,5640,40484,10,10,0.28761122399009764,2,,
M-5-N-25-pa-0.35-pe-1.00,LinearSearch,5,14,True,5,10,6,2,1,1.2,1.2,pegasus,16,5640,40484,10,10,0.31103868602076545,3,,
M-5-N-25-pa-0.35-pe-1.00,LinearSearch,5,14,True,5,10,6,2,1,1.2,1.2,pegasus,16,5640,40484,10,10,0.3156812119996175,4,,
M-5-N-25-pa-0.35-pe-1.00,LinearSearch With Preprocessing,5,14,True,5,10,6,2,1,1.2,1.2,pegasus,16,5640,40484,10,10,0.30721483402885497,4,,
M-5-N-25-pa-0.35-pe-1.00,LinearSearch With Reduced Qubits,5,14,True,5,10,6,2,1,1.2,1.2,pegasus,16,5640,40484,10,10,0.3121080489945598,2,,
M-5-N-25-pa-0.35-pe-1.00,LinearSearch With Reduced Qubits,5,14,True,5,10,6,2,1,1.2,1.2,pegasus,16,5640,40484,10,10,0.29749483603518456,3,,
M-5-N-25-pa-0.35-pe-1.00,LinearSearch With Reduced Qubits,5,14,True,5,10,6,2,1,1.2,1.2,pegasus,16,5640,40484,10,10,0.3140070000081323,4,,
M-5-N-25-pa-0.35-pe-1.00,LinearSearch With Preprocessing and Reduced Qubits,5,14,True,5,10,6,2,1,1.2,1.2,pegasus,16,5640,40484,10,10,0.2995921099791303,4,,
M-5-N-25-pa-0.65-pe-1.00,BinSearch,5,18,True,7,14,8,2,1,1.1428571428571428,1.1428571428571428,pegasus,16,5640,40484,10,10,0.29745073098456487,3,,
M-5-N-25-pa-0.65-pe-1.00,LinearSearch,5,18,True,7,14,8,2,1,1.1428571428571428,1.1428571428571428,pegasus,16,5640,40484,10,10,0.2948400409659371,2,,
M-5-N-25-pa-0.65-pe-1.00,LinearSearch,5,18,True,7,14,8,2,1,1.1428571428571428,1.1428571428571428,pegasus,16,5640,40484,10,10,0.3232285259873606,3,,
M-5-N-25-pa-0.65-pe-1.00,LinearSearch With Preprocessing,5,18,True,7,14,8,2,1,1.1428571428571428,1.1428571428571428,pegasus,16,5640,40484,10,10,0.3013519329833798,3,,
M-5-N-25-pa-0.65-pe-1.00,LinearSearch With Reduced Qubits,5,18,True,7,14,8,2,1,1.1428571428571428,1.1428571428571428,pegasus,16,5640,40484,10,10,0.31717009301064536,2,,
M-5-N-25-pa-0.65-pe-1.00,LinearSearch With Reduced Qubits,5,18,True,7,14,8,2,1,1.1428571428571428,1.1428571428571428,pegasus,16,5640,40484,10,10,0.2933785759960301,3,,
M-5-N-25-pa-0.65-pe-1.00,LinearSearch With Preprocessing and Reduced Qubits,5,18,True,7,14,8,2,1,1.1428571428571428,1.1428571428571428,pegasus,16,5640,40484,10,10,0.29651316098170355,3,,
M-5-N-50-pa-0.85-pe-1.00,BinSearch,5,13,True,9,20,11,2,1,1.2222222222222223,1.2222222222222223,pegasus,16,5640,40484,10,10,0.3231256359722465,2,,
M-5-N-50-pa-0.85-pe-1.00,LinearSearch,5,13,True,11,28,13,2,1,1.1818181818181819,1.1818181818181819,pegasus,16,5640,40484,10,10,0.3339354459894821,2,,
M-5-N-50-pa-0.85-pe-1.00,LinearSearch With Preprocessing,5,13,True,11,28,13,2,1,1.1818181818181819,1.1818181818181819,pegasus,16,5640,40484,10,10,0.3360365870175883,2,,
M-5-N-50-pa-0.85-pe-1.00,LinearSearch With Reduced Qubits,5,13,True,9,20,11,2,1,1.2222222222222223,1.2222222222222223,pegasus,16,5640,40484,10,10,0.32243313698563725,2,,
M-5-N-50-pa-0.85-pe-1.00,LinearSearch With Preprocessing and Reduced Qubits,5,13,True,9,20,11,2,1,1.2222222222222223,1.2222222222222223,pegasus,16,5640,40484,10,10,0.3270592679618858,2,,
M-5-N-5-pa-0.15-pe-1.00,BinSearch,4,4,True,4,6,4,1,1,1.0,1.0,pegasus,16,5640,40484,10,10,0.2919998489669524,4,,
M-5-N-5-pa-0.15-pe-1.00,LinearSearch,4,4,True,4,6,4,1,1,1.0,1.0,pegasus,16,5640,40484,10,10,0.3041092510102317,2,,
M-5-N-5-pa-0.15-pe-1.00,LinearSearch,4,4,True,4,6,4,1,1,1.0,1.0,pegasus,16,5640,40484,10,10,0.2957939030020498,3,,
M-5-N-5-pa-0.15-pe-1.00,LinearSearch,4,4,True,4,6,4,1,1,1.0,1.0,pegasus,16,5640,40484,10,10,0.28862920397659764,4,,
M-5-N-5-pa-0.15-pe-1.00,LinearSearch With Preprocessing,4,4,True,4,6,4,1,1,1.0,1.0,pegasus,16,5640,40484,10,10,0.2977103390148841,4,,
M-5-N-5-pa-0.15-pe-1.00,LinearSearch With Reduced Qubits,4,4,True,4,6,4,1,1,1.0,1.0,pegasus,16,5640,40484,10,10,0.2911703400313854,2,,
M-5-N-5-pa-0.15-pe-1.00,LinearSearch With Reduced Qubits,4,4,True,4,6,4,1,1,1.0,1.0,pegasus,16,5640,40484,10,10,0.28681213402887806,3,,
M-5-N-5-pa-0.15-pe-1.00,LinearSearch With Reduced Qubits,4,4,True,4,6,4,1,1,1.0,1.0,pegasus,16,5640,40484,10,10,0.2854299309547059,4,,
M-5-N-5-pa-0.15-pe-1.00,LinearSearch With Preprocessing and Reduced Qubits,4,4,True,4,6,4,1,1,1.0,1.0,pegasus,16,5640,40484,10,10,0.3027602470247075,4,,
M-5-N-10-pa-0.65-pe-1.00,BinSearch,5,9,True,10,23,12,2,1,1.2,1.2,pegasus,16,5640,40484,10,10,0.30822452402208,2,,
M-5-N-10-pa-0.65-pe-1.00,LinearSearch,5,9,True,13,35,16,2,1,1.2307692307692308,1.2307692307692308,pegasus,16,5640,40484,10,10,0.33779489900916815,2,,
M-5-N-10-pa-0.65-pe-1.00,LinearSearch With Preprocessing,5,9,True,13,35,16,2,1,1.2307692307692308,1.2307692307692308,pegasus,16,5640,40484,10,10,0.3447669549495913,2,,
M-5-N-10-pa-0.65-pe-1.00,LinearSearch With Reduced Qubits,5,9,True,10,23,12,2,1,1.2,1.2,pegasus,16,5640,40484,10,10,0.31052104296395555,2,,
M-5-N-10-pa-0.65-pe-1.00,LinearSearch With Preprocessing and Reduced Qubits,5,9,True,10,23,12,2,1,1.2,1.2,pegasus,16,5640,40484,10,10,0.30108294798992574,2,,
M-5-N-25-pa-0.55-pe-1.00,BinSearch,5,20,True,6,12,7,2,1,1.1666666666666667,1.1666666666666667,pegasus,16,5640,40484,10,10,0.2919346769922413,4,,
M-5-N-25-pa-0.55-pe-1.00,LinearSearch,5,20,True,6,12,7,2,1,1.1666666666666667,1.1666666666666667,pegasus,16,5640,40484,10,10,0.3151654680259526,2,,
M-5-N-25-pa-0.55-pe-1.00,LinearSearch,5,20,True,6,12,7,2,1,1.1666666666666667,1.1666666666666667,pegasus,16,5640,40484,10,10,0.3091981610050425,3,,
M-5-N-25-pa-0.55-pe-1.00,LinearSearch,5,20,True,6,12,7,2,1,1.1666666666666667,1.1666666666666667,pegasus,16,5640,40484,10,10,0.31472554203355685,4,,
M-5-N-25-pa-0.55-pe-1.00,LinearSearch With Preprocessing,5,20,True,6,12,7,2,1,1.1666666666666667,1.1666666666666667,pegasus,16,5640,40484,10,10,0.31327929900726303,4,,
M-5-N-25-pa-0.55-pe-1.00,LinearSearch With Reduced Qubits,5,20,True,6,12,7,2,1,1.1666666666666667,1.1666666666666667,pegasus,16,5640,40484,10,10,0.3152826260193251,2,,
M-5-N-25-pa-0.55-pe-1.00,LinearSearch With Reduced Qubits,5,20,True,6,12,7,2,1,1.1666666666666667,1.1666666666666667,pegasus,16,5640,40484,10,10,0.2938672329764813,3,,
M-5-N-25-pa-0.55-pe-1.00,LinearSearch With Reduced Qubits,5,20,True,6,12,7,2,1,1.1666666666666667,1.1666666666666667,pegasus,16,5640,40484,10,10,0.2993221140350215,4,,
M-5-N-25-pa-0.55-pe-1.00,LinearSearch With Preprocessing and Reduced Qubits,5,20,True,6,12,7,2,1,1.1666666666666667,1.1666666666666667,pegasus,16,5640,40484,10,10,0.31689863197971135,4,,
M-5-N-10-pa-0.25-pe-1.00,BinSearch,4,6,True,4,6,4,1,1,1.0,1.0,pegasus,16,5640,40484,10,10,0.290320641011931,3,,
M-5-N-10-pa-0.25-pe-1.00,LinearSearch,4,6,True,4,6,4,1,1,1.0,1.0,pegasus,16,5640,40484,10,10,0.2881309929653071,2,,
M-5-N-10-pa-0.25-pe-1.00,LinearSearch,4,6,True,4,6,4,1,1,1.0,1.0,pegasus,16,5640,40484,10,10,0.29771622095722705,3,,
M-5-N-10-pa-0.25-pe-1.00,LinearSearch With Preprocessing,4,6,True,4,6,4,1,1,1.0,1.0,pegasus,16,5640,40484,10,10,0.2874193920288235,3,,
M-5-N-10-pa-0.25-pe-1.00,LinearSearch With Reduced Qubits,4,6,True,4,6,4,1,1,1.0,1.0,pegasus,16,5640,40484,10,10,0.28257106099044904,2,,
M-5-N-10-pa-0.25-pe-1.00,LinearSearch With Reduced Qubits,4,6,True,4,6,4,1,1,1.0,1.0,pegasus,16,5640,40484,10,10,0.2821634560241364,3,,
M-5-N-10-pa-0.25-pe-1.00,LinearSearch With Preprocessing and Reduced Qubits,4,6,True,4,6,4,1,1,1.0,1.0,pegasus,16,5640,40484,10,10,0.29405410902108997,3,,
M-5-N-10-pa-0.15-pe-1.00,BinSearch,4,5,True,4,6,4,1,1,1.0,1.0,pegasus,16,5640,40484,10,10,0.2906853900058195,4,,
M-5-N-10-pa-0.15-pe-1.00,LinearSearch,4,5,True,4,6,4,1,1,1.0,1.0,pegasus,16,5640,40484,10,10,0.29006723599741235,2,,
M-5-N-10-pa-0.15-pe-1.00,LinearSearch,4,5,True,4,6,4,1,1,1.0,1.0,pegasus,16,5640,40484,10,10,0.2919500739662908,3,,
M-5-N-10-pa-0.15-pe-1.00,LinearSearch,4,5,True,4,6,4,1,1,1.0,1.0,pegasus,16,5640,40484,10,10,0.2858042879961431,4,,
M-5-N-10-pa-0.15-pe-1.00,LinearSearch With Preprocessing,4,5,True,4,6,4,1,1,1.0,1.0,pegasus,16,5640,40484,10,10,0.29104205302428454,4,,
M-5-N-10-pa-0.15-pe-1.00,LinearSearch With Reduced Qubits,4,5,True,4,6,4,1,1,1.0,1.0,pegasus,16,5640,40484,10,10,0.29241478600306436,2,,
M-5-N-10-pa-0.15-pe-1.00,LinearSearch With Reduced Qubits,4,5,True,4,6,4,1,1,1.0,1.0,pegasus,16,5640,40484,10,10,0.3078972609946504,3,,
M-5-N-10-pa-0.15-pe-1.00,LinearSearch With Reduced Qubits,4,5,True,4,6,4,1,1,1.0,1.0,pegasus,16,5640,40484,10,10,0.28710147400852293,4,,
M-5-N-10-pa-0.15-pe-1.00,LinearSearch With Preprocessing and Reduced Qubits,4,5,True,4,6,4,1,1,1.0,1.0,pegasus,16,5640,40484,10,10,0.29924927797401324,4,,
M-5-N-25-pa-0.15-pe-1.00,BinSearch,5,10,True,5,10,6,2,1,1.2,1.2,pegasus,16,5640,40484,10,10,0.2931615120032802,5,,
M-5-N-25-pa-0.15-pe-1.00,LinearSearch,5,10,True,5,10,6,2,1,1.2,1.2,pegasus,16,5640,40484,10,10,0.31574071099748835,2,,
M-5-N-25-pa-0.15-pe-1.00,LinearSearch,5,10,True,5,10,6,2,1,1.2,1.2,pegasus,16,5640,40484,10,10,0.28153868403751403,3,,
M-5-N-25-pa-0.15-pe-1.00,LinearSearch,5,10,True,5,10,6,2,1,1.2,1.2,pegasus,16,5640,40484,10,10,0.2919501590076834,4,,
M-5-N-25-pa-0.15-pe-1.00,LinearSearch,5,10,True,5,10,6,2,1,1.2,1.2,pegasus,16,5640,40484,10,10,0.2989099860424176,5,,
M-5-N-25-pa-0.15-pe-1.00,LinearSearch With Preprocessing,5,10,True,5,10,6,2,1,1.2,1.2,pegasus,16,5640,40484,10,10,0.3138676160015166,5,,
M-5-N-25-pa-0.15-pe-1.00,LinearSearch With Reduced Qubits,5,10,True,5,10,6,2,1,1.2,1.2,pegasus,16,5640,40484,10,10,0.289768437971361,2,,
M-5-N-25-pa-0.15-pe-1.00,LinearSearch With Reduced Qubits,5,10,True,5,10,6,2,1,1.2,1.2,pegasus,16,5640,40484,10,10,0.30875393497990444,3,,
M-5-N-25-pa-0.15-pe-1.00,LinearSearch With Reduced Qubits,5,10,True,5,10,6,2,1,1.2,1.2,pegasus,16,5640,40484,10,10,0.29018782201455906,4,,
M-5-N-25-pa-0.15-pe-1.00,LinearSearch With Reduced Qubits,5,10,True,5,10,6,2,1,1.2,1.2,pegasus,16,5640,40484,10,10,0.30885774304624647,5,,
M-5-N-25-pa-0.15-pe-1.00,LinearSearch With Preprocessing and Reduced Qubits,5,10,True,5,10,6,2,1,1.2,1.2,pegasus,16,5640,40484,10,10,0.3257395399850793,5,,
M-5-N-25-pa-0.45-pe-1.00,BinSearch,5,15,True,6,12,7,2,1,1.1666666666666667,1.1666666666666667,pegasus,16,5640,40484,10,10,0.3170633760164492,4,,
M-5-N-25-pa-0.45-pe-1.00,LinearSearch,5,15,True,6,12,7,2,1,1.1666666666666667,1.1666666666666667,pegasus,16,5640,40484,10,10,0.31957642501220107,2,,
M-5-N-25-pa-0.45-pe-1.00,LinearSearch,5,15,True,6,12,7,2,1,1.1666666666666667,1.1666666666666667,pegasus,16,5640,40484,10,10,0.2938455009716563,3,,
M-5-N-25-pa-0.45-pe-1.00,LinearSearch,5,15,True,6,12,7,2,1,1.1666666666666667,1.1666666666666667,pegasus,16,5640,40484,10,10,0.3004263839684427,4,,
M-5-N-25-pa-0.45-pe-1.00,LinearSearch With Preprocessing,5,15,True,6,12,7,2,1,1.1666666666666667,1.1666666666666667,pegasus,16,5640,40484,10,10,0.29459989402676,4,,
M-5-N-25-pa-0.45-pe-1.00,LinearSearch With Reduced Qubits,5,15,True,6,12,7,2,1,1.1666666666666667,1.1666666666666667,pegasus,16,5640,40484,10,10,0.296594025043305,2,,
M-5-N-25-pa-0.45-pe-1.00,LinearSearch With Reduced Qubits,5,15,True,6,12,7,2,1,1.1666666666666667,1.1666666666666667,pegasus,16,5640,40484,10,10,0.3191432649618946,3,,
M-5-N-25-pa-0.45-pe-1.00,LinearSearch With Reduced Qubits,5,15,True,6,12,7,2,1,1.1666666666666667,1.1666666666666667,pegasus,16,5640,40484,10,10,0.31524993100902066,4,,
M-5-N-25-pa-0.45-pe-1.00,LinearSearch With Preprocessing and Reduced Qubits,5,15,True,6,12,7,2,1,1.1666666666666667,1.1666666666666667,pegasus,16,5640,40484,10,10,0.3110340270213783,4,,
M-5-N-5-pa-0.25-pe-1.00,BinSearch,5,5,True,6,12,7,2,1,1.1666666666666667,1.1666666666666667,pegasus,16,5640,40484,10,10,0.2919046829920262,4,,
M-5-N-5-pa-0.25-pe-1.00,LinearSearch,5,5,True,6,12,7,2,1,1.1666666666666667,1.1666666666666667,pegasus,16,5640,40484,10,10,0.29598591005196795,2,,
M-5-N-5-pa-0.25-pe-1.00,LinearSearch,5,5,True,6,12,7,2,1,1.1666666666666667,1.1666666666666667,pegasus,16,5640,40484,10,10,0.31335392501205206,3,,
M-5-N-5-pa-0.25-pe-1.00,LinearSearch,5,5,True,6,12,7,2,1,1.1666666666666667,1.1666666666666667,pegasus,16,5640,40484,10,10,0.31742468604352325,4,,
M-5-N-5-pa-0.25-pe-1.00,LinearSearch With Preprocessing,5,5,True,6,12,7,2,1,1.1666666666666667,1.1666666666666667,pegasus,16,5640,40484,10,10,0.301205245021265,4,,
M-5-N-5-pa-0.25-pe-1.00,LinearSearch With Reduced Qubits,5,5,True,6,12,7,2,1,1.1666666666666667,1.1666666666666667,pegasus,16,5640,40484,10,10,0.3172319430159405,2,,
M-5-N-5-pa-0.25-pe-1.00,LinearSearch With Reduced Qubits,5,5,True,6,12,7,2,1,1.1666666666666667,1.1666666666666667,pegasus,16,5640,40484,10,10,0.2915881809894927,3,,
M-5-N-5-pa-0.25-pe-1.00,LinearSearch With Reduced Qubits,5,5,True,6,12,7,2,1,1.1666666666666667,1.1666666666666667,pegasus,16,5640,40484,10,10,0.2947108699590899,4,,
M-5-N-5-pa-0.25-pe-1.00,LinearSearch With Preprocessing and Reduced Qubits,5,5,True,6,12,7,2,1,1.1666666666666667,1.1666666666666667,pegasus,16,5640,40484,10,10,0.31788310199044645,4,,
M-10-N-5-pa-0.15-pe-1.00,BinSearch,8,5,True,11,37,15,2,1,1.3636363636363635,1.3636363636363635,pegasus,16,5640,40484,10,10,0.2710308390087448,3,,
M-10-N-5-pa-0.15-pe-1.00,LinearSearch,8,5,True,11,37,15,2,1,1.3636363636363635,1.3636363636363635,pegasus,16,5640,40484,10,10,0.2800558659946546,2,,
M-10-N-5-pa-0.15-pe-1.00,LinearSearch,8,5,True,11,37,15,2,1,1.3636363636363635,1.3636363636363635,pegasus,16,5640,40484,10,10,0.28673584799980745,3,,
M-10-N-5-pa-0.15-pe-1.00,LinearSearch With Preprocessing,8,5,True,11,37,15,2,1,1.3636363636363635,1.3636363636363635,pegasus,16,5640,40484,10,10,0.278989635000471,3,,
M-10-N-5-pa-0.15-pe-1.00,LinearSearch With Reduced Qubits,8,5,True,10,33,14,2,1,1.4,1.4,pegasus,16,5640,40484,10,10,0.2737641880521551,2,,
M-10-N-5-pa-0.15-pe-1.00,LinearSearch With Reduced Qubits,8,5,True,11,37,15,2,1,1.3636363636363635,1.3636363636363635,pegasus,16,5640,40484,10,10,0.28610793995903805,3,,
M-10-N-5-pa-0.15-pe-1.00,LinearSearch With Preprocessing and Reduced Qubits,8,5,True,11,37,15,2,1,1.3636363636363635,1.3636363636363635,pegasus,16,5640,40484,10,10,0.27722642599837855,3,,
M-10-N-50-pa-0.75-pe-1.00,BinSearch,10,48,True,21,101,39,3,1,1.8571428571428572,1.8571428571428572,pegasus,16,5640,40484,10,10,0.6210894429823384,2,,
M-10-N-50-pa-0.75-pe-1.00,BinSearch,10,48,True,31,165,61,4,1,1.967741935483871,1.967741935483871,pegasus,16,5640,40484,10,10,1.2472034440143034,3,,
M-10-N-50-pa-0.75-pe-1.00,LinearSearch,10,48,True,39,227,86,5,1,2.2051282051282053,2.2051282051282053,pegasus,16,5640,40484,10,10,5.400449573993683,2,,
M-10-N-50-pa-0.75-pe-1.00,LinearSearch,10,48,True,39,227,86,5,1,2.2051282051282053,2.2051282051282053,pegasus,16,5640,40484,10,10,5.39593659399543,3,,
M-10-N-50-pa-0.75-pe-1.00,LinearSearch With Preprocessing,10,48,True,39,227,86,5,1,2.2051282051282053,2.2051282051282053,pegasus,16,5640,40484,10,10,5.37594265199732,2,,
M-10-N-50-pa-0.75-pe-1.00,LinearSearch With Preprocessing,10,48,True,39,227,86,5,1,2.2051282051282053,2.2051282051282053,pegasus,16,5640,40484,10,10,5.390459924994502,3,,
M-10-N-50-pa-0.75-pe-1.00,LinearSearch With Reduced Qubits,10,48,True,21,101,39,3,1,1.8571428571428572,1.8571428571428572,pegasus,16,5640,40484,10,10,0.61447136499919,2,,
M-10-N-50-pa-0.75-pe-1.00,LinearSearch With Reduced Qubits,10,48,True,31,165,61,4,1,1.967741935483871,1.967741935483871,pegasus,16,5640,40484,10,10,1.2312710109981708,3,,
M-10-N-50-pa-0.75-pe-1.00,LinearSearch With Preprocessing and Reduced Qubits,10,48,True,21,101,39,3,1,1.8571428571428572,1.8571428571428572,pegasus,16,5640,40484,10,10,0.6096948789781891,2,,
M-10-N-50-pa-0.75-pe-1.00,LinearSearch With Preprocessing and Reduced Qubits,10,48,True,31,165,61,4,1,1.967741935483871,1.967741935483871,pegasus,16,5640,40484,10,10,1.208249925985001,3,,
M-10-N-5-pa-0.55-pe-1.00,BinSearch,10,5,True,14,64,23,3,1,1.6428571428571428,1.6428571428571428,pegasus,16,5640,40484,10,10,0.4815772119909525,2,,
M-10-N-5-pa-0.55-pe-1.00,LinearSearch,10,5,True,20,102,34,3,1,1.7,1.7,pegasus,16,5640,40484,10,10,0.6378255150048062,2,,
M-10-N-5-pa-0.55-pe-1.00,LinearSearch With Preprocessing,10,5,True,20,102,34,3,1,1.7,1.7,pegasus,16,5640,40484,10,10,0.6320456580142491,2,,
M-10-N-5-pa-0.55-pe-1.00,LinearSearch With Reduced Qubits,10,5,True,14,64,23,3,1,1.6428571428571428,1.6428571428571428,pegasus,16,5640,40484,10,10,0.4849239810137078,2,,
M-10-N-5-pa-0.55-pe-1.00,LinearSearch With Preprocessing and Reduced Qubits,10,5,True,14,64,23,3,1,1.6428571428571428,1.6428571428571428,pegasus,16,5640,40484,10,10,0.4831713539897464,2,,
M-10-N-50-pa-0.15-pe-1.00,BinSearch,10,36,True,10,45,16,2,1,1.6,1.6,pegasus,16,5640,40484,10,10,0.29822582798078656,9,,
M-10-N-50-pa-0.15-pe-1.00,LinearSearch,10,36,True,10,45,16,2,1,1.6,1.6,pegasus,16,5640,40484,10,10,0.3071667510084808,2,,
M-10-N-50-pa-0.15-pe-1.00,LinearSearch,10,36,True,10,45,16,2,1,1.6,1.6,pegasus,16,5640,40484,10,10,0.30695486499462277,3,,
M-10-N-50-pa-0.15-pe-1.00,LinearSearch,10,36,True,10,45,16,2,1,1.6,1.6,pegasus,16,5640,40484,10,10,0.3001287010265514,4,,
M-10-N-50-pa-0.15-pe-1.00,LinearSearch,10,36,True,10,45,16,2,1,1.6,1.6,pegasus,16,5640,40484,10,10,0.29777357896091416,5,,
M-10-N-50-pa-0.15-pe-1.00,LinearSearch,10,36,True,10,45,16,2,1,1.6,1.6,pegasus,16,5640,40484,10,10,0.2874327080207877,6,,
M-10-N-50-pa-0.15-pe-1.00,LinearSearch,10,36,True,10,45,16,2,1,1.6,1.6,pegasus,16,5640,40484,10,10,0.31080002896487713,7,,
M-10-N-50-pa-0.15-pe-1.00,LinearSearch,10,36,True,10,45,16,2,1,1.6,1.6,pegasus,16,5640,40484,10,10,0.2978921810281463,8,,
M-10-N-50-pa-0.15-pe-1.00,LinearSearch,10,36,True,10,45,16,2,1,1.6,1.6,pegasus,16,5640,40484,10,10,0.2938810450141318,9,,
M-10-N-50-pa-0.15-pe-1.00,LinearSearch With Preprocessing,10,36,True,10,45,16,2,1,1.6,1.6,pegasus,16,5640,40484,10,10,0.29925793397706,9,,
M-10-N-50-pa-0.15-pe-1.00,LinearSearch With Reduced Qubits,10,36,True,10,45,16,2,1,1.6,1.6,pegasus,16,5640,40484,10,10,0.30691313999705017,2,,
M-10-N-50-pa-0.15-pe-1.00,LinearSearch With Reduced Qubits,10,36,True,10,45,16,2,1,1.6,1.6,pegasus,16,5640,40484,10,10,0.3065828130347654,3,,
M-10-N-50-pa-0.15-pe-1.00,LinearSearch With Reduced Qubits,10,36,True,10,45,16,2,1,1.6,1.6,pegasus,16,5640,40484,10,10,0.30054862302495167,4,,
M-10-N-50-pa-0.15-pe-1.00,LinearSearch With Reduced Qubits,10,36,True,10,45,16,2,1,1.6,1.6,pegasus,16,5640,40484,10,10,0.3043320360011421,5,,
M-10-N-50-pa-0.15-pe-1.00,LinearSearch With Reduced Qubits,10,36,True,10,45,16,2,1,1.6,1.6,pegasus,16,5640,40484,10,10,0.3062839930062182,6,,
M-10-N-50-pa-0.15-pe-1.00,LinearSearch With Reduced Qubits,10,36,True,10,45,16,2,1,1.6,1.6,pegasus,16,5640,40484,10,10,0.3084962699795142,7,,
M-10-N-50-pa-0.15-pe-1.00,LinearSearch With Reduced Qubits,10,36,True,10,45,16,2,1,1.6,1.6,pegasus,16,5640,40484,10,10,0.28000139904906973,8,,
M-10-N-50-pa-0.15-pe-1.00,LinearSearch With Reduced Qubits,10,36,True,10,45,16,2,1,1.6,1.6,pegasus,16,5640,40484,10,10,0.27863488398725167,9,,
M-10-N-50-pa-0.15-pe-1.00,LinearSearch With Preprocessing and Reduced Qubits,10,36,True,10,45,16,2,1,1.6,1.6,pegasus,16,5640,40484,10,10,0.3056458010105416,9,,
M-10-N-10-pa-0.15-pe-1.00,BinSearch,10,9,True,15,58,23,2,1,1.5333333333333334,1.5333333333333334,pegasus,16,5640,40484,10,10,0.31884433300001547,4,,
M-10-N-10-pa-0.15-pe-1.00,BinSearch,10,9,True,15,58,23,2,1,1.5333333333333334,1.5333333333333334,pegasus,16,5640,40484,10,10,0.31780836603138596,5,,
M-10-N-10-pa-0.15-pe-1.00,LinearSearch,10,9,True,15,58,23,2,1,1.5333333333333334,1.5333333333333334,pegasus,16,5640,40484,10,10,0.3220411959919147,2,,
M-10-N-10-pa-0.15-pe-1.00,LinearSearch,10,9,True,15,58,23,2,1,1.5333333333333334,1.5333333333333334,pegasus,16,5640,40484,10,10,0.31854568800190464,3,,
M-10-N-10-pa-0.15-pe-1.00,LinearSearch,10,9,True,15,58,23,2,1,1.5333333333333334,1.5333333333333334,pegasus,16,5640,40484,10,10,0.32041647599544376,4,,
M-10-N-10-pa-0.15-pe-1.00,LinearSearch,10,9,True,15,58,23,2,1,1.5333333333333334,1.5333333333333334,pegasus,16,5640,40484,10,10,0.32286931900307536,5,,
M-10-N-10-pa-0.15-pe-1.00,LinearSearch With Preprocessing,10,9,True,15,58,23,2,1,1.5333333333333334,1.5333333333333334,pegasus,16,5640,40484,10,10,0.31806954700732604,4,,
M-10-N-10-pa-0.15-pe-1.00,LinearSearch With Preprocessing,10,9,True,15,58,23,2,1,1.5333333333333334,1.5333333333333334,pegasus,16,5640,40484,10,10,0.3171727489680052,5,,
M-10-N-10-pa-0.15-pe-1.00,LinearSearch With Reduced Qubits,10,9,True,14,54,20,2,1,1.4285714285714286,1.4285714285714286,pegasus,16,5640,40484,10,10,0.3216214669519104,2,,
M-10-N-10-pa-0.15-pe-1.00,LinearSearch With Reduced Qubits,10,9,True,15,58,23,2,1,1.5333333333333334,1.5333333333333334,pegasus,16,5640,40484,10,10,0.3173159720026888,3,,
M-10-N-10-pa-0.15-pe-1.00,LinearSearch With Reduced Qubits,10,9,True,15,58,23,2,1,1.5333333333333334,1.5333333333333334,pegasus,16,5640,40484,10,10,0.31902837700909004,4,,
M-10-N-10-pa-0.15-pe-1.00,LinearSearch With Reduced Qubits,10,9,True,15,58,23,2,1,1.5333333333333334,1.5333333333333334,pegasus,16,5640,40484,10,10,0.3227669560001232,5,,
M-10-N-10-pa-0.15-pe-1.00,LinearSearch With Preprocessing and Reduced Qubits,10,9,True,15,58,23,2,1,1.5333333333333334,1.5333333333333334,pegasus,16,5640,40484,10,10,0.31995047500822693,4,,
M-10-N-10-pa-0.15-pe-1.00,LinearSearch With Preprocessing and Reduced Qubits,10,9,True,15,58,23,2,1,1.5333333333333334,1.5333333333333334,pegasus,16,5640,40484,10,10,0.3191822090302594,5,,
M-10-N-50-pa-0.05-pe-1.00,BinSearch,10,22,True,10,45,16,2,1,1.6,1.6,pegasus,16,5640,40484,10,10,0.3081482709967531,10,,
M-10-N-50-pa-0.05-pe-1.00,LinearSearch,10,22,True,10,45,16,2,1,1.6,1.6,pegasus,16,5640,40484,10,10,0.3125510840327479,2,,
M-10-N-50-pa-0.05-pe-1.00,LinearSearch,10,22,True,10,45,16,2,1,1.6,1.6,pegasus,16,5640,40484,10,10,0.3025734389666468,3,,
M-10-N-50-pa-0.05-pe-1.00,LinearSearch,10,22,True,10,45,16,2,1,1.6,1.6,pegasus,16,5640,40484,10,10,0.3108281899476424,4,,
M-10-N-50-pa-0.05-pe-1.00,LinearSearch,10,22,True,10,45,16,2,1,1.6,1.6,pegasus,16,5640,40484,10,10,0.2863460090011358,5,,
M-10-N-50-pa-0.05-pe-1.00,LinearSearch,10,22,True,10,45,16,2,1,1.6,1.6,pegasus,16,5640,40484,10,10,0.30030988896032795,6,,
M-10-N-50-pa-0.05-pe-1.00,LinearSearch,10,22,True,10,45,16,2,1,1.6,1.6,pegasus,16,5640,40484,10,10,0.3095853779814206,7,,
M-10-N-50-pa-0.05-pe-1.00,LinearSearch,10,22,True,10,45,16,2,1,1.6,1.6,pegasus,16,5640,40484,10,10,0.3046367160277441,8,,
M-10-N-50-pa-0.05-pe-1.00,LinearSearch,10,22,True,10,45,16,2,1,1.6,1.6,pegasus,16,5640,40484,10,10,0.30656303197611123,9,,
M-10-N-50-pa-0.05-pe-1.00,LinearSearch,10,22,True,10,45,16,2,1,1.6,1.6,pegasus,16,5640,40484,10,10,0.2989707009983249,10,,
M-10-N-50-pa-0.05-pe-1.00,LinearSearch With Preprocessing,10,22,True,10,45,16,2,1,1.6,1.6,pegasus,16,5640,40484,10,10,0.2998665649793111,10,,
M-10-N-50-pa-0.05-pe-1.00,LinearSearch With Reduced Qubits,10,22,True,10,45,16,2,1,1.6,1.6,pegasus,16,5640,40484,10,10,0.3059669459471479,2,,
M-10-N-50-pa-0.05-pe-1.00,LinearSearch With Reduced Qubits,10,22,True,10,45,16,2,1,1.6,1.6,pegasus,16,5640,40484,10,10,0.29738470498705283,3,,
M-10-N-50-pa-0.05-pe-1.00,LinearSearch With Reduced Qubits,10,22,True,10,45,16,2,1,1.6,1.6,pegasus,16,5640,40484,10,10,0.2762699439772405,4,,
M-10-N-50-pa-0.05-pe-1.00,LinearSearch With Reduced Qubits,10,22,True,10,45,16,2,1,1.6,1.6,pegasus,16,5640,40484,10,10,0.29726160899735987,5,,
M-10-N-50-pa-0.05-pe-1.00,LinearSearch With Reduced Qubits,10,22,True,10,45,16,2,1,1.6,1.6,pegasus,16,5640,40484,10,10,0.29965847998391837,6,,
M-10-N-50-pa-0.05-pe-1.00,LinearSearch With Reduced Qubits,10,22,True,10,45,16,2,1,1.6,1.6,pegasus,16,5640,40484,10,10,0.30284837499493733,7,,
M-10-N-50-pa-0.05-pe-1.00,LinearSearch With Reduced Qubits,10,22,True,10,45,16,2,1,1.6,1.6,pegasus,16,5640,40484,10,10,0.2982008540420793,8,,
M-10-N-50-pa-0.05-pe-1.00,LinearSearch With Reduced Qubits,10,22,True,10,45,16,2,1,1.6,1.6,pegasus,16,5640,40484,10,10,0.2899825890199281,9,,
M-10-N-50-pa-0.05-pe-1.00,LinearSearch With Reduced Qubits,10,22,True,10,45,16,2,1,1.6,1.6,pegasus,16,5640,40484,10,10,0.277500030992087,10,,
M-10-N-50-pa-0.05-pe-1.00,LinearSearch With Preprocessing and Reduced Qubits,10,22,True,10,45,16,2,1,1.6,1.6,pegasus,16,5640,40484,10,10,0.2983111320063472,10,,
M-10-N-50-pa-0.45-pe-1.00,BinSearch,10,46,True,40,166,72,5,1,1.8,1.8,pegasus,16,5640,40484,10,10,1.2698462190455757,3,,
M-10-N-50-pa-0.45-pe-1.00,BinSearch,10,46,True,40,166,72,5,1,1.8,1.8,pegasus,16,5640,40484,10,10,1.2420316719799303,4,,
M-10-N-50-pa-0.45-pe-1.00,LinearSearch,10,46,True,42,180,76,5,1,1.8095238095238095,1.8095238095238095,pegasus,16,5640,40484,10,10,2.115921858989168,2,,
M-10-N-50-pa-0.45-pe-1.00,LinearSearch,10,46,True,42,180,76,5,1,1.8095238095238095,1.8095238095238095,pegasus,16,5640,40484,10,10,2.122912938997615,3,,
M-10-N-50-pa-0.45-pe-1.00,LinearSearch,10,46,True,42,180,76,5,1,1.8095238095238095,1.8095238095238095,pegasus,16,5640,40484,10,10,2.0944231130415574,4,,
M-10-N-50-pa-0.45-pe-1.00,LinearSearch With Preprocessing,10,46,True,42,180,76,5,1,1.8095238095238095,1.8095238095238095,pegasus,16,5640,40484,10,10,2.098617387993727,3,,
M-10-N-50-pa-0.45-pe-1.00,LinearSearch With Preprocessing,10,46,True,42,180,76,5,1,1.8095238095238095,1.8095238095238095,pegasus,16,5640,40484,10,10,2.077932850981597,4,,
M-10-N-50-pa-0.45-pe-1.00,LinearSearch With Reduced Qubits,10,46,True,27,103,46,3,1,1.7037037037037037,1.7037037037037037,pegasus,16,5640,40484,10,10,0.5476102539687417,2,,
M-10-N-50-pa-0.45-pe-1.00,LinearSearch With Reduced Qubits,10,46,True,40,166,72,5,1,1.8,1.8,pegasus,16,5640,40484,10,10,1.2445850339718163,3,,
M-10-N-50-pa-0.45-pe-1.00,LinearSearch With Reduced Qubits,10,46,True,40,166,72,5,1,1.8,1.8,pegasus,16,5640,40484,10,10,1.2518801180412993,4,,
M-10-N-50-pa-0.45-pe-1.00,LinearSearch With Preprocessing and Reduced Qubits,10,46,True,40,166,72,5,1,1.8,1.8,pegasus,16,5640,40484,10,10,1.2465533450013027,3,,
M-10-N-50-pa-0.45-pe-1.00,LinearSearch With Preprocessing and Reduced Qubits,10,46,True,40,166,72,5,1,1.8,1.8,pegasus,16,5640,40484,10,10,1.2549328029854223,4,,
M-10-N-50-pa-0.35-pe-1.00,BinSearch,10,46,True,22,72,31,3,1,1.4090909090909092,1.4090909090909092,pegasus,16,5640,40484,10,10,0.37636825698427856,5,,
M-10-N-50-pa-0.35-pe-1.00,BinSearch,10,46,True,22,72,31,3,1,1.4090909090909092,1.4090909090909092,pegasus,16,5640,40484,10,10,0.37145304202567786,6,,
M-10-N-50-pa-0.35-pe-1.00,LinearSearch,10,46,True,22,72,31,3,1,1.4090909090909092,1.4090909090909092,pegasus,16,5640,40484,10,10,0.37381563801318407,2,,
M-10-N-50-pa-0.35-pe-1.00,LinearSearch,10,46,True,22,72,31,3,1,1.4090909090909092,1.4090909090909092,pegasus,16,5640,40484,10,10,0.37645959603833035,3,,
M-10-N-50-pa-0.35-pe-1.00,LinearSearch,10,46,True,22,72,31,3,1,1.4090909090909092,1.4090909090909092,pegasus,16,5640,40484,10,10,0.37343071901705116,4,,
M-10-N-50-pa-0.35-pe-1.00,LinearSearch,10,46,True,22,72,31,3,1,1.4090909090909092,1.4090909090909092,pegasus,16,5640,40484,10,10,0.3683035759604536,5,,
M-10-N-50-pa-0.35-pe-1.00,LinearSearch,10,46,True,22,72,31,3,1,1.4090909090909092,1.4090909090909092,pegasus,16,5640,40484,10,10,0.37211492599453777,6,,
M-10-N-50-pa-0.35-pe-1.00,LinearSearch With Preprocessing,10,46,True,22,72,31,3,1,1.4090909090909092,1.4090909090909092,pegasus,16,5640,40484,10,10,0.37384975800523534,5,,
M-10-N-50-pa-0.35-pe-1.00,LinearSearch With Preprocessing,10,46,True,22,72,31,3,1,1.4090909090909092,1.4090909090909092,pegasus,16,5640,40484,10,10,0.37777782196644694,6,,
M-10-N-50-pa-0.35-pe-1.00,LinearSearch With Reduced Qubits,10,46,True,21,68,30,2,1,1.4285714285714286,1.4285714285714286,pegasus,16,5640,40484,10,10,0.3448819100158289,2,,
M-10-N-50-pa-0.35-pe-1.00,LinearSearch With Reduced Qubits,10,46,True,22,72,31,3,1,1.4090909090909092,1.4090909090909092,pegasus,16,5640,40484,10,10,0.446815307950601,3,,
M-10-N-50-pa-0.35-pe-1.00,LinearSearch With Reduced Qubits,10,46,True,22,72,31,3,1,1.4090909090909092,1.4090909090909092,pegasus,16,5640,40484,10,10,0.44037388695869595,4,,
M-10-N-50-pa-0.35-pe-1.00,LinearSearch With Reduced Qubits,10,46,True,22,72,31,3,1,1.4090909090909092,1.4090909090909092,pegasus,16,5640,40484,10,10,0.4433362929848954,5,,
M-10-N-50-pa-0.35-pe-1.00,LinearSearch With Reduced Qubits,10,46,True,22,72,31,3,1,1.4090909090909092,1.4090909090909092,pegasus,16,5640,40484,10,10,0.44612561602843925,6,,
M-10-N-50-pa-0.35-pe-1.00,LinearSearch With Preprocessing and Reduced Qubits,10,46,True,22,72,31,3,1,1.4090909090909092,1.4090909090909092,pegasus,16,5640,40484,10,10,0.4391888999962248,5,,
M-10-N-50-pa-0.35-pe-1.00,LinearSearch With Preprocessing and Reduced Qubits,10,46,True,22,72,31,3,1,1.4090909090909092,1.4090909090909092,pegasus,16,5640,40484,10,10,0.4369107539532706,6,,
M-10-N-25-pa-0.85-pe-1.00,BinSearch,10,21,True,19,110,38,3,1,2.0,2.0,pegasus,16,5640,40484,10,10,0.749941056012176,2,,
M-10-N-25-pa-0.85-pe-1.00,LinearSearch,10,21,True,37,267,94,5,1,2.5405405405405403,2.5405405405405403,pegasus,16,5640,40484,10,10,4.922385932004545,2,,
M-10-N-25-pa-0.85-pe-1.00,LinearSearch With Preprocessing,10,21,True,37,267,94,5,1,2.5405405405405403,2.5405405405405403,pegasus,16,5640,40484,10,10,4.870406745991204,2,,
M-10-N-25-pa-0.85-pe-1.00,LinearSearch With Reduced Qubits,10,21,True,19,110,38,3,1,2.0,2.0,pegasus,16,5640,40484,10,10,0.6885811809916049,2,,
M-10-N-25-pa-0.85-pe-1.00,LinearSearch With Preprocessing and Reduced Qubits,10,21,True,19,110,38,3,1,2.0,2.0,pegasus,16,5640,40484,10,10,0.7072154290508479,2,,
M-10-N-10-pa-0.75-pe-1.00,BinSearch,10,10,True,17,95,35,3,1,2.0588235294117645,2.0588235294117645,pegasus,16,5640,40484,10,10,0.683071042993106,2,,
M-10-N-10-pa-0.75-pe-1.00,LinearSearch,10,10,True,31,216,75,4,1,2.4193548387096775,2.4193548387096775,pegasus,16,5640,40484,10,10,2.2953461250290275,2,,
M-10-N-10-pa-0.75-pe-1.00,LinearSearch With Preprocessing,10,10,True,31,216,75,4,1,2.4193548387096775,2.4193548387096775,pegasus,16,5640,40484,10,10,2.290789698017761,2,,
M-10-N-10-pa-0.75-pe-1.00,LinearSearch With Reduced Qubits,10,10,True,17,95,35,3,1,2.0588235294117645,2.0588235294117645,pegasus,16,5640,40484,10,10,0.6844761149841361,2,,
M-10-N-10-pa-0.75-pe-1.00,LinearSearch With Preprocessing and Reduced Qubits,10,10,True,17,95,35,3,1,2.0588235294117645,2.0588235294117645,pegasus,16,5640,40484,10,10,0.6923295430024154,2,,
M-10-N-25-pa-0.25-pe-1.00,BinSearch,10,24,True,13,51,20,3,1,1.5384615384615385,1.5384615384615385,pegasus,16,5640,40484,10,10,0.3096504929708317,6,,
M-10-N-25-pa-0.25-pe-1.00,LinearSearch,10,24,True,13,51,20,3,1,1.5384615384615385,1.5384615384615385,pegasus,16,5640,40484,10,10,0.3135455849696882,2,,
M-10-N-25-pa-0.25-pe-1.00,LinearSearch,10,24,True,13,51,20,3,1,1.5384615384615385,1.5384615384615385,pegasus,16,5640,40484,10,10,0.31250747898593545,3,,
M-10-N-25-pa-0.25-pe-1.00,LinearSearch,10,24,True,13,51,20,3,1,1.5384615384615385,1.5384615384615385,pegasus,16,5640,40484,10,10,0.3590770020382479,4,,
M-10-N-25-pa-0.25-pe-1.00,LinearSearch,10,24,True,13,51,20,3,1,1.5384615384615385,1.5384615384615385,pegasus,16,5640,40484,10,10,0.36113500798819587,5,,
M-10-N-25-pa-0.25-pe-1.00,LinearSearch,10,24,True,13,51,20,3,1,1.5384615384615385,1.5384615384615385,pegasus,16,5640,40484,10,10,0.3590417369850911,6,,
M-10-N-25-pa-0.25-pe-1.00,LinearSearch With Preprocessing,10,24,True,13,51,20,3,1,1.5384615384615385,1.5384615384615385,pegasus,16,5640,40484,10,10,0.3581597990123555,6,,
M-10-N-25-pa-0.25-pe-1.00,LinearSearch With Reduced Qubits,10,24,True,13,51,20,3,1,1.5384615384615385,1.5384615384615385,pegasus,16,5640,40484,10,10,0.3658673209720291,2,,
M-10-N-25-pa-0.25-pe-1.00,LinearSearch With Reduced Qubits,10,24,True,13,51,20,3,1,1.5384615384615385,1.5384615384615385,pegasus,16,5640,40484,10,10,0.35629535000771284,3,,
M-10-N-25-pa-0.25-pe-1.00,LinearSearch With Reduced Qubits,10,24,True,13,51,20,3,1,1.5384615384615385,1.5384615384615385,pegasus,16,5640,40484,10,10,0.3544678399921395,4,,
M-10-N-25-pa-0.25-pe-1.00,LinearSearch With Reduced Qubits,10,24,True,13,51,20,3,1,1.5384615384615385,1.5384615384615385,pegasus,16,5640,40484,10,10,0.35699360095895827,5,,
M-10-N-25-pa-0.25-pe-1.00,LinearSearch With Reduced Qubits,10,24,True,13,51,20,3,1,1.5384615384615385,1.5384615384615385,pegasus,16,5640,40484,10,10,0.356280178995803,6,,
M-10-N-25-pa-0.25-pe-1.00,LinearSearch With Preprocessing and Reduced Qubits,10,24,True,13,51,20,3,1,1.5384615384615385,1.5384615384615385,pegasus,16,5640,40484,10,10,0.3670773190096952,6,,
M-10-N-50-pa-0.95-pe-1.00,BinSearch,10,16,True,17,102,36,3,1,2.1176470588235294,2.1176470588235294,pegasus,16,5640,40484,10,10,0.7653525809873827,2,,
M-10-N-50-pa-0.95-pe-1.00,LinearSearch,10,16,True,33,261,87,5,1,2.6363636363636362,2.6363636363636362,pegasus,16,5640,40484,10,10,2.682264024973847,2,,
M-10-N-50-pa-0.95-pe-1.00,LinearSearch With Preprocessing,10,16,True,33,261,87,5,1,2.6363636363636362,2.6363636363636362,pegasus,16,5640,40484,10,10,2.663422252982855,2,,
M-10-N-50-pa-0.95-pe-1.00,LinearSearch With Reduced Qubits,10,16,True,17,102,36,3,1,2.1176470588235294,2.1176470588235294,pegasus,16,5640,40484,10,10,0.7604834699886851,2,,
M-10-N-50-pa-0.95-pe-1.00,LinearSearch With Preprocessing and Reduced Qubits,10,16,True,17,102,36,3,1,2.1176470588235294,2.1176470588235294,pegasus,16,5640,40484,10,10,0.7565352119854651,2,,
M-10-N-5-pa-0.25-pe-1.00,BinSearch,7,5,True,9,25,12,2,1,1.3333333333333333,1.3333333333333333,pegasus,16,5640,40484,10,10,0.3124833809561096,5,,
M-10-N-5-pa-0.25-pe-1.00,LinearSearch,7,5,True,9,25,12,2,1,1.3333333333333333,1.3333333333333333,pegasus,16,5640,40484,10,10,0.32880593300797045,2,,
M-10-N-5-pa-0.25-pe-1.00,LinearSearch,7,5,True,9,25,12,2,1,1.3333333333333333,1.3333333333333333,pegasus,16,5640,40484,10,10,0.313521791016683,3,,
M-10-N-5-pa-0.25-pe-1.00,LinearSearch,7,5,True,9,25,12,2,1,1.3333333333333333,1.3333333333333333,pegasus,16,5640,40484,10,10,0.32957704202272,4,,
M-10-N-5-pa-0.25-pe-1.00,LinearSearch,7,5,True,9,25,12,2,1,1.3333333333333333,1.3333333333333333,pegasus,16,5640,40484,10,10,0.3054201780469157,5,,
M-10-N-5-pa-0.25-pe-1.00,LinearSearch With Preprocessing,7,5,True,9,25,12,2,1,1.3333333333333333,1.3333333333333333,pegasus,16,5640,40484,10,10,0.27093337604310364,5,,
M-10-N-5-pa-0.25-pe-1.00,LinearSearch With Reduced Qubits,7,5,True,9,25,12,2,1,1.3333333333333333,1.3333333333333333,pegasus,16,5640,40484,10,10,0.2778287520050071,2,,
M-10-N-5-pa-0.25-pe-1.00,LinearSearch With Reduced Qubits,7,5,True,9,25,12,2,1,1.3333333333333333,1.3333333333333333,pegasus,16,5640,40484,10,10,0.2629674600320868,3,,
M-10-N-5-pa-0.25-pe-1.00,LinearSearch With Reduced Qubits,7,5,True,9,25,12,2,1,1.3333333333333333,1.3333333333333333,pegasus,16,5640,40484,10,10,0.2719392310245894,4,,
M-10-N-5-pa-0.25-pe-1.00,LinearSearch With Reduced Qubits,7,5,True,9,25,12,2,1,1.3333333333333333,1.3333333333333333,pegasus,16,5640,40484,10,10,0.30883789900690317,5,,
M-10-N-5-pa-0.25-pe-1.00,LinearSearch With Preprocessing and Reduced Qubits,7,5,True,9,25,12,2,1,1.3333333333333333,1.3333333333333333,pegasus,16,5640,40484,10,10,0.32684141799109057,5,,
M-10-N-10-pa-0.55-pe-1.00,BinSearch,10,10,True,19,86,33,3,1,1.736842105263158,1.736842105263158,pegasus,16,5640,40484,10,10,0.6069001459982246,2,,
M-10-N-10-pa-0.55-pe-1.00,BinSearch,10,10,True,27,133,49,4,1,1.8148148148148149,1.8148148148148149,pegasus,16,5640,40484,10,10,0.9009241530438885,3,,
M-10-N-10-pa-0.55-pe-1.00,LinearSearch,10,10,True,33,177,69,4,1,2.090909090909091,2.090909090909091,pegasus,16,5640,40484,10,10,1.9721968010417186,2,,
M-10-N-10-pa-0.55-pe-1.00,LinearSearch,10,10,True,33,177,69,4,1,2.090909090909091,2.090909090909091,pegasus,16,5640,40484,10,10,1.9849688149988651,3,,
M-10-N-10-pa-0.55-pe-1.00,LinearSearch With Preprocessing,10,10,True,33,177,69,4,1,2.090909090909091,2.090909090909091,pegasus,16,5640,40484,10,10,1.9941342620295472,2,,
M-10-N-10-pa-0.55-pe-1.00,LinearSearch With Preprocessing,10,10,True,33,177,69,4,1,2.090909090909091,2.090909090909091,pegasus,16,5640,40484,10,10,1.9694432690157555,3,,
M-10-N-10-pa-0.55-pe-1.00,LinearSearch With Reduced Qubits,10,10,True,19,86,33,3,1,1.736842105263158,1.736842105263158,pegasus,16,5640,40484,10,10,0.6079510889830999,2,,
M-10-N-10-pa-0.55-pe-1.00,LinearSearch With Reduced Qubits,10,10,True,27,133,49,4,1,1.8148148148148149,1.8148148148148149,pegasus,16,5640,40484,10,10,0.8956477309693582,3,,
M-10-N-10-pa-0.55-pe-1.00,LinearSearch With Preprocessing and Reduced Qubits,10,10,True,19,86,33,3,1,1.736842105263158,1.736842105263158,pegasus,16,5640,40484,10,10,0.5958666240330786,2,,
M-10-N-10-pa-0.55-pe-1.00,LinearSearch With Preprocessing and Reduced Qubits,10,10,True,27,133,49,4,1,1.8148148148148149,1.8148148148148149,pegasus,16,5640,40484,10,10,0.8900989640387706,3,,
M-10-N-25-pa-0.35-pe-1.00,BinSearch,10,25,True,12,52,18,2,1,1.5,1.5,pegasus,16,5640,40484,10,10,0.3499286030419171,6,,
M-10-N-25-pa-0.35-pe-1.00,LinearSearch,10,25,True,12,52,18,2,1,1.5,1.5,pegasus,16,5640,40484,10,10,0.3649865729967132,2,,
M-10-N-25-pa-0.35-pe-1.00,LinearSearch,10,25,True,12,52,18,2,1,1.5,1.5,pegasus,16,5640,40484,10,10,0.36274847597815096,3,,
M-10-N-25-pa-0.35-pe-1.00,LinearSearch,10,25,True,12,52,18,2,1,1.5,1.5,pegasus,16,5640,40484,10,10,0.3642075129901059,4,,
M-10-N-25-pa-0.35-pe-1.00,LinearSearch,10,25,True,12,52,18,2,1,1.5,1.5,pegasus,16,5640,40484,10,10,0.3546915189945139,5,,
M-10-N-25-pa-0.35-pe-1.00,LinearSearch,10,25,True,12,52,18,2,1,1.5,1.5,pegasus,16,5640,40484,10,10,0.35373008000897244,6,,
M-10-N-25-pa-0.35-pe-1.00,LinearSearch With Preprocessing,10,25,True,12,52,18,2,1,1.5,1.5,pegasus,16,5640,40484,10,10,0.35483163403114304,6,,
M-10-N-25-pa-0.35-pe-1.00,LinearSearch With Reduced Qubits,10,25,True,11,48,18,2,1,1.6363636363636365,1.6363636363636365,pegasus,16,5640,40484,10,10,0.3534621589933522,2,,
M-10-N-25-pa-0.35-pe-1.00,LinearSearch With Reduced Qubits,10,25,True,12,52,18,2,1,1.5,1.5,pegasus,16,5640,40484,10,10,0.3568091579945758,3,,
M-10-N-25-pa-0.35-pe-1.00,LinearSearch With Reduced Qubits,10,25,True,12,52,18,2,1,1.5,1.5,pegasus,16,5640,40484,10,10,0.36437229497823864,4,,
M-10-N-25-pa-0.35-pe-1.00,LinearSearch With Reduced Qubits,10,25,True,12,52,18,2,1,1.5,1.5,pegasus,16,5640,40484,10,10,0.36486991099081933,5,,
M-10-N-25-pa-0.35-pe-1.00,LinearSearch With Reduced Qubits,10,25,True,12,52,18,2,1,1.5,1.5,pegasus,16,5640,40484,10,10,0.3554158780025318,6,,
M-10-N-25-pa-0.35-pe-1.00,LinearSearch With Preprocessing and Reduced Qubits,10,25,True,12,52,18,2,1,1.5,1.5,pegasus,16,5640,40484,10,10,0.35224396298872307,6,,
M-10-N-10-pa-0.35-pe-1.00,BinSearch,10,10,True,19,79,29,3,1,1.5263157894736843,1.5263157894736843,pegasus,16,5640,40484,10,10,0.461024146003183,3,,
M-10-N-10-pa-0.35-pe-1.00,LinearSearch,10,10,True,19,79,29,3,1,1.5263157894736843,1.5263157894736843,pegasus,16,5640,40484,10,10,0.47313727997243404,2,,
M-10-N-10-pa-0.35-pe-1.00,LinearSearch,10,10,True,19,79,29,3,1,1.5263157894736843,1.5263157894736843,pegasus,16,5640,40484,10,10,0.47950903803575784,3,,
M-10-N-10-pa-0.35-pe-1.00,LinearSearch With Preprocessing,10,10,True,19,79,29,3,1,1.5263157894736843,1.5263157894736843,pegasus,16,5640,40484,10,10,0.47899830696405843,3,,
M-10-N-10-pa-0.35-pe-1.00,LinearSearch With Reduced Qubits,10,10,True,15,61,25,3,1,1.6666666666666667,1.6666666666666667,pegasus,16,5640,40484,10,10,0.4170082489727065,2,,
M-10-N-10-pa-0.35-pe-1.00,LinearSearch With Reduced Qubits,10,10,True,19,79,29,3,1,1.5263157894736843,1.5263157894736843,pegasus,16,5640,40484,10,10,0.4827792939613573,3,,
M-10-N-10-pa-0.35-pe-1.00,LinearSearch With Preprocessing and Reduced Qubits,10,10,True,19,79,29,3,1,1.5263157894736843,1.5263157894736843,pegasus,16,5640,40484,10,10,0.4795558520127088,3,,
M-10-N-50-pa-0.25-pe-1.00,BinSearch,10,45,True,12,49,18,2,1,1.5,1.5,pegasus,16,5640,40484,10,10,0.3652196300099604,8,,
M-10-N-50-pa-0.25-pe-1.00,LinearSearch,10,45,True,12,49,18,2,1,1.5,1.5,pegasus,16,5640,40484,10,10,0.3599703179788776,2,,
M-10-N-50-pa-0.25-pe-1.00,LinearSearch,10,45,True,12,49,18,2,1,1.5,1.5,pegasus,16,5640,40484,10,10,0.3577910829917528,3,,
M-10-N-50-pa-0.25-pe-1.00,LinearSearch,10,45,True,12,49,18,2,1,1.5,1.5,pegasus,16,5640,40484,10,10,0.3596562710008584,4,,
M-10-N-50-pa-0.25-pe-1.00,LinearSearch,10,45,True,12,49,18,2,1,1.5,1.5,pegasus,16,5640,40484,10,10,0.36578961298801005,5,,
M-10-N-50-pa-0.25-pe-1.00,LinearSearch,10,45,True,12,49,18,2,1,1.5,1.5,pegasus,16,5640,40484,10,10,0.3576003809575923,6,,
M-10-N-50-pa-0.25-pe-1.00,LinearSearch,10,45,True,12,49,18,2,1,1.5,1.5,pegasus,16,5640,40484,10,10,0.35797202499816194,7,,
M-10-N-50-pa-0.25-pe-1.00,LinearSearch,10,45,True,12,49,18,2,1,1.5,1.5,pegasus,16,5640,40484,10,10,0.37231240700930357,8,,
M-10-N-50-pa-0.25-pe-1.00,LinearSearch With Preprocessing,10,45,True,12,49,18,2,1,1.5,1.5,pegasus,16,5640,40484,10,10,0.36434157798066735,8,,
M-10-N-50-pa-0.25-pe-1.00,LinearSearch With Reduced Qubits,10,45,True,12,49,18,2,1,1.5,1.5,pegasus,16,5640,40484,10,10,0.37053223699331284,2,,
M-10-N-50-pa-0.25-pe-1.00,LinearSearch With Reduced Qubits,10,45,True,12,49,18,2,1,1.5,1.5,pegasus,16,5640,40484,10,10,0.3660477480152622,3,,
M-10-N-50-pa-0.25-pe-1.00,LinearSearch With Reduced Qubits,10,45,True,12,49,18,2,1,1.5,1.5,pegasus,16,5640,40484,10,10,0.36978309199912474,4,,
M-10-N-50-pa-0.25-pe-1.00,LinearSearch With Reduced Qubits,10,45,True,12,49,18,2,1,1.5,1.5,pegasus,16,5640,40484,10,10,0.36851228901650757,5,,
M-10-N-50-pa-0.25-pe-1.00,LinearSearch With Reduced Qubits,10,45,True,12,49,18,2,1,1.5,1.5,pegasus,16,5640,40484,10,10,0.36978264997014776,6,,
M-10-N-50-pa-0.25-pe-1.00,LinearSearch With Reduced Qubits,10,45,True,12,49,18,2,1,1.5,1.5,pegasus,16,5640,40484,10,10,0.36195114499423653,7,,
M-10-N-50-pa-0.25-pe-1.00,LinearSearch With Reduced Qubits,10,45,True,12,49,18,2,1,1.5,1.5,pegasus,16,5640,40484,10,10,0.3696198289981112,8,,
M-10-N-50-pa-0.25-pe-1.00,LinearSearch With Preprocessing and Reduced Qubits,10,45,True,12,49,18,2,1,1.5,1.5,pegasus,16,5640,40484,10,10,0.3657473319908604,8,,
M-10-N-25-pa-0.15-pe-1.00,BinSearch,10,21,True,13,51,20,3,1,1.5384615384615385,1.5384615384615385,pegasus,16,5640,40484,10,10,0.3642832259647548,7,,
M-10-N-25-pa-0.15-pe-1.00,LinearSearch,10,21,True,13,51,20,3,1,1.5384615384615385,1.5384615384615385,pegasus,16,5640,40484,10,10,0.35227216698694974,2,,
M-10-N-25-pa-0.15-pe-1.00,LinearSearch,10,21,True,13,51,20,3,1,1.5384615384615385,1.5384615384615385,pegasus,16,5640,40484,10,10,0.3569410069612786,3,,
M-10-N-25-pa-0.15-pe-1.00,LinearSearch,10,21,True,13,51,20,3,1,1.5384615384615385,1.5384615384615385,pegasus,16,5640,40484,10,10,0.3558476159814745,4,,
M-10-N-25-pa-0.15-pe-1.00,LinearSearch,10,21,True,13,51,20,3,1,1.5384615384615385,1.5384615384615385,pegasus,16,5640,40484,10,10,0.3525232939864509,5,,
M-10-N-25-pa-0.15-pe-1.00,LinearSearch,10,21,True,13,51,20,3,1,1.5384615384615385,1.5384615384615385,pegasus,16,5640,40484,10,10,0.3560431929654442,6,,
M-10-N-25-pa-0.15-pe-1.00,LinearSearch,10,21,True,13,51,20,3,1,1.5384615384615385,1.5384615384615385,pegasus,16,5640,40484,10,10,0.3531098099774681,7,,
M-10-N-25-pa-0.15-pe-1.00,LinearSearch With Preprocessing,10,21,True,13,51,20,3,1,1.5384615384615385,1.5384615384615385,pegasus,16,5640,40484,10,10,0.3522794340387918,7,,
M-10-N-25-pa-0.15-pe-1.00,LinearSearch With Reduced Qubits,10,21,True,13,51,20,3,1,1.5384615384615385,1.5384615384615385,pegasus,16,5640,40484,10,10,0.35124633699888363,2,,
M-10-N-25-pa-0.15-pe-1.00,LinearSearch With Reduced Qubits,10,21,True,13,51,20,3,1,1.5384615384615385,1.5384615384615385,pegasus,16,5640,40484,10,10,0.3518467480316758,3,,
M-10-N-25-pa-0.15-pe-1.00,LinearSearch With Reduced Qubits,10,21,True,13,51,20,3,1,1.5384615384615385,1.5384615384615385,pegasus,16,5640,40484,10,10,0.3537821779609658,4,,
M-10-N-25-pa-0.15-pe-1.00,LinearSearch With Reduced Qubits,10,21,True,13,51,20,3,1,1.5384615384615385,1.5384615384615385,pegasus,16,5640,40484,10,10,0.35246956103947014,5,,
M-10-N-25-pa-0.15-pe-1.00,LinearSearch With Reduced Qubits,10,21,True,13,51,20,3,1,1.5384615384615385,1.5384615384615385,pegasus,16,5640,40484,10,10,0.35467307100770995,6,,
M-10-N-25-pa-0.15-pe-1.00,LinearSearch With Reduced Qubits,10,21,True,13,51,20,3,1,1.5384615384615385,1.5384615384615385,pegasus,16,5640,40484,10,10,0.35218928899848834,7,,
M-10-N-25-pa-0.15-pe-1.00,LinearSearch With Preprocessing and Reduced Qubits,10,21,True,13,51,20,3,1,1.5384615384615385,1.5384615384615385,pegasus,16,5640,40484,10,10,0.35205757000949234,7,,
M-10-N-50-pa-0.85-pe-1.00,BinSearch,10,29,True,20,114,40,3,1,2.0,2.0,pegasus,16,5640,40484,10,10,0.7411472799722105,2,,
M-10-N-50-pa-0.85-pe-1.00,LinearSearch,10,29,True,40,282,102,5,1,2.55,2.55,pegasus,16,5640,40484,10,10,5.4114130130037665,2,,
M-10-N-50-pa-0.85-pe-1.00,LinearSearch With Preprocessing,10,29,True,40,282,102,5,1,2.55,2.55,pegasus,16,5640,40484,10,10,5.477796174003743,2,,
M-10-N-50-pa-0.85-pe-1.00,LinearSearch With Reduced Qubits,10,29,True,20,114,40,3,1,2.0,2.0,pegasus,16,5640,40484,10,10,0.7398154549882747,2,,
M-10-N-50-pa-0.85-pe-1.00,LinearSearch With Preprocessing and Reduced Qubits,10,29,True,20,114,40,3,1,2.0,2.0,pegasus,16,5640,40484,10,10,0.7441318319761194,2,,
M-10-N-25-pa-0.45-pe-1.00,BinSearch,10,25,True,28,114,46,3,1,1.6428571428571428,1.6428571428571428,pegasus,16,5640,40484,10,10,0.8450616979971528,3,,
M-10-N-25-pa-0.45-pe-1.00,BinSearch,10,25,True,28,114,46,3,1,1.6428571428571428,1.6428571428571428,pegasus,16,5640,40484,10,10,0.8504401909885928,4,,
M-10-N-25-pa-0.45-pe-1.00,LinearSearch,10,25,True,30,128,51,3,1,1.7,1.7,pegasus,16,5640,40484,10,10,0.8401574270101264,2,,
M-10-N-25-pa-0.45-pe-1.00,LinearSearch,10,25,True,30,128,51,3,1,1.7,1.7,pegasus,16,5640,40484,10,10,0.8341288439696655,3,,
M-10-N-25-pa-0.45-pe-1.00,LinearSearch,10,25,True,30,128,51,3,1,1.7,1.7,pegasus,16,5640,40484,10,10,0.8397132419631816,4,,
M-10-N-25-pa-0.45-pe-1.00,LinearSearch With Preprocessing,10,25,True,30,128,51,3,1,1.7,1.7,pegasus,16,5640,40484,10,10,0.8567656970117241,3,,
M-10-N-25-pa-0.45-pe-1.00,LinearSearch With Preprocessing,10,25,True,30,128,51,3,1,1.7,1.7,pegasus,16,5640,40484,10,10,0.83567379595479,4,,
M-10-N-25-pa-0.45-pe-1.00,LinearSearch With Reduced Qubits,10,25,True,21,80,35,3,1,1.6666666666666667,1.6666666666666667,pegasus,16,5640,40484,10,10,0.45682018296793103,2,,
M-10-N-25-pa-0.45-pe-1.00,LinearSearch With Reduced Qubits,10,25,True,28,114,46,3,1,1.6428571428571428,1.6428571428571428,pegasus,16,5640,40484,10,10,0.8440423309803009,3,,
M-10-N-25-pa-0.45-pe-1.00,LinearSearch With Reduced Qubits,10,25,True,28,114,46,3,1,1.6428571428571428,1.6428571428571428,pegasus,16,5640,40484,10,10,0.8590988130308688,4,,
M-10-N-25-pa-0.45-pe-1.00,LinearSearch With Preprocessing and Reduced Qubits,10,25,True,28,114,46,3,1,1.6428571428571428,1.6428571428571428,pegasus,16,5640,40484,10,10,0.8554040400194936,3,,
M-10-N-25-pa-0.45-pe-1.00,LinearSearch With Preprocessing and Reduced Qubits,10,25,True,28,114,46,3,1,1.6428571428571428,1.6428571428571428,pegasus,16,5640,40484,10,10,0.8581794549827464,4,,
M-10-N-5-pa-0.05-pe-1.00,BinSearch,6,5,True,7,17,9,2,1,1.2857142857142858,1.2857142857142858,pegasus,16,5640,40484,10,10,0.2971262070350349,4,,
M-10-N-5-pa-0.05-pe-1.00,LinearSearch,6,5,True,7,17,9,2,1,1.2857142857142858,1.2857142857142858,pegasus,16,5640,40484,10,10,0.30046480998862535,2,,
M-10-N-5-pa-0.05-pe-1.00,LinearSearch,6,5,True,7,17,9,2,1,1.2857142857142858,1.2857142857142858,pegasus,16,5640,40484,10,10,0.3077885729726404,3,,
M-10-N-5-pa-0.05-pe-1.00,LinearSearch,6,5,True,7,17,9,2,1,1.2857142857142858,1.2857142857142858,pegasus,16,5640,40484,10,10,0.3231331590213813,4,,
M-10-N-5-pa-0.05-pe-1.00,LinearSearch With Preprocessing,6,5,True,7,17,9,2,1,1.2857142857142858,1.2857142857142858,pegasus,16,5640,40484,10,10,0.3103669629781507,4,,
M-10-N-5-pa-0.05-pe-1.00,LinearSearch With Reduced Qubits,6,5,True,7,17,9,2,1,1.2857142857142858,1.2857142857142858,pegasus,16,5640,40484,10,10,0.3103343159891665,2,,
M-10-N-5-pa-0.05-pe-1.00,LinearSearch With Reduced Qubits,6,5,True,7,17,9,2,1,1.2857142857142858,1.2857142857142858,pegasus,16,5640,40484,10,10,0.32054404204245657,3,,
M-10-N-5-pa-0.05-pe-1.00,LinearSearch With Reduced Qubits,6,5,True,7,17,9,2,1,1.2857142857142858,1.2857142857142858,pegasus,16,5640,40484,10,10,0.31253533298149705,4,,
M-10-N-5-pa-0.05-pe-1.00,LinearSearch With Preprocessing and Reduced Qubits,6,5,True,7,17,9,2,1,1.2857142857142858,1.2857142857142858,pegasus,16,5640,40484,10,10,0.30773912800941616,4,,
M-10-N-10-pa-0.45-pe-1.00,BinSearch,10,10,True,17,72,29,3,1,1.7058823529411764,1.7058823529411764,pegasus,16,5640,40484,10,10,0.4745774359907955,2,,
M-10-N-10-pa-0.45-pe-1.00,BinSearch,10,10,True,24,106,39,3,1,1.625,1.625,pegasus,16,5640,40484,10,10,0.7731027720146812,3,,
M-10-N-10-pa-0.45-pe-1.00,LinearSearch,10,10,True,26,121,46,3,1,1.7692307692307692,1.7692307692307692,pegasus,16,5640,40484,10,10,0.849824323959183,2,,
M-10-N-10-pa-0.45-pe-1.00,LinearSearch,10,10,True,26,121,46,3,1,1.7692307692307692,1.7692307692307692,pegasus,16,5640,40484,10,10,0.8705579819506966,3,,
M-10-N-10-pa-0.45-pe-1.00,LinearSearch With Preprocessing,10,10,True,26,121,46,3,1,1.7692307692307692,1.7692307692307692,pegasus,16,5640,40484,10,10,0.8509845010121353,2,,
M-10-N-10-pa-0.45-pe-1.00,LinearSearch With Preprocessing,10,10,True,26,121,46,3,1,1.7692307692307692,1.7692307692307692,pegasus,16,5640,40484,10,10,0.847626450995449,3,,
M-10-N-10-pa-0.45-pe-1.00,LinearSearch With Reduced Qubits,10,10,True,17,72,29,3,1,1.7058823529411764,1.7058823529411764,pegasus,16,5640,40484,10,10,0.47741917200619355,2,,
M-10-N-10-pa-0.45-pe-1.00,LinearSearch With Reduced Qubits,10,10,True,24,106,39,3,1,1.625,1.625,pegasus,16,5640,40484,10,10,0.7845406630076468,3,,
M-10-N-10-pa-0.45-pe-1.00,LinearSearch With Preprocessing and Reduced Qubits,10,10,True,17,72,29,3,1,1.7058823529411764,1.7058823529411764,pegasus,16,5640,40484,10,10,0.476244012999814,2,,
M-10-N-10-pa-0.45-pe-1.00,LinearSearch With Preprocessing and Reduced Qubits,10,10,True,24,106,39,3,1,1.625,1.625,pegasus,16,5640,40484,10,10,0.766037943016272,3,,
M-10-N-10-pa-0.25-pe-1.00,BinSearch,9,10,True,13,49,18,2,1,1.3846153846153846,1.3846153846153846,pegasus,16,5640,40484,10,10,0.39111508399946615,5,,
M-10-N-10-pa-0.25-pe-1.00,LinearSearch,9,10,True,13,49,18,2,1,1.3846153846153846,1.3846153846153846,pegasus,16,5640,40484,10,10,0.3907937820185907,2,,
M-10-N-10-pa-0.25-pe-1.00,LinearSearch,9,10,True,13,49,18,2,1,1.3846153846153846,1.3846153846153846,pegasus,16,5640,40484,10,10,0.39206129201920703,3,,
M-10-N-10-pa-0.25-pe-1.00,LinearSearch,9,10,True,13,49,18,2,1,1.3846153846153846,1.3846153846153846,pegasus,16,5640,40484,10,10,0.3893241690238938,4,,
M-10-N-10-pa-0.25-pe-1.00,LinearSearch,9,10,True,13,49,18,2,1,1.3846153846153846,1.3846153846153846,pegasus,16,5640,40484,10,10,0.3892019659979269,5,,
M-10-N-10-pa-0.25-pe-1.00,LinearSearch With Preprocessing,9,10,True,13,49,18,2,1,1.3846153846153846,1.3846153846153846,pegasus,16,5640,40484,10,10,0.3909370679757558,5,,
M-10-N-10-pa-0.25-pe-1.00,LinearSearch With Reduced Qubits,9,10,True,12,44,17,2,1,1.4166666666666667,1.4166666666666667,pegasus,16,5640,40484,10,10,0.34211060201050714,2,,
M-10-N-10-pa-0.25-pe-1.00,LinearSearch With Reduced Qubits,9,10,True,13,49,18,2,1,1.3846153846153846,1.3846153846153846,pegasus,16,5640,40484,10,10,0.390499003988225,3,,
M-10-N-10-pa-0.25-pe-1.00,LinearSearch With Reduced Qubits,9,10,True,13,49,18,2,1,1.3846153846153846,1.3846153846153846,pegasus,16,5640,40484,10,10,0.3938604250433855,4,,
M-10-N-10-pa-0.25-pe-1.00,LinearSearch With Reduced Qubits,9,10,True,13,49,18,2,1,1.3846153846153846,1.3846153846153846,pegasus,16,5640,40484,10,10,0.3953082599909976,5,,
M-10-N-10-pa-0.25-pe-1.00,LinearSearch With Preprocessing and Reduced Qubits,9,10,True,13,49,18,2,1,1.3846153846153846,1.3846153846153846,pegasus,16,5640,40484,10,10,0.39549059595447034,5,,
M-10-N-50-pa-0.55-pe-1.00,BinSearch,10,48,True,64,328,135,7,1,2.109375,2.109375,pegasus,16,5640,40484,10,10,15.93070057296427,3,,
M-10-N-50-pa-0.55-pe-1.00,BinSearch,10,48,True,64,328,135,7,1,2.109375,2.109375,pegasus,16,5640,40484,10,10,15.959763155959081,4,,
M-10-N-50-pa-0.55-pe-1.00,LinearSearch,10,48,True,82,458,222,10,1,2.707317073170732,2.707317073170732,pegasus,16,5640,40484,10,10,30.853747292014305,2,,
M-10-N-50-pa-0.55-pe-1.00,LinearSearch,10,48,True,82,458,222,10,1,2.707317073170732,2.707317073170732,pegasus,16,5640,40484,10,10,30.98672757699387,3,,
M-10-N-50-pa-0.55-pe-1.00,LinearSearch,10,48,True,82,458,222,10,1,2.707317073170732,2.707317073170732,pegasus,16,5640,40484,10,10,30.842556718969718,4,,
M-10-N-50-pa-0.55-pe-1.00,LinearSearch With Preprocessing,10,48,True,82,458,222,10,1,2.707317073170732,2.707317073170732,pegasus,16,5640,40484,10,10,30.945951357949525,2,,
M-10-N-50-pa-0.55-pe-1.00,LinearSearch With Preprocessing,10,48,True,82,458,222,10,1,2.707317073170732,2.707317073170732,pegasus,16,5640,40484,10,10,30.762610358011443,3,,
M-10-N-50-pa-0.55-pe-1.00,LinearSearch With Preprocessing,10,48,True,82,458,222,10,1,2.707317073170732,2.707317073170732,pegasus,16,5640,40484,10,10,31.07848444499541,4,,
M-10-N-50-pa-0.55-pe-1.00,LinearSearch With Reduced Qubits,10,48,True,37,173,72,4,1,1.945945945945946,1.945945945945946,pegasus,16,5640,40484,10,10,2.667527867015451,2,,
M-10-N-50-pa-0.55-pe-1.00,LinearSearch With Reduced Qubits,10,48,True,64,328,135,7,1,2.109375,2.109375,pegasus,16,5640,40484,10,10,15.904274585016537,3,,
M-10-N-50-pa-0.55-pe-1.00,LinearSearch With Reduced Qubits,10,48,True,64,328,135,7,1,2.109375,2.109375,pegasus,16,5640,40484,10,10,16.00917177903466,4,,
M-10-N-50-pa-0.55-pe-1.00,LinearSearch With Preprocessing and Reduced Qubits,10,48,True,37,173,72,4,1,1.945945945945946,1.945945945945946,pegasus,16,5640,40484,10,10,2.662615439039655,2,,
M-10-N-50-pa-0.55-pe-1.00,LinearSearch With Preprocessing and Reduced Qubits,10,48,True,64,328,135,7,1,2.109375,2.109375,pegasus,16,5640,40484,10,10,16.095581587054767,3,,
M-10-N-50-pa-0.55-pe-1.00,LinearSearch With Preprocessing and Reduced Qubits,10,48,True,64,328,135,7,1,2.109375,2.109375,pegasus,16,5640,40484,10,10,16.198832932044752,4,,
M-10-N-10-pa-0.05-pe-1.00,BinSearch,5,6,True,5,10,6,2,1,1.2,1.2,pegasus,16,5640,40484,10,10,0.2973443830269389,5,,
M-10-N-10-pa-0.05-pe-1.00,LinearSearch,5,6,True,5,10,6,2,1,1.2,1.2,pegasus,16,5640,40484,10,10,0.3209716689889319,2,,
M-10-N-10-pa-0.05-pe-1.00,LinearSearch,5,6,True,5,10,6,2,1,1.2,1.2,pegasus,16,5640,40484,10,10,0.30268457997590303,3,,
M-10-N-10-pa-0.05-pe-1.00,LinearSearch,5,6,True,5,10,6,2,1,1.2,1.2,pegasus,16,5640,40484,10,10,0.2973298010183498,4,,
M-10-N-10-pa-0.05-pe-1.00,LinearSearch,5,6,True,5,10,6,2,1,1.2,1.2,pegasus,16,5640,40484,10,10,0.2974302369984798,5,,
M-10-N-10-pa-0.05-pe-1.00,LinearSearch With Preprocessing,5,6,True,5,10,6,2,1,1.2,1.2,pegasus,16,5640,40484,10,10,0.3172008440014906,5,,
M-10-N-10-pa-0.05-pe-1.00,LinearSearch With Reduced Qubits,5,6,True,5,10,6,2,1,1.2,1.2,pegasus,16,5640,40484,10,10,0.290553368977271,2,,
M-10-N-10-pa-0.05-pe-1.00,LinearSearch With Reduced Qubits,5,6,True,5,10,6,2,1,1.2,1.2,pegasus,16,5640,40484,10,10,0.32078899699263275,3,,
M-10-N-10-pa-0.05-pe-1.00,LinearSearch With Reduced Qubits,5,6,True,5,10,6,2,1,1.2,1.2,pegasus,16,5640,40484,10,10,0.3181400060420856,4,,
M-10-N-10-pa-0.05-pe-1.00,LinearSearch With Reduced Qubits,5,6,True,5,10,6,2,1,1.2,1.2,pegasus,16,5640,40484,10,10,0.29517010698327795,5,,
M-10-N-10-pa-0.05-pe-1.00,LinearSearch With Preprocessing and Reduced Qubits,5,6,True,5,10,6,2,1,1.2,1.2,pegasus,16,5640,40484,10,10,0.2925498900003731,5,,
M-10-N-10-pa-0.65-pe-1.00,BinSearch,10,10,True,17,81,31,2,1,1.8235294117647058,1.8235294117647058,pegasus,16,5640,40484,10,10,0.5289037000038661,2,,
M-10-N-10-pa-0.65-pe-1.00,LinearSearch,10,10,True,28,156,54,4,1,1.9285714285714286,1.9285714285714286,pegasus,16,5640,40484,10,10,1.448818072967697,2,,
M-10-N-10-pa-0.65-pe-1.00,LinearSearch With Preprocessing,10,10,True,28,156,54,4,1,1.9285714285714286,1.9285714285714286,pegasus,16,5640,40484,10,10,1.3257144520175643,2,,
M-10-N-10-pa-0.65-pe-1.00,LinearSearch With Reduced Qubits,10,10,True,17,81,31,2,1,1.8235294117647058,1.8235294117647058,pegasus,16,5640,40484,10,10,0.5525801950134337,2,,
M-10-N-10-pa-0.65-pe-1.00,LinearSearch With Preprocessing and Reduced Qubits,10,10,True,17,81,31,2,1,1.8235294117647058,1.8235294117647058,pegasus,16,5640,40484,10,10,0.5492120049893856,2,,
M-10-N-25-pa-0.65-pe-1.00,BinSearch,10,25,True,20,99,39,3,1,1.95,1.95,pegasus,16,5640,40484,10,10,0.765969606989529,2,,
M-10-N-25-pa-0.65-pe-1.00,LinearSearch,10,25,True,39,231,86,5,1,2.2051282051282053,2.2051282051282053,pegasus,16,5640,40484,10,10,4.107109417032916,2,,
M-10-N-25-pa-0.65-pe-1.00,LinearSearch With Preprocessing,10,25,True,39,231,86,5,1,2.2051282051282053,2.2051282051282053,pegasus,16,5640,40484,10,10,4.131856304011308,2,,
M-10-N-25-pa-0.65-pe-1.00,LinearSearch With Reduced Qubits,10,25,True,20,99,39,3,1,1.95,1.95,pegasus,16,5640,40484,10,10,0.7660266630118713,2,,
M-10-N-25-pa-0.65-pe-1.00,LinearSearch With Preprocessing and Reduced Qubits,10,25,True,20,99,39,3,1,1.95,1.95,pegasus,16,5640,40484,10,10,0.7631464040023275,2,,
M-10-N-25-pa-0.55-pe-1.00,BinSearch,10,25,True,22,98,39,3,1,1.7727272727272727,1.7727272727272727,pegasus,16,5640,40484,10,10,0.7469069020007737,2,,
M-10-N-25-pa-0.55-pe-1.00,BinSearch,10,25,True,33,160,60,4,1,1.8181818181818181,1.8181818181818181,pegasus,16,5640,40484,10,10,1.1865568329812959,3,,
M-10-N-25-pa-0.55-pe-1.00,LinearSearch,10,25,True,40,212,87,5,1,2.175,2.175,pegasus,16,5640,40484,10,10,3.302119562984444,2,,
M-10-N-25-pa-0.55-pe-1.00,LinearSearch,10,25,True,40,212,87,5,1,2.175,2.175,pegasus,16,5640,40484,10,10,3.3820949679939076,3,,
M-10-N-25-pa-0.55-pe-1.00,LinearSearch With Preprocessing,10,25,True,40,212,87,5,1,2.175,2.175,pegasus,16,5640,40484,10,10,3.3444831690285355,2,,
M-10-N-25-pa-0.55-pe-1.00,LinearSearch With Preprocessing,10,25,True,40,212,87,5,1,2.175,2.175,pegasus,16,5640,40484,10,10,3.3492734630126506,3,,
M-10-N-25-pa-0.55-pe-1.00,LinearSearch With Reduced Qubits,10,25,True,22,98,39,3,1,1.7727272727272727,1.7727272727272727,pegasus,16,5640,40484,10,10,0.7447570340009406,2,,
M-10-N-25-pa-0.55-pe-1.00,LinearSearch With Reduced Qubits,10,25,True,33,160,60,4,1,1.8181818181818181,1.8181818181818181,pegasus,16,5640,40484,10,10,1.1848282900173217,3,,
M-10-N-25-pa-0.55-pe-1.00,LinearSearch With Preprocessing and Reduced Qubits,10,25,True,22,98,39,3,1,1.7727272727272727,1.7727272727272727,pegasus,16,5640,40484,10,10,0.738793088006787,2,,
M-10-N-25-pa-0.55-pe-1.00,LinearSearch With Preprocessing and Reduced Qubits,10,25,True,33,160,60,4,1,1.8181818181818181,1.8181818181818181,pegasus,16,5640,40484,10,10,1.1919987939763814,3,,
M-10-N-5-pa-0.45-pe-1.00,BinSearch,9,5,True,14,56,23,2,1,1.6428571428571428,1.6428571428571428,pegasus,16,5640,40484,10,10,0.4192305330070667,2,,
M-10-N-5-pa-0.45-pe-1.00,LinearSearch,9,5,True,20,89,32,3,1,1.6,1.6,pegasus,16,5640,40484,10,10,0.6280454780207947,2,,
M-10-N-5-pa-0.45-pe-1.00,LinearSearch With Preprocessing,9,5,True,20,89,32,3,1,1.6,1.6,pegasus,16,5640,40484,10,10,0.6302652519661933,2,,
M-10-N-5-pa-0.45-pe-1.00,LinearSearch With Reduced Qubits,9,5,True,14,56,23,2,1,1.6428571428571428,1.6428571428571428,pegasus,16,5640,40484,10,10,0.411466630990617,2,,
M-10-N-5-pa-0.45-pe-1.00,LinearSearch With Preprocessing and Reduced Qubits,9,5,True,14,56,23,2,1,1.6428571428571428,1.6428571428571428,pegasus,16,5640,40484,10,10,0.4100699069676921,2,,
M-10-N-50-pa-0.65-pe-1.00,BinSearch,10,47,True,50,275,111,8,1,2.22,2.22,pegasus,16,5640,40484,10,10,8.859305154997855,3,,
M-10-N-50-pa-0.65-pe-1.00,BinSearch,10,47,True,30,150,62,4,1,2.066666666666667,2.066666666666667,pegasus,16,5640,40484,10,10,1.7962193050188944,2,,
M-10-N-50-pa-0.65-pe-1.00,LinearSearch,10,47,True,64,384,160,8,1,2.5,2.5,pegasus,16,5640,40484,10,10,25.667113445000723,2,,
M-10-N-50-pa-0.65-pe-1.00,LinearSearch,10,47,True,64,384,160,8,1,2.5,2.5,pegasus,16,5640,40484,10,10,25.502825939969625,3,,
M-10-N-50-pa-0.65-pe-1.00,LinearSearch With Preprocessing,10,47,True,64,384,160,8,1,2.5,2.5,pegasus,16,5640,40484,10,10,25.397951519000344,2,,
M-10-N-50-pa-0.65-pe-1.00,LinearSearch With Preprocessing,10,47,True,64,384,160,8,1,2.5,2.5,pegasus,16,5640,40484,10,10,25.58358917798614,3,,
M-10-N-50-pa-0.65-pe-1.00,LinearSearch With Reduced Qubits,10,47,True,30,150,62,4,1,2.066666666666667,2.066666666666667,pegasus,16,5640,40484,10,10,1.8068244340247475,2,,
M-10-N-50-pa-0.65-pe-1.00,LinearSearch With Reduced Qubits,10,47,True,50,275,111,8,1,2.22,2.22,pegasus,16,5640,40484,10,10,8.908872585045174,3,,
M-10-N-50-pa-0.65-pe-1.00,LinearSearch With Preprocessing and Reduced Qubits,10,47,True,30,150,62,4,1,2.066666666666667,2.066666666666667,pegasus,16,5640,40484,10,10,1.7999006610480137,2,,
M-10-N-50-pa-0.65-pe-1.00,LinearSearch With Preprocessing and Reduced Qubits,10,47,True,50,275,111,8,1,2.22,2.22,pegasus,16,5640,40484,10,10,8.804701368964743,3,,
M-10-N-25-pa-0.75-pe-1.00,BinSearch,10,22,True,23,130,46,4,1,2.0,2.0,pegasus,16,5640,40484,10,10,0.8353423769585788,2,,
M-10-N-25-pa-0.75-pe-1.00,LinearSearch,10,22,True,49,339,134,7,1,2.7346938775510203,2.7346938775510203,pegasus,16,5640,40484,10,10,7.628148291958496,2,,
M-10-N-25-pa-0.75-pe-1.00,LinearSearch With Preprocessing,10,22,True,49,339,134,7,1,2.7346938775510203,2.7346938775510203,pegasus,16,5640,40484,10,10,7.6275224720011465,2,,
M-10-N-25-pa-0.75-pe-1.00,LinearSearch With Reduced Qubits,10,22,True,23,130,46,4,1,2.0,2.0,pegasus,16,5640,40484,10,10,0.7858372619957663,2,,
M-10-N-25-pa-0.75-pe-1.00,LinearSearch With Preprocessing and Reduced Qubits,10,22,True,23,130,46,4,1,2.0,2.0,pegasus,16,5640,40484,10,10,0.7807599119842052,2,,
M-10-N-25-pa-0.05-pe-1.00,BinSearch,9,11,True,9,36,14,2,1,1.5555555555555556,1.5555555555555556,pegasus,16,5640,40484,10,10,0.28954883001279086,9,,
M-10-N-25-pa-0.05-pe-1.00,LinearSearch,9,11,True,9,36,14,2,1,1.5555555555555556,1.5555555555555556,pegasus,16,5640,40484,10,10,0.2877453989931382,2,,
M-10-N-25-pa-0.05-pe-1.00,LinearSearch,9,11,True,9,36,14,2,1,1.5555555555555556,1.5555555555555556,pegasus,16,5640,40484,10,10,0.2696906679775566,3,,
M-10-N-25-pa-0.05-pe-1.00,LinearSearch,9,11,True,9,36,14,2,1,1.5555555555555556,1.5555555555555556,pegasus,16,5640,40484,10,10,0.3022434169542976,4,,
M-10-N-25-pa-0.05-pe-1.00,LinearSearch,9,11,True,9,36,14,2,1,1.5555555555555556,1.5555555555555556,pegasus,16,5640,40484,10,10,0.2969402189482935,5,,
M-10-N-25-pa-0.05-pe-1.00,LinearSearch,9,11,True,9,36,14,2,1,1.5555555555555556,1.5555555555555556,pegasus,16,5640,40484,10,10,0.2966324480366893,6,,
M-10-N-25-pa-0.05-pe-1.00,LinearSearch,9,11,True,9,36,14,2,1,1.5555555555555556,1.5555555555555556,pegasus,16,5640,40484,10,10,0.30015909200301394,7,,
M-10-N-25-pa-0.05-pe-1.00,LinearSearch,9,11,True,9,36,14,2,1,1.5555555555555556,1.5555555555555556,pegasus,16,5640,40484,10,10,0.29545390303246677,8,,
M-10-N-25-pa-0.05-pe-1.00,LinearSearch,9,11,True,9,36,14,2,1,1.5555555555555556,1.5555555555555556,pegasus,16,5640,40484,10,10,0.29958670400083065,9,,
M-10-N-25-pa-0.05-pe-1.00,LinearSearch With Preprocessing,9,11,True,9,36,14,2,1,1.5555555555555556,1.5555555555555556,pegasus,16,5640,40484,10,10,0.29591576399980113,9,,
M-10-N-25-pa-0.05-pe-1.00,LinearSearch With Reduced Qubits,9,11,True,9,36,14,2,1,1.5555555555555556,1.5555555555555556,pegasus,16,5640,40484,10,10,0.2704363980446942,2,,
M-10-N-25-pa-0.05-pe-1.00,LinearSearch With Reduced Qubits,9,11,True,9,36,14,2,1,1.5555555555555556,1.5555555555555556,pegasus,16,5640,40484,10,10,0.2719805529923178,3,,
M-10-N-25-pa-0.05-pe-1.00,LinearSearch With Reduced Qubits,9,11,True,9,36,14,2,1,1.5555555555555556,1.5555555555555556,pegasus,16,5640,40484,10,10,0.27082709298701957,4,,
M-10-N-25-pa-0.05-pe-1.00,LinearSearch With Reduced Qubits,9,11,True,9,36,14,2,1,1.5555555555555556,1.5555555555555556,pegasus,16,5640,40484,10,10,0.293008551991079,5,,
M-10-N-25-pa-0.05-pe-1.00,LinearSearch With Reduced Qubits,9,11,True,9,36,14,2,1,1.5555555555555556,1.5555555555555556,pegasus,16,5640,40484,10,10,0.29979404603363946,6,,
M-10-N-25-pa-0.05-pe-1.00,LinearSearch With Reduced Qubits,9,11,True,9,36,14,2,1,1.5555555555555556,1.5555555555555556,pegasus,16,5640,40484,10,10,0.27302951394813135,7,,
M-10-N-25-pa-0.05-pe-1.00,LinearSearch With Reduced Qubits,9,11,True,9,36,14,2,1,1.5555555555555556,1.5555555555555556,pegasus,16,5640,40484,10,10,0.29779524594778195,8,,
M-10-N-25-pa-0.05-pe-1.00,LinearSearch With Reduced Qubits,9,11,True,9,36,14,2,1,1.5555555555555556,1.5555555555555556,pegasus,16,5640,40484,10,10,0.29646054399199784,9,,
M-10-N-25-pa-0.05-pe-1.00,LinearSearch With Preprocessing and Reduced Qubits,9,11,True,9,36,14,2,1,1.5555555555555556,1.5555555555555556,pegasus,16,5640,40484,10,10,0.3155926809995435,9,,
M-25-N-50-pa-0.35-pe-1.00,BinSearch,25,50,True,117,1106,573,13,1,4.897435897435898,4.897435897435898,pegasus,16,5640,40484,10,10,33.40158223401522,4,,
M-25-N-50-pa-0.35-pe-1.00,BinSearch,25,50,True,161,1566,901,21,1,5.596273291925466,5.596273291925466,pegasus,16,5640,40484,10,10,35.919324917020276,5,,
M-25-N-50-pa-0.35-pe-1.00,LinearSearch,25,50,True,182,1840,1180,29,1,6.483516483516484,6.483516483516484,pegasus,16,5640,40484,10,10,36.69570823304821,2,,
M-25-N-50-pa-0.35-pe-1.00,LinearSearch,25,50,True,182,1840,1180,29,1,6.483516483516484,6.483516483516484,pegasus,16,5640,40484,10,10,36.4602597609628,3,,
M-25-N-50-pa-0.35-pe-1.00,LinearSearch,25,50,True,182,1840,1180,29,1,6.483516483516484,6.483516483516484,pegasus,16,5640,40484,10,10,35.88033700798405,4,,
M-25-N-50-pa-0.35-pe-1.00,LinearSearch,25,50,True,182,1840,1180,29,1,6.483516483516484,6.483516483516484,pegasus,16,5640,40484,10,10,36.377709305030294,5,,
M-25-N-50-pa-0.35-pe-1.00,LinearSearch With Preprocessing,25,50,True,182,1840,1180,29,1,6.483516483516484,6.483516483516484,pegasus,16,5640,40484,10,10,36.191357686999254,3,,
M-25-N-50-pa-0.35-pe-1.00,LinearSearch With Preprocessing,25,50,True,182,1840,1180,29,1,6.483516483516484,6.483516483516484,pegasus,16,5640,40484,10,10,36.13846848299727,4,,
M-25-N-50-pa-0.35-pe-1.00,LinearSearch With Preprocessing,25,50,True,182,1840,1180,29,1,6.483516483516484,6.483516483516484,pegasus,16,5640,40484,10,10,36.250625287997536,5,,
M-25-N-50-pa-0.35-pe-1.00,LinearSearch With Reduced Qubits,25,50,True,71,680,279,8,1,3.9295774647887325,3.9295774647887325,pegasus,16,5640,40484,10,10,28.034499789995607,2,,
M-25-N-50-pa-0.35-pe-1.00,LinearSearch With Reduced Qubits,25,50,True,117,1106,571,15,2,4.880341880341881,4.880341880341881,pegasus,16,5640,40484,10,10,33.445331799041014,3,,
M-25-N-50-pa-0.35-pe-1.00,LinearSearch With Reduced Qubits,25,50,True,117,1106,573,13,1,4.897435897435898,4.897435897435898,pegasus,16,5640,40484,10,10,33.42467207898153,4,,
M-25-N-50-pa-0.35-pe-1.00,LinearSearch With Reduced Qubits,25,50,True,161,1566,901,21,1,5.596273291925466,5.596273291925466,pegasus,16,5640,40484,10,10,35.70922594697913,5,,
M-25-N-50-pa-0.35-pe-1.00,LinearSearch With Preprocessing and Reduced Qubits,25,50,True,117,1106,573,13,1,4.897435897435898,4.897435897435898,pegasus,16,5640,40484,10,10,33.743751662026625,3,,
M-25-N-50-pa-0.35-pe-1.00,LinearSearch With Preprocessing and Reduced Qubits,25,50,True,117,1106,571,15,2,4.880341880341881,4.880341880341881,pegasus,16,5640,40484,10,10,33.575787451991346,4,,
M-25-N-50-pa-0.35-pe-1.00,LinearSearch With Preprocessing and Reduced Qubits,25,50,True,161,1566,901,21,1,5.596273291925466,5.596273291925466,pegasus,16,5640,40484,10,10,36.057591342017986,5,,
M-25-N-50-pa-0.15-pe-1.00,BinSearch,25,49,True,59,451,172,6,1,2.9152542372881354,2.9152542372881354,pegasus,16,5640,40484,10,10,9.295894109993242,9,,
M-25-N-50-pa-0.15-pe-1.00,LinearSearch,25,49,True,59,451,172,6,1,2.9152542372881354,2.9152542372881354,pegasus,16,5640,40484,10,10,9.255370636004955,2,,
M-25-N-50-pa-0.15-pe-1.00,LinearSearch,25,49,True,59,451,172,6,1,2.9152542372881354,2.9152542372881354,pegasus,16,5640,40484,10,10,9.304740659019444,3,,
M-25-N-50-pa-0.15-pe-1.00,LinearSearch,25,49,True,59,451,172,6,1,2.9152542372881354,2.9152542372881354,pegasus,16,5640,40484,10,10,9.315160125028342,4,,
M-25-N-50-pa-0.15-pe-1.00,LinearSearch,25,49,True,59,451,172,6,1,2.9152542372881354,2.9152542372881354,pegasus,16,5640,40484,10,10,9.223643377015833,5,,
M-25-N-50-pa-0.15-pe-1.00,LinearSearch,25,49,True,59,451,172,6,1,2.9152542372881354,2.9152542372881354,pegasus,16,5640,40484,10,10,9.269715809030458,6,,
M-25-N-50-pa-0.15-pe-1.00,LinearSearch,25,49,True,59,451,172,6,1,2.9152542372881354,2.9152542372881354,pegasus,16,5640,40484,10,10,9.360091483977158,7,,
M-25-N-50-pa-0.15-pe-1.00,LinearSearch,25,49,True,59,451,172,6,1,2.9152542372881354,2.9152542372881354,pegasus,16,5640,40484,10,10,9.335597091994714,8,,
M-25-N-50-pa-0.15-pe-1.00,LinearSearch,25,49,True,59,451,172,6,1,2.9152542372881354,2.9152542372881354,pegasus,16,5640,40484,10,10,9.279306925018318,9,,
M-25-N-50-pa-0.15-pe-1.00,LinearSearch With Preprocessing,25,49,True,59,451,172,6,1,2.9152542372881354,2.9152542372881354,pegasus,16,5640,40484,10,10,9.270686431031208,9,,
M-25-N-50-pa-0.15-pe-1.00,LinearSearch With Reduced Qubits,25,49,True,42,362,123,5,1,2.9285714285714284,2.9285714285714284,pegasus,16,5640,40484,10,10,5.840379144996405,2,,
M-25-N-50-pa-0.15-pe-1.00,LinearSearch With Reduced Qubits,25,49,True,57,435,156,6,1,2.736842105263158,2.736842105263158,pegasus,16,5640,40484,10,10,7.958235393976793,3,,
M-25-N-50-pa-0.15-pe-1.00,LinearSearch With Reduced Qubits,25,49,True,57,435,156,6,1,2.736842105263158,2.736842105263158,pegasus,16,5640,40484,10,10,7.864092769974377,4,,
M-25-N-50-pa-0.15-pe-1.00,LinearSearch With Reduced Qubits,25,49,True,59,451,172,6,1,2.9152542372881354,2.9152542372881354,pegasus,16,5640,40484,10,10,9.199065477994736,5,,
M-25-N-50-pa-0.15-pe-1.00,LinearSearch With Reduced Qubits,25,49,True,59,451,172,6,1,2.9152542372881354,2.9152542372881354,pegasus,16,5640,40484,10,10,9.247528239968233,6,,
M-25-N-50-pa-0.15-pe-1.00,LinearSearch With Reduced Qubits,25,49,True,59,451,172,6,1,2.9152542372881354,2.9152542372881354,pegasus,16,5640,40484,10,10,9.382426646945532,7,,
M-25-N-50-pa-0.15-pe-1.00,LinearSearch With Reduced Qubits,25,49,True,59,451,172,6,1,2.9152542372881354,2.9152542372881354,pegasus,16,5640,40484,10,10,9.280497489031404,8,,
M-25-N-50-pa-0.15-pe-1.00,LinearSearch With Reduced Qubits,25,49,True,59,451,172,6,1,2.9152542372881354,2.9152542372881354,pegasus,16,5640,40484,10,10,9.16680114902556,9,,
M-25-N-50-pa-0.15-pe-1.00,LinearSearch With Preprocessing and Reduced Qubits,25,49,True,59,451,172,6,1,2.9152542372881354,2.9152542372881354,pegasus,16,5640,40484,10,10,9.326493538974319,9,,
M-25-N-25-pa-0.85-pe-1.00,BinSearch,25,25,True,49,813,218,7,3,4.448979591836735,4.448979591836735,pegasus,16,5640,40484,10,10,25.22309836401837,2,,
M-25-N-25-pa-0.85-pe-1.00,LinearSearch,25,25,True,145,3105,929,18,3,6.406896551724138,6.406896551724138,pegasus,16,5640,40484,10,10,36.579352285014465,2,,
M-25-N-25-pa-0.85-pe-1.00,LinearSearch With Preprocessing,25,25,True,145,3105,929,18,3,6.406896551724138,6.406896551724138,pegasus,16,5640,40484,10,10,36.414995678002015,2,,
M-25-N-25-pa-0.85-pe-1.00,LinearSearch With Reduced Qubits,25,25,True,49,813,218,7,3,4.448979591836735,4.448979591836735,pegasus,16,5640,40484,10,10,25.157887052977458,2,,
M-25-N-25-pa-0.85-pe-1.00,LinearSearch With Preprocessing and Reduced Qubits,25,25,True,49,813,218,7,3,4.448979591836735,4.448979591836735,pegasus,16,5640,40484,10,10,25.55489250901155,2,,
M-25-N-25-pa-0.05-pe-1.00,BinSearch,22,23,True,27,241,70,4,1,2.5925925925925926,2.5925925925925926,pegasus,16,5640,40484,10,10,2.0708783310255967,16,,
M-25-N-25-pa-0.05-pe-1.00,LinearSearch,22,23,True,27,241,70,4,1,2.5925925925925926,2.5925925925925926,pegasus,16,5640,40484,10,10,2.07811565999873,2,,
M-25-N-25-pa-0.05-pe-1.00,LinearSearch,22,23,True,27,241,70,4,1,2.5925925925925926,2.5925925925925926,pegasus,16,5640,40484,10,10,2.06114153098315,3,,
M-25-N-25-pa-0.05-pe-1.00,LinearSearch,22,23,True,27,241,70,4,1,2.5925925925925926,2.5925925925925926,pegasus,16,5640,40484,10,10,2.057156594004482,4,,
M-25-N-25-pa-0.05-pe-1.00,LinearSearch,22,23,True,27,241,70,4,1,2.5925925925925926,2.5925925925925926,pegasus,16,5640,40484,10,10,2.0633899900130928,5,,
M-25-N-25-pa-0.05-pe-1.00,LinearSearch,22,23,True,27,241,70,4,1,2.5925925925925926,2.5925925925925926,pegasus,16,5640,40484,10,10,2.071683892980218,6,,
M-25-N-25-pa-0.05-pe-1.00,LinearSearch,22,23,True,27,241,70,4,1,2.5925925925925926,2.5925925925925926,pegasus,16,5640,40484,10,10,2.067292677005753,7,,
M-25-N-25-pa-0.05-pe-1.00,LinearSearch,22,23,True,27,241,70,4,1,2.5925925925925926,2.5925925925925926,pegasus,16,5640,40484,10,10,2.0583747039781883,8,,
M-25-N-25-pa-0.05-pe-1.00,LinearSearch,22,23,True,27,241,70,4,1,2.5925925925925926,2.5925925925925926,pegasus,16,5640,40484,10,10,2.06926849699812,9,,
M-25-N-25-pa-0.05-pe-1.00,LinearSearch,22,23,True,27,241,70,4,1,2.5925925925925926,2.5925925925925926,pegasus,16,5640,40484,10,10,2.0636958569521084,10,,
M-25-N-25-pa-0.05-pe-1.00,LinearSearch,22,23,True,27,241,70,4,1,2.5925925925925926,2.5925925925925926,pegasus,16,5640,40484,10,10,2.057216734974645,11,,
M-25-N-25-pa-0.05-pe-1.00,LinearSearch,22,23,True,27,241,70,4,1,2.5925925925925926,2.5925925925925926,pegasus,16,5640,40484,10,10,2.05627680697944,12,,
M-25-N-25-pa-0.05-pe-1.00,LinearSearch,22,23,True,27,241,70,4,1,2.5925925925925926,2.5925925925925926,pegasus,16,5640,40484,10,10,2.052162515989039,13,,
M-25-N-25-pa-0.05-pe-1.00,LinearSearch,22,23,True,27,241,70,4,1,2.5925925925925926,2.5925925925925926,pegasus,16,5640,40484,10,10,2.073587360966485,14,,
M-25-N-25-pa-0.05-pe-1.00,LinearSearch,22,23,True,27,241,70,4,1,2.5925925925925926,2.5925925925925926,pegasus,16,5640,40484,10,10,2.063053398975171,15,,
M-25-N-25-pa-0.05-pe-1.00,LinearSearch,22,23,True,27,241,70,4,1,2.5925925925925926,2.5925925925925926,pegasus,16,5640,40484,10,10,2.061222550983075,16,,
M-25-N-25-pa-0.05-pe-1.00,LinearSearch With Preprocessing,22,23,True,27,241,70,4,1,2.5925925925925926,2.5925925925925926,pegasus,16,5640,40484,10,10,2.0694549930049106,16,,
M-25-N-25-pa-0.05-pe-1.00,LinearSearch With Reduced Qubits,22,23,True,27,241,70,4,1,2.5925925925925926,2.5925925925925926,pegasus,16,5640,40484,10,10,2.087569714989513,2,,
M-25-N-25-pa-0.05-pe-1.00,LinearSearch With Reduced Qubits,22,23,True,27,241,70,4,1,2.5925925925925926,2.5925925925925926,pegasus,16,5640,40484,10,10,2.0613649130100384,3,,
M-25-N-25-pa-0.05-pe-1.00,LinearSearch With Reduced Qubits,22,23,True,27,241,70,4,1,2.5925925925925926,2.5925925925925926,pegasus,16,5640,40484,10,10,2.0667385410051793,4,,
M-25-N-25-pa-0.05-pe-1.00,LinearSearch With Reduced Qubits,22,23,True,27,241,70,4,1,2.5925925925925926,2.5925925925925926,pegasus,16,5640,40484,10,10,2.0735155640286393,5,,
M-25-N-25-pa-0.05-pe-1.00,LinearSearch With Reduced Qubits,22,23,True,27,241,70,4,1,2.5925925925925926,2.5925925925925926,pegasus,16,5640,40484,10,10,2.066181108006276,6,,
M-25-N-25-pa-0.05-pe-1.00,LinearSearch With Reduced Qubits,22,23,True,27,241,70,4,1,2.5925925925925926,2.5925925925925926,pegasus,16,5640,40484,10,10,2.0876992410048842,7,,
M-25-N-25-pa-0.05-pe-1.00,LinearSearch With Reduced Qubits,22,23,True,27,241,70,4,1,2.5925925925925926,2.5925925925925926,pegasus,16,5640,40484,10,10,2.063525572011713,8,,
M-25-N-25-pa-0.05-pe-1.00,LinearSearch With Reduced Qubits,22,23,True,27,241,70,4,1,2.5925925925925926,2.5925925925925926,pegasus,16,5640,40484,10,10,2.072703949001152,9,,
M-25-N-25-pa-0.05-pe-1.00,LinearSearch With Reduced Qubits,22,23,True,27,241,70,4,1,2.5925925925925926,2.5925925925925926,pegasus,16,5640,40484,10,10,2.0674287469591945,10,,
M-25-N-25-pa-0.05-pe-1.00,LinearSearch With Reduced Qubits,22,23,True,27,241,70,4,1,2.5925925925925926,2.5925925925925926,pegasus,16,5640,40484,10,10,2.0840889600222,11,,
M-25-N-25-pa-0.05-pe-1.00,LinearSearch With Reduced Qubits,22,23,True,27,241,70,4,1,2.5925925925925926,2.5925925925925926,pegasus,16,5640,40484,10,10,2.064308796019759,12,,
M-25-N-25-pa-0.05-pe-1.00,LinearSearch With Reduced Qubits,22,23,True,27,241,70,4,1,2.5925925925925926,2.5925925925925926,pegasus,16,5640,40484,10,10,2.0657186490134336,13,,
M-25-N-25-pa-0.05-pe-1.00,LinearSearch With Reduced Qubits,22,23,True,27,241,70,4,1,2.5925925925925926,2.5925925925925926,pegasus,16,5640,40484,10,10,2.097011713020038,14,,
M-25-N-25-pa-0.05-pe-1.00,LinearSearch With Reduced Qubits,22,23,True,27,241,70,4,1,2.5925925925925926,2.5925925925925926,pegasus,16,5640,40484,10,10,2.2112695779651403,15,,
M-25-N-25-pa-0.05-pe-1.00,LinearSearch With Reduced Qubits,22,23,True,27,241,70,4,1,2.5925925925925926,2.5925925925925926,pegasus,16,5640,40484,10,10,2.0685060399700888,16,,
M-25-N-25-pa-0.05-pe-1.00,LinearSearch With Preprocessing and Reduced Qubits,22,23,True,27,241,70,4,1,2.5925925925925926,2.5925925925925926,pegasus,16,5640,40484,10,10,2.091707519022748,16,,
M-25-N-50-pa-0.25-pe-1.00,BinSearch,25,50,True,125,1051,584,17,1,4.672,4.672,pegasus,16,5640,40484,10,10,31.88882246101275,6,,
M-25-N-50-pa-0.25-pe-1.00,BinSearch,25,50,True,125,1051,584,17,1,4.672,4.672,pegasus,16,5640,40484,10,10,31.613920894043986,7,,
M-25-N-50-pa-0.25-pe-1.00,LinearSearch,25,50,True,131,1127,609,14,1,4.648854961832061,4.648854961832061,pegasus,16,5640,40484,10,10,32.500555752019864,2,,
M-25-N-50-pa-0.25-pe-1.00,LinearSearch,25,50,True,131,1127,609,14,1,4.648854961832061,4.648854961832061,pegasus,16,5640,40484,10,10,32.67306317598559,3,,
M-25-N-50-pa-0.25-pe-1.00,LinearSearch,25,50,True,131,1127,609,14,1,4.648854961832061,4.648854961832061,pegasus,16,5640,40484,10,10,32.84107283502817,4,,
M-25-N-50-pa-0.25-pe-1.00,LinearSearch,25,50,True,131,1127,609,14,1,4.648854961832061,4.648854961832061,pegasus,16,5640,40484,10,10,32.7317346589989,5,,
M-25-N-50-pa-0.25-pe-1.00,LinearSearch,25,50,True,131,1127,609,14,1,4.648854961832061,4.648854961832061,pegasus,16,5640,40484,10,10,32.64521754597081,6,,
M-25-N-50-pa-0.25-pe-1.00,LinearSearch,25,50,True,131,1127,609,14,1,4.648854961832061,4.648854961832061,pegasus,16,5640,40484,10,10,32.992849239031784,7,,
M-25-N-50-pa-0.25-pe-1.00,LinearSearch With Preprocessing,25,50,True,131,1127,609,14,1,4.648854961832061,4.648854961832061,pegasus,16,5640,40484,10,10,32.69752615201287,5,,
M-25-N-50-pa-0.25-pe-1.00,LinearSearch With Preprocessing,25,50,True,131,1127,609,14,1,4.648854961832061,4.648854961832061,pegasus,16,5640,40484,10,10,32.9122257779818,6,,
M-25-N-50-pa-0.25-pe-1.00,LinearSearch With Preprocessing,25,50,True,131,1127,609,14,1,4.648854961832061,4.648854961832061,pegasus,16,5640,40484,10,10,32.50768242694903,7,,
M-25-N-50-pa-0.25-pe-1.00,LinearSearch With Reduced Qubits,25,50,True,61,530,218,6,1,3.5737704918032787,3.5737704918032787,pegasus,16,5640,40484,10,10,14.92122434702469,2,,
M-25-N-50-pa-0.25-pe-1.00,LinearSearch With Reduced Qubits,25,50,True,97,796,383,11,1,3.948453608247423,3.948453608247423,pegasus,16,5640,40484,10,10,31.819582451949827,3,,
M-25-N-50-pa-0.25-pe-1.00,LinearSearch With Reduced Qubits,25,50,True,97,796,383,11,1,3.948453608247423,3.948453608247423,pegasus,16,5640,40484,10,10,31.763197273015976,4,,
M-25-N-50-pa-0.25-pe-1.00,LinearSearch With Reduced Qubits,25,50,True,125,1051,584,17,1,4.672,4.672,pegasus,16,5640,40484,10,10,31.84580284799449,5,,
M-25-N-50-pa-0.25-pe-1.00,LinearSearch With Reduced Qubits,25,50,True,125,1051,584,17,1,4.672,4.672,pegasus,16,5640,40484,10,10,31.61805065802764,6,,
M-25-N-50-pa-0.25-pe-1.00,LinearSearch With Reduced Qubits,25,50,True,125,1051,584,17,1,4.672,4.672,pegasus,16,5640,40484,10,10,31.497472013987135,7,,
M-25-N-50-pa-0.25-pe-1.00,LinearSearch With Preprocessing and Reduced Qubits,25,50,True,125,1051,584,17,1,4.672,4.672,pegasus,16,5640,40484,10,10,32.030056846968364,5,,
M-25-N-50-pa-0.25-pe-1.00,LinearSearch With Preprocessing and Reduced Qubits,25,50,True,125,1051,584,17,1,4.672,4.672,pegasus,16,5640,40484,10,10,31.807718165044207,6,,
M-25-N-50-pa-0.25-pe-1.00,LinearSearch With Preprocessing and Reduced Qubits,25,50,True,125,1051,584,17,1,4.672,4.672,pegasus,16,5640,40484,10,10,31.83530636195792,7,,
M-25-N-5-pa-0.35-pe-1.00,BinSearch,24,5,True,29,325,99,4,1,3.413793103448276,3.413793103448276,pegasus,16,5640,40484,10,10,3.757643703953363,2,,
M-25-N-5-pa-0.35-pe-1.00,LinearSearch,24,5,True,43,491,162,6,2,3.7674418604651163,3.7674418604651163,pegasus,16,5640,40484,10,10,9.781536325986963,2,,
M-25-N-5-pa-0.35-pe-1.00,LinearSearch With Preprocessing,24,5,True,43,491,162,6,2,3.7674418604651163,3.7674418604651163,pegasus,16,5640,40484,10,10,9.98313747899374,2,,
M-25-N-5-pa-0.35-pe-1.00,LinearSearch With Reduced Qubits,24,5,True,29,325,99,4,1,3.413793103448276,3.413793103448276,pegasus,16,5640,40484,10,10,3.7538444960373454,2,,
M-25-N-5-pa-0.35-pe-1.00,LinearSearch With Preprocessing and Reduced Qubits,24,5,True,29,325,99,4,1,3.413793103448276,3.413793103448276,pegasus,16,5640,40484,10,10,3.771751949971076,2,,
M-25-N-5-pa-0.05-pe-1.00,BinSearch,8,5,True,11,37,15,2,1,1.3636363636363635,1.3636363636363635,pegasus,16,5640,40484,10,10,0.30178623797837645,5,,
M-25-N-5-pa-0.05-pe-1.00,LinearSearch,8,5,True,11,37,15,2,1,1.3636363636363635,1.3636363636363635,pegasus,16,5640,40484,10,10,0.29698965296847746,2,,
M-25-N-5-pa-0.05-pe-1.00,LinearSearch,8,5,True,11,37,15,2,1,1.3636363636363635,1.3636363636363635,pegasus,16,5640,40484,10,10,0.30218211002647877,3,,
M-25-N-5-pa-0.05-pe-1.00,LinearSearch,8,5,True,11,37,15,2,1,1.3636363636363635,1.3636363636363635,pegasus,16,5640,40484,10,10,0.31473876198288053,4,,
M-25-N-5-pa-0.05-pe-1.00,LinearSearch,8,5,True,11,37,15,2,1,1.3636363636363635,1.3636363636363635,pegasus,16,5640,40484,10,10,0.30079922603908926,5,,
M-25-N-5-pa-0.05-pe-1.00,LinearSearch With Preprocessing,8,5,True,11,37,15,2,1,1.3636363636363635,1.3636363636363635,pegasus,16,5640,40484,10,10,0.29496065399143845,5,,
M-25-N-5-pa-0.05-pe-1.00,LinearSearch With Reduced Qubits,8,5,True,10,33,14,2,1,1.4,1.4,pegasus,16,5640,40484,10,10,0.29314410797087476,2,,
M-25-N-5-pa-0.05-pe-1.00,LinearSearch With Reduced Qubits,8,5,True,11,37,15,2,1,1.3636363636363635,1.3636363636363635,pegasus,16,5640,40484,10,10,0.3129361390019767,3,,
M-25-N-5-pa-0.05-pe-1.00,LinearSearch With Reduced Qubits,8,5,True,11,37,15,2,1,1.3636363636363635,1.3636363636363635,pegasus,16,5640,40484,10,10,0.3169950249721296,4,,
M-25-N-5-pa-0.05-pe-1.00,LinearSearch With Reduced Qubits,8,5,True,11,37,15,2,1,1.3636363636363635,1.3636363636363635,pegasus,16,5640,40484,10,10,0.3229697929928079,5,,
M-25-N-5-pa-0.05-pe-1.00,LinearSearch With Preprocessing and Reduced Qubits,8,5,True,11,37,15,2,1,1.3636363636363635,1.3636363636363635,pegasus,16,5640,40484,10,10,0.3192380190012045,5,,
M-25-N-25-pa-0.35-pe-1.00,BinSearch,25,25,True,50,521,191,6,2,3.82,3.82,pegasus,16,5640,40484,10,10,13.905502101988532,2,,
M-25-N-25-pa-0.35-pe-1.00,BinSearch,25,25,True,75,767,313,9,1,4.173333333333333,4.173333333333333,pegasus,16,5640,40484,10,10,30.56677130103344,3,,
M-25-N-25-pa-0.35-pe-1.00,LinearSearch,25,25,True,117,1259,621,15,2,5.3076923076923075,5.3076923076923075,pegasus,16,5640,40484,10,10,33.98087460803799,2,,
M-25-N-25-pa-0.35-pe-1.00,LinearSearch,25,25,True,117,1259,621,15,2,5.3076923076923075,5.3076923076923075,pegasus,16,5640,40484,10,10,34.12888485199073,3,,
M-25-N-25-pa-0.35-pe-1.00,LinearSearch With Preprocessing,25,25,True,117,1259,621,15,2,5.3076923076923075,5.3076923076923075,pegasus,16,5640,40484,10,10,34.27619598200545,2,,
M-25-N-25-pa-0.35-pe-1.00,LinearSearch With Preprocessing,25,25,True,117,1259,621,15,2,5.3076923076923075,5.3076923076923075,pegasus,16,5640,40484,10,10,34.12105011800304,3,,
M-25-N-25-pa-0.35-pe-1.00,LinearSearch With Reduced Qubits,25,25,True,50,521,191,6,2,3.82,3.82,pegasus,16,5640,40484,10,10,13.962733588006813,2,,
M-25-N-25-pa-0.35-pe-1.00,LinearSearch With Reduced Qubits,25,25,True,75,767,313,9,1,4.173333333333333,4.173333333333333,pegasus,16,5640,40484,10,10,30.985834185034037,3,,
M-25-N-25-pa-0.35-pe-1.00,LinearSearch With Preprocessing and Reduced Qubits,25,25,True,50,521,191,6,2,3.82,3.82,pegasus,16,5640,40484,10,10,13.823249874985777,2,,
M-25-N-25-pa-0.35-pe-1.00,LinearSearch With Preprocessing and Reduced Qubits,25,25,True,75,767,313,9,1,4.173333333333333,4.173333333333333,pegasus,16,5640,40484,10,10,30.608210400037933,3,,
M-25-N-10-pa-0.35-pe-1.00,BinSearch,23,10,True,33,336,113,5,2,3.4242424242424243,3.4242424242424243,pegasus,16,5640,40484,10,10,5.584308364021126,2,,
M-25-N-10-pa-0.35-pe-1.00,LinearSearch,23,10,True,59,609,226,8,1,3.830508474576271,3.830508474576271,pegasus,16,5640,40484,10,10,28.015841119980905,2,,
M-25-N-10-pa-0.35-pe-1.00,LinearSearch With Preprocessing,23,10,True,59,609,226,8,1,3.830508474576271,3.830508474576271,pegasus,16,5640,40484,10,10,27.92983146000188,2,,
M-25-N-10-pa-0.35-pe-1.00,LinearSearch With Reduced Qubits,23,10,True,33,336,113,5,2,3.4242424242424243,3.4242424242424243,pegasus,16,5640,40484,10,10,5.639880121976603,2,,
M-25-N-10-pa-0.35-pe-1.00,LinearSearch With Preprocessing and Reduced Qubits,23,10,True,33,336,113,5,2,3.4242424242424243,3.4242424242424243,pegasus,16,5640,40484,10,10,5.601113080047071,2,,
M-25-N-10-pa-0.25-pe-1.00,BinSearch,24,10,True,44,396,139,6,1,3.159090909090909,3.159090909090909,pegasus,16,5640,40484,10,10,6.650346629030537,3,,
M-25-N-10-pa-0.25-pe-1.00,LinearSearch,24,10,True,52,461,173,6,1,3.326923076923077,3.326923076923077,pegasus,16,5640,40484,10,10,7.147506262001116,2,,
M-25-N-10-pa-0.25-pe-1.00,LinearSearch,24,10,True,52,461,173,6,1,3.326923076923077,3.326923076923077,pegasus,16,5640,40484,10,10,7.156510514032561,3,,
M-25-N-10-pa-0.25-pe-1.00,LinearSearch With Preprocessing,24,10,True,52,461,173,6,1,3.326923076923077,3.326923076923077,pegasus,16,5640,40484,10,10,7.231141955999192,3,,
M-25-N-10-pa-0.25-pe-1.00,LinearSearch With Reduced Qubits,24,10,True,34,331,107,5,1,3.1470588235294117,3.1470588235294117,pegasus,16,5640,40484,10,10,4.877782112977002,2,,
M-25-N-10-pa-0.25-pe-1.00,LinearSearch With Reduced Qubits,24,10,True,44,396,139,6,1,3.159090909090909,3.159090909090909,pegasus,16,5640,40484,10,10,6.569782277976628,3,,
M-25-N-10-pa-0.25-pe-1.00,LinearSearch With Preprocessing and Reduced Qubits,24,10,True,44,396,139,6,1,3.159090909090909,3.159090909090909,pegasus,16,5640,40484,10,10,6.5189502040157095,3,,
M-25-N-10-pa-0.45-pe-1.00,BinSearch,25,10,True,35,412,137,5,2,3.914285714285714,3.914285714285714,pegasus,16,5640,40484,10,10,8.797799745982047,2,,
M-25-N-10-pa-0.45-pe-1.00,LinearSearch,25,10,True,65,808,291,8,2,4.476923076923077,4.476923076923077,pegasus,16,5640,40484,10,10,30.556591474974994,2,,
M-25-N-10-pa-0.45-pe-1.00,LinearSearch With Preprocessing,25,10,True,65,808,291,8,2,4.476923076923077,4.476923076923077,pegasus,16,5640,40484,10,10,30.223921224009246,2,,
M-25-N-10-pa-0.45-pe-1.00,LinearSearch With Reduced Qubits,25,10,True,35,412,137,5,2,3.914285714285714,3.914285714285714,pegasus,16,5640,40484,10,10,8.775553195970133,2,,
M-25-N-10-pa-0.45-pe-1.00,LinearSearch With Preprocessing and Reduced Qubits,25,10,True,35,412,137,5,2,3.914285714285714,3.914285714285714,pegasus,16,5640,40484,10,10,8.686292084981687,2,,
M-25-N-50-pa-0.55-pe-1.00,BinSearch,25,50,True,121,1646,596,13,2,4.925619834710743,4.925619834710743,pegasus,16,5640,40484,10,10,33.25690850702813,3,,
M-25-N-50-pa-0.55-pe-1.00,BinSearch,25,50,True,73,949,323,9,2,4.424657534246576,4.424657534246576,pegasus,16,5640,40484,10,10,31.208766650001053,2,,
M-25-N-50-pa-0.55-pe-1.00,LinearSearch,25,50,True,222,3304,1589,31,2,7.157657657657658,7.157657657657658,pegasus,16,5640,40484,10,10,38.96460521698464,2,,
M-25-N-50-pa-0.55-pe-1.00,LinearSearch,25,50,True,222,3304,1589,31,2,7.157657657657658,7.157657657657658,pegasus,16,5640,40484,10,10,38.94783885899233,3,,
M-25-N-50-pa-0.55-pe-1.00,LinearSearch With Preprocessing,25,50,True,222,3304,1589,31,2,7.157657657657658,7.157657657657658,pegasus,16,5640,40484,10,10,38.819359507004265,2,,
M-25-N-50-pa-0.55-pe-1.00,LinearSearch With Preprocessing,25,50,True,222,3304,1589,31,2,7.157657657657658,7.157657657657658,pegasus,16,5640,40484,10,10,39.12807808001526,3,,
M-25-N-50-pa-0.55-pe-1.00,LinearSearch With Reduced Qubits,25,50,True,73,949,323,9,2,4.424657534246576,4.424657534246576,pegasus,16,5640,40484,10,10,31.086679419036955,2,,
M-25-N-50-pa-0.55-pe-1.00,LinearSearch With Reduced Qubits,25,50,True,121,1646,596,13,2,4.925619834710743,4.925619834710743,pegasus,16,5640,40484,10,10,32.95072471204912,3,,
M-25-N-50-pa-0.55-pe-1.00,LinearSearch With Preprocessing and Reduced Qubits,25,50,True,73,949,323,9,2,4.424657534246576,4.424657534246576,pegasus,16,5640,40484,10,10,31.039429955999367,2,,
M-25-N-50-pa-0.55-pe-1.00,LinearSearch With Preprocessing and Reduced Qubits,25,50,True,121,1646,596,13,2,4.925619834710743,4.925619834710743,pegasus,16,5640,40484,10,10,33.02834023500327,3,,
M-25-N-50-pa-0.65-pe-1.00,BinSearch,25,50,True,73,1076,326,9,2,4.465753424657534,4.465753424657534,pegasus,16,5640,40484,10,10,30.726908000011463,2,,
M-25-N-50-pa-0.65-pe-1.00,LinearSearch,25,50,True,239,4176,1891,42,3,7.912133891213389,7.912133891213389,pegasus,16,5640,40484,10,10,40.66457178600831,2,,
M-25-N-50-pa-0.65-pe-1.00,LinearSearch With Preprocessing,25,50,True,239,4176,1891,42,3,7.912133891213389,7.912133891213389,pegasus,16,5640,40484,10,10,40.70154109696159,2,,
M-25-N-50-pa-0.65-pe-1.00,LinearSearch With Reduced Qubits,25,50,True,73,1076,326,9,2,4.465753424657534,4.465753424657534,pegasus,16,5640,40484,10,10,30.733889116963837,2,,
M-25-N-50-pa-0.65-pe-1.00,LinearSearch With Preprocessing and Reduced Qubits,25,50,True,73,1076,326,9,2,4.465753424657534,4.465753424657534,pegasus,16,5640,40484,10,10,30.508912684977986,2,,
M-25-N-25-pa-0.75-pe-1.00,BinSearch,25,25,True,47,705,204,6,2,4.340425531914893,4.340425531914893,pegasus,16,5640,40484,10,10,16.16617888904875,2,,
M-25-N-25-pa-0.75-pe-1.00,LinearSearch,25,25,True,132,2491,872,18,3,6.606060606060606,6.606060606060606,pegasus,16,5640,40484,10,10,37.05478927801596,2,,
M-25-N-25-pa-0.75-pe-1.00,LinearSearch With Preprocessing,25,25,True,132,2491,872,18,3,6.606060606060606,6.606060606060606,pegasus,16,5640,40484,10,10,36.55745815904811,2,,
M-25-N-25-pa-0.75-pe-1.00,LinearSearch With Reduced Qubits,25,25,True,47,705,204,6,2,4.340425531914893,4.340425531914893,pegasus,16,5640,40484,10,10,16.15483568998752,2,,
M-25-N-25-pa-0.75-pe-1.00,LinearSearch With Preprocessing and Reduced Qubits,25,25,True,47,705,204,6,2,4.340425531914893,4.340425531914893,pegasus,16,5640,40484,10,10,16.160997454018798,2,,
M-25-N-25-pa-0.45-pe-1.00,BinSearch,25,25,True,50,565,202,6,2,4.04,4.04,pegasus,16,5640,40484,10,10,10.735294454032555,2,,
M-25-N-25-pa-0.45-pe-1.00,BinSearch,25,25,True,75,855,324,9,1,4.32,4.32,pegasus,16,5640,40484,10,10,31.067179056990426,3,,
M-25-N-25-pa-0.45-pe-1.00,LinearSearch,25,25,True,118,1434,650,16,1,5.508474576271187,5.508474576271187,pegasus,16,5640,40484,10,10,33.04386717500165,2,,
M-25-N-25-pa-0.45-pe-1.00,LinearSearch,25,25,True,118,1434,650,16,1,5.508474576271187,5.508474576271187,pegasus,16,5640,40484,10,10,33.02073696895968,3,,
M-25-N-25-pa-0.45-pe-1.00,LinearSearch With Preprocessing,25,25,True,118,1434,650,16,1,5.508474576271187,5.508474576271187,pegasus,16,5640,40484,10,10,33.04940045700641,2,,
M-25-N-25-pa-0.45-pe-1.00,LinearSearch With Preprocessing,25,25,True,118,1434,650,16,1,5.508474576271187,5.508474576271187,pegasus,16,5640,40484,10,10,32.990425317024346,3,,
M-25-N-25-pa-0.45-pe-1.00,LinearSearch With Reduced Qubits,25,25,True,50,565,202,6,2,4.04,4.04,pegasus,16,5640,40484,10,10,10.755713401013054,2,,
M-25-N-25-pa-0.45-pe-1.00,LinearSearch With Reduced Qubits,25,25,True,75,855,324,9,1,4.32,4.32,pegasus,16,5640,40484,10,10,30.738603088015225,3,,
M-25-N-25-pa-0.45-pe-1.00,LinearSearch With Preprocessing and Reduced Qubits,25,25,True,50,565,202,6,2,4.04,4.04,pegasus,16,5640,40484,10,10,10.89198697701795,2,,
M-25-N-25-pa-0.45-pe-1.00,LinearSearch With Preprocessing and Reduced Qubits,25,25,True,75,855,324,9,1,4.32,4.32,pegasus,16,5640,40484,10,10,31.07386847602902,3,,
M-25-N-10-pa-0.65-pe-1.00,BinSearch,25,10,True,35,459,139,5,2,3.9714285714285715,3.9714285714285715,pegasus,16,5640,40484,10,10,6.039265239960514,2,,
M-25-N-10-pa-0.65-pe-1.00,LinearSearch,25,10,True,68,1059,356,10,3,5.235294117647059,5.235294117647059,pegasus,16,5640,40484,10,10,24.883007021038793,2,,
M-25-N-10-pa-0.65-pe-1.00,LinearSearch With Preprocessing,25,10,True,68,1059,356,10,3,5.235294117647059,5.235294117647059,pegasus,16,5640,40484,10,10,24.667411875037942,2,,
M-25-N-10-pa-0.65-pe-1.00,LinearSearch With Reduced Qubits,25,10,True,35,459,139,5,2,3.9714285714285715,3.9714285714285715,pegasus,16,5640,40484,10,10,6.060066883044783,2,,
M-25-N-10-pa-0.65-pe-1.00,LinearSearch With Preprocessing and Reduced Qubits,25,10,True,35,459,139,5,2,3.9714285714285715,3.9714285714285715,pegasus,16,5640,40484,10,10,6.047545542998705,2,,
M-25-N-5-pa-0.45-pe-1.00,BinSearch,25,5,True,30,364,106,4,2,3.533333333333333,3.533333333333333,pegasus,16,5640,40484,10,10,5.260209626983851,2,,
M-25-N-5-pa-0.45-pe-1.00,LinearSearch,25,5,True,45,586,187,7,2,4.155555555555556,4.155555555555556,pegasus,16,5640,40484,10,10,13.142698873998597,2,,
M-25-N-5-pa-0.45-pe-1.00,LinearSearch With Preprocessing,25,5,True,45,586,187,7,2,4.155555555555556,4.155555555555556,pegasus,16,5640,40484,10,10,13.137020270049106,2,,
M-25-N-5-pa-0.45-pe-1.00,LinearSearch With Reduced Qubits,25,5,True,30,364,106,4,2,3.533333333333333,3.533333333333333,pegasus,16,5640,40484,10,10,5.2597350620198995,2,,
M-25-N-5-pa-0.45-pe-1.00,LinearSearch With Preprocessing and Reduced Qubits,25,5,True,30,364,106,4,2,3.533333333333333,3.533333333333333,pegasus,16,5640,40484,10,10,5.241251299972646,2,,
M-25-N-25-pa-0.65-pe-1.00,BinSearch,25,25,True,50,706,219,7,2,4.38,4.38,pegasus,16,5640,40484,10,10,13.764437513018493,2,,
M-25-N-25-pa-0.65-pe-1.00,LinearSearch,25,25,True,137,2340,892,19,3,6.510948905109489,6.510948905109489,pegasus,16,5640,40484,10,10,37.540215324028395,2,,
M-25-N-25-pa-0.65-pe-1.00,LinearSearch With Preprocessing,25,25,True,137,2340,892,19,3,6.510948905109489,6.510948905109489,pegasus,16,5640,40484,10,10,37.540349864983,2,,
M-25-N-25-pa-0.65-pe-1.00,LinearSearch With Reduced Qubits,25,25,True,50,706,219,7,2,4.38,4.38,pegasus,16,5640,40484,10,10,13.625401341996621,2,,
M-25-N-25-pa-0.65-pe-1.00,LinearSearch With Preprocessing and Reduced Qubits,25,25,True,50,706,219,7,2,4.38,4.38,pegasus,16,5640,40484,10,10,13.520514466043096,2,,
M-25-N-25-pa-0.55-pe-1.00,BinSearch,25,25,True,49,643,202,7,2,4.122448979591836,4.122448979591836,pegasus,16,5640,40484,10,10,16.913056151999626,2,,
M-25-N-25-pa-0.55-pe-1.00,BinSearch,25,25,True,73,1010,335,9,2,4.589041095890411,4.589041095890411,pegasus,16,5640,40484,10,10,30.87999193998985,3,,
M-25-N-25-pa-0.55-pe-1.00,LinearSearch,25,25,True,125,1902,823,20,3,6.584,6.584,pegasus,16,5640,40484,10,10,35.60052530397661,2,,
M-25-N-25-pa-0.55-pe-1.00,LinearSearch,25,25,True,125,1902,823,20,3,6.584,6.584,pegasus,16,5640,40484,10,10,35.629705260973424,3,,
M-25-N-25-pa-0.55-pe-1.00,LinearSearch With Preprocessing,25,25,True,125,1902,823,20,3,6.584,6.584,pegasus,16,5640,40484,10,10,35.57603246497456,2,,
M-25-N-25-pa-0.55-pe-1.00,LinearSearch With Preprocessing,25,25,True,125,1902,823,20,3,6.584,6.584,pegasus,16,5640,40484,10,10,34.98608627304202,3,,
M-25-N-25-pa-0.55-pe-1.00,LinearSearch With Reduced Qubits,25,25,True,49,643,202,7,2,4.122448979591836,4.122448979591836,pegasus,16,5640,40484,10,10,16.88475449901307,2,,
M-25-N-25-pa-0.55-pe-1.00,LinearSearch With Reduced Qubits,25,25,True,73,1010,335,9,2,4.589041095890411,4.589041095890411,pegasus,16,5640,40484,10,10,31.07494147901889,3,,
M-25-N-25-pa-0.55-pe-1.00,LinearSearch With Preprocessing and Reduced Qubits,25,25,True,49,643,202,7,2,4.122448979591836,4.122448979591836,pegasus,16,5640,40484,10,10,17.620040312991478,2,,
M-25-N-25-pa-0.55-pe-1.00,LinearSearch With Preprocessing and Reduced Qubits,25,25,True,73,1010,335,9,2,4.589041095890411,4.589041095890411,pegasus,16,5640,40484,10,10,30.4317979090265,3,,
M-25-N-5-pa-0.25-pe-1.00,BinSearch,16,5,True,21,154,49,3,1,2.3333333333333335,2.3333333333333335,pegasus,16,5640,40484,10,10,1.3213446919689886,2,,
M-25-N-5-pa-0.25-pe-1.00,LinearSearch,16,5,True,31,243,85,4,1,2.7419354838709675,2.7419354838709675,pegasus,16,5640,40484,10,10,2.180066637985874,2,,
M-25-N-5-pa-0.25-pe-1.00,LinearSearch With Preprocessing,16,5,True,31,243,85,4,1,2.7419354838709675,2.7419354838709675,pegasus,16,5640,40484,10,10,2.171872381004505,2,,
M-25-N-5-pa-0.25-pe-1.00,LinearSearch With Reduced Qubits,16,5,True,21,154,49,3,1,2.3333333333333335,2.3333333333333335,pegasus,16,5640,40484,10,10,1.316541924024932,2,,
M-25-N-5-pa-0.25-pe-1.00,LinearSearch With Preprocessing and Reduced Qubits,16,5,True,21,154,49,3,1,2.3333333333333335,2.3333333333333335,pegasus,16,5640,40484,10,10,1.3167908869800158,2,,
M-25-N-50-pa-0.75-pe-1.00,BinSearch,25,50,True,71,1141,321,8,2,4.52112676056338,4.52112676056338,pegasus,16,5640,40484,10,10,31.42085907800356,2,,
M-25-N-50-pa-0.75-pe-1.00,LinearSearch,25,50,True,243,4736,1777,38,3,7.31275720164609,7.31275720164609,pegasus,16,5640,40484,10,10,46.007121649046894,2,,
M-25-N-50-pa-0.75-pe-1.00,LinearSearch With Preprocessing,25,50,True,243,4736,1777,38,3,7.31275720164609,7.31275720164609,pegasus,16,5640,40484,10,10,46.964196147047915,2,,
M-25-N-50-pa-0.75-pe-1.00,LinearSearch With Reduced Qubits,25,50,True,71,1141,321,8,2,4.52112676056338,4.52112676056338,pegasus,16,5640,40484,10,10,31.543075513036456,2,,
M-25-N-50-pa-0.75-pe-1.00,LinearSearch With Preprocessing and Reduced Qubits,25,50,True,71,1141,321,8,2,4.52112676056338,4.52112676056338,pegasus,16,5640,40484,10,10,30.80426208098652,2,,
M-25-N-25-pa-0.15-pe-1.00,BinSearch,24,25,True,48,376,136,6,1,2.8333333333333335,2.8333333333333335,pegasus,16,5640,40484,10,10,6.652945803012699,7,,
M-25-N-25-pa-0.15-pe-1.00,BinSearch,24,25,True,48,376,136,6,1,2.8333333333333335,2.8333333333333335,pegasus,16,5640,40484,10,10,6.634401297022123,8,,
M-25-N-25-pa-0.15-pe-1.00,LinearSearch,24,25,True,48,376,136,6,1,2.8333333333333335,2.8333333333333335,pegasus,16,5640,40484,10,10,6.570060343015939,2,,
M-25-N-25-pa-0.15-pe-1.00,LinearSearch,24,25,True,48,376,136,6,1,2.8333333333333335,2.8333333333333335,pegasus,16,5640,40484,10,10,6.659891762014013,3,,
M-25-N-25-pa-0.15-pe-1.00,LinearSearch,24,25,True,48,376,136,6,1,2.8333333333333335,2.8333333333333335,pegasus,16,5640,40484,10,10,6.622977389022708,4,,
M-25-N-25-pa-0.15-pe-1.00,LinearSearch,24,25,True,48,376,136,6,1,2.8333333333333335,2.8333333333333335,pegasus,16,5640,40484,10,10,6.6444787359796464,5,,
M-25-N-25-pa-0.15-pe-1.00,LinearSearch,24,25,True,48,376,136,6,1,2.8333333333333335,2.8333333333333335,pegasus,16,5640,40484,10,10,6.717905560974032,6,,
M-25-N-25-pa-0.15-pe-1.00,LinearSearch,24,25,True,48,376,136,6,1,2.8333333333333335,2.8333333333333335,pegasus,16,5640,40484,10,10,6.977758038963657,7,,
M-25-N-25-pa-0.15-pe-1.00,LinearSearch,24,25,True,48,376,136,6,1,2.8333333333333335,2.8333333333333335,pegasus,16,5640,40484,10,10,7.075520281970967,8,,
M-25-N-25-pa-0.15-pe-1.00,LinearSearch With Preprocessing,24,25,True,48,376,136,6,1,2.8333333333333335,2.8333333333333335,pegasus,16,5640,40484,10,10,6.996008958958555,7,,
M-25-N-25-pa-0.15-pe-1.00,LinearSearch With Preprocessing,24,25,True,48,376,136,6,1,2.8333333333333335,2.8333333333333335,pegasus,16,5640,40484,10,10,7.067231783003081,8,,
M-25-N-25-pa-0.15-pe-1.00,LinearSearch With Reduced Qubits,24,25,True,36,316,101,4,1,2.8055555555555554,2.8055555555555554,pegasus,16,5640,40484,10,10,5.931660428002942,2,,
M-25-N-25-pa-0.15-pe-1.00,LinearSearch With Reduced Qubits,24,25,True,46,362,122,6,1,2.652173913043478,2.652173913043478,pegasus,16,5640,40484,10,10,5.717839272983838,3,,
M-25-N-25-pa-0.15-pe-1.00,LinearSearch With Reduced Qubits,24,25,True,46,362,122,6,1,2.652173913043478,2.652173913043478,pegasus,16,5640,40484,10,10,5.946569275984075,4,,
M-25-N-25-pa-0.15-pe-1.00,LinearSearch With Reduced Qubits,24,25,True,48,376,136,6,1,2.8333333333333335,2.8333333333333335,pegasus,16,5640,40484,10,10,6.655374875001144,5,,
M-25-N-25-pa-0.15-pe-1.00,LinearSearch With Reduced Qubits,24,25,True,48,376,136,6,1,2.8333333333333335,2.8333333333333335,pegasus,16,5640,40484,10,10,6.965272040979471,6,,
M-25-N-25-pa-0.15-pe-1.00,LinearSearch With Reduced Qubits,24,25,True,48,376,136,6,1,2.8333333333333335,2.8333333333333335,pegasus,16,5640,40484,10,10,7.0324056160170585,7,,
M-25-N-25-pa-0.15-pe-1.00,LinearSearch With Reduced Qubits,24,25,True,48,376,136,6,1,2.8333333333333335,2.8333333333333335,pegasus,16,5640,40484,10,10,6.977378684969153,8,,
M-25-N-25-pa-0.15-pe-1.00,LinearSearch With Preprocessing and Reduced Qubits,24,25,True,48,376,136,6,1,2.8333333333333335,2.8333333333333335,pegasus,16,5640,40484,10,10,7.006254918000195,7,,
M-25-N-25-pa-0.15-pe-1.00,LinearSearch With Preprocessing and Reduced Qubits,24,25,True,48,376,136,6,1,2.8333333333333335,2.8333333333333335,pegasus,16,5640,40484,10,10,6.9813833410153165,8,,
M-25-N-50-pa-0.45-pe-1.00,BinSearch,25,50,True,125,1526,595,14,2,4.76,4.76,pegasus,16,5640,40484,10,10,33.80523295298917,3,,
M-25-N-50-pa-0.45-pe-1.00,BinSearch,25,50,True,75,888,316,8,2,4.213333333333333,4.213333333333333,pegasus,16,5640,40484,10,10,30.931235305033624,2,,
M-25-N-50-pa-0.45-pe-1.00,LinearSearch,25,50,True,224,2962,1675,39,2,7.477678571428571,7.477678571428571,pegasus,16,5640,40484,10,10,40.64985256199725,2,,
M-25-N-50-pa-0.45-pe-1.00,LinearSearch,25,50,True,224,2962,1675,39,2,7.477678571428571,7.477678571428571,pegasus,16,5640,40484,10,10,38.13536653103074,3,,
M-25-N-50-pa-0.45-pe-1.00,LinearSearch With Preprocessing,25,50,True,224,2962,1675,39,2,7.477678571428571,7.477678571428571,pegasus,16,5640,40484,10,10,40.5966420089826,2,,
M-25-N-50-pa-0.45-pe-1.00,LinearSearch With Preprocessing,25,50,True,224,2962,1675,39,2,7.477678571428571,7.477678571428571,pegasus,16,5640,40484,10,10,40.766327071003616,3,,
M-25-N-50-pa-0.45-pe-1.00,LinearSearch With Reduced Qubits,25,50,True,75,888,316,8,2,4.213333333333333,4.213333333333333,pegasus,16,5640,40484,10,10,30.727990439976566,2,,
M-25-N-50-pa-0.45-pe-1.00,LinearSearch With Reduced Qubits,25,50,True,125,1526,595,14,2,4.76,4.76,pegasus,16,5640,40484,10,10,33.819743090018164,3,,
M-25-N-50-pa-0.45-pe-1.00,LinearSearch With Preprocessing and Reduced Qubits,25,50,True,75,888,316,8,2,4.213333333333333,4.213333333333333,pegasus,16,5640,40484,10,10,30.656750227033626,2,,
M-25-N-50-pa-0.45-pe-1.00,LinearSearch With Preprocessing and Reduced Qubits,25,50,True,125,1526,595,14,2,4.76,4.76,pegasus,16,5640,40484,10,10,33.70340760698309,3,,
M-25-N-25-pa-0.25-pe-1.00,BinSearch,25,25,True,73,658,285,8,1,3.904109589041096,3.904109589041096,pegasus,16,5640,40484,10,10,30.804495669028256,4,,
M-25-N-25-pa-0.25-pe-1.00,BinSearch,25,25,True,96,868,435,12,1,4.53125,4.53125,pegasus,16,5640,40484,10,10,31.611465669004247,5,,
M-25-N-25-pa-0.25-pe-1.00,LinearSearch,25,25,True,99,910,445,11,2,4.494949494949495,4.494949494949495,pegasus,16,5640,40484,10,10,32.02848839003127,2,,
M-25-N-25-pa-0.25-pe-1.00,LinearSearch,25,25,True,99,910,445,11,2,4.494949494949495,4.494949494949495,pegasus,16,5640,40484,10,10,32.086573699023575,3,,
M-25-N-25-pa-0.25-pe-1.00,LinearSearch,25,25,True,99,910,445,11,2,4.494949494949495,4.494949494949495,pegasus,16,5640,40484,10,10,31.876514439994935,4,,
M-25-N-25-pa-0.25-pe-1.00,LinearSearch,25,25,True,99,910,445,11,2,4.494949494949495,4.494949494949495,pegasus,16,5640,40484,10,10,31.893651254998986,5,,
M-25-N-25-pa-0.25-pe-1.00,LinearSearch With Preprocessing,25,25,True,99,910,445,11,2,4.494949494949495,4.494949494949495,pegasus,16,5640,40484,10,10,31.825358466943726,3,,
M-25-N-25-pa-0.25-pe-1.00,LinearSearch With Preprocessing,25,25,True,99,910,445,11,2,4.494949494949495,4.494949494949495,pegasus,16,5640,40484,10,10,32.01935551100178,4,,
M-25-N-25-pa-0.25-pe-1.00,LinearSearch With Preprocessing,25,25,True,99,910,445,11,2,4.494949494949495,4.494949494949495,pegasus,16,5640,40484,10,10,32.06270231597591,5,,
M-25-N-25-pa-0.25-pe-1.00,LinearSearch With Reduced Qubits,25,25,True,49,467,178,6,1,3.63265306122449,3.63265306122449,pegasus,16,5640,40484,10,10,9.832164873019792,2,,
M-25-N-25-pa-0.25-pe-1.00,LinearSearch With Reduced Qubits,25,25,True,73,658,285,8,1,3.904109589041096,3.904109589041096,pegasus,16,5640,40484,10,10,30.33517237700289,3,,
M-25-N-25-pa-0.25-pe-1.00,LinearSearch With Reduced Qubits,25,25,True,73,658,285,8,1,3.904109589041096,3.904109589041096,pegasus,16,5640,40484,10,10,30.172975566994864,4,,
M-25-N-25-pa-0.25-pe-1.00,LinearSearch With Reduced Qubits,25,25,True,96,868,435,12,1,4.53125,4.53125,pegasus,16,5640,40484,10,10,31.425547415972687,5,,
M-25-N-25-pa-0.25-pe-1.00,LinearSearch With Preprocessing and Reduced Qubits,25,25,True,73,658,285,8,1,3.904109589041096,3.904109589041096,pegasus,16,5640,40484,10,10,30.058824728010222,3,,
M-25-N-25-pa-0.25-pe-1.00,LinearSearch With Preprocessing and Reduced Qubits,25,25,True,73,658,285,8,1,3.904109589041096,3.904109589041096,pegasus,16,5640,40484,10,10,30.68622714804951,4,,
M-25-N-25-pa-0.25-pe-1.00,LinearSearch With Preprocessing and Reduced Qubits,25,25,True,96,868,435,12,1,4.53125,4.53125,pegasus,16,5640,40484,10,10,31.465732771961484,5,,
M-25-N-5-pa-0.15-pe-1.00,BinSearch,21,5,True,30,266,86,4,1,2.8666666666666667,2.8666666666666667,pegasus,16,5640,40484,10,10,2.736172188015189,3,,
M-25-N-5-pa-0.15-pe-1.00,LinearSearch,21,5,True,35,311,104,5,1,2.9714285714285715,2.9714285714285715,pegasus,16,5640,40484,10,10,3.1443075840361416,2,,
M-25-N-5-pa-0.15-pe-1.00,LinearSearch,21,5,True,35,311,104,5,1,2.9714285714285715,2.9714285714285715,pegasus,16,5640,40484,10,10,3.1428709650062956,3,,
M-25-N-5-pa-0.15-pe-1.00,LinearSearch With Preprocessing,21,5,True,35,311,104,5,1,2.9714285714285715,2.9714285714285715,pegasus,16,5640,40484,10,10,3.1522080149734393,3,,
M-25-N-5-pa-0.15-pe-1.00,LinearSearch With Reduced Qubits,21,5,True,26,237,73,4,1,2.8076923076923075,2.8076923076923075,pegasus,16,5640,40484,10,10,3.5262520200340077,2,,
M-25-N-5-pa-0.15-pe-1.00,LinearSearch With Reduced Qubits,21,5,True,30,266,86,4,1,2.8666666666666667,2.8666666666666667,pegasus,16,5640,40484,10,10,2.7388585720327683,3,,
M-25-N-5-pa-0.15-pe-1.00,LinearSearch With Preprocessing and Reduced Qubits,21,5,True,30,266,86,4,1,2.8666666666666667,2.8666666666666667,pegasus,16,5640,40484,10,10,2.7412336209672503,3,,
M-25-N-10-pa-0.15-pe-1.00,BinSearch,20,10,True,34,264,84,4,1,2.4705882352941178,2.4705882352941178,pegasus,16,5640,40484,10,10,4.965880902018398,4,,
M-25-N-10-pa-0.15-pe-1.00,LinearSearch,20,10,True,38,297,102,4,1,2.6842105263157894,2.6842105263157894,pegasus,16,5640,40484,10,10,3.4184130450012162,2,,
M-25-N-10-pa-0.15-pe-1.00,LinearSearch,20,10,True,38,297,102,4,1,2.6842105263157894,2.6842105263157894,pegasus,16,5640,40484,10,10,3.3937408510246314,3,,
M-25-N-10-pa-0.15-pe-1.00,LinearSearch,20,10,True,38,297,102,4,1,2.6842105263157894,2.6842105263157894,pegasus,16,5640,40484,10,10,3.4307614590507,4,,
M-25-N-10-pa-0.15-pe-1.00,LinearSearch With Preprocessing,20,10,True,38,297,102,4,1,2.6842105263157894,2.6842105263157894,pegasus,16,5640,40484,10,10,3.38834914797917,4,,
M-25-N-10-pa-0.15-pe-1.00,LinearSearch With Reduced Qubits,20,10,True,28,226,75,4,1,2.6785714285714284,2.6785714285714284,pegasus,16,5640,40484,10,10,2.47786152100889,2,,
M-25-N-10-pa-0.15-pe-1.00,LinearSearch With Reduced Qubits,20,10,True,34,264,84,4,1,2.4705882352941178,2.4705882352941178,pegasus,16,5640,40484,10,10,5.066008287016302,3,,
M-25-N-10-pa-0.15-pe-1.00,LinearSearch With Reduced Qubits,20,10,True,34,264,84,4,1,2.4705882352941178,2.4705882352941178,pegasus,16,5640,40484,10,10,5.073699772008695,4,,
M-25-N-10-pa-0.15-pe-1.00,LinearSearch With Preprocessing and Reduced Qubits,20,10,True,34,264,84,4,1,2.4705882352941178,2.4705882352941178,pegasus,16,5640,40484,10,10,5.117254132987,4,,
M-25-N-10-pa-0.55-pe-1.00,BinSearch,25,10,True,35,425,136,5,2,3.8857142857142857,3.8857142857142857,pegasus,16,5640,40484,10,10,7.800515468989033,2,,
M-25-N-10-pa-0.55-pe-1.00,LinearSearch,25,10,True,65,860,303,8,2,4.661538461538462,4.661538461538462,pegasus,16,5640,40484,10,10,30.584964779030997,2,,
M-25-N-10-pa-0.55-pe-1.00,LinearSearch With Preprocessing,25,10,True,65,860,303,8,2,4.661538461538462,4.661538461538462,pegasus,16,5640,40484,10,10,30.542902041983325,2,,
M-25-N-10-pa-0.55-pe-1.00,LinearSearch With Reduced Qubits,25,10,True,35,425,136,5,2,3.8857142857142857,3.8857142857142857,pegasus,16,5640,40484,10,10,7.612986174994148,2,,
M-25-N-10-pa-0.55-pe-1.00,LinearSearch With Preprocessing and Reduced Qubits,25,10,True,35,425,136,5,2,3.8857142857142857,3.8857142857142857,pegasus,16,5640,40484,10,10,7.662316972040571,2,,
M-25-N-50-pa-0.85-pe-1.00,BinSearch,25,50,True,65,1133,291,8,2,4.476923076923077,4.476923076923077,pegasus,16,5640,40484,10,10,31.109593435015995,2,,
M-25-N-50-pa-0.85-pe-1.00,LinearSearch,25,50,True,225,4865,1710,39,3,7.6,7.6,pegasus,16,5640,40484,10,10,41.54817559901858,2,,
M-25-N-50-pa-0.85-pe-1.00,LinearSearch With Preprocessing,25,50,True,225,4865,1710,39,3,7.6,7.6,pegasus,16,5640,40484,10,10,41.12632303999271,2,,
M-25-N-50-pa-0.85-pe-1.00,LinearSearch With Reduced Qubits,25,50,True,65,1133,291,8,2,4.476923076923077,4.476923076923077,pegasus,16,5640,40484,10,10,31.165004903974477,2,,
M-25-N-50-pa-0.85-pe-1.00,LinearSearch With Preprocessing and Reduced Qubits,25,50,True,65,1133,291,8,2,4.476923076923077,4.476923076923077,pegasus,16,5640,40484,10,10,31.02871134300949,2,,
M-25-N-10-pa-0.05-pe-1.00,BinSearch,12,9,True,17,76,28,3,1,1.6470588235294117,1.6470588235294117,pegasus,16,5640,40484,10,10,0.4370729239890352,6,,
M-25-N-10-pa-0.05-pe-1.00,LinearSearch,12,9,True,17,76,28,3,1,1.6470588235294117,1.6470588235294117,pegasus,16,5640,40484,10,10,0.43116048199590296,2,,
M-25-N-10-pa-0.05-pe-1.00,LinearSearch,12,9,True,17,76,28,3,1,1.6470588235294117,1.6470588235294117,pegasus,16,5640,40484,10,10,0.412236550997477,3,,
M-25-N-10-pa-0.05-pe-1.00,LinearSearch,12,9,True,17,76,28,3,1,1.6470588235294117,1.6470588235294117,pegasus,16,5640,40484,10,10,0.43229395197704434,4,,
M-25-N-10-pa-0.05-pe-1.00,LinearSearch,12,9,True,17,76,28,3,1,1.6470588235294117,1.6470588235294117,pegasus,16,5640,40484,10,10,0.4133065440109931,5,,
M-25-N-10-pa-0.05-pe-1.00,LinearSearch,12,9,True,17,76,28,3,1,1.6470588235294117,1.6470588235294117,pegasus,16,5640,40484,10,10,0.411775820015464,6,,
M-25-N-10-pa-0.05-pe-1.00,LinearSearch With Preprocessing,12,9,True,17,76,28,3,1,1.6470588235294117,1.6470588235294117,pegasus,16,5640,40484,10,10,0.41508976597106084,6,,
M-25-N-10-pa-0.05-pe-1.00,LinearSearch With Reduced Qubits,12,9,True,17,76,28,3,1,1.6470588235294117,1.6470588235294117,pegasus,16,5640,40484,10,10,0.41411754698492587,2,,
M-25-N-10-pa-0.05-pe-1.00,LinearSearch With Reduced Qubits,12,9,True,17,76,28,3,1,1.6470588235294117,1.6470588235294117,pegasus,16,5640,40484,10,10,0.46392310899682343,3,,
M-25-N-10-pa-0.05-pe-1.00,LinearSearch With Reduced Qubits,12,9,True,17,76,28,3,1,1.6470588235294117,1.6470588235294117,pegasus,16,5640,40484,10,10,0.4377274120342918,4,,
M-25-N-10-pa-0.05-pe-1.00,LinearSearch With Reduced Qubits,12,9,True,17,76,28,3,1,1.6470588235294117,1.6470588235294117,pegasus,16,5640,40484,10,10,0.44340678199660033,5,,
M-25-N-10-pa-0.05-pe-1.00,LinearSearch With Reduced Qubits,12,9,True,17,76,28,3,1,1.6470588235294117,1.6470588235294117,pegasus,16,5640,40484,10,10,0.4313358970102854,6,,
M-25-N-10-pa-0.05-pe-1.00,LinearSearch With Preprocessing and Reduced Qubits,12,9,True,17,76,28,3,1,1.6470588235294117,1.6470588235294117,pegasus,16,5640,40484,10,10,0.43749060697155073,6,,
M-25-N-50-pa-0.05-pe-1.00,BinSearch,24,37,True,29,289,82,4,1,2.8275862068965516,2.8275862068965516,pegasus,16,5640,40484,10,10,3.255577733973041,17,,
M-25-N-50-pa-0.05-pe-1.00,LinearSearch,24,37,True,29,289,82,4,1,2.8275862068965516,2.8275862068965516,pegasus,16,5640,40484,10,10,3.2724182329839095,2,,
M-25-N-50-pa-0.05-pe-1.00,LinearSearch,24,37,True,29,289,82,4,1,2.8275862068965516,2.8275862068965516,pegasus,16,5640,40484,10,10,3.23987000802299,3,,
M-25-N-50-pa-0.05-pe-1.00,LinearSearch,24,37,True,29,289,82,4,1,2.8275862068965516,2.8275862068965516,pegasus,16,5640,40484,10,10,3.277121527993586,4,,
M-25-N-50-pa-0.05-pe-1.00,LinearSearch,24,37,True,29,289,82,4,1,2.8275862068965516,2.8275862068965516,pegasus,16,5640,40484,10,10,3.2619143850170076,5,,
M-25-N-50-pa-0.05-pe-1.00,LinearSearch,24,37,True,29,289,82,4,1,2.8275862068965516,2.8275862068965516,pegasus,16,5640,40484,10,10,3.277320833003614,6,,
M-25-N-50-pa-0.05-pe-1.00,LinearSearch,24,37,True,29,289,82,4,1,2.8275862068965516,2.8275862068965516,pegasus,16,5640,40484,10,10,3.2191550989518873,7,,
M-25-N-50-pa-0.05-pe-1.00,LinearSearch,24,37,True,29,289,82,4,1,2.8275862068965516,2.8275862068965516,pegasus,16,5640,40484,10,10,3.2146677339915186,8,,
M-25-N-50-pa-0.05-pe-1.00,LinearSearch,24,37,True,29,289,82,4,1,2.8275862068965516,2.8275862068965516,pegasus,16,5640,40484,10,10,3.236420386005193,9,,
M-25-N-50-pa-0.05-pe-1.00,LinearSearch,24,37,True,29,289,82,4,1,2.8275862068965516,2.8275862068965516,pegasus,16,5640,40484,10,10,3.2107551059452817,10,,
M-25-N-50-pa-0.05-pe-1.00,LinearSearch,24,37,True,29,289,82,4,1,2.8275862068965516,2.8275862068965516,pegasus,16,5640,40484,10,10,3.2403771890094504,11,,
M-25-N-50-pa-0.05-pe-1.00,LinearSearch,24,37,True,29,289,82,4,1,2.8275862068965516,2.8275862068965516,pegasus,16,5640,40484,10,10,3.230024551972747,12,,
M-25-N-50-pa-0.05-pe-1.00,LinearSearch,24,37,True,29,289,82,4,1,2.8275862068965516,2.8275862068965516,pegasus,16,5640,40484,10,10,3.2669071439886466,13,,
M-25-N-50-pa-0.05-pe-1.00,LinearSearch,24,37,True,29,289,82,4,1,2.8275862068965516,2.8275862068965516,pegasus,16,5640,40484,10,10,3.2266945419833064,14,,
M-25-N-50-pa-0.05-pe-1.00,LinearSearch,24,37,True,29,289,82,4,1,2.8275862068965516,2.8275862068965516,pegasus,16,5640,40484,10,10,3.2392384099657647,15,,
M-25-N-50-pa-0.05-pe-1.00,LinearSearch,24,37,True,29,289,82,4,1,2.8275862068965516,2.8275862068965516,pegasus,16,5640,40484,10,10,3.265032237977721,16,,
M-25-N-50-pa-0.05-pe-1.00,LinearSearch,24,37,True,29,289,82,4,1,2.8275862068965516,2.8275862068965516,pegasus,16,5640,40484,10,10,3.229127628961578,17,,
M-25-N-50-pa-0.05-pe-1.00,LinearSearch With Preprocessing,24,37,True,29,289,82,4,1,2.8275862068965516,2.8275862068965516,pegasus,16,5640,40484,10,10,3.2392528179916553,17,,
M-25-N-50-pa-0.05-pe-1.00,LinearSearch With Reduced Qubits,24,37,True,28,285,81,4,1,2.892857142857143,2.892857142857143,pegasus,16,5640,40484,10,10,3.507643420016393,2,,
M-25-N-50-pa-0.05-pe-1.00,LinearSearch With Reduced Qubits,24,37,True,29,289,82,4,1,2.8275862068965516,2.8275862068965516,pegasus,16,5640,40484,10,10,3.230626576987561,3,,
M-25-N-50-pa-0.05-pe-1.00,LinearSearch With Reduced Qubits,24,37,True,29,289,82,4,1,2.8275862068965516,2.8275862068965516,pegasus,16,5640,40484,10,10,3.222804156015627,4,,
M-25-N-50-pa-0.05-pe-1.00,LinearSearch With Reduced Qubits,24,37,True,29,289,82,4,1,2.8275862068965516,2.8275862068965516,pegasus,16,5640,40484,10,10,3.2369169510202482,5,,
M-25-N-50-pa-0.05-pe-1.00,LinearSearch With Reduced Qubits,24,37,True,29,289,82,4,1,2.8275862068965516,2.8275862068965516,pegasus,16,5640,40484,10,10,3.220307460054755,6,,
M-25-N-50-pa-0.05-pe-1.00,LinearSearch With Reduced Qubits,24,37,True,29,289,82,4,1,2.8275862068965516,2.8275862068965516,pegasus,16,5640,40484,10,10,3.2296460259822197,7,,
M-25-N-50-pa-0.05-pe-1.00,LinearSearch With Reduced Qubits,24,37,True,29,289,82,4,1,2.8275862068965516,2.8275862068965516,pegasus,16,5640,40484,10,10,3.2244948350125924,8,,
M-25-N-50-pa-0.05-pe-1.00,LinearSearch With Reduced Qubits,24,37,True,29,289,82,4,1,2.8275862068965516,2.8275862068965516,pegasus,16,5640,40484,10,10,3.212322651001159,9,,
M-25-N-50-pa-0.05-pe-1.00,LinearSearch With Reduced Qubits,24,37,True,29,289,82,4,1,2.8275862068965516,2.8275862068965516,pegasus,16,5640,40484,10,10,3.2252499000169337,10,,
M-25-N-50-pa-0.05-pe-1.00,LinearSearch With Reduced Qubits,24,37,True,29,289,82,4,1,2.8275862068965516,2.8275862068965516,pegasus,16,5640,40484,10,10,3.223876589036081,11,,
M-25-N-50-pa-0.05-pe-1.00,LinearSearch With Reduced Qubits,24,37,True,29,289,82,4,1,2.8275862068965516,2.8275862068965516,pegasus,16,5640,40484,10,10,3.273650399991311,12,,
M-25-N-50-pa-0.05-pe-1.00,LinearSearch With Reduced Qubits,24,37,True,29,289,82,4,1,2.8275862068965516,2.8275862068965516,pegasus,16,5640,40484,10,10,3.2426004499429837,13,,
M-25-N-50-pa-0.05-pe-1.00,LinearSearch With Reduced Qubits,24,37,True,29,289,82,4,1,2.8275862068965516,2.8275862068965516,pegasus,16,5640,40484,10,10,3.2271538519999012,14,,
M-25-N-50-pa-0.05-pe-1.00,LinearSearch With Reduced Qubits,24,37,True,29,289,82,4,1,2.8275862068965516,2.8275862068965516,pegasus,16,5640,40484,10,10,3.2079698650049977,15,,
M-25-N-50-pa-0.05-pe-1.00,LinearSearch With Reduced Qubits,24,37,True,29,289,82,4,1,2.8275862068965516,2.8275862068965516,pegasus,16,5640,40484,10,10,3.2645635990193114,16,,
M-25-N-50-pa-0.05-pe-1.00,LinearSearch With Reduced Qubits,24,37,True,29,289,82,4,1,2.8275862068965516,2.8275862068965516,pegasus,16,5640,40484,10,10,3.2197085339576006,17,,
M-25-N-50-pa-0.05-pe-1.00,LinearSearch With Preprocessing and Reduced Qubits,24,37,True,29,289,82,4,1,2.8275862068965516,2.8275862068965516,pegasus,16,5640,40484,10,10,3.234050962026231,17,,
M-50-N-50-pa-0.25-pe-1.00,BinSearch,50,50,True,150,2475,1196,18,3,7.973333333333334,7.973333333333334,pegasus,16,5640,40484,10,10,37.09020802198211,4,,
M-50-N-50-pa-0.25-pe-1.00,BinSearch,50,50,True,200,3175,2060,36,1,10.3,10.3,pegasus,16,5640,40484,10,10,41.18364523095079,5,,
M-50-N-50-pa-0.25-pe-1.00,BinSearch,50,50,True,200,3175,2060,36,1,10.3,10.3,pegasus,16,5640,40484,10,10,41.02266526396852,6,,
M-50-N-50-pa-0.25-pe-1.00,LinearSearch,50,50,True,247,3905,3082,46,3,12.477732793522268,12.477732793522268,pegasus,16,5640,40484,10,9,40.217361928022,2,,
M-50-N-50-pa-0.25-pe-1.00,LinearSearch,50,50,True,247,3905,3082,46,3,12.477732793522268,12.477732793522268,pegasus,16,5640,40484,10,9,41.076539437053725,3,,
M-50-N-50-pa-0.25-pe-1.00,LinearSearch,50,50,True,247,3905,3082,46,3,12.477732793522268,12.477732793522268,pegasus,16,5640,40484,10,9,41.41259598900797,4,,
M-50-N-50-pa-0.25-pe-1.00,LinearSearch,50,50,True,247,3905,3082,46,3,12.477732793522268,12.477732793522268,pegasus,16,5640,40484,10,9,41.09988092799904,5,,
M-50-N-50-pa-0.25-pe-1.00,LinearSearch,50,50,True,247,3905,3082,46,3,12.477732793522268,12.477732793522268,pegasus,16,5640,40484,10,9,41.118308378965594,6,,
M-50-N-50-pa-0.25-pe-1.00,LinearSearch With Preprocessing,50,50,True,247,3905,3023,49,2,12.238866396761134,12.238866396761134,pegasus,16,5640,40484,10,9,41.28924058197299,3,,
M-50-N-50-pa-0.25-pe-1.00,LinearSearch With Preprocessing,50,50,True,247,3905,3082,46,3,12.477732793522268,12.477732793522268,pegasus,16,5640,40484,10,9,41.02945987100247,4,,
M-50-N-50-pa-0.25-pe-1.00,LinearSearch With Preprocessing,50,50,True,247,3905,3082,46,3,12.477732793522268,12.477732793522268,pegasus,16,5640,40484,10,9,40.810831292998046,5,,
M-50-N-50-pa-0.25-pe-1.00,LinearSearch With Preprocessing,50,50,True,247,3905,3082,46,3,12.477732793522268,12.477732793522268,pegasus,16,5640,40484,10,9,40.974352976016235,6,,
M-50-N-50-pa-0.25-pe-1.00,LinearSearch With Reduced Qubits,50,50,True,100,1825,714,11,4,7.14,7.14,pegasus,16,5640,40484,10,10,34.53503697097767,2,,
M-50-N-50-pa-0.25-pe-1.00,LinearSearch With Reduced Qubits,50,50,True,150,2475,1196,18,3,7.973333333333334,7.973333333333334,pegasus,16,5640,40484,10,10,37.943314867967274,3,,
M-50-N-50-pa-0.25-pe-1.00,LinearSearch With Reduced Qubits,50,50,True,150,2475,1196,18,3,7.973333333333334,7.973333333333334,pegasus,16,5640,40484,10,10,37.955120650993194,4,,
M-50-N-50-pa-0.25-pe-1.00,LinearSearch With Reduced Qubits,50,50,True,200,3175,2060,36,1,10.3,10.3,pegasus,16,5640,40484,10,10,41.03342326998245,5,,
M-50-N-50-pa-0.25-pe-1.00,LinearSearch With Reduced Qubits,50,50,True,200,3175,2060,36,1,10.3,10.3,pegasus,16,5640,40484,10,10,40.81006269803038,6,,
M-50-N-50-pa-0.25-pe-1.00,LinearSearch With Preprocessing and Reduced Qubits,50,50,True,150,2475,1196,18,3,7.973333333333334,7.973333333333334,pegasus,16,5640,40484,10,10,37.53527682996355,3,,
M-50-N-50-pa-0.25-pe-1.00,LinearSearch With Preprocessing and Reduced Qubits,50,50,True,150,2475,1196,18,3,7.973333333333334,7.973333333333334,pegasus,16,5640,40484,10,10,37.94614047999494,4,,
M-50-N-50-pa-0.25-pe-1.00,LinearSearch With Preprocessing and Reduced Qubits,50,50,True,200,3175,2060,36,1,10.3,10.3,pegasus,16,5640,40484,10,10,41.41096697701141,5,,
M-50-N-50-pa-0.25-pe-1.00,LinearSearch With Preprocessing and Reduced Qubits,50,50,True,200,3175,2060,36,1,10.3,10.3,pegasus,16,5640,40484,10,10,41.067273663007654,6,,
M-50-N-5-pa-0.05-pe-1.00,BinSearch,15,5,True,22,138,43,3,1,1.9545454545454546,1.9545454545454546,pegasus,16,5640,40484,10,10,2.9908862250158563,3,,
M-50-N-5-pa-0.05-pe-1.00,LinearSearch,15,5,True,24,153,49,3,1,2.0416666666666665,2.0416666666666665,pegasus,16,5640,40484,10,10,3.2178004430024885,2,,
M-50-N-5-pa-0.05-pe-1.00,LinearSearch,15,5,True,24,153,49,3,1,2.0416666666666665,2.0416666666666665,pegasus,16,5640,40484,10,10,3.221232900978066,3,,
M-50-N-5-pa-0.05-pe-1.00,LinearSearch With Preprocessing,15,5,True,24,153,49,3,1,2.0416666666666665,2.0416666666666665,pegasus,16,5640,40484,10,10,3.2255128839751706,3,,
M-50-N-5-pa-0.05-pe-1.00,LinearSearch With Reduced Qubits,15,5,True,19,121,40,3,1,2.1052631578947367,2.1052631578947367,pegasus,16,5640,40484,10,10,2.9416403120267205,2,,
M-50-N-5-pa-0.05-pe-1.00,LinearSearch With Reduced Qubits,15,5,True,22,138,43,3,1,1.9545454545454546,1.9545454545454546,pegasus,16,5640,40484,10,10,2.9694815190159716,3,,
M-50-N-5-pa-0.05-pe-1.00,LinearSearch With Preprocessing and Reduced Qubits,15,5,True,22,138,43,3,1,1.9545454545454546,1.9545454545454546,pegasus,16,5640,40484,10,10,2.9978854410001077,3,,
M-50-N-50-pa-0.55-pe-1.00,BinSearch,50,50,True,100,2624,786,12,4,7.86,7.86,pegasus,16,5640,40484,10,10,35.694205892970785,2,,
M-50-N-50-pa-0.55-pe-1.00,BinSearch,50,50,True,150,4073,1271,20,4,8.473333333333333,8.473333333333333,pegasus,16,5640,40484,10,10,36.701724378042854,3,,
M-50-N-50-pa-0.55-pe-1.00,LinearSearch,50,50,False,305,8919,,,,,,pegasus,16,5640,40484,10,0,44.76461494999239,2,,
M-50-N-50-pa-0.55-pe-1.00,LinearSearch,50,50,False,305,8919,,,,,,pegasus,16,5640,40484,10,0,45.33526138699381,3,,
M-50-N-50-pa-0.55-pe-1.00,LinearSearch With Preprocessing,50,50,False,305,8919,,,,,,pegasus,16,5640,40484,10,0,44.82188787905034,2,,
M-50-N-50-pa-0.55-pe-1.00,LinearSearch With Preprocessing,50,50,False,305,8919,,,,,,pegasus,16,5640,40484,10,0,44.83600041799946,3,,
M-50-N-50-pa-0.55-pe-1.00,LinearSearch With Reduced Qubits,50,50,True,100,2624,786,12,4,7.86,7.86,pegasus,16,5640,40484,10,10,35.96842050203122,2,,
M-50-N-50-pa-0.55-pe-1.00,LinearSearch With Reduced Qubits,50,50,True,150,4073,1271,20,4,8.473333333333333,8.473333333333333,pegasus,16,5640,40484,10,10,36.850474737002514,3,,
M-50-N-50-pa-0.55-pe-1.00,LinearSearch With Preprocessing and Reduced Qubits,50,50,True,100,2624,786,12,4,7.86,7.86,pegasus,16,5640,40484,10,10,34.9300948230084,2,,
M-50-N-50-pa-0.55-pe-1.00,LinearSearch With Preprocessing and Reduced Qubits,50,50,True,150,4073,1271,20,4,8.473333333333333,8.473333333333333,pegasus,16,5640,40484,10,10,36.50375651201466,3,,
M-50-N-50-pa-0.85-pe-1.00,BinSearch,50,50,True,98,3279,790,14,5,8.061224489795919,8.061224489795919,pegasus,16,5640,40484,10,10,36.2570481459843,2,,
M-50-N-50-pa-0.85-pe-1.00,LinearSearch,50,50,False,338,14269,,,,,,pegasus,16,5640,40484,10,0,56.798409409006126,2,,
M-50-N-50-pa-0.85-pe-1.00,LinearSearch With Preprocessing,50,50,False,338,14269,,,,,,pegasus,16,5640,40484,10,0,56.95827345101861,2,,
M-50-N-50-pa-0.85-pe-1.00,LinearSearch With Reduced Qubits,50,50,True,98,3279,790,14,5,8.061224489795919,8.061224489795919,pegasus,16,5640,40484,10,10,34.93107935698936,2,,
M-50-N-50-pa-0.85-pe-1.00,LinearSearch With Preprocessing and Reduced Qubits,50,50,True,98,3279,790,14,5,8.061224489795919,8.061224489795919,pegasus,16,5640,40484,10,10,36.084076136001386,2,,
M-50-N-25-pa-0.55-pe-1.00,BinSearch,50,25,True,75,1919,544,12,4,7.253333333333333,7.253333333333333,pegasus,16,5640,40484,10,10,33.5623616129742,2,,
M-50-N-25-pa-0.55-pe-1.00,LinearSearch,50,25,True,178,5061,2131,36,5,11.97191011235955,11.97191011235955,pegasus,16,5640,40484,10,10,36.64274325297447,2,,
M-50-N-25-pa-0.55-pe-1.00,LinearSearch With Preprocessing,50,25,True,178,5061,2111,35,5,11.859550561797754,11.859550561797754,pegasus,16,5640,40484,10,10,38.00557453400688,2,,
M-50-N-25-pa-0.55-pe-1.00,LinearSearch With Reduced Qubits,50,25,True,75,1919,544,12,4,7.253333333333333,7.253333333333333,pegasus,16,5640,40484,10,10,33.73207782499958,2,,
M-50-N-25-pa-0.55-pe-1.00,LinearSearch With Preprocessing and Reduced Qubits,50,25,True,75,1919,544,12,4,7.253333333333333,7.253333333333333,pegasus,16,5640,40484,10,10,33.523460156982765,2,,
M-50-N-5-pa-0.25-pe-1.00,BinSearch,39,5,True,44,808,226,7,3,5.136363636363637,5.136363636363637,pegasus,16,5640,40484,10,10,25.022699345019646,2,,
M-50-N-5-pa-0.25-pe-1.00,LinearSearch,39,5,True,60,1060,315,8,3,5.25,5.25,pegasus,16,5640,40484,10,10,32.83459521399345,2,,
M-50-N-5-pa-0.25-pe-1.00,LinearSearch With Preprocessing,39,5,True,60,1060,315,8,3,5.25,5.25,pegasus,16,5640,40484,10,10,32.68043337203562,2,,
M-50-N-5-pa-0.25-pe-1.00,LinearSearch With Reduced Qubits,39,5,True,44,808,226,7,3,5.136363636363637,5.136363636363637,pegasus,16,5640,40484,10,10,24.74555076501565,2,,
M-50-N-5-pa-0.25-pe-1.00,LinearSearch With Preprocessing and Reduced Qubits,39,5,True,44,808,226,7,3,5.136363636363637,5.136363636363637,pegasus,16,5640,40484,10,10,24.847636841004714,2,,
M-50-N-25-pa-0.05-pe-1.00,BinSearch,41,25,True,68,931,277,8,1,4.073529411764706,4.073529411764706,pegasus,16,5640,40484,10,10,29.548152385978028,11,,
M-50-N-25-pa-0.05-pe-1.00,LinearSearch,41,25,True,68,931,277,8,1,4.073529411764706,4.073529411764706,pegasus,16,5640,40484,10,10,29.534382209996693,2,,
M-50-N-25-pa-0.05-pe-1.00,LinearSearch,41,25,True,68,931,277,8,1,4.073529411764706,4.073529411764706,pegasus,16,5640,40484,10,10,29.60855630802689,3,,
M-50-N-25-pa-0.05-pe-1.00,LinearSearch,41,25,True,68,931,277,8,1,4.073529411764706,4.073529411764706,pegasus,16,5640,40484,10,10,29.583729478006717,4,,
M-50-N-25-pa-0.05-pe-1.00,LinearSearch,41,25,True,68,931,277,8,1,4.073529411764706,4.073529411764706,pegasus,16,5640,40484,10,10,29.590782468032558,5,,
M-50-N-25-pa-0.05-pe-1.00,LinearSearch,41,25,True,68,931,277,8,1,4.073529411764706,4.073529411764706,pegasus,16,5640,40484,10,10,29.70627742499346,6,,
M-50-N-25-pa-0.05-pe-1.00,LinearSearch,41,25,True,68,931,277,8,1,4.073529411764706,4.073529411764706,pegasus,16,5640,40484,10,10,29.90081860299688,7,,
M-50-N-25-pa-0.05-pe-1.00,LinearSearch,41,25,True,68,931,277,8,1,4.073529411764706,4.073529411764706,pegasus,16,5640,40484,10,10,29.871208238997497,8,,
M-50-N-25-pa-0.05-pe-1.00,LinearSearch,41,25,True,68,931,277,8,1,4.073529411764706,4.073529411764706,pegasus,16,5640,40484,10,10,29.703499408031348,9,,
M-50-N-25-pa-0.05-pe-1.00,LinearSearch,41,25,True,68,931,277,8,1,4.073529411764706,4.073529411764706,pegasus,16,5640,40484,10,10,29.847247920988593,10,,
M-50-N-25-pa-0.05-pe-1.00,LinearSearch,41,25,True,68,931,277,8,1,4.073529411764706,4.073529411764706,pegasus,16,5640,40484,10,10,29.679053951986134,11,,
M-50-N-25-pa-0.05-pe-1.00,LinearSearch With Preprocessing,41,25,True,68,931,277,8,1,4.073529411764706,4.073529411764706,pegasus,16,5640,40484,10,10,29.475020345009398,11,,
M-50-N-25-pa-0.05-pe-1.00,LinearSearch With Reduced Qubits,41,25,True,57,869,255,7,1,4.473684210526316,4.473684210526316,pegasus,16,5640,40484,10,10,16.969263069040608,2,,
M-50-N-25-pa-0.05-pe-1.00,LinearSearch With Reduced Qubits,41,25,True,65,910,274,7,1,4.2153846153846155,4.2153846153846155,pegasus,16,5640,40484,10,10,18.45331062102923,3,,
M-50-N-25-pa-0.05-pe-1.00,LinearSearch With Reduced Qubits,41,25,True,65,910,274,7,1,4.2153846153846155,4.2153846153846155,pegasus,16,5640,40484,10,10,18.596140253008343,4,,
M-50-N-25-pa-0.05-pe-1.00,LinearSearch With Reduced Qubits,41,25,True,68,931,277,8,1,4.073529411764706,4.073529411764706,pegasus,16,5640,40484,10,10,29.446068694989663,5,,
M-50-N-25-pa-0.05-pe-1.00,LinearSearch With Reduced Qubits,41,25,True,68,931,277,8,1,4.073529411764706,4.073529411764706,pegasus,16,5640,40484,10,10,29.75650796701666,6,,
M-50-N-25-pa-0.05-pe-1.00,LinearSearch With Reduced Qubits,41,25,True,68,931,277,8,1,4.073529411764706,4.073529411764706,pegasus,16,5640,40484,10,10,29.559604957001284,7,,
M-50-N-25-pa-0.05-pe-1.00,LinearSearch With Reduced Qubits,41,25,True,68,931,277,8,1,4.073529411764706,4.073529411764706,pegasus,16,5640,40484,10,10,29.62045439699432,8,,
M-50-N-25-pa-0.05-pe-1.00,LinearSearch With Reduced Qubits,41,25,True,68,931,277,8,1,4.073529411764706,4.073529411764706,pegasus,16,5640,40484,10,10,29.752124164020643,9,,
M-50-N-25-pa-0.05-pe-1.00,LinearSearch With Reduced Qubits,41,25,True,68,931,277,8,1,4.073529411764706,4.073529411764706,pegasus,16,5640,40484,10,10,29.87021837796783,10,,
M-50-N-25-pa-0.05-pe-1.00,LinearSearch With Reduced Qubits,41,25,True,68,931,277,8,1,4.073529411764706,4.073529411764706,pegasus,16,5640,40484,10,10,29.786009236006066,11,,
M-50-N-25-pa-0.05-pe-1.00,LinearSearch With Preprocessing and Reduced Qubits,41,25,True,68,931,277,8,1,4.073529411764706,4.073529411764706,pegasus,16,5640,40484,10,10,29.658367466006894,11,,
M-50-N-10-pa-0.05-pe-1.00,BinSearch,21,10,True,33,249,81,4,1,2.4545454545454546,2.4545454545454546,pegasus,16,5640,40484,10,10,4.7715960670029745,8,,
M-50-N-10-pa-0.05-pe-1.00,LinearSearch,21,10,True,33,249,81,4,1,2.4545454545454546,2.4545454545454546,pegasus,16,5640,40484,10,10,4.820362756960094,2,,
M-50-N-10-pa-0.05-pe-1.00,LinearSearch,21,10,True,33,249,81,4,1,2.4545454545454546,2.4545454545454546,pegasus,16,5640,40484,10,10,4.635975509008858,3,,
M-50-N-10-pa-0.05-pe-1.00,LinearSearch,21,10,True,33,249,81,4,1,2.4545454545454546,2.4545454545454546,pegasus,16,5640,40484,10,10,4.652534940978512,4,,
M-50-N-10-pa-0.05-pe-1.00,LinearSearch,21,10,True,33,249,81,4,1,2.4545454545454546,2.4545454545454546,pegasus,16,5640,40484,10,10,4.656213694019243,5,,
M-50-N-10-pa-0.05-pe-1.00,LinearSearch,21,10,True,33,249,81,4,1,2.4545454545454546,2.4545454545454546,pegasus,16,5640,40484,10,10,4.642528077994939,6,,
M-50-N-10-pa-0.05-pe-1.00,LinearSearch,21,10,True,33,249,81,4,1,2.4545454545454546,2.4545454545454546,pegasus,16,5640,40484,10,10,4.6332831010222435,7,,
M-50-N-10-pa-0.05-pe-1.00,LinearSearch,21,10,True,33,249,81,4,1,2.4545454545454546,2.4545454545454546,pegasus,16,5640,40484,10,10,4.625132207002025,8,,
M-50-N-10-pa-0.05-pe-1.00,LinearSearch With Preprocessing,21,10,True,33,249,81,4,1,2.4545454545454546,2.4545454545454546,pegasus,16,5640,40484,10,10,4.659619879035745,8,,
M-50-N-10-pa-0.05-pe-1.00,LinearSearch With Reduced Qubits,21,10,True,28,229,69,4,1,2.4642857142857144,2.4642857142857144,pegasus,16,5640,40484,10,10,4.491027045994997,2,,
M-50-N-10-pa-0.05-pe-1.00,LinearSearch With Reduced Qubits,21,10,True,33,249,81,4,1,2.4545454545454546,2.4545454545454546,pegasus,16,5640,40484,10,10,4.631429004017264,3,,
M-50-N-10-pa-0.05-pe-1.00,LinearSearch With Reduced Qubits,21,10,True,33,249,81,4,1,2.4545454545454546,2.4545454545454546,pegasus,16,5640,40484,10,10,4.650901999033522,4,,
M-50-N-10-pa-0.05-pe-1.00,LinearSearch With Reduced Qubits,21,10,True,33,249,81,4,1,2.4545454545454546,2.4545454545454546,pegasus,16,5640,40484,10,10,4.641853527980857,5,,
M-50-N-10-pa-0.05-pe-1.00,LinearSearch With Reduced Qubits,21,10,True,33,249,81,4,1,2.4545454545454546,2.4545454545454546,pegasus,16,5640,40484,10,10,4.627226441982202,6,,
M-50-N-10-pa-0.05-pe-1.00,LinearSearch With Reduced Qubits,21,10,True,33,249,81,4,1,2.4545454545454546,2.4545454545454546,pegasus,16,5640,40484,10,10,4.632813012984116,7,,
M-50-N-10-pa-0.05-pe-1.00,LinearSearch With Reduced Qubits,21,10,True,33,249,81,4,1,2.4545454545454546,2.4545454545454546,pegasus,16,5640,40484,10,10,4.655808774987236,8,,
M-50-N-10-pa-0.05-pe-1.00,LinearSearch With Preprocessing and Reduced Qubits,21,10,True,33,249,81,4,1,2.4545454545454546,2.4545454545454546,pegasus,16,5640,40484,10,10,4.659985008998774,8,,
M-50-N-10-pa-0.55-pe-1.00,BinSearch,50,10,True,60,1499,397,9,4,6.616666666666666,6.616666666666666,pegasus,16,5640,40484,10,10,32.49621333897812,2,,
M-50-N-10-pa-0.55-pe-1.00,LinearSearch,50,10,True,101,2737,934,18,4,9.247524752475247,9.247524752475247,pegasus,16,5640,40484,10,10,35.59312835894525,2,,
M-50-N-10-pa-0.55-pe-1.00,LinearSearch With Preprocessing,50,10,True,101,2737,934,18,4,9.247524752475247,9.247524752475247,pegasus,16,5640,40484,10,10,35.16793191799661,2,,
M-50-N-10-pa-0.55-pe-1.00,LinearSearch With Reduced Qubits,50,10,True,60,1499,397,9,4,6.616666666666666,6.616666666666666,pegasus,16,5640,40484,10,10,32.51354827499017,2,,
M-50-N-10-pa-0.55-pe-1.00,LinearSearch With Preprocessing and Reduced Qubits,50,10,True,60,1499,397,9,4,6.616666666666666,6.616666666666666,pegasus,16,5640,40484,10,10,33.51101708697388,2,,
M-50-N-50-pa-0.05-pe-1.00,BinSearch,45,48,True,74,1095,327,8,1,4.418918918918919,4.418918918918919,pegasus,16,5640,40484,10,10,32.696227586013265,20,,
M-50-N-50-pa-0.05-pe-1.00,LinearSearch,45,48,True,74,1095,327,8,1,4.418918918918919,4.418918918918919,pegasus,16,5640,40484,10,10,32.78321739699459,2,,
M-50-N-50-pa-0.05-pe-1.00,LinearSearch,45,48,True,74,1095,327,8,1,4.418918918918919,4.418918918918919,pegasus,16,5640,40484,10,10,32.564883552026004,3,,
M-50-N-50-pa-0.05-pe-1.00,LinearSearch,45,48,True,74,1095,327,8,1,4.418918918918919,4.418918918918919,pegasus,16,5640,40484,10,10,32.78731023601722,4,,
M-50-N-50-pa-0.05-pe-1.00,LinearSearch,45,48,True,74,1095,327,8,1,4.418918918918919,4.418918918918919,pegasus,16,5640,40484,10,10,32.994404967990704,5,,
M-50-N-50-pa-0.05-pe-1.00,LinearSearch,45,48,True,74,1095,327,8,1,4.418918918918919,4.418918918918919,pegasus,16,5640,40484,10,10,32.846094566979446,6,,
M-50-N-50-pa-0.05-pe-1.00,LinearSearch,45,48,True,74,1095,327,8,1,4.418918918918919,4.418918918918919,pegasus,16,5640,40484,10,10,32.74140868399991,7,,
M-50-N-50-pa-0.05-pe-1.00,LinearSearch,45,48,True,74,1095,327,8,1,4.418918918918919,4.418918918918919,pegasus,16,5640,40484,10,10,32.51163009001175,8,,
M-50-N-50-pa-0.05-pe-1.00,LinearSearch,45,48,True,74,1095,327,8,1,4.418918918918919,4.418918918918919,pegasus,16,5640,40484,10,10,32.964654690993484,9,,
M-50-N-50-pa-0.05-pe-1.00,LinearSearch,45,48,True,74,1095,327,8,1,4.418918918918919,4.418918918918919,pegasus,16,5640,40484,10,10,32.98615324799903,10,,
M-50-N-50-pa-0.05-pe-1.00,LinearSearch,45,48,True,74,1095,327,8,1,4.418918918918919,4.418918918918919,pegasus,16,5640,40484,10,10,32.98610392102273,11,,
M-50-N-50-pa-0.05-pe-1.00,LinearSearch,45,48,True,74,1095,327,8,1,4.418918918918919,4.418918918918919,pegasus,16,5640,40484,10,10,32.643772370996885,12,,
M-50-N-50-pa-0.05-pe-1.00,LinearSearch,45,48,True,74,1095,327,8,1,4.418918918918919,4.418918918918919,pegasus,16,5640,40484,10,10,32.78755066002486,13,,
M-50-N-50-pa-0.05-pe-1.00,LinearSearch,45,48,True,74,1095,327,8,1,4.418918918918919,4.418918918918919,pegasus,16,5640,40484,10,10,32.624525017046835,14,,
M-50-N-50-pa-0.05-pe-1.00,LinearSearch,45,48,True,74,1095,327,8,1,4.418918918918919,4.418918918918919,pegasus,16,5640,40484,10,10,32.7555123079801,15,,
M-50-N-50-pa-0.05-pe-1.00,LinearSearch,45,48,True,74,1095,327,8,1,4.418918918918919,4.418918918918919,pegasus,16,5640,40484,10,10,32.69969907304039,16,,
M-50-N-50-pa-0.05-pe-1.00,LinearSearch,45,48,True,74,1095,327,8,1,4.418918918918919,4.418918918918919,pegasus,16,5640,40484,10,10,32.62028853298398,17,,
M-50-N-50-pa-0.05-pe-1.00,LinearSearch,45,48,True,74,1095,327,8,1,4.418918918918919,4.418918918918919,pegasus,16,5640,40484,10,10,32.78620088996831,18,,
M-50-N-50-pa-0.05-pe-1.00,LinearSearch,45,48,True,74,1095,327,8,1,4.418918918918919,4.418918918918919,pegasus,16,5640,40484,10,10,32.54645622998942,19,,
M-50-N-50-pa-0.05-pe-1.00,LinearSearch,45,48,True,74,1095,327,8,1,4.418918918918919,4.418918918918919,pegasus,16,5640,40484,10,10,32.978307601995766,20,,
M-50-N-50-pa-0.05-pe-1.00,LinearSearch With Preprocessing,45,48,True,74,1095,327,8,1,4.418918918918919,4.418918918918919,pegasus,16,5640,40484,10,10,33.04034684796352,20,,
M-50-N-50-pa-0.05-pe-1.00,LinearSearch With Reduced Qubits,45,48,True,63,1042,293,8,1,4.650793650793651,4.650793650793651,pegasus,16,5640,40484,10,10,32.49343192897504,2,,
M-50-N-50-pa-0.05-pe-1.00,LinearSearch With Reduced Qubits,45,48,True,73,1088,331,9,1,4.534246575342466,4.534246575342466,pegasus,16,5640,40484,10,10,32.61889861099189,3,,
M-50-N-50-pa-0.05-pe-1.00,LinearSearch With Reduced Qubits,45,48,True,73,1088,330,9,1,4.52054794520548,4.52054794520548,pegasus,16,5640,40484,10,10,32.81683958100621,4,,
M-50-N-50-pa-0.05-pe-1.00,LinearSearch With Reduced Qubits,45,48,True,74,1095,327,8,1,4.418918918918919,4.418918918918919,pegasus,16,5640,40484,10,10,32.69543462799629,5,,
M-50-N-50-pa-0.05-pe-1.00,LinearSearch With Reduced Qubits,45,48,True,74,1095,327,8,1,4.418918918918919,4.418918918918919,pegasus,16,5640,40484,10,10,33.0444736580248,6,,
M-50-N-50-pa-0.05-pe-1.00,LinearSearch With Reduced Qubits,45,48,True,74,1095,327,8,1,4.418918918918919,4.418918918918919,pegasus,16,5640,40484,10,10,32.98537624400342,7,,
M-50-N-50-pa-0.05-pe-1.00,LinearSearch With Reduced Qubits,45,48,True,74,1095,327,8,1,4.418918918918919,4.418918918918919,pegasus,16,5640,40484,10,10,32.98977519402979,8,,
M-50-N-50-pa-0.05-pe-1.00,LinearSearch With Reduced Qubits,45,48,True,74,1095,327,8,1,4.418918918918919,4.418918918918919,pegasus,16,5640,40484,10,10,32.606128710031044,9,,
M-50-N-50-pa-0.05-pe-1.00,LinearSearch With Reduced Qubits,45,48,True,74,1095,327,8,1,4.418918918918919,4.418918918918919,pegasus,16,5640,40484,10,10,32.770747136033606,10,,
M-50-N-50-pa-0.05-pe-1.00,LinearSearch With Reduced Qubits,45,48,True,74,1095,327,8,1,4.418918918918919,4.418918918918919,pegasus,16,5640,40484,10,10,32.6946480210172,11,,
M-50-N-50-pa-0.05-pe-1.00,LinearSearch With Reduced Qubits,45,48,True,74,1095,327,8,1,4.418918918918919,4.418918918918919,pegasus,16,5640,40484,10,10,32.75918891699985,12,,
M-50-N-50-pa-0.05-pe-1.00,LinearSearch With Reduced Qubits,45,48,True,74,1095,327,8,1,4.418918918918919,4.418918918918919,pegasus,16,5640,40484,10,10,32.703594078018796,13,,
M-50-N-50-pa-0.05-pe-1.00,LinearSearch With Reduced Qubits,45,48,True,74,1095,327,8,1,4.418918918918919,4.418918918918919,pegasus,16,5640,40484,10,10,32.883033093006816,14,,
M-50-N-50-pa-0.05-pe-1.00,LinearSearch With Reduced Qubits,45,48,True,74,1095,327,8,1,4.418918918918919,4.418918918918919,pegasus,16,5640,40484,10,10,32.487062653992325,15,,
M-50-N-50-pa-0.05-pe-1.00,LinearSearch With Reduced Qubits,45,48,True,74,1095,327,8,1,4.418918918918919,4.418918918918919,pegasus,16,5640,40484,10,10,32.85561345599126,16,,
M-50-N-50-pa-0.05-pe-1.00,LinearSearch With Reduced Qubits,45,48,True,74,1095,327,8,1,4.418918918918919,4.418918918918919,pegasus,16,5640,40484,10,10,32.68580800999189,17,,
M-50-N-50-pa-0.05-pe-1.00,LinearSearch With Reduced Qubits,45,48,True,74,1095,327,8,1,4.418918918918919,4.418918918918919,pegasus,16,5640,40484,10,10,32.549223402980715,18,,
M-50-N-50-pa-0.05-pe-1.00,LinearSearch With Reduced Qubits,45,48,True,74,1095,327,8,1,4.418918918918919,4.418918918918919,pegasus,16,5640,40484,10,10,32.67387578403577,19,,
M-50-N-50-pa-0.05-pe-1.00,LinearSearch With Reduced Qubits,45,48,True,74,1095,327,8,1,4.418918918918919,4.418918918918919,pegasus,16,5640,40484,10,10,32.7662510300288,20,,
M-50-N-50-pa-0.05-pe-1.00,LinearSearch With Preprocessing and Reduced Qubits,45,48,True,74,1095,327,8,1,4.418918918918919,4.418918918918919,pegasus,16,5640,40484,10,10,32.64729538903339,20,,
M-50-N-50-pa-0.65-pe-1.00,BinSearch,50,50,True,100,2813,795,13,4,7.95,7.95,pegasus,16,5640,40484,10,10,35.18050374102313,2,,
M-50-N-50-pa-0.65-pe-1.00,BinSearch,50,50,True,150,4451,1363,22,4,9.086666666666666,9.086666666666666,pegasus,16,5640,40484,10,10,40.375709472980816,3,,
M-50-N-50-pa-0.65-pe-1.00,LinearSearch,50,50,False,321,10489,,,,,,pegasus,16,5640,40484,10,0,49.685182928980794,2,,
M-50-N-50-pa-0.65-pe-1.00,LinearSearch,50,50,False,321,10489,,,,,,pegasus,16,5640,40484,10,0,49.56238178204512,3,,
M-50-N-50-pa-0.65-pe-1.00,LinearSearch With Preprocessing,50,50,False,321,10489,,,,,,pegasus,16,5640,40484,10,0,49.577576868003234,2,,
M-50-N-50-pa-0.65-pe-1.00,LinearSearch With Preprocessing,50,50,False,321,10489,,,,,,pegasus,16,5640,40484,10,0,49.52697810000973,3,,
M-50-N-50-pa-0.65-pe-1.00,LinearSearch With Reduced Qubits,50,50,True,100,2813,795,13,4,7.95,7.95,pegasus,16,5640,40484,10,10,35.35242468403885,2,,
M-50-N-50-pa-0.65-pe-1.00,LinearSearch With Reduced Qubits,50,50,True,150,4451,1363,22,4,9.086666666666666,9.086666666666666,pegasus,16,5640,40484,10,10,39.933525579981506,3,,
M-50-N-50-pa-0.65-pe-1.00,LinearSearch With Preprocessing and Reduced Qubits,50,50,True,100,2813,795,13,4,7.95,7.95,pegasus,16,5640,40484,10,10,35.14132668398088,2,,
M-50-N-50-pa-0.65-pe-1.00,LinearSearch With Preprocessing and Reduced Qubits,50,50,True,150,4451,1363,22,4,9.086666666666666,9.086666666666666,pegasus,16,5640,40484,10,10,40.248239281994756,3,,
M-50-N-50-pa-0.35-pe-1.00,BinSearch,50,50,True,150,3051,1422,27,2,9.48,9.48,pegasus,16,5640,40484,10,10,38.032092189008836,3,,
M-50-N-50-pa-0.35-pe-1.00,BinSearch,50,50,True,150,3051,1422,27,2,9.48,9.48,pegasus,16,5640,40484,10,10,38.12533332797466,4,,
M-50-N-50-pa-0.35-pe-1.00,LinearSearch,50,50,False,287,5930,,,,,,pegasus,16,5640,40484,10,0,44.51242224796442,2,,
M-50-N-50-pa-0.35-pe-1.00,LinearSearch,50,50,False,287,5930,,,,,,pegasus,16,5640,40484,10,0,44.70627120300196,3,,
M-50-N-50-pa-0.35-pe-1.00,LinearSearch,50,50,False,287,5930,,,,,,pegasus,16,5640,40484,10,0,45.65266487997724,4,,
M-50-N-50-pa-0.35-pe-1.00,LinearSearch With Preprocessing,50,50,False,287,5930,,,,,,pegasus,16,5640,40484,10,0,45.24822539498564,2,,
M-50-N-50-pa-0.35-pe-1.00,LinearSearch With Preprocessing,50,50,False,287,5930,,,,,,pegasus,16,5640,40484,10,0,45.52545359201031,3,,
M-50-N-50-pa-0.35-pe-1.00,LinearSearch With Preprocessing,50,50,False,287,5930,,,,,,pegasus,16,5640,40484,10,0,45.66179735696642,4,,
M-50-N-50-pa-0.35-pe-1.00,LinearSearch With Reduced Qubits,50,50,True,100,2113,756,13,3,7.56,7.56,pegasus,16,5640,40484,10,10,34.89396089600632,2,,
M-50-N-50-pa-0.35-pe-1.00,LinearSearch With Reduced Qubits,50,50,True,150,3051,1422,27,2,9.48,9.48,pegasus,16,5640,40484,10,10,38.07650533900596,3,,
M-50-N-50-pa-0.35-pe-1.00,LinearSearch With Reduced Qubits,50,50,True,150,3051,1422,27,2,9.48,9.48,pegasus,16,5640,40484,10,10,38.09815963701112,4,,
M-50-N-50-pa-0.35-pe-1.00,LinearSearch With Preprocessing and Reduced Qubits,50,50,True,100,2113,756,13,3,7.56,7.56,pegasus,16,5640,40484,10,10,34.87154899601592,2,,
M-50-N-50-pa-0.35-pe-1.00,LinearSearch With Preprocessing and Reduced Qubits,50,50,True,150,3051,1422,27,2,9.48,9.48,pegasus,16,5640,40484,10,10,37.965051444014534,3,,
M-50-N-50-pa-0.35-pe-1.00,LinearSearch With Preprocessing and Reduced Qubits,50,50,True,150,3051,1422,27,2,9.48,9.48,pegasus,16,5640,40484,10,10,38.04672499798471,4,,
M-50-N-10-pa-0.65-pe-1.00,BinSearch,50,10,True,60,1553,405,9,5,6.75,6.75,pegasus,16,5640,40484,10,10,33.607111263030674,2,,
M-50-N-10-pa-0.65-pe-1.00,LinearSearch,50,10,True,105,3163,995,19,4,9.476190476190476,9.476190476190476,pegasus,16,5640,40484,10,10,36.09573130100034,2,,
M-50-N-10-pa-0.65-pe-1.00,LinearSearch With Preprocessing,50,10,True,105,3163,1048,19,5,9.980952380952381,9.980952380952381,pegasus,16,5640,40484,10,10,75.83034475101158,2,,
M-50-N-10-pa-0.65-pe-1.00,LinearSearch With Reduced Qubits,50,10,True,60,1553,405,9,5,6.75,6.75,pegasus,16,5640,40484,10,10,33.446046162978746,2,,
M-50-N-10-pa-0.65-pe-1.00,LinearSearch With Preprocessing and Reduced Qubits,50,10,True,60,1553,405,9,5,6.75,6.75,pegasus,16,5640,40484,10,10,33.44407023198437,2,,
M-50-N-10-pa-0.25-pe-1.00,BinSearch,47,10,True,57,1198,341,8,3,5.982456140350878,5.982456140350878,pegasus,16,5640,40484,10,10,33.762230010994244,2,,
M-50-N-10-pa-0.25-pe-1.00,BinSearch,47,10,True,67,1325,406,9,2,6.059701492537314,6.059701492537314,pegasus,16,5640,40484,10,10,33.84846174705308,3,,
M-50-N-10-pa-0.25-pe-1.00,LinearSearch,47,10,True,87,1609,544,11,2,6.252873563218391,6.252873563218391,pegasus,16,5640,40484,10,10,34.91983312997036,2,,
M-50-N-10-pa-0.25-pe-1.00,LinearSearch,47,10,True,87,1609,544,11,2,6.252873563218391,6.252873563218391,pegasus,16,5640,40484,10,10,35.011319914017804,3,,
M-50-N-10-pa-0.25-pe-1.00,LinearSearch With Preprocessing,47,10,True,87,1609,544,11,2,6.252873563218391,6.252873563218391,pegasus,16,5640,40484,10,10,35.119783372967504,2,,
M-50-N-10-pa-0.25-pe-1.00,LinearSearch With Preprocessing,47,10,True,87,1609,544,11,2,6.252873563218391,6.252873563218391,pegasus,16,5640,40484,10,10,34.985423728008755,3,,
M-50-N-10-pa-0.25-pe-1.00,LinearSearch With Reduced Qubits,47,10,True,57,1198,341,8,3,5.982456140350878,5.982456140350878,pegasus,16,5640,40484,10,10,33.530711422965396,2,,
M-50-N-10-pa-0.25-pe-1.00,LinearSearch With Reduced Qubits,47,10,True,67,1325,406,9,2,6.059701492537314,6.059701492537314,pegasus,16,5640,40484,10,10,33.91067543596728,3,,
M-50-N-10-pa-0.25-pe-1.00,LinearSearch With Preprocessing and Reduced Qubits,47,10,True,57,1198,341,8,3,5.982456140350878,5.982456140350878,pegasus,16,5640,40484,10,10,33.41435115097556,2,,
M-50-N-10-pa-0.25-pe-1.00,LinearSearch With Preprocessing and Reduced Qubits,47,10,True,67,1325,406,9,2,6.059701492537314,6.059701492537314,pegasus,16,5640,40484,10,10,33.80303206201643,3,,
M-50-N-25-pa-0.45-pe-1.00,BinSearch,50,25,True,75,1801,534,10,4,7.12,7.12,pegasus,16,5640,40484,10,10,33.80830634600716,2,,
M-50-N-25-pa-0.45-pe-1.00,BinSearch,50,25,True,100,2402,831,17,4,8.31,8.31,pegasus,16,5640,40484,10,10,34.82284860999789,3,,
M-50-N-25-pa-0.45-pe-1.00,LinearSearch,50,25,True,175,4355,2141,33,5,12.234285714285715,12.234285714285715,pegasus,16,5640,40484,10,10,37.38716124597704,2,,
M-50-N-25-pa-0.45-pe-1.00,LinearSearch,50,25,True,175,4355,2141,33,5,12.234285714285715,12.234285714285715,pegasus,16,5640,40484,10,10,37.33860623603687,3,,
M-50-N-25-pa-0.45-pe-1.00,LinearSearch With Preprocessing,50,25,True,175,4355,2141,33,5,12.234285714285715,12.234285714285715,pegasus,16,5640,40484,10,10,37.259420519985724,2,,
M-50-N-25-pa-0.45-pe-1.00,LinearSearch With Preprocessing,50,25,True,175,4355,2141,33,5,12.234285714285715,12.234285714285715,pegasus,16,5640,40484,10,10,37.26156792702386,3,,
M-50-N-25-pa-0.45-pe-1.00,LinearSearch With Reduced Qubits,50,25,True,75,1801,534,10,4,7.12,7.12,pegasus,16,5640,40484,10,10,34.36199379898608,2,,
M-50-N-25-pa-0.45-pe-1.00,LinearSearch With Reduced Qubits,50,25,True,100,2402,831,17,4,8.31,8.31,pegasus,16,5640,40484,10,10,35.2681539740297,3,,
M-50-N-25-pa-0.45-pe-1.00,LinearSearch With Preprocessing and Reduced Qubits,50,25,True,75,1801,534,10,4,7.12,7.12,pegasus,16,5640,40484,10,10,33.79899470199598,2,,
M-50-N-25-pa-0.45-pe-1.00,LinearSearch With Preprocessing and Reduced Qubits,50,25,True,100,2402,831,17,4,8.31,8.31,pegasus,16,5640,40484,10,10,34.729144916986115,3,,
M-50-N-25-pa-0.25-pe-1.00,BinSearch,50,25,True,100,1858,721,13,2,7.21,7.21,pegasus,16,5640,40484,10,10,35.215968724980485,3,,
M-50-N-25-pa-0.25-pe-1.00,BinSearch,50,25,True,100,1858,721,13,2,7.21,7.21,pegasus,16,5640,40484,10,10,35.03416573902359,4,,
M-50-N-25-pa-0.25-pe-1.00,LinearSearch,50,25,True,149,2613,1453,27,3,9.751677852348994,9.751677852348994,pegasus,16,5640,40484,10,10,39.32458030001726,2,,
M-50-N-25-pa-0.25-pe-1.00,LinearSearch,50,25,True,149,2613,1453,27,3,9.751677852348994,9.751677852348994,pegasus,16,5640,40484,10,10,39.49351762101287,3,,
M-50-N-25-pa-0.25-pe-1.00,LinearSearch,50,25,True,149,2613,1453,27,3,9.751677852348994,9.751677852348994,pegasus,16,5640,40484,10,10,39.37131158396369,4,,
M-50-N-25-pa-0.25-pe-1.00,LinearSearch With Preprocessing,50,25,True,149,2613,1453,27,3,9.751677852348994,9.751677852348994,pegasus,16,5640,40484,10,10,38.99687596102012,3,,
M-50-N-25-pa-0.25-pe-1.00,LinearSearch With Preprocessing,50,25,True,149,2613,1453,27,3,9.751677852348994,9.751677852348994,pegasus,16,5640,40484,10,10,39.49069555097958,4,,
M-50-N-25-pa-0.25-pe-1.00,LinearSearch With Reduced Qubits,50,25,True,75,1529,502,10,4,6.693333333333333,6.693333333333333,pegasus,16,5640,40484,10,10,34.50877827400109,2,,
M-50-N-25-pa-0.25-pe-1.00,LinearSearch With Reduced Qubits,50,25,True,100,1858,721,13,2,7.21,7.21,pegasus,16,5640,40484,10,10,35.03156213497277,3,,
M-50-N-25-pa-0.25-pe-1.00,LinearSearch With Reduced Qubits,50,25,True,100,1858,721,13,2,7.21,7.21,pegasus,16,5640,40484,10,10,35.310483506997116,4,,
M-50-N-25-pa-0.25-pe-1.00,LinearSearch With Preprocessing and Reduced Qubits,50,25,True,100,1858,721,13,2,7.21,7.21,pegasus,16,5640,40484,10,10,35.25399479398038,3,,
M-50-N-25-pa-0.25-pe-1.00,LinearSearch With Preprocessing and Reduced Qubits,50,25,True,100,1858,721,13,2,7.21,7.21,pegasus,16,5640,40484,10,10,35.14108051999938,4,,
M-50-N-25-pa-0.75-pe-1.00,BinSearch,50,25,True,75,2170,538,10,5,7.173333333333333,7.173333333333333,pegasus,16,5640,40484,10,10,34.563748575979844,2,,
M-50-N-25-pa-0.75-pe-1.00,LinearSearch,50,25,True,199,7234,2836,57,5,14.251256281407036,14.251256281407036,pegasus,16,5640,40484,10,7,45.60145413200371,2,,
M-50-N-25-pa-0.75-pe-1.00,LinearSearch With Preprocessing,50,25,True,199,7234,2836,57,5,14.251256281407036,14.251256281407036,pegasus,16,5640,40484,10,7,45.80739689100301,2,,
M-50-N-25-pa-0.75-pe-1.00,LinearSearch With Reduced Qubits,50,25,True,75,2170,538,10,5,7.173333333333333,7.173333333333333,pegasus,16,5640,40484,10,10,34.812453425023705,2,,
M-50-N-25-pa-0.75-pe-1.00,LinearSearch With Preprocessing and Reduced Qubits,50,25,True,75,2170,538,10,5,7.173333333333333,7.173333333333333,pegasus,16,5640,40484,10,10,34.75328858802095,2,,
M-50-N-50-pa-0.75-pe-1.00,BinSearch,50,50,True,100,3086,793,14,4,7.93,7.93,pegasus,16,5640,40484,10,10,35.919147282023914,2,,
M-50-N-50-pa-0.75-pe-1.00,LinearSearch,50,50,False,347,13030,,,,,,pegasus,16,5640,40484,10,0,57.114970143011305,2,,
M-50-N-50-pa-0.75-pe-1.00,LinearSearch With Preprocessing,50,50,False,347,13030,,,,,,pegasus,16,5640,40484,10,0,57.95882904500468,2,,
M-50-N-50-pa-0.75-pe-1.00,LinearSearch With Reduced Qubits,50,50,True,100,3086,793,14,4,7.93,7.93,pegasus,16,5640,40484,10,10,35.97374983399641,2,,
M-50-N-50-pa-0.75-pe-1.00,LinearSearch With Preprocessing and Reduced Qubits,50,50,True,100,3086,793,14,4,7.93,7.93,pegasus,16,5640,40484,10,10,36.05544235900743,2,,
M-50-N-10-pa-0.35-pe-1.00,BinSearch,49,10,True,59,1346,378,8,5,6.406779661016949,6.406779661016949,pegasus,16,5640,40484,10,10,33.14664285600884,2,,
M-50-N-10-pa-0.35-pe-1.00,LinearSearch,49,10,True,94,2045,741,14,3,7.882978723404255,7.882978723404255,pegasus,16,5640,40484,10,10,35.72125295503065,2,,
M-50-N-10-pa-0.35-pe-1.00,LinearSearch With Preprocessing,49,10,True,94,2045,741,14,3,7.882978723404255,7.882978723404255,pegasus,16,5640,40484,10,10,35.89964201702969,2,,
M-50-N-10-pa-0.35-pe-1.00,LinearSearch With Reduced Qubits,49,10,True,59,1346,378,8,5,6.406779661016949,6.406779661016949,pegasus,16,5640,40484,10,10,33.22851551597705,2,,
M-50-N-10-pa-0.35-pe-1.00,LinearSearch With Preprocessing and Reduced Qubits,49,10,True,59,1346,378,8,5,6.406779661016949,6.406779661016949,pegasus,16,5640,40484,10,10,33.042558635992464,2,,
M-50-N-10-pa-0.45-pe-1.00,BinSearch,50,10,True,60,1462,402,9,4,6.7,6.7,pegasus,16,5640,40484,10,10,32.80680245498661,2,,
M-50-N-10-pa-0.45-pe-1.00,LinearSearch,50,10,True,100,2510,914,18,4,9.14,9.14,pegasus,16,5640,40484,10,10,35.72266073501669,2,,
M-50-N-10-pa-0.45-pe-1.00,LinearSearch With Preprocessing,50,10,True,100,2510,914,18,4,9.14,9.14,pegasus,16,5640,40484,10,10,35.68414925399702,2,,
M-50-N-10-pa-0.45-pe-1.00,LinearSearch With Reduced Qubits,50,10,True,60,1462,402,9,4,6.7,6.7,pegasus,16,5640,40484,10,10,33.73568091902416,2,,
M-50-N-10-pa-0.45-pe-1.00,LinearSearch With Preprocessing and Reduced Qubits,50,10,True,60,1462,402,9,4,6.7,6.7,pegasus,16,5640,40484,10,10,32.93655136303278,2,,
M-50-N-50-pa-0.15-pe-1.00,BinSearch,50,50,True,194,2436,1546,32,1,7.969072164948454,7.969072164948454,pegasus,16,5640,40484,10,10,38.957739211968146,7,,
M-50-N-50-pa-0.15-pe-1.00,BinSearch,50,50,True,206,2603,1873,36,1,9.092233009708737,9.092233009708737,pegasus,16,5640,40484,10,10,39.51423093600897,9,,
M-50-N-50-pa-0.15-pe-1.00,BinSearch,50,50,True,194,2436,1546,32,1,7.969072164948454,7.969072164948454,pegasus,16,5640,40484,10,10,42.002780906972475,8,,
M-50-N-50-pa-0.15-pe-1.00,LinearSearch,50,50,True,206,2603,1873,36,1,9.092233009708737,9.092233009708737,pegasus,16,5640,40484,10,10,38.182178554998245,2,,
M-50-N-50-pa-0.15-pe-1.00,LinearSearch,50,50,True,206,2603,1873,36,1,9.092233009708737,9.092233009708737,pegasus,16,5640,40484,10,10,39.505214492965024,3,,
M-50-N-50-pa-0.15-pe-1.00,LinearSearch,50,50,True,206,2603,1873,36,1,9.092233009708737,9.092233009708737,pegasus,16,5640,40484,10,10,40.47163372498471,4,,
M-50-N-50-pa-0.15-pe-1.00,LinearSearch,50,50,True,206,2603,1873,36,1,9.092233009708737,9.092233009708737,pegasus,16,5640,40484,10,10,40.56301575800171,5,,
M-50-N-50-pa-0.15-pe-1.00,LinearSearch,50,50,True,206,2603,1873,36,1,9.092233009708737,9.092233009708737,pegasus,16,5640,40484,10,10,39.42187829199247,6,,
M-50-N-50-pa-0.15-pe-1.00,LinearSearch,50,50,True,206,2603,1873,36,1,9.092233009708737,9.092233009708737,pegasus,16,5640,40484,10,10,40.63141661701957,7,,
M-50-N-50-pa-0.15-pe-1.00,LinearSearch,50,50,True,206,2603,1873,36,1,9.092233009708737,9.092233009708737,pegasus,16,5640,40484,10,10,40.41443576000165,8,,
M-50-N-50-pa-0.15-pe-1.00,LinearSearch,50,50,True,206,2603,1873,36,1,9.092233009708737,9.092233009708737,pegasus,16,5640,40484,10,10,39.58103095495608,9,,
M-50-N-50-pa-0.15-pe-1.00,LinearSearch With Preprocessing,50,50,True,206,2603,1873,36,1,9.092233009708737,9.092233009708737,pegasus,16,5640,40484,10,10,37.65605584299192,5,,
M-50-N-50-pa-0.15-pe-1.00,LinearSearch With Preprocessing,50,50,True,206,2603,1873,36,1,9.092233009708737,9.092233009708737,pegasus,16,5640,40484,10,10,39.75095051899552,6,,
M-50-N-50-pa-0.15-pe-1.00,LinearSearch With Preprocessing,50,50,True,206,2603,1873,36,1,9.092233009708737,9.092233009708737,pegasus,16,5640,40484,10,10,39.47144379100064,7,,
M-50-N-50-pa-0.15-pe-1.00,LinearSearch With Preprocessing,50,50,True,206,2603,1873,36,1,9.092233009708737,9.092233009708737,pegasus,16,5640,40484,10,10,39.46433187799994,8,,
M-50-N-50-pa-0.15-pe-1.00,LinearSearch With Preprocessing,50,50,True,206,2603,1873,36,1,9.092233009708737,9.092233009708737,pegasus,16,5640,40484,10,10,39.32391576899681,9,,
M-50-N-50-pa-0.15-pe-1.00,LinearSearch With Reduced Qubits,50,50,True,100,1590,630,11,1,6.3,6.3,pegasus,16,5640,40484,10,10,34.72585409099702,2,,
M-50-N-50-pa-0.15-pe-1.00,LinearSearch With Reduced Qubits,50,50,True,150,2005,1065,19,1,7.1,7.1,pegasus,16,5640,40484,10,10,38.32026465696981,3,,
M-50-N-50-pa-0.15-pe-1.00,LinearSearch With Reduced Qubits,50,50,True,150,2005,1065,19,1,7.1,7.1,pegasus,16,5640,40484,10,10,38.201196898007765,4,,
M-50-N-50-pa-0.15-pe-1.00,LinearSearch With Reduced Qubits,50,50,True,194,2436,1546,32,1,7.969072164948454,7.969072164948454,pegasus,16,5640,40484,10,10,41.87235684302868,5,,
M-50-N-50-pa-0.15-pe-1.00,LinearSearch With Reduced Qubits,50,50,True,194,2436,1546,32,1,7.969072164948454,7.969072164948454,pegasus,16,5640,40484,10,10,42.184941603045445,6,,
M-50-N-50-pa-0.15-pe-1.00,LinearSearch With Reduced Qubits,50,50,True,194,2436,1546,32,1,7.969072164948454,7.969072164948454,pegasus,16,5640,40484,10,10,42.27265564596746,7,,
M-50-N-50-pa-0.15-pe-1.00,LinearSearch With Reduced Qubits,50,50,True,194,2436,1546,32,1,7.969072164948454,7.969072164948454,pegasus,16,5640,40484,10,10,41.65644950000569,8,,
M-50-N-50-pa-0.15-pe-1.00,LinearSearch With Reduced Qubits,50,50,True,206,2603,1873,36,1,9.092233009708737,9.092233009708737,pegasus,16,5640,40484,10,10,40.515724221011624,9,,
M-50-N-50-pa-0.15-pe-1.00,LinearSearch With Preprocessing and Reduced Qubits,50,50,True,194,2436,1574,31,1,8.11340206185567,8.11340206185567,pegasus,16,5640,40484,10,10,40.34356902196305,5,,
M-50-N-50-pa-0.15-pe-1.00,LinearSearch With Preprocessing and Reduced Qubits,50,50,True,194,2436,1546,32,1,7.969072164948454,7.969072164948454,pegasus,16,5640,40484,10,10,41.88840423198417,6,,
M-50-N-50-pa-0.15-pe-1.00,LinearSearch With Preprocessing and Reduced Qubits,50,50,True,194,2436,1546,32,1,7.969072164948454,7.969072164948454,pegasus,16,5640,40484,10,10,41.929709827003535,7,,
M-50-N-50-pa-0.15-pe-1.00,LinearSearch With Preprocessing and Reduced Qubits,50,50,True,194,2436,1546,32,1,7.969072164948454,7.969072164948454,pegasus,16,5640,40484,10,10,42.34873155801324,8,,
M-50-N-50-pa-0.15-pe-1.00,LinearSearch With Preprocessing and Reduced Qubits,50,50,True,206,2603,1873,36,1,9.092233009708737,9.092233009708737,pegasus,16,5640,40484,10,10,40.51333608396817,9,,
M-50-N-5-pa-0.15-pe-1.00,BinSearch,34,5,True,44,644,191,6,1,4.340909090909091,4.340909090909091,pegasus,16,5640,40484,10,10,18.817025922995526,3,,
M-50-N-5-pa-0.15-pe-1.00,LinearSearch,34,5,True,50,715,213,6,1,4.26,4.26,pegasus,16,5640,40484,10,10,17.227401015989017,2,,
M-50-N-5-pa-0.15-pe-1.00,LinearSearch,34,5,True,50,715,213,6,1,4.26,4.26,pegasus,16,5640,40484,10,10,17.161207675992046,3,,
M-50-N-5-pa-0.15-pe-1.00,LinearSearch With Preprocessing,34,5,True,50,715,213,6,1,4.26,4.26,pegasus,16,5640,40484,10,10,17.201171355962288,3,,
M-50-N-5-pa-0.15-pe-1.00,LinearSearch With Reduced Qubits,34,5,True,39,600,174,6,2,4.461538461538462,4.461538461538462,pegasus,16,5640,40484,10,10,13.079830572998617,2,,
M-50-N-5-pa-0.15-pe-1.00,LinearSearch With Reduced Qubits,34,5,True,44,644,191,6,1,4.340909090909091,4.340909090909091,pegasus,16,5640,40484,10,10,18.898844712006394,3,,
M-50-N-5-pa-0.15-pe-1.00,LinearSearch With Preprocessing and Reduced Qubits,34,5,True,44,644,191,6,1,4.340909090909091,4.340909090909091,pegasus,16,5640,40484,10,10,18.89131910301512,3,,
M-50-N-25-pa-0.35-pe-1.00,BinSearch,50,25,True,75,1676,517,10,3,6.8933333333333335,6.8933333333333335,pegasus,16,5640,40484,10,10,33.748946076026186,2,,
M-50-N-25-pa-0.35-pe-1.00,BinSearch,50,25,True,100,2152,761,13,4,7.61,7.61,pegasus,16,5640,40484,10,10,34.11938539898256,3,,
M-50-N-25-pa-0.35-pe-1.00,LinearSearch,50,25,True,167,3586,1863,29,3,11.155688622754491,11.155688622754491,pegasus,16,5640,40484,10,10,37.60785298800329,2,,
M-50-N-25-pa-0.35-pe-1.00,LinearSearch,50,25,True,167,3586,1863,29,3,11.155688622754491,11.155688622754491,pegasus,16,5640,40484,10,10,38.15554212295683,3,,
M-50-N-25-pa-0.35-pe-1.00,LinearSearch With Preprocessing,50,25,True,167,3586,1863,29,3,11.155688622754491,11.155688622754491,pegasus,16,5640,40484,10,10,38.08926614804659,2,,
M-50-N-25-pa-0.35-pe-1.00,LinearSearch With Preprocessing,50,25,True,167,3586,1863,29,3,11.155688622754491,11.155688622754491,pegasus,16,5640,40484,10,10,37.96159775002161,3,,
M-50-N-25-pa-0.35-pe-1.00,LinearSearch With Reduced Qubits,50,25,True,75,1676,517,10,3,6.8933333333333335,6.8933333333333335,pegasus,16,5640,40484,10,10,34.276905014005024,2,,
M-50-N-25-pa-0.35-pe-1.00,LinearSearch With Reduced Qubits,50,25,True,100,2152,761,13,4,7.61,7.61,pegasus,16,5640,40484,10,10,34.99357210897142,3,,
M-50-N-25-pa-0.35-pe-1.00,LinearSearch With Preprocessing and Reduced Qubits,50,25,True,75,1676,517,10,3,6.8933333333333335,6.8933333333333335,pegasus,16,5640,40484,10,10,33.87968080496648,2,,
M-50-N-25-pa-0.35-pe-1.00,LinearSearch With Preprocessing and Reduced Qubits,50,25,True,100,2152,761,13,4,7.61,7.61,pegasus,16,5640,40484,10,10,34.949899979983456,3,,
M-50-N-25-pa-0.15-pe-1.00,BinSearch,50,25,True,118,1817,788,14,2,6.677966101694915,6.677966101694915,pegasus,16,5640,40484,10,10,35.51783148502,6,,
M-50-N-25-pa-0.15-pe-1.00,BinSearch,50,25,True,118,1817,788,14,2,6.677966101694915,6.677966101694915,pegasus,16,5640,40484,10,10,35.06004640302854,7,,
M-50-N-25-pa-0.15-pe-1.00,LinearSearch,50,25,True,127,1937,901,16,2,7.094488188976378,7.094488188976378,pegasus,16,5640,40484,10,10,35.00494241795968,2,,
M-50-N-25-pa-0.15-pe-1.00,LinearSearch,50,25,True,127,1937,901,16,2,7.094488188976378,7.094488188976378,pegasus,16,5640,40484,10,10,35.20825863501523,3,,
M-50-N-25-pa-0.15-pe-1.00,LinearSearch,50,25,True,127,1937,901,16,2,7.094488188976378,7.094488188976378,pegasus,16,5640,40484,10,10,35.436724271043204,4,,
M-50-N-25-pa-0.15-pe-1.00,LinearSearch,50,25,True,127,1937,901,16,2,7.094488188976378,7.094488188976378,pegasus,16,5640,40484,10,10,35.15653326001484,5,,
M-50-N-25-pa-0.15-pe-1.00,LinearSearch,50,25,True,127,1937,901,16,2,7.094488188976378,7.094488188976378,pegasus,16,5640,40484,10,10,35.25699953100411,6,,
M-50-N-25-pa-0.15-pe-1.00,LinearSearch,50,25,True,127,1937,901,16,2,7.094488188976378,7.094488188976378,pegasus,16,5640,40484,10,10,35.45699398196302,7,,
M-50-N-25-pa-0.15-pe-1.00,LinearSearch With Preprocessing,50,25,True,127,1937,901,16,2,7.094488188976378,7.094488188976378,pegasus,16,5640,40484,10,10,35.03908149100607,5,,
M-50-N-25-pa-0.15-pe-1.00,LinearSearch With Preprocessing,50,25,True,127,1937,901,16,2,7.094488188976378,7.094488188976378,pegasus,16,5640,40484,10,10,35.60380648000864,6,,
M-50-N-25-pa-0.15-pe-1.00,LinearSearch With Preprocessing,50,25,True,127,1937,901,16,2,7.094488188976378,7.094488188976378,pegasus,16,5640,40484,10,10,35.41474710498005,7,,
M-50-N-25-pa-0.15-pe-1.00,LinearSearch With Reduced Qubits,50,25,True,74,1406,449,9,1,6.0675675675675675,6.0675675675675675,pegasus,16,5640,40484,10,10,33.53365632001078,2,,
M-50-N-25-pa-0.15-pe-1.00,LinearSearch With Reduced Qubits,50,25,True,98,1611,593,11,2,6.051020408163265,6.051020408163265,pegasus,16,5640,40484,10,10,34.17615199496504,3,,
M-50-N-25-pa-0.15-pe-1.00,LinearSearch With Reduced Qubits,50,25,True,98,1611,593,11,2,6.051020408163265,6.051020408163265,pegasus,16,5640,40484,10,10,34.47895458602579,4,,
M-50-N-25-pa-0.15-pe-1.00,LinearSearch With Reduced Qubits,50,25,True,118,1817,788,14,2,6.677966101694915,6.677966101694915,pegasus,16,5640,40484,10,10,35.70580280199647,5,,
M-50-N-25-pa-0.15-pe-1.00,LinearSearch With Reduced Qubits,50,25,True,118,1817,788,14,2,6.677966101694915,6.677966101694915,pegasus,16,5640,40484,10,10,35.56760408397531,6,,
M-50-N-25-pa-0.15-pe-1.00,LinearSearch With Reduced Qubits,50,25,True,118,1817,788,14,2,6.677966101694915,6.677966101694915,pegasus,16,5640,40484,10,10,35.65991877799388,7,,
M-50-N-25-pa-0.15-pe-1.00,LinearSearch With Preprocessing and Reduced Qubits,50,25,True,118,1817,788,14,2,6.677966101694915,6.677966101694915,pegasus,16,5640,40484,10,10,35.45882859203266,5,,
M-50-N-25-pa-0.15-pe-1.00,LinearSearch With Preprocessing and Reduced Qubits,50,25,True,118,1817,788,14,2,6.677966101694915,6.677966101694915,pegasus,16,5640,40484,10,10,35.46985292399768,6,,
M-50-N-25-pa-0.15-pe-1.00,LinearSearch With Preprocessing and Reduced Qubits,50,25,True,118,1817,788,14,2,6.677966101694915,6.677966101694915,pegasus,16,5640,40484,10,10,35.914779643993825,7,,
M-50-N-25-pa-0.65-pe-1.00,BinSearch,50,25,True,75,2022,554,11,4,7.386666666666667,7.386666666666667,pegasus,16,5640,40484,10,10,33.389362610003445,2,,
M-50-N-25-pa-0.65-pe-1.00,LinearSearch,50,25,True,186,5905,2587,43,4,13.908602150537634,13.908602150537634,pegasus,16,5640,40484,10,8,39.96925286098849,2,,
M-50-N-25-pa-0.65-pe-1.00,LinearSearch With Preprocessing,50,25,True,186,5905,2587,43,4,13.908602150537634,13.908602150537634,pegasus,16,5640,40484,10,8,39.806048378988635,2,,
M-50-N-25-pa-0.65-pe-1.00,LinearSearch With Reduced Qubits,50,25,True,75,2022,554,11,4,7.386666666666667,7.386666666666667,pegasus,16,5640,40484,10,10,33.49013659002958,2,,
M-50-N-25-pa-0.65-pe-1.00,LinearSearch With Preprocessing and Reduced Qubits,50,25,True,75,2022,554,11,4,7.386666666666667,7.386666666666667,pegasus,16,5640,40484,10,10,33.598856880969834,2,,
M-50-N-10-pa-0.15-pe-1.00,BinSearch,39,10,True,59,889,283,7,2,4.796610169491525,4.796610169491525,pegasus,16,5640,40484,10,10,30.21154625696363,3,,
M-50-N-10-pa-0.15-pe-1.00,BinSearch,39,10,True,59,889,283,7,2,4.796610169491525,4.796610169491525,pegasus,16,5640,40484,10,10,30.333498293999583,4,,
M-50-N-10-pa-0.15-pe-1.00,LinearSearch,39,10,True,70,1006,346,9,2,4.942857142857143,4.942857142857143,pegasus,16,5640,40484,10,10,32.684521839022636,2,,
M-50-N-10-pa-0.15-pe-1.00,LinearSearch,39,10,True,70,1006,346,9,2,4.942857142857143,4.942857142857143,pegasus,16,5640,40484,10,10,32.77500439202413,3,,
M-50-N-10-pa-0.15-pe-1.00,LinearSearch,39,10,True,70,1006,346,9,2,4.942857142857143,4.942857142857143,pegasus,16,5640,40484,10,10,32.82894433801994,4,,
M-50-N-10-pa-0.15-pe-1.00,LinearSearch With Preprocessing,39,10,True,70,1006,346,9,2,4.942857142857143,4.942857142857143,pegasus,16,5640,40484,10,10,32.744358739000745,3,,
M-50-N-10-pa-0.15-pe-1.00,LinearSearch With Preprocessing,39,10,True,70,1006,346,9,2,4.942857142857143,4.942857142857143,pegasus,16,5640,40484,10,10,32.989597201987635,4,,
M-50-N-10-pa-0.15-pe-1.00,LinearSearch With Reduced Qubits,39,10,True,49,810,241,7,2,4.918367346938775,4.918367346938775,pegasus,16,5640,40484,10,10,16.033158831996843,2,,
M-50-N-10-pa-0.15-pe-1.00,LinearSearch With Reduced Qubits,39,10,True,59,889,283,7,2,4.796610169491525,4.796610169491525,pegasus,16,5640,40484,10,10,30.267213048005942,3,,
M-50-N-10-pa-0.15-pe-1.00,LinearSearch With Reduced Qubits,39,10,True,59,889,283,7,2,4.796610169491525,4.796610169491525,pegasus,16,5640,40484,10,10,30.19327843404608,4,,
M-50-N-10-pa-0.15-pe-1.00,LinearSearch With Preprocessing and Reduced Qubits,39,10,True,59,889,283,7,2,4.796610169491525,4.796610169491525,pegasus,16,5640,40484,10,10,70.37330058898078,3,,
M-50-N-10-pa-0.15-pe-1.00,LinearSearch With Preprocessing and Reduced Qubits,39,10,True,59,889,283,7,2,4.796610169491525,4.796610169491525,pegasus,16,5640,40484,10,10,30.348175601975527,4,,
M-50-N-50-pa-0.45-pe-1.00,BinSearch,50,50,True,150,3555,1236,21,2,8.24,8.24,pegasus,16,5640,40484,10,10,36.19105220603524,3,,
M-50-N-50-pa-0.45-pe-1.00,BinSearch,50,50,True,100,2365,765,13,3,7.65,7.65,pegasus,16,5640,40484,10,10,35.607262397010345,2,,
M-50-N-50-pa-0.45-pe-1.00,LinearSearch,50,50,False,300,7425,,,,,,pegasus,16,5640,40484,10,0,50.148305980023,2,,
M-50-N-50-pa-0.45-pe-1.00,LinearSearch,50,50,False,300,7425,,,,,,pegasus,16,5640,40484,10,0,50.32142222602852,3,,
M-50-N-50-pa-0.45-pe-1.00,LinearSearch With Preprocessing,50,50,False,300,7425,,,,,,pegasus,16,5640,40484,10,0,50.55807150196051,2,,
M-50-N-50-pa-0.45-pe-1.00,LinearSearch With Preprocessing,50,50,False,300,7425,,,,,,pegasus,16,5640,40484,10,0,50.766640892019495,3,,
M-50-N-50-pa-0.45-pe-1.00,LinearSearch With Reduced Qubits,50,50,True,100,2365,765,13,3,7.65,7.65,pegasus,16,5640,40484,10,10,35.63621194998268,2,,
M-50-N-50-pa-0.45-pe-1.00,LinearSearch With Reduced Qubits,50,50,True,150,3555,1236,21,2,8.24,8.24,pegasus,16,5640,40484,10,10,36.17207051499281,3,,
M-50-N-50-pa-0.45-pe-1.00,LinearSearch With Preprocessing and Reduced Qubits,50,50,True,100,2365,765,13,3,7.65,7.65,pegasus,16,5640,40484,10,10,35.92268076003529,2,,
M-50-N-50-pa-0.45-pe-1.00,LinearSearch With Preprocessing and Reduced Qubits,50,50,True,150,3555,1236,21,2,8.24,8.24,pegasus,16,5640,40484,10,10,36.26218844001414,3,,
