problem_id,algorithm,universe_size,num_test_cases,num_qubits,num_couplers,total_true_mhs,total_found_mhs,global_found_ratio,runtime_seconds
M-5-N-10-pa-0.05-pe-1.0042,BinSearch,5,5,5,10,1,1,1.0,0.1817159652709961
M-5-N-10-pa-0.05-pe-1.0042,LinearSearch,5,5,5,10,1,1,1.0,0.23448729515075684
M-5-N-10-pa-0.05-pe-1.0042,LinearSearch With Preprocessing,5,5,5,10,1,1,1.0,0.11942577362060547
M-5-N-10-pa-0.05-pe-1.0042,LinearSearch With Reduced Qubits,5,5,5,10,1,1,1.0,0.23645830154418945
M-5-N-10-pa-0.05-pe-1.0042,LinearSearch With Preprocessing and Reduced Qubits,5,5,5,10,1,1,1.0,0.12962031364440918
M-5-N-5-pa-0.85-pe-1.0042,BinSearch,5,4,0,0,1,1,1.0,0.00019049644470214844
M-5-N-5-pa-0.85-pe-1.0042,LinearSearch,5,4,0,0,1,1,1.0,0.0001423358917236328
M-5-N-5-pa-0.85-pe-1.0042,LinearSearch With Preprocessing,5,4,0,0,1,1,1.0,0.00011181831359863281
M-5-N-5-pa-0.85-pe-1.0042,LinearSearch With Reduced Qubits,5,4,0,0,1,1,1.0,0.0001087188720703125
M-5-N-5-pa-0.85-pe-1.0042,LinearSearch With Preprocessing and Reduced Qubits,5,4,0,0,1,1,1.0,0.00010561943054199219
M-5-N-25-pa-0.75-pe-1.0042,BinSearch,5,12,10,20,1,1,1.0,0.16249608993530273
M-5-N-25-pa-0.75-pe-1.0042,LinearSearch,5,12,10,20,1,1,1.0,0.16830158233642578
M-5-N-25-pa-0.75-pe-1.0042,LinearSearch With Preprocessing,5,12,10,20,1,1,1.0,0.1692047119140625
M-5-N-25-pa-0.75-pe-1.0042,LinearSearch With Reduced Qubits,5,12,10,20,1,1,1.0,0.17766475677490234
M-5-N-25-pa-0.75-pe-1.0042,LinearSearch With Preprocessing and Reduced Qubits,5,12,10,20,1,1,1.0,0.1669468879699707
M-5-N-10-pa-0.35-pe-1.0042,BinSearch,5,9,6,12,2,2,1.0,0.1403942108154297
M-5-N-10-pa-0.35-pe-1.0042,LinearSearch,5,9,6,12,2,2,1.0,0.37500929832458496
M-5-N-10-pa-0.35-pe-1.0042,LinearSearch With Preprocessing,5,9,6,12,2,2,1.0,0.12418389320373535
M-5-N-10-pa-0.35-pe-1.0042,LinearSearch With Reduced Qubits,5,9,6,12,2,2,1.0,0.3783237934112549
M-5-N-10-pa-0.35-pe-1.0042,LinearSearch With Preprocessing and Reduced Qubits,5,9,6,12,2,2,1.0,0.13388609886169434
M-5-N-50-pa-0.65-pe-1.0042,BinSearch,5,23,5,10,1,1,1.0,0.11854743957519531
M-5-N-50-pa-0.65-pe-1.0042,LinearSearch,5,23,5,10,1,1,1.0,0.2321929931640625
M-5-N-50-pa-0.65-pe-1.0042,LinearSearch With Preprocessing,5,23,5,10,1,1,1.0,0.13102960586547852
M-5-N-50-pa-0.65-pe-1.0042,LinearSearch With Reduced Qubits,5,23,5,10,1,1,1.0,0.23871922492980957
M-5-N-50-pa-0.65-pe-1.0042,LinearSearch With Preprocessing and Reduced Qubits,5,23,5,10,1,1,1.0,0.13048863410949707
M-5-N-50-pa-0.45-pe-1.0042,BinSearch,5,29,5,10,1,1,1.0,0.12960100173950195
M-5-N-50-pa-0.45-pe-1.0042,LinearSearch,5,29,5,10,1,1,1.0,0.4515092372894287
M-5-N-50-pa-0.45-pe-1.0042,LinearSearch With Preprocessing,5,29,5,10,1,1,1.0,0.12106966972351074
M-5-N-50-pa-0.45-pe-1.0042,LinearSearch With Reduced Qubits,5,29,5,10,1,1,1.0,0.4769132137298584
M-5-N-50-pa-0.45-pe-1.0042,LinearSearch With Preprocessing and Reduced Qubits,5,29,5,10,1,1,1.0,0.11838603019714355
M-5-N-25-pa-0.25-pe-1.0042,BinSearch,5,12,5,10,1,1,1.0,0.11531472206115723
M-5-N-25-pa-0.25-pe-1.0042,LinearSearch,5,12,5,10,1,1,1.0,0.4701685905456543
M-5-N-25-pa-0.25-pe-1.0042,LinearSearch With Preprocessing,5,12,5,10,1,1,1.0,0.12079644203186035
M-5-N-25-pa-0.25-pe-1.0042,LinearSearch With Reduced Qubits,5,12,5,10,1,1,1.0,0.47851991653442383
M-5-N-25-pa-0.25-pe-1.0042,LinearSearch With Preprocessing and Reduced Qubits,5,12,5,10,1,1,1.0,0.12872672080993652
M-5-N-50-pa-0.05-pe-1.0042,BinSearch,5,8,5,10,1,1,1.0,0.125518798828125
M-5-N-50-pa-0.05-pe-1.0042,LinearSearch,5,8,5,10,1,1,1.0,0.4855647087097168
M-5-N-50-pa-0.05-pe-1.0042,LinearSearch With Preprocessing,5,8,5,10,1,1,1.0,0.12512540817260742
M-5-N-50-pa-0.05-pe-1.0042,LinearSearch With Reduced Qubits,5,8,5,10,1,1,1.0,0.4924783706665039
M-5-N-50-pa-0.05-pe-1.0042,LinearSearch With Preprocessing and Reduced Qubits,5,8,5,10,1,1,1.0,0.12050700187683105
M-5-N-25-pa-0.05-pe-1.0042,BinSearch,5,10,5,10,1,1,1.0,0.12227225303649902
M-5-N-25-pa-0.05-pe-1.0042,LinearSearch,5,10,5,10,1,1,1.0,0.4702298641204834
M-5-N-25-pa-0.05-pe-1.0042,LinearSearch With Preprocessing,5,10,5,10,1,1,1.0,0.12297987937927246
M-5-N-25-pa-0.05-pe-1.0042,LinearSearch With Reduced Qubits,5,10,5,10,1,1,1.0,0.4785127639770508
M-5-N-25-pa-0.05-pe-1.0042,LinearSearch With Preprocessing and Reduced Qubits,5,10,5,10,1,1,1.0,0.1205742359161377
M-5-N-5-pa-0.75-pe-1.0042,BinSearch,5,5,0,0,1,1,1.0,0.00024080276489257812
M-5-N-5-pa-0.75-pe-1.0042,LinearSearch,5,5,0,0,1,1,1.0,0.0001304149627685547
M-5-N-5-pa-0.75-pe-1.0042,LinearSearch With Preprocessing,5,5,0,0,1,1,1.0,0.0001232624053955078
M-5-N-5-pa-0.75-pe-1.0042,LinearSearch With Reduced Qubits,5,5,0,0,1,1,1.0,0.00011897087097167969
M-5-N-5-pa-0.75-pe-1.0042,LinearSearch With Preprocessing and Reduced Qubits,5,5,0,0,1,1,1.0,0.00011587142944335938
M-5-N-25-pa-0.85-pe-1.0042,BinSearch,5,10,10,26,6,6,1.0,0.16790342330932617
M-5-N-25-pa-0.85-pe-1.0042,LinearSearch,5,10,15,47,6,6,1.0,0.24356389045715332
M-5-N-25-pa-0.85-pe-1.0042,LinearSearch With Preprocessing,5,10,15,47,6,6,1.0,0.21329331398010254
M-5-N-25-pa-0.85-pe-1.0042,LinearSearch With Reduced Qubits,5,10,10,26,6,6,1.0,0.18791794776916504
M-5-N-25-pa-0.85-pe-1.0042,LinearSearch With Preprocessing and Reduced Qubits,5,10,10,26,6,6,1.0,0.1834878921508789
M-5-N-50-pa-0.55-pe-1.0042,BinSearch,5,24,5,10,1,1,1.0,0.12623238563537598
M-5-N-50-pa-0.55-pe-1.0042,LinearSearch,5,24,5,10,1,1,1.0,0.35135412216186523
M-5-N-50-pa-0.55-pe-1.0042,LinearSearch With Preprocessing,5,24,5,10,1,1,1.0,0.11685299873352051
M-5-N-50-pa-0.55-pe-1.0042,LinearSearch With Reduced Qubits,5,24,5,10,1,1,1.0,0.3650393486022949
M-5-N-50-pa-0.55-pe-1.0042,LinearSearch With Preprocessing and Reduced Qubits,5,24,5,10,1,1,1.0,0.1187753677368164
M-5-N-50-pa-0.35-pe-1.0042,BinSearch,5,22,5,10,1,1,1.0,0.11773848533630371
M-5-N-50-pa-0.35-pe-1.0042,LinearSearch,5,22,5,10,1,1,1.0,0.4606812000274658
M-5-N-50-pa-0.35-pe-1.0042,LinearSearch With Preprocessing,5,22,5,10,1,1,1.0,0.11998224258422852
M-5-N-50-pa-0.35-pe-1.0042,LinearSearch With Reduced Qubits,5,22,5,10,1,1,1.0,0.47667956352233887
M-5-N-50-pa-0.35-pe-1.0042,LinearSearch With Preprocessing and Reduced Qubits,5,22,5,10,1,1,1.0,0.13304686546325684
M-5-N-5-pa-0.95-pe-1.0042,BinSearch,5,1,0,0,5,5,1.0,0.00013446807861328125
M-5-N-5-pa-0.95-pe-1.0042,LinearSearch,5,1,0,0,5,5,1.0,8.7738037109375e-05
M-5-N-5-pa-0.95-pe-1.0042,LinearSearch With Preprocessing,5,1,0,0,5,5,1.0,8.225440979003906e-05
M-5-N-5-pa-0.95-pe-1.0042,LinearSearch With Reduced Qubits,5,1,0,0,5,5,1.0,8.058547973632812e-05
M-5-N-5-pa-0.95-pe-1.0042,LinearSearch With Preprocessing and Reduced Qubits,5,1,0,0,5,5,1.0,7.772445678710938e-05
M-5-N-5-pa-0.35-pe-1.0042,BinSearch,5,5,5,10,1,1,1.0,0.11562561988830566
M-5-N-5-pa-0.35-pe-1.0042,LinearSearch,5,5,5,10,1,1,1.0,0.11463785171508789
M-5-N-5-pa-0.35-pe-1.0042,LinearSearch With Preprocessing,5,5,5,10,1,1,1.0,0.12220907211303711
M-5-N-5-pa-0.35-pe-1.0042,LinearSearch With Reduced Qubits,5,5,5,10,1,1,1.0,0.11591291427612305
M-5-N-5-pa-0.35-pe-1.0042,LinearSearch With Preprocessing and Reduced Qubits,5,5,5,10,1,1,1.0,0.11768484115600586
M-5-N-50-pa-0.25-pe-1.0042,BinSearch,5,19,5,10,1,1,1.0,0.12157297134399414
M-5-N-50-pa-0.25-pe-1.0042,LinearSearch,5,19,5,10,1,1,1.0,0.4623394012451172
M-5-N-50-pa-0.25-pe-1.0042,LinearSearch With Preprocessing,5,19,5,10,1,1,1.0,0.11638069152832031
M-5-N-50-pa-0.25-pe-1.0042,LinearSearch With Reduced Qubits,5,19,5,10,1,1,1.0,0.48721742630004883
M-5-N-50-pa-0.25-pe-1.0042,LinearSearch With Preprocessing and Reduced Qubits,5,19,5,10,1,1,1.0,0.11890888214111328
M-5-N-50-pa-0.95-pe-1.0042,BinSearch,5,7,9,25,9,9,1.0,0.15851163864135742
M-5-N-50-pa-0.95-pe-1.0042,LinearSearch,5,7,13,44,9,9,1.0,0.2071387767791748
M-5-N-50-pa-0.95-pe-1.0042,LinearSearch With Preprocessing,5,7,13,44,9,9,1.0,0.22507286071777344
M-5-N-50-pa-0.95-pe-1.0042,LinearSearch With Reduced Qubits,5,7,9,25,9,9,1.0,0.17004036903381348
M-5-N-50-pa-0.95-pe-1.0042,LinearSearch With Preprocessing and Reduced Qubits,5,7,9,25,9,9,1.0,0.1619577407836914
M-5-N-50-pa-0.15-pe-1.0042,BinSearch,5,16,5,10,1,1,1.0,0.12079048156738281
M-5-N-50-pa-0.15-pe-1.0042,LinearSearch,5,16,5,10,1,1,1.0,0.45621156692504883
M-5-N-50-pa-0.15-pe-1.0042,LinearSearch With Preprocessing,5,16,5,10,1,1,1.0,0.12892556190490723
M-5-N-50-pa-0.15-pe-1.0042,LinearSearch With Reduced Qubits,5,16,5,10,1,1,1.0,0.49978184700012207
M-5-N-50-pa-0.15-pe-1.0042,LinearSearch With Preprocessing and Reduced Qubits,5,16,5,10,1,1,1.0,0.1288607120513916
M-5-N-10-pa-0.45-pe-1.0042,BinSearch,5,10,9,18,2,2,1.0,0.15919017791748047
M-5-N-10-pa-0.45-pe-1.0042,LinearSearch,5,10,9,18,2,2,1.0,0.33624911308288574
M-5-N-10-pa-0.45-pe-1.0042,LinearSearch With Preprocessing,5,10,9,18,2,2,1.0,0.16232013702392578
M-5-N-10-pa-0.45-pe-1.0042,LinearSearch With Reduced Qubits,5,10,9,18,2,2,1.0,0.3365650177001953
M-5-N-10-pa-0.45-pe-1.0042,LinearSearch With Preprocessing and Reduced Qubits,5,10,9,18,2,2,1.0,0.1622152328491211
M-5-N-50-pa-0.75-pe-1.0042,BinSearch,5,14,8,16,2,2,1.0,0.14540600776672363
M-5-N-50-pa-0.75-pe-1.0042,LinearSearch,5,14,8,16,2,2,1.0,0.14439010620117188
M-5-N-50-pa-0.75-pe-1.0042,LinearSearch With Preprocessing,5,14,8,16,2,2,1.0,0.16296696662902832
M-5-N-50-pa-0.75-pe-1.0042,LinearSearch With Reduced Qubits,5,14,8,16,2,2,1.0,0.15652680397033691
M-5-N-50-pa-0.75-pe-1.0042,LinearSearch With Preprocessing and Reduced Qubits,5,14,8,16,2,2,1.0,0.14521217346191406
M-5-N-5-pa-0.45-pe-1.0042,BinSearch,4,4,5,8,2,2,1.0,0.12111973762512207
M-5-N-5-pa-0.45-pe-1.0042,LinearSearch,4,4,5,8,2,2,1.0,0.12404298782348633
M-5-N-5-pa-0.45-pe-1.0042,LinearSearch With Preprocessing,4,4,5,8,2,2,1.0,0.12032508850097656
M-5-N-5-pa-0.45-pe-1.0042,LinearSearch With Reduced Qubits,4,4,5,8,2,2,1.0,0.1221933364868164
M-5-N-5-pa-0.45-pe-1.0042,LinearSearch With Preprocessing and Reduced Qubits,4,4,5,8,2,2,1.0,0.11771821975708008
M-5-N-5-pa-0.05-pe-1.0042,BinSearch,2,2,2,1,1,1,1.0,0.09662747383117676
M-5-N-5-pa-0.05-pe-1.0042,LinearSearch,2,2,2,1,1,1,1.0,0.09474349021911621
M-5-N-5-pa-0.05-pe-1.0042,LinearSearch With Preprocessing,2,2,2,1,1,1,1.0,0.09117746353149414
M-5-N-5-pa-0.05-pe-1.0042,LinearSearch With Reduced Qubits,2,2,2,1,1,1,1.0,0.08977317810058594
M-5-N-5-pa-0.05-pe-1.0042,LinearSearch With Preprocessing and Reduced Qubits,2,2,2,1,1,1,1.0,0.09358477592468262
M-5-N-10-pa-0.55-pe-1.0042,BinSearch,5,7,9,20,2,2,1.0,0.1650397777557373
M-5-N-10-pa-0.55-pe-1.0042,LinearSearch,5,7,11,28,2,2,1.0,0.1860811710357666
M-5-N-10-pa-0.55-pe-1.0042,LinearSearch With Preprocessing,5,7,11,28,2,2,1.0,0.18338608741760254
M-5-N-10-pa-0.55-pe-1.0042,LinearSearch With Reduced Qubits,5,7,9,20,2,2,1.0,0.16582655906677246
M-5-N-10-pa-0.55-pe-1.0042,LinearSearch With Preprocessing and Reduced Qubits,5,7,9,20,2,2,1.0,0.16217947006225586
M-5-N-10-pa-0.75-pe-1.0042,BinSearch,5,8,9,21,4,4,1.0,0.1639392375946045
M-5-N-10-pa-0.75-pe-1.0042,LinearSearch,5,8,12,33,4,4,1.0,0.21149706840515137
M-5-N-10-pa-0.75-pe-1.0042,LinearSearch With Preprocessing,5,8,12,33,4,4,1.0,0.20807766914367676
M-5-N-10-pa-0.75-pe-1.0042,LinearSearch With Reduced Qubits,5,8,9,21,4,4,1.0,0.1562976837158203
M-5-N-10-pa-0.75-pe-1.0042,LinearSearch With Preprocessing and Reduced Qubits,5,8,9,21,4,4,1.0,0.1539018154144287
M-5-N-5-pa-0.55-pe-1.0042,BinSearch,4,3,0,0,1,1,1.0,0.00013780593872070312
M-5-N-5-pa-0.55-pe-1.0042,LinearSearch,4,3,0,0,1,1,1.0,8.893013000488281e-05
M-5-N-5-pa-0.55-pe-1.0042,LinearSearch With Preprocessing,4,3,0,0,1,1,1.0,8.273124694824219e-05
M-5-N-5-pa-0.55-pe-1.0042,LinearSearch With Reduced Qubits,4,3,0,0,1,1,1.0,7.963180541992188e-05
M-5-N-5-pa-0.55-pe-1.0042,LinearSearch With Preprocessing and Reduced Qubits,4,3,0,0,1,1,1.0,7.677078247070312e-05
M-5-N-25-pa-0.35-pe-1.0042,BinSearch,5,14,5,10,1,1,1.0,0.12476181983947754
M-5-N-25-pa-0.35-pe-1.0042,LinearSearch,5,14,5,10,1,1,1.0,0.3619978427886963
M-5-N-25-pa-0.35-pe-1.0042,LinearSearch With Preprocessing,5,14,5,10,1,1,1.0,0.11808228492736816
M-5-N-25-pa-0.35-pe-1.0042,LinearSearch With Reduced Qubits,5,14,5,10,1,1,1.0,0.3507347106933594
M-5-N-25-pa-0.35-pe-1.0042,LinearSearch With Preprocessing and Reduced Qubits,5,14,5,10,1,1,1.0,0.11919140815734863
M-5-N-25-pa-0.65-pe-1.0042,BinSearch,5,18,7,14,1,1,1.0,0.14373540878295898
M-5-N-25-pa-0.65-pe-1.0042,LinearSearch,5,18,7,14,1,1,1.0,0.27591872215270996
M-5-N-25-pa-0.65-pe-1.0042,LinearSearch With Preprocessing,5,18,7,14,1,1,1.0,0.13455796241760254
M-5-N-25-pa-0.65-pe-1.0042,LinearSearch With Reduced Qubits,5,18,7,14,1,1,1.0,0.2812645435333252
M-5-N-25-pa-0.65-pe-1.0042,LinearSearch With Preprocessing and Reduced Qubits,5,18,7,14,1,1,1.0,0.14408087730407715
M-5-N-50-pa-0.85-pe-1.0042,BinSearch,5,13,9,20,3,3,1.0,0.16365718841552734
M-5-N-50-pa-0.85-pe-1.0042,LinearSearch,5,13,11,28,3,3,1.0,0.18539690971374512
M-5-N-50-pa-0.85-pe-1.0042,LinearSearch With Preprocessing,5,13,11,28,3,3,1.0,0.1894063949584961
M-5-N-50-pa-0.85-pe-1.0042,LinearSearch With Reduced Qubits,5,13,9,20,3,3,1.0,0.1767106056213379
M-5-N-50-pa-0.85-pe-1.0042,LinearSearch With Preprocessing and Reduced Qubits,5,13,9,20,3,3,1.0,0.1669318675994873
M-5-N-5-pa-0.15-pe-1.0042,BinSearch,4,4,4,6,1,1,1.0,0.1157689094543457
M-5-N-5-pa-0.15-pe-1.0042,LinearSearch,4,4,4,6,1,1,1.0,0.3210408687591553
M-5-N-5-pa-0.15-pe-1.0042,LinearSearch With Preprocessing,4,4,4,6,1,1,1.0,0.10980606079101562
M-5-N-5-pa-0.15-pe-1.0042,LinearSearch With Reduced Qubits,4,4,4,6,1,1,1.0,0.33066701889038086
M-5-N-5-pa-0.15-pe-1.0042,LinearSearch With Preprocessing and Reduced Qubits,4,4,4,6,1,1,1.0,0.11074566841125488
M-5-N-10-pa-0.65-pe-1.0042,BinSearch,5,9,10,23,2,2,1.0,0.16706275939941406
M-5-N-10-pa-0.65-pe-1.0042,LinearSearch,5,9,13,35,2,2,1.0,0.20180201530456543
M-5-N-10-pa-0.65-pe-1.0042,LinearSearch With Preprocessing,5,9,13,35,2,2,1.0,0.19411087036132812
M-5-N-10-pa-0.65-pe-1.0042,LinearSearch With Reduced Qubits,5,9,10,23,2,2,1.0,0.1774137020111084
M-5-N-10-pa-0.65-pe-1.0042,LinearSearch With Preprocessing and Reduced Qubits,5,9,10,23,2,2,1.0,0.19026923179626465
M-5-N-25-pa-0.95-pe-1.0042,BinSearch,5,4,0,0,2,2,1.0,0.00015497207641601562
M-5-N-25-pa-0.95-pe-1.0042,LinearSearch,5,4,0,0,2,2,1.0,0.00010251998901367188
M-5-N-25-pa-0.95-pe-1.0042,LinearSearch With Preprocessing,5,4,0,0,2,2,1.0,9.846687316894531e-05
M-5-N-25-pa-0.95-pe-1.0042,LinearSearch With Reduced Qubits,5,4,0,0,2,2,1.0,9.512901306152344e-05
M-5-N-25-pa-0.95-pe-1.0042,LinearSearch With Preprocessing and Reduced Qubits,5,4,0,0,2,2,1.0,9.250640869140625e-05
M-5-N-25-pa-0.55-pe-1.0042,BinSearch,5,20,6,12,2,2,1.0,0.13556742668151855
M-5-N-25-pa-0.55-pe-1.0042,LinearSearch,5,20,6,12,2,2,1.0,0.3841671943664551
M-5-N-25-pa-0.55-pe-1.0042,LinearSearch With Preprocessing,5,20,6,12,2,2,1.0,0.1281113624572754
M-5-N-25-pa-0.55-pe-1.0042,LinearSearch With Reduced Qubits,5,20,6,12,2,2,1.0,0.3878285884857178
M-5-N-25-pa-0.55-pe-1.0042,LinearSearch With Preprocessing and Reduced Qubits,5,20,6,12,2,2,1.0,0.13352513313293457
M-5-N-10-pa-0.25-pe-1.0042,BinSearch,4,6,4,6,1,1,1.0,0.10872125625610352
M-5-N-10-pa-0.25-pe-1.0042,LinearSearch,4,6,4,6,1,1,1.0,0.21395516395568848
M-5-N-10-pa-0.25-pe-1.0042,LinearSearch With Preprocessing,4,6,4,6,1,1,1.0,0.1102902889251709
M-5-N-10-pa-0.25-pe-1.0042,LinearSearch With Reduced Qubits,4,6,4,6,1,1,1.0,0.21823573112487793
M-5-N-10-pa-0.25-pe-1.0042,LinearSearch With Preprocessing and Reduced Qubits,4,6,4,6,1,1,1.0,0.11451935768127441
M-5-N-10-pa-0.15-pe-1.0042,BinSearch,4,5,4,6,1,1,1.0,0.11910629272460938
M-5-N-10-pa-0.15-pe-1.0042,LinearSearch,4,5,4,6,1,1,1.0,0.3210272789001465
M-5-N-10-pa-0.15-pe-1.0042,LinearSearch With Preprocessing,4,5,4,6,1,1,1.0,0.11975407600402832
M-5-N-10-pa-0.15-pe-1.0042,LinearSearch With Reduced Qubits,4,5,4,6,1,1,1.0,0.33921146392822266
M-5-N-10-pa-0.15-pe-1.0042,LinearSearch With Preprocessing and Reduced Qubits,4,5,4,6,1,1,1.0,0.10885429382324219
M-5-N-10-pa-0.85-pe-1.0042,BinSearch,5,6,0,0,1,1,1.0,0.00019860267639160156
M-5-N-10-pa-0.85-pe-1.0042,LinearSearch,5,6,0,0,1,1,1.0,0.00011968612670898438
M-5-N-10-pa-0.85-pe-1.0042,LinearSearch With Preprocessing,5,6,0,0,1,1,1.0,0.00011205673217773438
M-5-N-10-pa-0.85-pe-1.0042,LinearSearch With Reduced Qubits,5,6,0,0,1,1,1.0,0.00015616416931152344
M-5-N-10-pa-0.85-pe-1.0042,LinearSearch With Preprocessing and Reduced Qubits,5,6,0,0,1,1,1.0,0.00011014938354492188
M-5-N-10-pa-0.95-pe-1.0042,BinSearch,5,2,0,0,4,4,1.0,0.00010323524475097656
M-5-N-10-pa-0.95-pe-1.0042,LinearSearch,5,2,0,0,4,4,1.0,9.512901306152344e-05
M-5-N-10-pa-0.95-pe-1.0042,LinearSearch With Preprocessing,5,2,0,0,4,4,1.0,9.298324584960938e-05
M-5-N-10-pa-0.95-pe-1.0042,LinearSearch With Reduced Qubits,5,2,0,0,4,4,1.0,9.202957153320312e-05
M-5-N-10-pa-0.95-pe-1.0042,LinearSearch With Preprocessing and Reduced Qubits,5,2,0,0,4,4,1.0,9.059906005859375e-05
M-5-N-25-pa-0.15-pe-1.0042,BinSearch,5,10,5,10,1,1,1.0,0.12443423271179199
M-5-N-25-pa-0.15-pe-1.0042,LinearSearch,5,10,5,10,1,1,1.0,0.4717371463775635
M-5-N-25-pa-0.15-pe-1.0042,LinearSearch With Preprocessing,5,10,5,10,1,1,1.0,0.11891293525695801
M-5-N-25-pa-0.15-pe-1.0042,LinearSearch With Reduced Qubits,5,10,5,10,1,1,1.0,0.47336339950561523
M-5-N-25-pa-0.15-pe-1.0042,LinearSearch With Preprocessing and Reduced Qubits,5,10,5,10,1,1,1.0,0.12085509300231934
M-5-N-25-pa-0.45-pe-1.0042,BinSearch,5,15,6,12,2,2,1.0,0.13548874855041504
M-5-N-25-pa-0.45-pe-1.0042,LinearSearch,5,15,6,12,2,2,1.0,0.38060832023620605
M-5-N-25-pa-0.45-pe-1.0042,LinearSearch With Preprocessing,5,15,6,12,2,2,1.0,0.14467549324035645
M-5-N-25-pa-0.45-pe-1.0042,LinearSearch With Reduced Qubits,5,15,6,12,2,2,1.0,0.381633996963501
M-5-N-25-pa-0.45-pe-1.0042,LinearSearch With Preprocessing and Reduced Qubits,5,15,6,12,2,2,1.0,0.12546944618225098
M-5-N-5-pa-0.65-pe-1.0042,BinSearch,5,4,0,0,2,2,1.0,0.0001475811004638672
M-5-N-5-pa-0.65-pe-1.0042,LinearSearch,5,4,0,0,2,2,1.0,9.751319885253906e-05
M-5-N-5-pa-0.65-pe-1.0042,LinearSearch With Preprocessing,5,4,0,0,2,2,1.0,9.083747863769531e-05
M-5-N-5-pa-0.65-pe-1.0042,LinearSearch With Reduced Qubits,5,4,0,0,2,2,1.0,0.00011968612670898438
M-5-N-5-pa-0.65-pe-1.0042,LinearSearch With Preprocessing and Reduced Qubits,5,4,0,0,2,2,1.0,9.083747863769531e-05
M-5-N-5-pa-0.25-pe-1.0042,BinSearch,5,5,6,12,2,2,1.0,0.1284656524658203
M-5-N-5-pa-0.25-pe-1.0042,LinearSearch,5,5,6,12,2,2,1.0,0.38828253746032715
M-5-N-5-pa-0.25-pe-1.0042,LinearSearch With Preprocessing,5,5,6,12,2,2,1.0,0.1280672550201416
M-5-N-5-pa-0.25-pe-1.0042,LinearSearch With Reduced Qubits,5,5,6,12,2,2,1.0,0.37578582763671875
M-5-N-5-pa-0.25-pe-1.0042,LinearSearch With Preprocessing and Reduced Qubits,5,5,6,12,2,2,1.0,0.12824368476867676
M-10-N-5-pa-0.15-pe-1.0042,BinSearch,8,5,11,37,1,1,1.0,0.19843268394470215
M-10-N-5-pa-0.15-pe-1.0042,LinearSearch,8,5,11,37,1,1,1.0,0.37181520462036133
M-10-N-5-pa-0.15-pe-1.0042,LinearSearch With Preprocessing,8,5,11,37,1,1,1.0,0.17902779579162598
M-10-N-5-pa-0.15-pe-1.0042,LinearSearch With Reduced Qubits,8,5,11,37,1,1,1.0,0.36562561988830566
M-10-N-5-pa-0.15-pe-1.0042,LinearSearch With Preprocessing and Reduced Qubits,8,5,11,37,1,1,1.0,0.1863105297088623
M-10-N-50-pa-0.75-pe-1.0042,BinSearch,10,48,31,165,15,15,1.0,0.7654101848602295
M-10-N-50-pa-0.75-pe-1.0042,LinearSearch,10,48,39,227,15,15,1.0,1.050445795059204
M-10-N-50-pa-0.75-pe-1.0042,LinearSearch With Preprocessing,10,48,39,227,15,15,1.0,1.0760197639465332
M-10-N-50-pa-0.75-pe-1.0042,LinearSearch With Reduced Qubits,10,48,31,165,15,15,1.0,0.7507145404815674
M-10-N-50-pa-0.75-pe-1.0042,LinearSearch With Preprocessing and Reduced Qubits,10,48,31,165,15,15,1.0,0.7394058704376221
M-10-N-5-pa-0.55-pe-1.0042,BinSearch,10,5,14,64,10,10,1.0,0.2376861572265625
M-10-N-5-pa-0.55-pe-1.0042,LinearSearch,10,5,20,102,10,10,1.0,0.28922462463378906
M-10-N-5-pa-0.55-pe-1.0042,LinearSearch With Preprocessing,10,5,20,102,10,10,1.0,0.31715822219848633
M-10-N-5-pa-0.55-pe-1.0042,LinearSearch With Reduced Qubits,10,5,14,64,10,10,1.0,0.22665977478027344
M-10-N-5-pa-0.55-pe-1.0042,LinearSearch With Preprocessing and Reduced Qubits,10,5,14,64,10,10,1.0,0.22651267051696777
M-10-N-50-pa-0.15-pe-1.0042,BinSearch,10,36,10,45,1,1,1.0,0.18358564376831055
M-10-N-50-pa-0.15-pe-1.0042,LinearSearch,10,36,10,45,1,1,1.0,1.5481758117675781
M-10-N-50-pa-0.15-pe-1.0042,LinearSearch With Preprocessing,10,36,10,45,1,1,1.0,0.18456697463989258
M-10-N-50-pa-0.15-pe-1.0042,LinearSearch With Reduced Qubits,10,36,10,45,1,1,1.0,1.5673699378967285
M-10-N-50-pa-0.15-pe-1.0042,LinearSearch With Preprocessing and Reduced Qubits,10,36,10,45,1,1,1.0,0.17475366592407227
M-10-N-10-pa-0.15-pe-1.0042,BinSearch,10,9,15,58,8,8,1.0,0.46411800384521484
M-10-N-10-pa-0.15-pe-1.0042,LinearSearch,10,9,15,58,8,8,1.0,0.9390203952789307
M-10-N-10-pa-0.15-pe-1.0042,LinearSearch With Preprocessing,10,9,15,58,8,8,1.0,0.46619582176208496
M-10-N-10-pa-0.15-pe-1.0042,LinearSearch With Reduced Qubits,10,9,15,58,8,8,1.0,0.9358351230621338
M-10-N-10-pa-0.15-pe-1.0042,LinearSearch With Preprocessing and Reduced Qubits,10,9,15,58,8,8,1.0,0.47104978561401367
M-10-N-50-pa-0.05-pe-1.0042,BinSearch,10,22,10,45,1,1,1.0,0.17583346366882324
M-10-N-50-pa-0.05-pe-1.0042,LinearSearch,10,22,10,45,1,1,1.0,1.755244255065918
M-10-N-50-pa-0.05-pe-1.0042,LinearSearch With Preprocessing,10,22,10,45,1,1,1.0,0.1753544807434082
M-10-N-50-pa-0.05-pe-1.0042,LinearSearch With Reduced Qubits,10,22,10,45,1,1,1.0,1.7892792224884033
M-10-N-50-pa-0.05-pe-1.0042,LinearSearch With Preprocessing and Reduced Qubits,10,22,10,45,1,1,1.0,0.18479609489440918
M-10-N-25-pa-0.95-pe-1.0042,BinSearch,10,7,0,0,4,4,1.0,0.00021386146545410156
M-10-N-25-pa-0.95-pe-1.0042,LinearSearch,10,7,0,0,4,4,1.0,0.0001506805419921875
M-10-N-25-pa-0.95-pe-1.0042,LinearSearch With Preprocessing,10,7,0,0,4,4,1.0,0.00014328956604003906
M-10-N-25-pa-0.95-pe-1.0042,LinearSearch With Reduced Qubits,10,7,0,0,4,4,1.0,0.0001437664031982422
M-10-N-25-pa-0.95-pe-1.0042,LinearSearch With Preprocessing and Reduced Qubits,10,7,0,0,4,4,1.0,0.00014019012451171875
M-10-N-50-pa-0.45-pe-1.0042,BinSearch,10,46,40,166,3,3,1.0,1.0408518314361572
M-10-N-50-pa-0.45-pe-1.0042,LinearSearch,10,46,42,180,3,3,1.0,1.568080186843872
M-10-N-50-pa-0.45-pe-1.0042,LinearSearch With Preprocessing,10,46,42,180,3,3,1.0,1.058194875717163
M-10-N-50-pa-0.45-pe-1.0042,LinearSearch With Reduced Qubits,10,46,40,166,3,3,1.0,1.4303333759307861
M-10-N-50-pa-0.45-pe-1.0042,LinearSearch With Preprocessing and Reduced Qubits,10,46,40,166,3,3,1.0,1.0158305168151855
M-10-N-5-pa-0.65-pe-1.0042,BinSearch,10,5,0,0,1,1,1.0,0.00017070770263671875
M-10-N-5-pa-0.65-pe-1.0042,LinearSearch,10,5,0,0,1,1,1.0,0.00011587142944335938
M-10-N-5-pa-0.65-pe-1.0042,LinearSearch With Preprocessing,10,5,0,0,1,1,1.0,0.00011205673217773438
M-10-N-5-pa-0.65-pe-1.0042,LinearSearch With Reduced Qubits,10,5,0,0,1,1,1.0,0.00011110305786132812
M-10-N-5-pa-0.65-pe-1.0042,LinearSearch With Preprocessing and Reduced Qubits,10,5,0,0,1,1,1.0,0.0001068115234375
M-10-N-50-pa-0.35-pe-1.0042,BinSearch,10,46,22,72,3,3,1.0,0.615189790725708
M-10-N-50-pa-0.35-pe-1.0042,LinearSearch,10,46,22,72,3,3,1.0,1.515744924545288
M-10-N-50-pa-0.35-pe-1.0042,LinearSearch With Preprocessing,10,46,22,72,3,3,1.0,0.5890634059906006
M-10-N-50-pa-0.35-pe-1.0042,LinearSearch With Reduced Qubits,10,46,22,72,3,3,1.0,1.5083272457122803
M-10-N-50-pa-0.35-pe-1.0042,LinearSearch With Preprocessing and Reduced Qubits,10,46,22,72,3,3,1.0,0.6205518245697021
M-10-N-25-pa-0.85-pe-1.0042,BinSearch,10,21,19,110,25,25,1.0,0.3145873546600342
M-10-N-25-pa-0.85-pe-1.0042,LinearSearch,10,21,37,267,25,25,1.0,0.5253198146820068
M-10-N-25-pa-0.85-pe-1.0042,LinearSearch With Preprocessing,10,21,37,267,25,25,1.0,0.5238800048828125
M-10-N-25-pa-0.85-pe-1.0042,LinearSearch With Reduced Qubits,10,21,19,110,25,25,1.0,0.2971665859222412
M-10-N-25-pa-0.85-pe-1.0042,LinearSearch With Preprocessing and Reduced Qubits,10,21,19,110,25,25,1.0,0.3018777370452881
M-10-N-10-pa-0.75-pe-1.0042,BinSearch,10,10,17,95,26,26,1.0,0.27219414710998535
M-10-N-10-pa-0.75-pe-1.0042,LinearSearch,10,10,31,216,26,26,1.0,0.4654574394226074
M-10-N-10-pa-0.75-pe-1.0042,LinearSearch With Preprocessing,10,10,31,216,26,26,1.0,0.48718953132629395
M-10-N-10-pa-0.75-pe-1.0042,LinearSearch With Reduced Qubits,10,10,17,95,26,26,1.0,0.272907018661499
M-10-N-10-pa-0.75-pe-1.0042,LinearSearch With Preprocessing and Reduced Qubits,10,10,17,95,26,26,1.0,0.26714229583740234
M-10-N-25-pa-0.25-pe-1.0042,BinSearch,10,24,13,51,3,3,1.0,0.20741772651672363
M-10-N-25-pa-0.25-pe-1.0042,LinearSearch,10,24,13,51,3,3,1.0,1.0553698539733887
M-10-N-25-pa-0.25-pe-1.0042,LinearSearch With Preprocessing,10,24,13,51,3,3,1.0,0.20408916473388672
M-10-N-25-pa-0.25-pe-1.0042,LinearSearch With Reduced Qubits,10,24,13,51,3,3,1.0,1.1020753383636475
M-10-N-25-pa-0.25-pe-1.0042,LinearSearch With Preprocessing and Reduced Qubits,10,24,13,51,3,3,1.0,0.20482993125915527
M-10-N-50-pa-0.95-pe-1.0042,BinSearch,10,16,17,102,38,38,1.0,0.27681899070739746
M-10-N-50-pa-0.95-pe-1.0042,LinearSearch,10,16,33,261,38,38,1.0,0.4917600154876709
M-10-N-50-pa-0.95-pe-1.0042,LinearSearch With Preprocessing,10,16,33,261,38,38,1.0,0.48851513862609863
M-10-N-50-pa-0.95-pe-1.0042,LinearSearch With Reduced Qubits,10,16,17,102,38,38,1.0,0.27092742919921875
M-10-N-50-pa-0.95-pe-1.0042,LinearSearch With Preprocessing and Reduced Qubits,10,16,17,102,38,38,1.0,0.27189087867736816
M-10-N-5-pa-0.25-pe-1.0042,BinSearch,7,5,9,25,4,4,1.0,0.16274309158325195
M-10-N-5-pa-0.25-pe-1.0042,LinearSearch,7,5,9,25,4,4,1.0,0.6482586860656738
M-10-N-5-pa-0.25-pe-1.0042,LinearSearch With Preprocessing,7,5,9,25,4,4,1.0,0.1523122787475586
M-10-N-5-pa-0.25-pe-1.0042,LinearSearch With Reduced Qubits,7,5,9,25,4,4,1.0,0.6513402462005615
M-10-N-5-pa-0.25-pe-1.0042,LinearSearch With Preprocessing and Reduced Qubits,7,5,9,25,4,4,1.0,0.17207598686218262
M-10-N-5-pa-0.75-pe-1.0042,BinSearch,10,5,0,0,2,2,1.0,0.00019025802612304688
M-10-N-5-pa-0.75-pe-1.0042,LinearSearch,10,5,0,0,2,2,1.0,0.00013780593872070312
M-10-N-5-pa-0.75-pe-1.0042,LinearSearch With Preprocessing,10,5,0,0,2,2,1.0,0.00013065338134765625
M-10-N-5-pa-0.75-pe-1.0042,LinearSearch With Reduced Qubits,10,5,0,0,2,2,1.0,0.00012922286987304688
M-10-N-5-pa-0.75-pe-1.0042,LinearSearch With Preprocessing and Reduced Qubits,10,5,0,0,2,2,1.0,0.0001246929168701172
M-10-N-5-pa-0.35-pe-1.0042,BinSearch,10,5,0,0,1,1,1.0,0.00011324882507324219
M-10-N-5-pa-0.35-pe-1.0042,LinearSearch,10,5,0,0,1,1,1.0,0.00010180473327636719
M-10-N-5-pa-0.35-pe-1.0042,LinearSearch With Preprocessing,10,5,0,0,1,1,1.0,0.00010132789611816406
M-10-N-5-pa-0.35-pe-1.0042,LinearSearch With Reduced Qubits,10,5,0,0,1,1,1.0,9.918212890625e-05
M-10-N-5-pa-0.35-pe-1.0042,LinearSearch With Preprocessing and Reduced Qubits,10,5,0,0,1,1,1.0,9.822845458984375e-05
M-10-N-10-pa-0.55-pe-1.0042,BinSearch,10,10,27,133,19,19,1.0,0.6549723148345947
M-10-N-10-pa-0.55-pe-1.0042,LinearSearch,10,10,33,177,19,19,1.0,0.8821887969970703
M-10-N-10-pa-0.55-pe-1.0042,LinearSearch With Preprocessing,10,10,33,177,19,19,1.0,0.8829250335693359
M-10-N-10-pa-0.55-pe-1.0042,LinearSearch With Reduced Qubits,10,10,27,133,19,19,1.0,0.6833329200744629
M-10-N-10-pa-0.55-pe-1.0042,LinearSearch With Preprocessing and Reduced Qubits,10,10,27,133,19,19,1.0,0.6677894592285156
M-10-N-25-pa-0.35-pe-1.0042,BinSearch,10,25,12,52,3,3,1.0,0.1999497413635254
M-10-N-25-pa-0.35-pe-1.0042,LinearSearch,10,25,12,52,3,3,1.0,1.0345525741577148
M-10-N-25-pa-0.35-pe-1.0042,LinearSearch With Preprocessing,10,25,12,52,3,3,1.0,0.19677424430847168
M-10-N-25-pa-0.35-pe-1.0042,LinearSearch With Reduced Qubits,10,25,12,52,3,3,1.0,1.0901975631713867
M-10-N-25-pa-0.35-pe-1.0042,LinearSearch With Preprocessing and Reduced Qubits,10,25,12,52,3,3,1.0,0.2125401496887207
M-10-N-10-pa-0.35-pe-1.0042,BinSearch,10,10,19,79,2,2,1.0,0.28753161430358887
M-10-N-10-pa-0.35-pe-1.0042,LinearSearch,10,10,19,79,2,2,1.0,0.5484459400177002
M-10-N-10-pa-0.35-pe-1.0042,LinearSearch With Preprocessing,10,10,19,79,2,2,1.0,0.288968563079834
M-10-N-10-pa-0.35-pe-1.0042,LinearSearch With Reduced Qubits,10,10,19,79,2,2,1.0,0.5031461715698242
M-10-N-10-pa-0.35-pe-1.0042,LinearSearch With Preprocessing and Reduced Qubits,10,10,19,79,2,2,1.0,0.27500033378601074
M-10-N-50-pa-0.25-pe-1.0042,BinSearch,10,45,12,49,4,4,1.0,0.195326566696167
M-10-N-50-pa-0.25-pe-1.0042,LinearSearch,10,45,12,49,4,4,1.0,1.5553908348083496
M-10-N-50-pa-0.25-pe-1.0042,LinearSearch With Preprocessing,10,45,12,49,4,4,1.0,0.1993706226348877
M-10-N-50-pa-0.25-pe-1.0042,LinearSearch With Reduced Qubits,10,45,12,49,4,4,1.0,1.5373988151550293
M-10-N-50-pa-0.25-pe-1.0042,LinearSearch With Preprocessing and Reduced Qubits,10,45,12,49,4,4,1.0,0.20811057090759277
M-10-N-25-pa-0.15-pe-1.0042,BinSearch,10,21,13,51,2,2,1.0,0.21677517890930176
M-10-N-25-pa-0.15-pe-1.0042,LinearSearch,10,21,13,51,2,2,1.0,1.312953233718872
M-10-N-25-pa-0.15-pe-1.0042,LinearSearch With Preprocessing,10,21,13,51,2,2,1.0,0.21079158782958984
M-10-N-25-pa-0.15-pe-1.0042,LinearSearch With Reduced Qubits,10,21,13,51,2,2,1.0,1.2956392765045166
M-10-N-25-pa-0.15-pe-1.0042,LinearSearch With Preprocessing and Reduced Qubits,10,21,13,51,2,2,1.0,0.2074413299560547
M-10-N-50-pa-0.85-pe-1.0042,BinSearch,10,29,20,114,18,18,1.0,0.3164358139038086
M-10-N-50-pa-0.85-pe-1.0042,LinearSearch,10,29,40,282,18,18,1.0,0.5666470527648926
M-10-N-50-pa-0.85-pe-1.0042,LinearSearch With Preprocessing,10,29,40,282,18,18,1.0,0.561121940612793
M-10-N-50-pa-0.85-pe-1.0042,LinearSearch With Reduced Qubits,10,29,20,114,18,18,1.0,0.3032796382904053
M-10-N-50-pa-0.85-pe-1.0042,LinearSearch With Preprocessing and Reduced Qubits,10,29,20,114,18,18,1.0,0.30766773223876953
M-10-N-25-pa-0.45-pe-1.0042,BinSearch,10,25,28,114,12,12,1.0,0.7313597202301025
M-10-N-25-pa-0.45-pe-1.0042,LinearSearch,10,25,30,128,12,12,1.0,1.1705119609832764
M-10-N-25-pa-0.45-pe-1.0042,LinearSearch With Preprocessing,10,25,30,128,12,12,1.0,0.7994334697723389
M-10-N-25-pa-0.45-pe-1.0042,LinearSearch With Reduced Qubits,10,25,28,114,12,12,1.0,1.0357275009155273
M-10-N-25-pa-0.45-pe-1.0042,LinearSearch With Preprocessing and Reduced Qubits,10,25,28,114,12,12,1.0,0.7602384090423584
M-10-N-5-pa-0.85-pe-1.0042,BinSearch,10,3,0,0,6,6,1.0,0.00026988983154296875
M-10-N-5-pa-0.85-pe-1.0042,LinearSearch,10,3,0,0,6,6,1.0,0.0002288818359375
M-10-N-5-pa-0.85-pe-1.0042,LinearSearch With Preprocessing,10,3,0,0,6,6,1.0,0.0002143383026123047
M-10-N-5-pa-0.85-pe-1.0042,LinearSearch With Reduced Qubits,10,3,0,0,6,6,1.0,0.00020766258239746094
M-10-N-5-pa-0.85-pe-1.0042,LinearSearch With Preprocessing and Reduced Qubits,10,3,0,0,6,6,1.0,0.0002028942108154297
M-10-N-5-pa-0.05-pe-1.0042,BinSearch,6,5,7,17,2,2,1.0,0.14140701293945312
M-10-N-5-pa-0.05-pe-1.0042,LinearSearch,6,5,7,17,2,2,1.0,0.4208669662475586
M-10-N-5-pa-0.05-pe-1.0042,LinearSearch With Preprocessing,6,5,7,17,2,2,1.0,0.1509394645690918
M-10-N-5-pa-0.05-pe-1.0042,LinearSearch With Reduced Qubits,6,5,7,17,2,2,1.0,0.4202251434326172
M-10-N-5-pa-0.05-pe-1.0042,LinearSearch With Preprocessing and Reduced Qubits,6,5,7,17,2,2,1.0,0.14198517799377441
M-10-N-10-pa-0.45-pe-1.0042,BinSearch,10,10,24,106,12,12,1.0,0.5960965156555176
M-10-N-10-pa-0.45-pe-1.0042,LinearSearch,10,10,26,121,12,12,1.0,0.7406840324401855
M-10-N-10-pa-0.45-pe-1.0042,LinearSearch With Preprocessing,10,10,26,121,12,12,1.0,0.7041366100311279
M-10-N-10-pa-0.45-pe-1.0042,LinearSearch With Reduced Qubits,10,10,24,106,12,12,1.0,0.6005871295928955
M-10-N-10-pa-0.45-pe-1.0042,LinearSearch With Preprocessing and Reduced Qubits,10,10,24,106,12,12,1.0,0.6137254238128662
M-10-N-10-pa-0.25-pe-1.0042,BinSearch,9,10,13,49,3,3,1.0,0.20183086395263672
M-10-N-10-pa-0.25-pe-1.0042,LinearSearch,9,10,13,49,3,3,1.0,0.8493537902832031
M-10-N-10-pa-0.25-pe-1.0042,LinearSearch With Preprocessing,9,10,13,49,3,3,1.0,0.20092535018920898
M-10-N-10-pa-0.25-pe-1.0042,LinearSearch With Reduced Qubits,9,10,13,49,3,3,1.0,0.827843189239502
M-10-N-10-pa-0.25-pe-1.0042,LinearSearch With Preprocessing and Reduced Qubits,9,10,13,49,3,3,1.0,0.21143031120300293
M-10-N-50-pa-0.55-pe-1.0042,BinSearch,10,48,64,328,38,38,1.0,1.618389368057251
M-10-N-50-pa-0.55-pe-1.0042,LinearSearch,10,48,82,458,38,38,1.0,3.010470151901245
M-10-N-50-pa-0.55-pe-1.0042,LinearSearch With Preprocessing,10,48,82,458,38,38,1.0,3.021021604537964
M-10-N-50-pa-0.55-pe-1.0042,LinearSearch With Reduced Qubits,10,48,64,328,38,38,1.0,2.0611772537231445
M-10-N-50-pa-0.55-pe-1.0042,LinearSearch With Preprocessing and Reduced Qubits,10,48,64,328,38,38,1.0,2.089962959289551
M-10-N-10-pa-0.05-pe-1.0042,BinSearch,5,6,5,10,1,1,1.0,0.11736416816711426
M-10-N-10-pa-0.05-pe-1.0042,LinearSearch,5,6,5,10,1,1,1.0,0.48497605323791504
M-10-N-10-pa-0.05-pe-1.0042,LinearSearch With Preprocessing,5,6,5,10,1,1,1.0,0.1284010410308838
M-10-N-10-pa-0.05-pe-1.0042,LinearSearch With Reduced Qubits,5,6,5,10,1,1,1.0,0.4804825782775879
M-10-N-10-pa-0.05-pe-1.0042,LinearSearch With Preprocessing and Reduced Qubits,5,6,5,10,1,1,1.0,0.12001490592956543
M-10-N-10-pa-0.65-pe-1.0042,BinSearch,10,10,17,81,5,5,1.0,0.26258397102355957
M-10-N-10-pa-0.65-pe-1.0042,LinearSearch,10,10,28,156,5,5,1.0,0.3910512924194336
M-10-N-10-pa-0.65-pe-1.0042,LinearSearch With Preprocessing,10,10,28,156,5,5,1.0,0.4075758457183838
M-10-N-10-pa-0.65-pe-1.0042,LinearSearch With Reduced Qubits,10,10,17,81,5,5,1.0,0.2833433151245117
M-10-N-10-pa-0.65-pe-1.0042,LinearSearch With Preprocessing and Reduced Qubits,10,10,17,81,5,5,1.0,0.2610006332397461
M-10-N-5-pa-0.95-pe-1.0042,BinSearch,10,4,0,0,7,7,1.0,0.0001761913299560547
M-10-N-5-pa-0.95-pe-1.0042,LinearSearch,10,4,0,0,7,7,1.0,0.00012636184692382812
M-10-N-5-pa-0.95-pe-1.0042,LinearSearch With Preprocessing,10,4,0,0,7,7,1.0,0.0001201629638671875
M-10-N-5-pa-0.95-pe-1.0042,LinearSearch With Reduced Qubits,10,4,0,0,7,7,1.0,0.0001163482666015625
M-10-N-5-pa-0.95-pe-1.0042,LinearSearch With Preprocessing and Reduced Qubits,10,4,0,0,7,7,1.0,0.00011301040649414062
M-10-N-10-pa-0.95-pe-1.0042,BinSearch,10,5,0,0,6,6,1.0,0.0001289844512939453
M-10-N-10-pa-0.95-pe-1.0042,LinearSearch,10,5,0,0,6,6,1.0,0.00012540817260742188
M-10-N-10-pa-0.95-pe-1.0042,LinearSearch With Preprocessing,10,5,0,0,6,6,1.0,0.00012302398681640625
M-10-N-10-pa-0.95-pe-1.0042,LinearSearch With Reduced Qubits,10,5,0,0,6,6,1.0,0.00012111663818359375
M-10-N-10-pa-0.95-pe-1.0042,LinearSearch With Preprocessing and Reduced Qubits,10,5,0,0,6,6,1.0,0.00012183189392089844
M-10-N-25-pa-0.65-pe-1.0042,BinSearch,10,25,20,99,2,2,1.0,0.31333184242248535
M-10-N-25-pa-0.65-pe-1.0042,LinearSearch,10,25,39,231,2,2,1.0,0.522240161895752
M-10-N-25-pa-0.65-pe-1.0042,LinearSearch With Preprocessing,10,25,39,231,2,2,1.0,0.5234146118164062
M-10-N-25-pa-0.65-pe-1.0042,LinearSearch With Reduced Qubits,10,25,20,99,2,2,1.0,0.30507612228393555
M-10-N-25-pa-0.65-pe-1.0042,LinearSearch With Preprocessing and Reduced Qubits,10,25,20,99,2,2,1.0,0.302264928817749
M-10-N-25-pa-0.55-pe-1.0042,BinSearch,10,25,33,160,5,5,1.0,0.7571535110473633
M-10-N-25-pa-0.55-pe-1.0042,LinearSearch,10,25,40,212,5,5,1.0,1.0375471115112305
M-10-N-25-pa-0.55-pe-1.0042,LinearSearch With Preprocessing,10,25,40,212,5,5,1.0,1.0259945392608643
M-10-N-25-pa-0.55-pe-1.0042,LinearSearch With Reduced Qubits,10,25,33,160,5,5,1.0,0.7523343563079834
M-10-N-25-pa-0.55-pe-1.0042,LinearSearch With Preprocessing and Reduced Qubits,10,25,33,160,5,5,1.0,0.7609519958496094
M-10-N-10-pa-0.85-pe-1.0042,BinSearch,10,9,0,0,1,1,1.0,0.00020384788513183594
M-10-N-10-pa-0.85-pe-1.0042,LinearSearch,10,9,0,0,1,1,1.0,0.00014448165893554688
M-10-N-10-pa-0.85-pe-1.0042,LinearSearch With Preprocessing,10,9,0,0,1,1,1.0,0.00013494491577148438
M-10-N-10-pa-0.85-pe-1.0042,LinearSearch With Reduced Qubits,10,9,0,0,1,1,1.0,0.00013303756713867188
M-10-N-10-pa-0.85-pe-1.0042,LinearSearch With Preprocessing and Reduced Qubits,10,9,0,0,1,1,1.0,0.00012969970703125
M-10-N-5-pa-0.45-pe-1.0042,BinSearch,9,5,14,56,7,7,1.0,0.22061467170715332
M-10-N-5-pa-0.45-pe-1.0042,LinearSearch,9,5,20,89,7,7,1.0,0.30455994606018066
M-10-N-5-pa-0.45-pe-1.0042,LinearSearch With Preprocessing,9,5,20,89,7,7,1.0,0.3147554397583008
M-10-N-5-pa-0.45-pe-1.0042,LinearSearch With Reduced Qubits,9,5,14,56,7,7,1.0,0.2250971794128418
M-10-N-5-pa-0.45-pe-1.0042,LinearSearch With Preprocessing and Reduced Qubits,9,5,14,56,7,7,1.0,0.23327970504760742
M-10-N-50-pa-0.65-pe-1.0042,BinSearch,10,47,50,275,10,10,1.0,1.0685255527496338
M-10-N-50-pa-0.65-pe-1.0042,LinearSearch,10,47,64,384,10,10,1.0,1.6391968727111816
M-10-N-50-pa-0.65-pe-1.0042,LinearSearch With Preprocessing,10,47,64,384,10,10,1.0,1.6222422122955322
M-10-N-50-pa-0.65-pe-1.0042,LinearSearch With Reduced Qubits,10,47,50,275,10,10,1.0,1.0782206058502197
M-10-N-50-pa-0.65-pe-1.0042,LinearSearch With Preprocessing and Reduced Qubits,10,47,50,275,10,10,1.0,1.0768556594848633
M-10-N-25-pa-0.75-pe-1.0042,BinSearch,10,22,23,130,9,9,1.0,0.358534574508667
M-10-N-25-pa-0.75-pe-1.0042,LinearSearch,10,22,49,339,9,9,1.0,0.6699895858764648
M-10-N-25-pa-0.75-pe-1.0042,LinearSearch With Preprocessing,10,22,49,339,9,9,1.0,0.6517913341522217
M-10-N-25-pa-0.75-pe-1.0042,LinearSearch With Reduced Qubits,10,22,23,130,9,9,1.0,0.36476635932922363
M-10-N-25-pa-0.75-pe-1.0042,LinearSearch With Preprocessing and Reduced Qubits,10,22,23,130,9,9,1.0,0.3496668338775635
M-10-N-25-pa-0.05-pe-1.0042,BinSearch,9,11,9,36,1,1,1.0,0.1686403751373291
M-10-N-25-pa-0.05-pe-1.0042,LinearSearch,9,11,9,36,1,1,1.0,1.4612891674041748
M-10-N-25-pa-0.05-pe-1.0042,LinearSearch With Preprocessing,9,11,9,36,1,1,1.0,0.17761874198913574
M-10-N-25-pa-0.05-pe-1.0042,LinearSearch With Reduced Qubits,9,11,9,36,1,1,1.0,1.4780168533325195
M-10-N-25-pa-0.05-pe-1.0042,LinearSearch With Preprocessing and Reduced Qubits,9,11,9,36,1,1,1.0,0.16547799110412598
M-25-N-10-pa-0.75-pe-1.0042,BinSearch,25,10,0,0,4,4,1.0,0.0004191398620605469
M-25-N-10-pa-0.75-pe-1.0042,LinearSearch,25,10,0,0,4,4,1.0,0.00032901763916015625
M-25-N-10-pa-0.75-pe-1.0042,LinearSearch With Preprocessing,25,10,0,0,4,4,1.0,0.0003209114074707031
M-25-N-10-pa-0.75-pe-1.0042,LinearSearch With Reduced Qubits,25,10,0,0,4,4,1.0,0.0003178119659423828
M-25-N-10-pa-0.75-pe-1.0042,LinearSearch With Preprocessing and Reduced Qubits,25,10,0,0,4,4,1.0,0.0003159046173095703
M-25-N-50-pa-0.35-pe-1.0042,BinSearch,25,50,161,1566,48,17,0.3541666666666667,4.369886875152588
M-25-N-50-pa-0.35-pe-1.0042,LinearSearch,25,50,182,1840,48,13,0.2708333333333333,11.065224409103394
M-25-N-50-pa-0.35-pe-1.0042,LinearSearch With Preprocessing,25,50,182,1840,48,15,0.3125,8.424672603607178
M-25-N-50-pa-0.35-pe-1.0042,LinearSearch With Reduced Qubits,25,50,161,1566,48,13,0.2708333333333333,7.204538106918335
M-25-N-50-pa-0.35-pe-1.0042,LinearSearch With Preprocessing and Reduced Qubits,25,50,161,1566,48,20,0.4166666666666667,6.22084903717041
M-25-N-50-pa-0.15-pe-1.0042,BinSearch,25,49,59,451,1,1,1.0,0.9949603080749512
M-25-N-50-pa-0.15-pe-1.0042,LinearSearch,25,49,59,451,1,1,1.0,7.0065085887908936
M-25-N-50-pa-0.15-pe-1.0042,LinearSearch With Preprocessing,25,49,59,451,1,1,1.0,0.9332506656646729
M-25-N-50-pa-0.15-pe-1.0042,LinearSearch With Reduced Qubits,25,49,59,451,1,1,1.0,6.757663726806641
M-25-N-50-pa-0.15-pe-1.0042,LinearSearch With Preprocessing and Reduced Qubits,25,49,59,451,1,1,1.0,0.9406857490539551
M-25-N-25-pa-0.85-pe-1.0042,BinSearch,25,25,49,813,182,182,1.0,0.8950135707855225
M-25-N-25-pa-0.85-pe-1.0042,LinearSearch,25,25,145,3105,182,81,0.44505494505494503,2.9697768688201904
M-25-N-25-pa-0.85-pe-1.0042,LinearSearch With Preprocessing,25,25,145,3105,182,90,0.4945054945054945,2.966618537902832
M-25-N-25-pa-0.85-pe-1.0042,LinearSearch With Reduced Qubits,25,25,49,813,182,182,1.0,0.9055078029632568
M-25-N-25-pa-0.85-pe-1.0042,LinearSearch With Preprocessing and Reduced Qubits,25,25,49,813,182,182,1.0,0.8934681415557861
M-25-N-25-pa-0.05-pe-1.0042,BinSearch,22,23,27,241,12,12,1.0,0.4449915885925293
M-25-N-25-pa-0.05-pe-1.0042,LinearSearch,22,23,27,241,12,12,1.0,8.45775294303894
M-25-N-25-pa-0.05-pe-1.0042,LinearSearch With Preprocessing,22,23,27,241,12,12,1.0,0.43990397453308105
M-25-N-25-pa-0.05-pe-1.0042,LinearSearch With Reduced Qubits,22,23,27,241,12,12,1.0,8.40041184425354
M-25-N-25-pa-0.05-pe-1.0042,LinearSearch With Preprocessing and Reduced Qubits,22,23,27,241,12,12,1.0,0.43896961212158203
M-25-N-5-pa-0.65-pe-1.0042,BinSearch,25,5,0,0,3,3,1.0,0.0002613067626953125
M-25-N-5-pa-0.65-pe-1.0042,LinearSearch,25,5,0,0,3,3,1.0,0.00019598007202148438
M-25-N-5-pa-0.65-pe-1.0042,LinearSearch With Preprocessing,25,5,0,0,3,3,1.0,0.00018978118896484375
M-25-N-5-pa-0.65-pe-1.0042,LinearSearch With Reduced Qubits,25,5,0,0,3,3,1.0,0.00018525123596191406
M-25-N-5-pa-0.65-pe-1.0042,LinearSearch With Preprocessing and Reduced Qubits,25,5,0,0,3,3,1.0,0.00018739700317382812
M-25-N-50-pa-0.25-pe-1.0042,BinSearch,25,50,125,1051,130,42,0.3230769230769231,3.9340734481811523
M-25-N-50-pa-0.25-pe-1.0042,LinearSearch,25,50,131,1127,130,45,0.34615384615384615,11.427569389343262
M-25-N-50-pa-0.25-pe-1.0042,LinearSearch With Preprocessing,25,50,131,1127,130,48,0.36923076923076925,5.977797508239746
M-25-N-50-pa-0.25-pe-1.0042,LinearSearch With Reduced Qubits,25,50,125,1051,130,40,0.3076923076923077,9.3646879196167
M-25-N-50-pa-0.25-pe-1.0042,LinearSearch With Preprocessing and Reduced Qubits,25,50,125,1051,130,42,0.3230769230769231,5.699501991271973
M-25-N-5-pa-0.35-pe-1.0042,BinSearch,24,5,29,325,14,14,1.0,0.4955871105194092
M-25-N-5-pa-0.35-pe-1.0042,LinearSearch,24,5,43,491,14,14,1.0,0.7051966190338135
M-25-N-5-pa-0.35-pe-1.0042,LinearSearch With Preprocessing,24,5,43,491,14,14,1.0,0.7046036720275879
M-25-N-5-pa-0.35-pe-1.0042,LinearSearch With Reduced Qubits,24,5,29,325,14,14,1.0,0.4961206912994385
M-25-N-5-pa-0.35-pe-1.0042,LinearSearch With Preprocessing and Reduced Qubits,24,5,29,325,14,14,1.0,0.49936604499816895
M-25-N-5-pa-0.05-pe-1.0042,BinSearch,8,5,11,37,6,6,1.0,0.188079833984375
M-25-N-5-pa-0.05-pe-1.0042,LinearSearch,8,5,11,37,6,6,1.0,0.7611377239227295
M-25-N-5-pa-0.05-pe-1.0042,LinearSearch With Preprocessing,8,5,11,37,6,6,1.0,0.182173490524292
M-25-N-5-pa-0.05-pe-1.0042,LinearSearch With Reduced Qubits,8,5,11,37,6,6,1.0,0.7655222415924072
M-25-N-5-pa-0.05-pe-1.0042,LinearSearch With Preprocessing and Reduced Qubits,8,5,11,37,6,6,1.0,0.18261289596557617
M-25-N-50-pa-0.95-pe-1.0042,BinSearch,25,32,0,0,2,2,1.0,0.0006349086761474609
M-25-N-50-pa-0.95-pe-1.0042,LinearSearch,25,32,0,0,2,2,1.0,0.0005173683166503906
M-25-N-50-pa-0.95-pe-1.0042,LinearSearch With Preprocessing,25,32,0,0,2,2,1.0,0.0005102157592773438
M-25-N-50-pa-0.95-pe-1.0042,LinearSearch With Reduced Qubits,25,32,0,0,2,2,1.0,0.0005228519439697266
M-25-N-50-pa-0.95-pe-1.0042,LinearSearch With Preprocessing and Reduced Qubits,25,32,0,0,2,2,1.0,0.0005221366882324219
M-25-N-10-pa-0.95-pe-1.0042,BinSearch,25,9,0,0,13,13,1.0,0.0002713203430175781
M-25-N-10-pa-0.95-pe-1.0042,LinearSearch,25,9,0,0,13,13,1.0,0.00026726722717285156
M-25-N-10-pa-0.95-pe-1.0042,LinearSearch With Preprocessing,25,9,0,0,13,13,1.0,0.00026154518127441406
M-25-N-10-pa-0.95-pe-1.0042,LinearSearch With Reduced Qubits,25,9,0,0,13,13,1.0,0.0002613067626953125
M-25-N-10-pa-0.95-pe-1.0042,LinearSearch With Preprocessing and Reduced Qubits,25,9,0,0,13,13,1.0,0.0002620220184326172
M-25-N-25-pa-0.35-pe-1.0042,BinSearch,25,25,75,767,2,2,1.0,1.950714111328125
M-25-N-25-pa-0.35-pe-1.0042,LinearSearch,25,25,117,1259,2,2,1.0,3.475813150405884
M-25-N-25-pa-0.35-pe-1.0042,LinearSearch With Preprocessing,25,25,117,1259,2,2,1.0,3.515723705291748
M-25-N-25-pa-0.35-pe-1.0042,LinearSearch With Reduced Qubits,25,25,75,767,2,2,1.0,1.9760363101959229
M-25-N-25-pa-0.35-pe-1.0042,LinearSearch With Preprocessing and Reduced Qubits,25,25,75,767,2,2,1.0,1.9530773162841797
M-25-N-10-pa-0.35-pe-1.0042,BinSearch,23,10,33,336,3,3,1.0,0.5393965244293213
M-25-N-10-pa-0.35-pe-1.0042,LinearSearch,23,10,59,609,3,3,1.0,0.8979089260101318
M-25-N-10-pa-0.35-pe-1.0042,LinearSearch With Preprocessing,23,10,59,609,3,3,1.0,0.9030907154083252
M-25-N-10-pa-0.35-pe-1.0042,LinearSearch With Reduced Qubits,23,10,33,336,3,3,1.0,0.5419392585754395
M-25-N-10-pa-0.35-pe-1.0042,LinearSearch With Preprocessing and Reduced Qubits,23,10,33,336,3,3,1.0,0.5407335758209229
M-25-N-10-pa-0.25-pe-1.0042,BinSearch,24,10,44,396,2,2,1.0,0.6768403053283691
M-25-N-10-pa-0.25-pe-1.0042,LinearSearch,24,10,52,461,2,2,1.0,1.5046069622039795
M-25-N-10-pa-0.25-pe-1.0042,LinearSearch With Preprocessing,24,10,52,461,2,2,1.0,0.7664062976837158
M-25-N-10-pa-0.25-pe-1.0042,LinearSearch With Reduced Qubits,24,10,44,396,2,2,1.0,1.2020518779754639
M-25-N-10-pa-0.25-pe-1.0042,LinearSearch With Preprocessing and Reduced Qubits,24,10,44,396,2,2,1.0,0.6710374355316162
M-25-N-10-pa-0.45-pe-1.0042,BinSearch,25,10,35,412,3,3,1.0,0.5922796726226807
M-25-N-10-pa-0.45-pe-1.0042,LinearSearch,25,10,65,808,3,3,1.0,1.0475592613220215
M-25-N-10-pa-0.45-pe-1.0042,LinearSearch With Preprocessing,25,10,65,808,3,3,1.0,1.079883098602295
M-25-N-10-pa-0.45-pe-1.0042,LinearSearch With Reduced Qubits,25,10,35,412,3,3,1.0,0.5996172428131104
M-25-N-10-pa-0.45-pe-1.0042,LinearSearch With Preprocessing and Reduced Qubits,25,10,35,412,3,3,1.0,0.5985662937164307
M-25-N-50-pa-0.55-pe-1.0042,BinSearch,25,50,121,1646,9,6,0.6666666666666666,3.3579158782958984
M-25-N-50-pa-0.55-pe-1.0042,LinearSearch,25,50,222,3304,9,2,0.2222222222222222,8.099998712539673
M-25-N-50-pa-0.55-pe-1.0042,LinearSearch With Preprocessing,25,50,222,3304,9,2,0.2222222222222222,8.088236570358276
M-25-N-50-pa-0.55-pe-1.0042,LinearSearch With Reduced Qubits,25,50,121,1646,9,7,0.7777777777777778,3.3776707649230957
M-25-N-50-pa-0.55-pe-1.0042,LinearSearch With Preprocessing and Reduced Qubits,25,50,121,1646,9,6,0.6666666666666666,3.3214614391326904
M-25-N-5-pa-0.95-pe-1.0042,BinSearch,25,5,0,0,16,16,1.0,0.0002841949462890625
M-25-N-5-pa-0.95-pe-1.0042,LinearSearch,25,5,0,0,16,16,1.0,0.00022172927856445312
M-25-N-5-pa-0.95-pe-1.0042,LinearSearch With Preprocessing,25,5,0,0,16,16,1.0,0.0002143383026123047
M-25-N-5-pa-0.95-pe-1.0042,LinearSearch With Reduced Qubits,25,5,0,0,16,16,1.0,0.00021195411682128906
M-25-N-5-pa-0.95-pe-1.0042,LinearSearch With Preprocessing and Reduced Qubits,25,5,0,0,16,16,1.0,0.00020933151245117188
M-25-N-25-pa-0.95-pe-1.0042,BinSearch,25,18,0,0,9,9,1.0,0.0004305839538574219
M-25-N-25-pa-0.95-pe-1.0042,LinearSearch,25,18,0,0,9,9,1.0,0.0003955364227294922
M-25-N-25-pa-0.95-pe-1.0042,LinearSearch With Preprocessing,25,18,0,0,9,9,1.0,0.0003960132598876953
M-25-N-25-pa-0.95-pe-1.0042,LinearSearch With Reduced Qubits,25,18,0,0,9,9,1.0,0.0003948211669921875
M-25-N-25-pa-0.95-pe-1.0042,LinearSearch With Preprocessing and Reduced Qubits,25,18,0,0,9,9,1.0,0.000396728515625
M-25-N-5-pa-0.75-pe-1.0042,BinSearch,25,5,0,0,10,10,1.0,0.0002105236053466797
M-25-N-5-pa-0.75-pe-1.0042,LinearSearch,25,5,0,0,10,10,1.0,0.00020170211791992188
M-25-N-5-pa-0.75-pe-1.0042,LinearSearch With Preprocessing,25,5,0,0,10,10,1.0,0.00019860267639160156
M-25-N-5-pa-0.75-pe-1.0042,LinearSearch With Reduced Qubits,25,5,0,0,10,10,1.0,0.00019788742065429688
M-25-N-5-pa-0.75-pe-1.0042,LinearSearch With Preprocessing and Reduced Qubits,25,5,0,0,10,10,1.0,0.0001976490020751953
M-25-N-50-pa-0.65-pe-1.0042,BinSearch,25,50,73,1076,1,1,1.0,1.2473900318145752
M-25-N-50-pa-0.65-pe-1.0042,LinearSearch,25,50,239,4176,1,0,0.0,4.647868871688843
M-25-N-50-pa-0.65-pe-1.0042,LinearSearch With Preprocessing,25,50,239,4176,1,0,0.0,4.605932950973511
M-25-N-50-pa-0.65-pe-1.0042,LinearSearch With Reduced Qubits,25,50,73,1076,1,1,1.0,1.245054006576538
M-25-N-50-pa-0.65-pe-1.0042,LinearSearch With Preprocessing and Reduced Qubits,25,50,73,1076,1,1,1.0,1.2346792221069336
M-25-N-25-pa-0.75-pe-1.0042,BinSearch,25,25,47,705,48,48,1.0,0.8222157955169678
M-25-N-25-pa-0.75-pe-1.0042,LinearSearch,25,25,132,2491,48,38,0.7916666666666666,2.5465338230133057
M-25-N-25-pa-0.75-pe-1.0042,LinearSearch With Preprocessing,25,25,132,2491,48,41,0.8541666666666666,2.5421693325042725
M-25-N-25-pa-0.75-pe-1.0042,LinearSearch With Reduced Qubits,25,25,47,705,48,48,1.0,0.8282103538513184
M-25-N-25-pa-0.75-pe-1.0042,LinearSearch With Preprocessing and Reduced Qubits,25,25,47,705,48,48,1.0,0.866574764251709
M-25-N-25-pa-0.45-pe-1.0042,BinSearch,25,25,75,855,5,5,1.0,2.074097156524658
M-25-N-25-pa-0.45-pe-1.0042,LinearSearch,25,25,118,1434,5,5,1.0,3.8309829235076904
M-25-N-25-pa-0.45-pe-1.0042,LinearSearch With Preprocessing,25,25,118,1434,5,5,1.0,3.7567155361175537
M-25-N-25-pa-0.45-pe-1.0042,LinearSearch With Reduced Qubits,25,25,75,855,5,5,1.0,2.092824697494507
M-25-N-25-pa-0.45-pe-1.0042,LinearSearch With Preprocessing and Reduced Qubits,25,25,75,855,5,5,1.0,2.089447021484375
M-25-N-10-pa-0.65-pe-1.0042,BinSearch,25,10,35,459,86,86,1.0,0.6146981716156006
M-25-N-10-pa-0.65-pe-1.0042,LinearSearch,25,10,68,1059,86,86,1.0,1.2717845439910889
M-25-N-10-pa-0.65-pe-1.0042,LinearSearch With Preprocessing,25,10,68,1059,86,86,1.0,1.2837283611297607
M-25-N-10-pa-0.65-pe-1.0042,LinearSearch With Reduced Qubits,25,10,35,459,86,86,1.0,0.6089558601379395
M-25-N-10-pa-0.65-pe-1.0042,LinearSearch With Preprocessing and Reduced Qubits,25,10,35,459,86,86,1.0,0.6465404033660889
M-25-N-5-pa-0.45-pe-1.0042,BinSearch,25,5,30,364,76,76,1.0,0.5155949592590332
M-25-N-5-pa-0.45-pe-1.0042,LinearSearch,25,5,45,586,76,76,1.0,0.764225959777832
M-25-N-5-pa-0.45-pe-1.0042,LinearSearch With Preprocessing,25,5,45,586,76,76,1.0,0.7700836658477783
M-25-N-5-pa-0.45-pe-1.0042,LinearSearch With Reduced Qubits,25,5,30,364,76,76,1.0,0.5505537986755371
M-25-N-5-pa-0.45-pe-1.0042,LinearSearch With Preprocessing and Reduced Qubits,25,5,30,364,76,76,1.0,0.5219848155975342
M-25-N-25-pa-0.65-pe-1.0042,BinSearch,25,25,50,706,5,5,1.0,0.851323127746582
M-25-N-25-pa-0.65-pe-1.0042,LinearSearch,25,25,137,2340,5,4,0.8,2.5427682399749756
M-25-N-25-pa-0.65-pe-1.0042,LinearSearch With Preprocessing,25,25,137,2340,5,5,1.0,2.5572726726531982
M-25-N-25-pa-0.65-pe-1.0042,LinearSearch With Reduced Qubits,25,25,50,706,5,5,1.0,0.8439188003540039
M-25-N-25-pa-0.65-pe-1.0042,LinearSearch With Preprocessing and Reduced Qubits,25,25,50,706,5,5,1.0,0.8421542644500732
M-25-N-25-pa-0.55-pe-1.0042,BinSearch,25,25,73,1010,289,215,0.7439446366782007,2.1982879638671875
M-25-N-25-pa-0.55-pe-1.0042,LinearSearch,25,25,125,1902,289,174,0.6020761245674741,4.629240036010742
M-25-N-25-pa-0.55-pe-1.0042,LinearSearch With Preprocessing,25,25,125,1902,289,175,0.6055363321799307,4.5883753299713135
M-25-N-25-pa-0.55-pe-1.0042,LinearSearch With Reduced Qubits,25,25,73,1010,289,205,0.7093425605536332,2.228287696838379
M-25-N-25-pa-0.55-pe-1.0042,LinearSearch With Preprocessing and Reduced Qubits,25,25,73,1010,289,211,0.7301038062283737,2.2714784145355225
M-25-N-5-pa-0.25-pe-1.0042,BinSearch,16,5,21,154,13,13,1.0,0.35210728645324707
M-25-N-5-pa-0.25-pe-1.0042,LinearSearch,16,5,31,243,13,13,1.0,0.4803600311279297
M-25-N-5-pa-0.25-pe-1.0042,LinearSearch With Preprocessing,16,5,31,243,13,13,1.0,0.4882698059082031
M-25-N-5-pa-0.25-pe-1.0042,LinearSearch With Reduced Qubits,16,5,21,154,13,13,1.0,0.34387683868408203
M-25-N-5-pa-0.25-pe-1.0042,LinearSearch With Preprocessing and Reduced Qubits,16,5,21,154,13,13,1.0,0.3423740863800049
M-25-N-10-pa-0.85-pe-1.0042,BinSearch,25,10,0,0,1,1,1.0,0.0003859996795654297
M-25-N-10-pa-0.85-pe-1.0042,LinearSearch,25,10,0,0,1,1,1.0,0.0002949237823486328
M-25-N-10-pa-0.85-pe-1.0042,LinearSearch With Preprocessing,25,10,0,0,1,1,1.0,0.0002853870391845703
M-25-N-10-pa-0.85-pe-1.0042,LinearSearch With Reduced Qubits,25,10,0,0,1,1,1.0,0.0003228187561035156
M-25-N-10-pa-0.85-pe-1.0042,LinearSearch With Preprocessing and Reduced Qubits,25,10,0,0,1,1,1.0,0.00028204917907714844
M-25-N-50-pa-0.75-pe-1.0042,BinSearch,25,50,71,1141,9,9,1.0,1.2514464855194092
M-25-N-50-pa-0.75-pe-1.0042,LinearSearch,25,50,243,4736,9,0,0.0,4.820372581481934
M-25-N-50-pa-0.75-pe-1.0042,LinearSearch With Preprocessing,25,50,243,4736,9,0,0.0,4.833958625793457
M-25-N-50-pa-0.75-pe-1.0042,LinearSearch With Reduced Qubits,25,50,71,1141,9,9,1.0,1.254932165145874
M-25-N-50-pa-0.75-pe-1.0042,LinearSearch With Preprocessing and Reduced Qubits,25,50,71,1141,9,9,1.0,1.2651379108428955
M-25-N-25-pa-0.15-pe-1.0042,BinSearch,24,25,48,376,23,23,1.0,1.4662482738494873
M-25-N-25-pa-0.15-pe-1.0042,LinearSearch,24,25,48,376,23,23,1.0,5.02953314781189
M-25-N-25-pa-0.15-pe-1.0042,LinearSearch With Preprocessing,24,25,48,376,23,23,1.0,1.488546371459961
M-25-N-25-pa-0.15-pe-1.0042,LinearSearch With Reduced Qubits,24,25,48,376,23,23,1.0,4.839003324508667
M-25-N-25-pa-0.15-pe-1.0042,LinearSearch With Preprocessing and Reduced Qubits,24,25,48,376,23,23,1.0,1.47340989112854
M-25-N-50-pa-0.45-pe-1.0042,BinSearch,25,50,125,1526,3,3,1.0,3.3416311740875244
M-25-N-50-pa-0.45-pe-1.0042,LinearSearch,25,50,224,2962,3,21,0.0,11.65271544456482
M-25-N-50-pa-0.45-pe-1.0042,LinearSearch With Preprocessing,25,50,224,2962,3,1,0.3333333333333333,7.8238301277160645
M-25-N-50-pa-0.45-pe-1.0042,LinearSearch With Reduced Qubits,25,50,125,1526,3,3,1.0,3.2692604064941406
M-25-N-50-pa-0.45-pe-1.0042,LinearSearch With Preprocessing and Reduced Qubits,25,50,125,1526,3,3,1.0,3.255729913711548
M-25-N-5-pa-0.55-pe-1.0042,BinSearch,25,5,0,0,2,2,1.0,0.0002505779266357422
M-25-N-5-pa-0.55-pe-1.0042,LinearSearch,25,5,0,0,2,2,1.0,0.000186920166015625
M-25-N-5-pa-0.55-pe-1.0042,LinearSearch With Preprocessing,25,5,0,0,2,2,1.0,0.00017905235290527344
M-25-N-5-pa-0.55-pe-1.0042,LinearSearch With Reduced Qubits,25,5,0,0,2,2,1.0,0.00017714500427246094
M-25-N-5-pa-0.55-pe-1.0042,LinearSearch With Preprocessing and Reduced Qubits,25,5,0,0,2,2,1.0,0.0001735687255859375
M-25-N-25-pa-0.25-pe-1.0042,BinSearch,25,25,96,868,106,99,0.9339622641509434,2.692688226699829
M-25-N-25-pa-0.25-pe-1.0042,LinearSearch,25,25,99,910,106,104,0.9811320754716981,5.975550651550293
M-25-N-25-pa-0.25-pe-1.0042,LinearSearch With Preprocessing,25,25,99,910,106,98,0.9245283018867925,4.560049772262573
M-25-N-25-pa-0.25-pe-1.0042,LinearSearch With Reduced Qubits,25,25,96,868,106,102,0.9622641509433962,4.535580158233643
M-25-N-25-pa-0.25-pe-1.0042,LinearSearch With Preprocessing and Reduced Qubits,25,25,96,868,106,104,0.9811320754716981,3.821645498275757
M-25-N-5-pa-0.15-pe-1.0042,BinSearch,21,5,30,266,12,12,1.0,0.4882078170776367
M-25-N-5-pa-0.15-pe-1.0042,LinearSearch,21,5,35,311,12,12,1.0,1.1356828212738037
M-25-N-5-pa-0.15-pe-1.0042,LinearSearch With Preprocessing,21,5,35,311,12,12,1.0,0.58207106590271
M-25-N-5-pa-0.15-pe-1.0042,LinearSearch With Reduced Qubits,21,5,30,266,12,12,1.0,0.9173405170440674
M-25-N-5-pa-0.15-pe-1.0042,LinearSearch With Preprocessing and Reduced Qubits,21,5,30,266,12,12,1.0,0.488375186920166
M-25-N-10-pa-0.15-pe-1.0042,BinSearch,20,10,34,264,2,2,1.0,0.5454797744750977
M-25-N-10-pa-0.15-pe-1.0042,LinearSearch,20,10,38,297,2,2,1.0,1.7272670269012451
M-25-N-10-pa-0.15-pe-1.0042,LinearSearch With Preprocessing,20,10,38,297,2,2,1.0,0.5991296768188477
M-25-N-10-pa-0.15-pe-1.0042,LinearSearch With Reduced Qubits,20,10,34,264,2,2,1.0,1.4758405685424805
M-25-N-10-pa-0.15-pe-1.0042,LinearSearch With Preprocessing and Reduced Qubits,20,10,34,264,2,2,1.0,0.532473087310791
M-25-N-5-pa-0.85-pe-1.0042,BinSearch,25,5,0,0,11,11,1.0,0.0002689361572265625
M-25-N-5-pa-0.85-pe-1.0042,LinearSearch,25,5,0,0,11,11,1.0,0.00020170211791992188
M-25-N-5-pa-0.85-pe-1.0042,LinearSearch With Preprocessing,25,5,0,0,11,11,1.0,0.00019240379333496094
M-25-N-5-pa-0.85-pe-1.0042,LinearSearch With Reduced Qubits,25,5,0,0,11,11,1.0,0.0002181529998779297
M-25-N-5-pa-0.85-pe-1.0042,LinearSearch With Preprocessing and Reduced Qubits,25,5,0,0,11,11,1.0,0.00020360946655273438
M-25-N-10-pa-0.55-pe-1.0042,BinSearch,25,10,35,425,8,8,1.0,0.5917186737060547
M-25-N-10-pa-0.55-pe-1.0042,LinearSearch,25,10,65,860,8,8,1.0,1.1041662693023682
M-25-N-10-pa-0.55-pe-1.0042,LinearSearch With Preprocessing,25,10,65,860,8,8,1.0,1.113976001739502
M-25-N-10-pa-0.55-pe-1.0042,LinearSearch With Reduced Qubits,25,10,35,425,8,8,1.0,0.5956149101257324
M-25-N-10-pa-0.55-pe-1.0042,LinearSearch With Preprocessing and Reduced Qubits,25,10,35,425,8,8,1.0,0.590317964553833
M-25-N-50-pa-0.85-pe-1.0042,BinSearch,25,50,65,1133,111,111,1.0,1.1772544384002686
M-25-N-50-pa-0.85-pe-1.0042,LinearSearch,25,50,225,4865,111,10,0.09009009009009009,4.654239177703857
M-25-N-50-pa-0.85-pe-1.0042,LinearSearch With Preprocessing,25,50,225,4865,111,6,0.05405405405405406,4.628556728363037
M-25-N-50-pa-0.85-pe-1.0042,LinearSearch With Reduced Qubits,25,50,65,1133,111,111,1.0,1.1931233406066895
M-25-N-50-pa-0.85-pe-1.0042,LinearSearch With Preprocessing and Reduced Qubits,25,50,65,1133,111,111,1.0,1.1791765689849854
M-25-N-10-pa-0.05-pe-1.0042,BinSearch,12,9,17,76,4,4,1.0,0.2657938003540039
M-25-N-10-pa-0.05-pe-1.0042,LinearSearch,12,9,17,76,4,4,1.0,1.3526008129119873
M-25-N-10-pa-0.05-pe-1.0042,LinearSearch With Preprocessing,12,9,17,76,4,4,1.0,0.2681269645690918
M-25-N-10-pa-0.05-pe-1.0042,LinearSearch With Reduced Qubits,12,9,17,76,4,4,1.0,1.303575038909912
M-25-N-10-pa-0.05-pe-1.0042,LinearSearch With Preprocessing and Reduced Qubits,12,9,17,76,4,4,1.0,0.2556033134460449
M-25-N-50-pa-0.05-pe-1.0042,BinSearch,24,37,29,289,8,8,1.0,0.4966390132904053
M-25-N-50-pa-0.05-pe-1.0042,LinearSearch,24,37,29,289,8,8,1.0,9.855578184127808
M-25-N-50-pa-0.05-pe-1.0042,LinearSearch With Preprocessing,24,37,29,289,8,8,1.0,0.4910602569580078
M-25-N-50-pa-0.05-pe-1.0042,LinearSearch With Reduced Qubits,24,37,29,289,8,8,1.0,9.879802942276001
M-25-N-50-pa-0.05-pe-1.0042,LinearSearch With Preprocessing and Reduced Qubits,24,37,29,289,8,8,1.0,0.4897627830505371
M-50-N-50-pa-0.25-pe-1.0042,BinSearch,50,50,200,3175,503,14,0.027833001988071572,21.47393774986267
M-50-N-50-pa-0.25-pe-1.0042,LinearSearch,50,50,247,3905,503,15,0.02982107355864811,42.14174509048462
M-50-N-50-pa-0.25-pe-1.0042,LinearSearch With Preprocessing,50,50,247,3905,503,14,0.027833001988071572,33.79724955558777
M-50-N-50-pa-0.25-pe-1.0042,LinearSearch With Reduced Qubits,50,50,200,3175,503,27,0.0536779324055666,33.47537088394165
M-50-N-50-pa-0.25-pe-1.0042,LinearSearch With Preprocessing and Reduced Qubits,50,50,200,3175,503,17,0.033797216699801194,28.02522921562195
M-50-N-5-pa-0.05-pe-1.0042,BinSearch,15,5,22,138,1,1,1.0,3.9140992164611816
M-50-N-5-pa-0.05-pe-1.0042,LinearSearch,15,5,24,153,1,1,1.0,7.8302154541015625
M-50-N-5-pa-0.05-pe-1.0042,LinearSearch With Preprocessing,15,5,24,153,1,1,1.0,3.953792095184326
M-50-N-5-pa-0.05-pe-1.0042,LinearSearch With Reduced Qubits,15,5,22,138,1,1,1.0,7.82723069190979
M-50-N-5-pa-0.05-pe-1.0042,LinearSearch With Preprocessing and Reduced Qubits,15,5,22,138,1,1,1.0,3.9342570304870605
M-50-N-50-pa-0.55-pe-1.0042,BinSearch,50,50,150,4073,158,7,0.04430379746835443,12.987691879272461
M-50-N-50-pa-0.55-pe-1.0042,LinearSearch,50,50,305,8919,158,0,0.0,23.061004161834717
M-50-N-50-pa-0.55-pe-1.0042,LinearSearch With Preprocessing,50,50,305,8919,158,2,0.012658227848101266,23.102355003356934
M-50-N-50-pa-0.55-pe-1.0042,LinearSearch With Reduced Qubits,50,50,150,4073,158,8,0.05063291139240506,12.94882607460022
M-50-N-50-pa-0.55-pe-1.0042,LinearSearch With Preprocessing and Reduced Qubits,50,50,150,4073,158,6,0.0379746835443038,12.974802494049072
M-50-N-5-pa-0.85-pe-1.0042,BinSearch,50,5,0,0,25,25,1.0,0.0004525184631347656
M-50-N-5-pa-0.85-pe-1.0042,LinearSearch,50,5,0,0,25,25,1.0,0.0003483295440673828
M-50-N-5-pa-0.85-pe-1.0042,LinearSearch With Preprocessing,50,5,0,0,25,25,1.0,0.0003132820129394531
M-50-N-5-pa-0.85-pe-1.0042,LinearSearch With Reduced Qubits,50,5,0,0,25,25,1.0,0.0003097057342529297
M-50-N-5-pa-0.85-pe-1.0042,LinearSearch With Preprocessing and Reduced Qubits,50,5,0,0,25,25,1.0,0.0003561973571777344
M-50-N-50-pa-0.85-pe-1.0042,BinSearch,50,50,98,3279,473,436,0.9217758985200846,6.050004720687866
M-50-N-50-pa-0.85-pe-1.0042,LinearSearch,50,50,338,14269,473,0,0.0,14.065075397491455
M-50-N-50-pa-0.85-pe-1.0042,LinearSearch With Preprocessing,50,50,338,14269,473,0,0.0,14.114532232284546
M-50-N-50-pa-0.85-pe-1.0042,LinearSearch With Reduced Qubits,50,50,98,3279,473,452,0.9556025369978859,6.038931131362915
M-50-N-50-pa-0.85-pe-1.0042,LinearSearch With Preprocessing and Reduced Qubits,50,50,98,3279,473,439,0.9281183932346723,6.056927442550659
M-50-N-5-pa-0.65-pe-1.0042,BinSearch,48,5,0,0,6,6,1.0,0.00039577484130859375
M-50-N-5-pa-0.65-pe-1.0042,LinearSearch,48,5,0,0,6,6,1.0,0.0002815723419189453
M-50-N-5-pa-0.65-pe-1.0042,LinearSearch With Preprocessing,48,5,0,0,6,6,1.0,0.0002803802490234375
M-50-N-5-pa-0.65-pe-1.0042,LinearSearch With Reduced Qubits,48,5,0,0,6,6,1.0,0.00027942657470703125
M-50-N-5-pa-0.65-pe-1.0042,LinearSearch With Preprocessing and Reduced Qubits,48,5,0,0,6,6,1.0,0.0002791881561279297
M-50-N-25-pa-0.55-pe-1.0042,BinSearch,50,25,75,1919,2,2,1.0,5.098193168640137
M-50-N-25-pa-0.55-pe-1.0042,LinearSearch,50,25,178,5061,2,1,0.5,8.281375646591187
M-50-N-25-pa-0.55-pe-1.0042,LinearSearch With Preprocessing,50,25,178,5061,2,1,0.5,8.290526628494263
M-50-N-25-pa-0.55-pe-1.0042,LinearSearch With Reduced Qubits,50,25,75,1919,2,2,1.0,5.173561334609985
M-50-N-25-pa-0.55-pe-1.0042,LinearSearch With Preprocessing and Reduced Qubits,50,25,75,1919,2,2,1.0,5.110233545303345
M-50-N-5-pa-0.25-pe-1.0042,BinSearch,39,5,44,808,38,38,1.0,4.415509223937988
M-50-N-5-pa-0.25-pe-1.0042,LinearSearch,39,5,60,1060,38,38,1.0,4.782025575637817
M-50-N-5-pa-0.25-pe-1.0042,LinearSearch With Preprocessing,39,5,60,1060,38,38,1.0,4.774765968322754
M-50-N-5-pa-0.25-pe-1.0042,LinearSearch With Reduced Qubits,39,5,44,808,38,38,1.0,4.395118713378906
M-50-N-5-pa-0.25-pe-1.0042,LinearSearch With Preprocessing and Reduced Qubits,39,5,44,808,38,38,1.0,4.408188104629517
M-50-N-25-pa-0.05-pe-1.0042,BinSearch,41,25,68,931,36,36,1.0,4.7999184131622314
M-50-N-25-pa-0.05-pe-1.0042,LinearSearch,41,25,68,931,36,36,1.0,47.46818923950195
M-50-N-25-pa-0.05-pe-1.0042,LinearSearch With Preprocessing,41,25,68,931,36,36,1.0,4.798259496688843
M-50-N-25-pa-0.05-pe-1.0042,LinearSearch With Reduced Qubits,41,25,68,931,36,36,1.0,47.25580191612244
M-50-N-25-pa-0.05-pe-1.0042,LinearSearch With Preprocessing and Reduced Qubits,41,25,68,931,36,36,1.0,4.781283378601074
M-50-N-10-pa-0.05-pe-1.0042,BinSearch,21,10,33,249,228,228,1.0,4.04486870765686
M-50-N-10-pa-0.05-pe-1.0042,LinearSearch,21,10,33,249,228,228,1.0,28.503259658813477
M-50-N-10-pa-0.05-pe-1.0042,LinearSearch With Preprocessing,21,10,33,249,228,228,1.0,4.034627676010132
M-50-N-10-pa-0.05-pe-1.0042,LinearSearch With Reduced Qubits,21,10,33,249,228,228,1.0,28.49603772163391
M-50-N-10-pa-0.05-pe-1.0042,LinearSearch With Preprocessing and Reduced Qubits,21,10,33,249,228,228,1.0,4.03621506690979
M-50-N-10-pa-0.55-pe-1.0042,BinSearch,50,10,60,1499,78,78,1.0,4.742093801498413
M-50-N-10-pa-0.55-pe-1.0042,LinearSearch,50,10,101,2737,78,78,1.0,6.232922792434692
M-50-N-10-pa-0.55-pe-1.0042,LinearSearch With Preprocessing,50,10,101,2737,78,78,1.0,6.190329551696777
M-50-N-10-pa-0.55-pe-1.0042,LinearSearch With Reduced Qubits,50,10,60,1499,78,78,1.0,4.729360818862915
M-50-N-10-pa-0.55-pe-1.0042,LinearSearch With Preprocessing and Reduced Qubits,50,10,60,1499,78,78,1.0,4.7474071979522705
M-50-N-50-pa-0.05-pe-1.0042,BinSearch,45,48,74,1095,62,62,1.0,5.046584367752075
M-50-N-50-pa-0.05-pe-1.0042,LinearSearch,45,48,74,1095,62,62,1.0,94.85256862640381
M-50-N-50-pa-0.05-pe-1.0042,LinearSearch With Preprocessing,45,48,74,1095,62,62,1.0,5.049135208129883
M-50-N-50-pa-0.05-pe-1.0042,LinearSearch With Reduced Qubits,45,48,74,1095,62,62,1.0,94.39218997955322
M-50-N-50-pa-0.05-pe-1.0042,LinearSearch With Preprocessing and Reduced Qubits,45,48,74,1095,62,62,1.0,5.083046197891235
M-50-N-50-pa-0.65-pe-1.0042,BinSearch,50,50,150,4451,1600,59,0.036875,13.094705820083618
M-50-N-50-pa-0.65-pe-1.0042,LinearSearch,50,50,321,10489,1600,0,0.0,24.753238201141357
M-50-N-50-pa-0.65-pe-1.0042,LinearSearch With Preprocessing,50,50,321,10489,1600,2,0.00125,24.63209891319275
M-50-N-50-pa-0.65-pe-1.0042,LinearSearch With Reduced Qubits,50,50,150,4451,1600,60,0.0375,13.18560242652893
M-50-N-50-pa-0.65-pe-1.0042,LinearSearch With Preprocessing and Reduced Qubits,50,50,150,4451,1600,63,0.039375,13.113829374313354
M-50-N-50-pa-0.95-pe-1.0042,BinSearch,50,41,0,0,6,6,1.0,0.0015702247619628906
M-50-N-50-pa-0.95-pe-1.0042,LinearSearch,50,41,0,0,6,6,1.0,0.0014219284057617188
M-50-N-50-pa-0.95-pe-1.0042,LinearSearch With Preprocessing,50,41,0,0,6,6,1.0,0.0013649463653564453
M-50-N-50-pa-0.95-pe-1.0042,LinearSearch With Reduced Qubits,50,41,0,0,6,6,1.0,0.0013189315795898438
M-50-N-50-pa-0.95-pe-1.0042,LinearSearch With Preprocessing and Reduced Qubits,50,41,0,0,6,6,1.0,0.0013091564178466797
M-50-N-50-pa-0.35-pe-1.0042,BinSearch,50,50,150,3051,12,3,0.25,13.440770149230957
M-50-N-50-pa-0.35-pe-1.0042,LinearSearch,50,50,287,5930,12,12,0.0,38.58599400520325
M-50-N-50-pa-0.35-pe-1.0042,LinearSearch With Preprocessing,50,50,287,5930,12,7,0.0,38.748796463012695
M-50-N-50-pa-0.35-pe-1.0042,LinearSearch With Reduced Qubits,50,50,200,4039,12,20,0.0,26.7913236618042
M-50-N-50-pa-0.35-pe-1.0042,LinearSearch With Preprocessing and Reduced Qubits,50,50,150,3051,12,2,0.16666666666666666,18.858695030212402
M-50-N-10-pa-0.65-pe-1.0042,BinSearch,50,10,60,1553,334,334,1.0,4.760464668273926
M-50-N-10-pa-0.65-pe-1.0042,LinearSearch,50,10,105,3163,334,291,0.8712574850299402,6.421653509140015
M-50-N-10-pa-0.65-pe-1.0042,LinearSearch With Preprocessing,50,10,105,3163,334,284,0.8502994011976048,6.414172410964966
M-50-N-10-pa-0.65-pe-1.0042,LinearSearch With Reduced Qubits,50,10,60,1553,334,332,0.9940119760479041,4.743422269821167
M-50-N-10-pa-0.65-pe-1.0042,LinearSearch With Preprocessing and Reduced Qubits,50,10,60,1553,334,330,0.9880239520958084,4.774991989135742
M-50-N-10-pa-0.25-pe-1.0042,BinSearch,47,10,67,1325,86,86,1.0,9.405345439910889
M-50-N-10-pa-0.25-pe-1.0042,LinearSearch,47,10,87,1609,86,86,1.0,10.221725225448608
M-50-N-10-pa-0.25-pe-1.0042,LinearSearch With Preprocessing,47,10,87,1609,86,86,1.0,10.214682579040527
M-50-N-10-pa-0.25-pe-1.0042,LinearSearch With Reduced Qubits,47,10,67,1325,86,86,1.0,9.466987133026123
M-50-N-10-pa-0.25-pe-1.0042,LinearSearch With Preprocessing and Reduced Qubits,47,10,67,1325,86,86,1.0,9.484612226486206
M-50-N-25-pa-0.45-pe-1.0042,BinSearch,50,25,100,2402,243,78,0.32098765432098764,10.744523763656616
M-50-N-25-pa-0.45-pe-1.0042,LinearSearch,50,25,175,4355,243,67,0.2757201646090535,15.06693172454834
M-50-N-25-pa-0.45-pe-1.0042,LinearSearch With Preprocessing,50,25,175,4355,243,58,0.23868312757201646,15.129658460617065
M-50-N-25-pa-0.45-pe-1.0042,LinearSearch With Reduced Qubits,50,25,100,2402,243,80,0.3292181069958848,10.75127387046814
M-50-N-25-pa-0.45-pe-1.0042,LinearSearch With Preprocessing and Reduced Qubits,50,25,100,2402,243,80,0.3292181069958848,10.787020921707153
M-50-N-5-pa-0.45-pe-1.0042,BinSearch,48,5,0,0,1,1,1.0,0.0003750324249267578
M-50-N-5-pa-0.45-pe-1.0042,LinearSearch,48,5,0,0,1,1,1.0,0.00025916099548339844
M-50-N-5-pa-0.45-pe-1.0042,LinearSearch With Preprocessing,48,5,0,0,1,1,1.0,0.0002498626708984375
M-50-N-5-pa-0.45-pe-1.0042,LinearSearch With Reduced Qubits,48,5,0,0,1,1,1.0,0.0002532005310058594
M-50-N-5-pa-0.45-pe-1.0042,LinearSearch With Preprocessing and Reduced Qubits,48,5,0,0,1,1,1.0,0.00024962425231933594
M-50-N-5-pa-0.55-pe-1.0042,BinSearch,48,5,0,0,3,3,1.0,0.000274658203125
M-50-N-5-pa-0.55-pe-1.0042,LinearSearch,48,5,0,0,3,3,1.0,0.000274658203125
M-50-N-5-pa-0.55-pe-1.0042,LinearSearch With Preprocessing,48,5,0,0,3,3,1.0,0.00026607513427734375
M-50-N-5-pa-0.55-pe-1.0042,LinearSearch With Reduced Qubits,48,5,0,0,3,3,1.0,0.0002624988555908203
M-50-N-5-pa-0.55-pe-1.0042,LinearSearch With Preprocessing and Reduced Qubits,48,5,0,0,3,3,1.0,0.0002651214599609375
M-50-N-5-pa-0.35-pe-1.0042,BinSearch,44,5,0,0,1,1,1.0,0.00024080276489257812
M-50-N-5-pa-0.35-pe-1.0042,LinearSearch,44,5,0,0,1,1,1.0,0.0002346038818359375
M-50-N-5-pa-0.35-pe-1.0042,LinearSearch With Preprocessing,44,5,0,0,1,1,1.0,0.00023508071899414062
M-50-N-5-pa-0.35-pe-1.0042,LinearSearch With Reduced Qubits,44,5,0,0,1,1,1.0,0.0002346038818359375
M-50-N-5-pa-0.35-pe-1.0042,LinearSearch With Preprocessing and Reduced Qubits,44,5,0,0,1,1,1.0,0.00023221969604492188
M-50-N-25-pa-0.95-pe-1.0042,BinSearch,50,21,0,0,21,21,1.0,0.0008780956268310547
M-50-N-25-pa-0.95-pe-1.0042,LinearSearch,50,21,0,0,21,21,1.0,0.0008151531219482422
M-50-N-25-pa-0.95-pe-1.0042,LinearSearch With Preprocessing,50,21,0,0,21,21,1.0,0.000820159912109375
M-50-N-25-pa-0.95-pe-1.0042,LinearSearch With Reduced Qubits,50,21,0,0,21,21,1.0,0.0008087158203125
M-50-N-25-pa-0.95-pe-1.0042,LinearSearch With Preprocessing and Reduced Qubits,50,21,0,0,21,21,1.0,0.0008533000946044922
M-50-N-25-pa-0.25-pe-1.0042,BinSearch,50,25,100,1858,2,2,1.0,10.84234881401062
M-50-N-25-pa-0.25-pe-1.0042,LinearSearch,50,25,149,2613,2,2,1.0,19.301026344299316
M-50-N-25-pa-0.25-pe-1.0042,LinearSearch With Preprocessing,50,25,149,2613,2,2,1.0,13.011270761489868
M-50-N-25-pa-0.25-pe-1.0042,LinearSearch With Reduced Qubits,50,25,100,1858,2,2,1.0,15.845435380935669
M-50-N-25-pa-0.25-pe-1.0042,LinearSearch With Preprocessing and Reduced Qubits,50,25,100,1858,2,2,1.0,11.000794410705566
M-50-N-25-pa-0.75-pe-1.0042,BinSearch,50,25,75,2170,265,261,0.9849056603773585,5.172158718109131
M-50-N-25-pa-0.75-pe-1.0042,LinearSearch,50,25,199,7234,265,27,0.1018867924528302,9.254150629043579
M-50-N-25-pa-0.75-pe-1.0042,LinearSearch With Preprocessing,50,25,199,7234,265,29,0.10943396226415095,9.358402490615845
M-50-N-25-pa-0.75-pe-1.0042,LinearSearch With Reduced Qubits,50,25,75,2170,265,263,0.9924528301886792,5.1859071254730225
M-50-N-25-pa-0.75-pe-1.0042,LinearSearch With Preprocessing and Reduced Qubits,50,25,75,2170,265,264,0.9962264150943396,5.21157693862915
M-50-N-50-pa-0.75-pe-1.0042,BinSearch,50,50,100,3086,32,32,1.0,5.901296615600586
M-50-N-50-pa-0.75-pe-1.0042,LinearSearch,50,50,347,13030,32,0,0.0,13.630491256713867
M-50-N-50-pa-0.75-pe-1.0042,LinearSearch With Preprocessing,50,50,347,13030,32,0,0.0,13.667035818099976
M-50-N-50-pa-0.75-pe-1.0042,LinearSearch With Reduced Qubits,50,50,100,3086,32,32,1.0,5.8839356899261475
M-50-N-50-pa-0.75-pe-1.0042,LinearSearch With Preprocessing and Reduced Qubits,50,50,100,3086,32,32,1.0,5.8743791580200195
M-50-N-10-pa-0.35-pe-1.0042,BinSearch,49,10,59,1346,2,2,1.0,4.725319862365723
M-50-N-10-pa-0.35-pe-1.0042,LinearSearch,49,10,94,2045,2,2,1.0,5.507408857345581
M-50-N-10-pa-0.35-pe-1.0042,LinearSearch With Preprocessing,49,10,94,2045,2,2,1.0,5.526373624801636
M-50-N-10-pa-0.35-pe-1.0042,LinearSearch With Reduced Qubits,49,10,59,1346,2,2,1.0,4.702230215072632
M-50-N-10-pa-0.35-pe-1.0042,LinearSearch With Preprocessing and Reduced Qubits,49,10,59,1346,2,2,1.0,4.73071551322937
M-50-N-5-pa-0.95-pe-1.0042,BinSearch,50,5,0,0,37,37,1.0,0.00041985511779785156
M-50-N-5-pa-0.95-pe-1.0042,LinearSearch,50,5,0,0,37,37,1.0,0.0003314018249511719
M-50-N-5-pa-0.95-pe-1.0042,LinearSearch With Preprocessing,50,5,0,0,37,37,1.0,0.0003216266632080078
M-50-N-5-pa-0.95-pe-1.0042,LinearSearch With Reduced Qubits,50,5,0,0,37,37,1.0,0.0003190040588378906
M-50-N-5-pa-0.95-pe-1.0042,LinearSearch With Preprocessing and Reduced Qubits,50,5,0,0,37,37,1.0,0.0003178119659423828
M-50-N-10-pa-0.45-pe-1.0042,BinSearch,50,10,60,1462,39,39,1.0,4.770453691482544
M-50-N-10-pa-0.45-pe-1.0042,LinearSearch,50,10,100,2510,39,39,1.0,5.838615655899048
M-50-N-10-pa-0.45-pe-1.0042,LinearSearch With Preprocessing,50,10,100,2510,39,39,1.0,5.854947566986084
M-50-N-10-pa-0.45-pe-1.0042,LinearSearch With Reduced Qubits,50,10,60,1462,39,39,1.0,4.767061471939087
M-50-N-10-pa-0.45-pe-1.0042,LinearSearch With Preprocessing and Reduced Qubits,50,10,60,1462,39,39,1.0,4.775261640548706
M-50-N-10-pa-0.95-pe-1.0042,BinSearch,50,9,0,0,34,34,1.0,0.0004909038543701172
M-50-N-10-pa-0.95-pe-1.0042,LinearSearch,50,9,0,0,34,34,1.0,0.0004100799560546875
M-50-N-10-pa-0.95-pe-1.0042,LinearSearch With Preprocessing,50,9,0,0,34,34,1.0,0.0004062652587890625
M-50-N-10-pa-0.95-pe-1.0042,LinearSearch With Reduced Qubits,50,9,0,0,34,34,1.0,0.00040435791015625
M-50-N-10-pa-0.95-pe-1.0042,LinearSearch With Preprocessing and Reduced Qubits,50,9,0,0,34,34,1.0,0.000400543212890625
M-50-N-50-pa-0.15-pe-1.0042,BinSearch,50,50,206,2603,185,20,0.10810810810810811,21.462337255477905
M-50-N-50-pa-0.15-pe-1.0042,LinearSearch,50,50,206,2603,185,30,0.16216216216216217,58.798901319503784
M-50-N-50-pa-0.15-pe-1.0042,LinearSearch With Preprocessing,50,50,206,2603,185,22,0.11891891891891893,37.981152296066284
M-50-N-50-pa-0.15-pe-1.0042,LinearSearch With Reduced Qubits,50,50,206,2603,185,21,0.11351351351351352,54.334689140319824
M-50-N-50-pa-0.15-pe-1.0042,LinearSearch With Preprocessing and Reduced Qubits,50,50,206,2603,185,25,0.13513513513513514,36.33990025520325
M-50-N-25-pa-0.85-pe-1.0042,BinSearch,50,25,0,0,3,3,1.0,0.0011663436889648438
M-50-N-25-pa-0.85-pe-1.0042,LinearSearch,50,25,0,0,3,3,1.0,0.0010077953338623047
M-50-N-25-pa-0.85-pe-1.0042,LinearSearch With Preprocessing,50,25,0,0,3,3,1.0,0.00099945068359375
M-50-N-25-pa-0.85-pe-1.0042,LinearSearch With Reduced Qubits,50,25,0,0,3,3,1.0,0.0009894371032714844
M-50-N-25-pa-0.85-pe-1.0042,LinearSearch With Preprocessing and Reduced Qubits,50,25,0,0,3,3,1.0,0.0009996891021728516
M-50-N-5-pa-0.15-pe-1.0042,BinSearch,34,5,44,644,56,56,1.0,4.623487234115601
M-50-N-5-pa-0.15-pe-1.0042,LinearSearch,34,5,50,715,56,56,1.0,9.110612630844116
M-50-N-5-pa-0.15-pe-1.0042,LinearSearch With Preprocessing,34,5,50,715,56,56,1.0,4.386457443237305
M-50-N-5-pa-0.15-pe-1.0042,LinearSearch With Reduced Qubits,34,5,44,644,56,56,1.0,8.493834257125854
M-50-N-5-pa-0.15-pe-1.0042,LinearSearch With Preprocessing and Reduced Qubits,34,5,44,644,56,56,1.0,4.311591863632202
M-50-N-25-pa-0.35-pe-1.0042,BinSearch,50,25,100,2152,2,2,1.0,10.653177261352539
M-50-N-25-pa-0.35-pe-1.0042,LinearSearch,50,25,167,3586,2,2,1.0,14.19501256942749
M-50-N-25-pa-0.35-pe-1.0042,LinearSearch With Preprocessing,50,25,167,3586,2,2,1.0,14.108145952224731
M-50-N-25-pa-0.35-pe-1.0042,LinearSearch With Reduced Qubits,50,25,100,2152,2,2,1.0,10.662315368652344
M-50-N-25-pa-0.35-pe-1.0042,LinearSearch With Preprocessing and Reduced Qubits,50,25,100,2152,2,2,1.0,10.696233987808228
M-50-N-25-pa-0.15-pe-1.0042,BinSearch,50,25,118,1817,169,146,0.863905325443787,11.514522075653076
M-50-N-25-pa-0.15-pe-1.0042,LinearSearch,50,25,127,1937,169,145,0.8579881656804734,34.42626667022705
M-50-N-25-pa-0.15-pe-1.0042,LinearSearch With Preprocessing,50,25,127,1937,169,149,0.8816568047337278,17.46150279045105
M-50-N-25-pa-0.15-pe-1.0042,LinearSearch With Reduced Qubits,50,25,118,1817,169,144,0.8520710059171598,32.5003342628479
M-50-N-25-pa-0.15-pe-1.0042,LinearSearch With Preprocessing and Reduced Qubits,50,25,118,1817,169,152,0.8994082840236687,17.072609424591064
M-50-N-10-pa-0.75-pe-1.0042,BinSearch,50,10,0,0,5,5,1.0,0.0006582736968994141
M-50-N-10-pa-0.75-pe-1.0042,LinearSearch,50,10,0,0,5,5,1.0,0.0004589557647705078
M-50-N-10-pa-0.75-pe-1.0042,LinearSearch With Preprocessing,50,10,0,0,5,5,1.0,0.0004534721374511719
M-50-N-10-pa-0.75-pe-1.0042,LinearSearch With Reduced Qubits,50,10,0,0,5,5,1.0,0.00045299530029296875
M-50-N-10-pa-0.75-pe-1.0042,LinearSearch With Preprocessing and Reduced Qubits,50,10,0,0,5,5,1.0,0.00045228004455566406
M-50-N-5-pa-0.75-pe-1.0042,BinSearch,50,5,0,0,8,8,1.0,0.0002925395965576172
M-50-N-5-pa-0.75-pe-1.0042,LinearSearch,50,5,0,0,8,8,1.0,0.00028514862060546875
M-50-N-5-pa-0.75-pe-1.0042,LinearSearch With Preprocessing,50,5,0,0,8,8,1.0,0.0002849102020263672
M-50-N-5-pa-0.75-pe-1.0042,LinearSearch With Reduced Qubits,50,5,0,0,8,8,1.0,0.0002791881561279297
M-50-N-5-pa-0.75-pe-1.0042,LinearSearch With Preprocessing and Reduced Qubits,50,5,0,0,8,8,1.0,0.0002827644348144531
M-50-N-25-pa-0.65-pe-1.0042,BinSearch,50,25,75,2022,29,29,1.0,5.098679780960083
M-50-N-25-pa-0.65-pe-1.0042,LinearSearch,50,25,186,5905,29,9,0.3103448275862069,8.757586240768433
M-50-N-25-pa-0.65-pe-1.0042,LinearSearch With Preprocessing,50,25,186,5905,29,9,0.3103448275862069,8.70895767211914
M-50-N-25-pa-0.65-pe-1.0042,LinearSearch With Reduced Qubits,50,25,75,2022,29,29,1.0,5.087338924407959
M-50-N-25-pa-0.65-pe-1.0042,LinearSearch With Preprocessing and Reduced Qubits,50,25,75,2022,29,29,1.0,5.0977983474731445
M-50-N-10-pa-0.15-pe-1.0042,BinSearch,39,10,59,889,27,27,1.0,9.097812175750732
M-50-N-10-pa-0.15-pe-1.0042,LinearSearch,39,10,70,1006,27,27,1.0,14.247677564620972
M-50-N-10-pa-0.15-pe-1.0042,LinearSearch With Preprocessing,39,10,70,1006,27,27,1.0,9.564935684204102
M-50-N-10-pa-0.15-pe-1.0042,LinearSearch With Reduced Qubits,39,10,59,889,27,27,1.0,13.418134212493896
M-50-N-10-pa-0.15-pe-1.0042,LinearSearch With Preprocessing and Reduced Qubits,39,10,59,889,27,27,1.0,9.124104738235474
M-50-N-10-pa-0.85-pe-1.0042,BinSearch,50,10,0,0,3,3,1.0,0.0005841255187988281
M-50-N-10-pa-0.85-pe-1.0042,LinearSearch,50,10,0,0,3,3,1.0,0.0005054473876953125
M-50-N-10-pa-0.85-pe-1.0042,LinearSearch With Preprocessing,50,10,0,0,3,3,1.0,0.0004596710205078125
M-50-N-10-pa-0.85-pe-1.0042,LinearSearch With Reduced Qubits,50,10,0,0,3,3,1.0,0.0004639625549316406
M-50-N-10-pa-0.85-pe-1.0042,LinearSearch With Preprocessing and Reduced Qubits,50,10,0,0,3,3,1.0,0.00045680999755859375
M-50-N-50-pa-0.45-pe-1.0042,BinSearch,50,50,150,3555,2,65,0.0,13.891342163085938
M-50-N-50-pa-0.45-pe-1.0042,LinearSearch,50,50,300,7425,2,3,0.0,31.514635801315308
M-50-N-50-pa-0.45-pe-1.0042,LinearSearch With Preprocessing,50,50,300,7425,2,4,0.0,31.616323471069336
M-50-N-50-pa-0.45-pe-1.0042,LinearSearch With Reduced Qubits,50,50,150,3555,2,81,0.0,19.530702829360962
M-50-N-50-pa-0.45-pe-1.0042,LinearSearch With Preprocessing and Reduced Qubits,50,50,150,3555,2,72,0.0,19.598320722579956
M-5-N-10-pa-0.05-pe-1.001337,BinSearch,5,5,5,10,1,1,1.0,0.4320948123931885
M-5-N-10-pa-0.05-pe-1.001337,LinearSearch,5,5,5,10,1,1,1.0,0.24386191368103027
M-5-N-10-pa-0.05-pe-1.001337,LinearSearch With Preprocessing,5,5,5,10,1,1,1.0,0.13283634185791016
M-5-N-10-pa-0.05-pe-1.001337,LinearSearch With Reduced Qubits,5,5,5,10,1,1,1.0,0.24904203414916992
M-5-N-10-pa-0.05-pe-1.001337,LinearSearch With Preprocessing and Reduced Qubits,5,5,5,10,1,1,1.0,0.1208803653717041
M-5-N-5-pa-0.85-pe-1.001337,BinSearch,5,4,0,0,1,1,1.0,0.00015592575073242188
M-5-N-5-pa-0.85-pe-1.001337,LinearSearch,5,4,0,0,1,1,1.0,9.608268737792969e-05
M-5-N-5-pa-0.85-pe-1.001337,LinearSearch With Preprocessing,5,4,0,0,1,1,1.0,9.179115295410156e-05
M-5-N-5-pa-0.85-pe-1.001337,LinearSearch With Reduced Qubits,5,4,0,0,1,1,1.0,8.7738037109375e-05
M-5-N-5-pa-0.85-pe-1.001337,LinearSearch With Preprocessing and Reduced Qubits,5,4,0,0,1,1,1.0,8.559226989746094e-05
M-5-N-25-pa-0.75-pe-1.001337,BinSearch,5,12,10,20,1,1,1.0,0.18631911277770996
M-5-N-25-pa-0.75-pe-1.001337,LinearSearch,5,12,10,20,1,1,1.0,0.18312597274780273
M-5-N-25-pa-0.75-pe-1.001337,LinearSearch With Preprocessing,5,12,10,20,1,1,1.0,0.17706513404846191
M-5-N-25-pa-0.75-pe-1.001337,LinearSearch With Reduced Qubits,5,12,10,20,1,1,1.0,0.17916607856750488
M-5-N-25-pa-0.75-pe-1.001337,LinearSearch With Preprocessing and Reduced Qubits,5,12,10,20,1,1,1.0,0.17043137550354004
M-5-N-10-pa-0.35-pe-1.001337,BinSearch,5,9,6,12,2,2,1.0,0.13982272148132324
M-5-N-10-pa-0.35-pe-1.001337,LinearSearch,5,9,6,12,2,2,1.0,0.4079165458679199
M-5-N-10-pa-0.35-pe-1.001337,LinearSearch With Preprocessing,5,9,6,12,2,2,1.0,0.14077067375183105
M-5-N-10-pa-0.35-pe-1.001337,LinearSearch With Reduced Qubits,5,9,6,12,2,2,1.0,0.39561009407043457
M-5-N-10-pa-0.35-pe-1.001337,LinearSearch With Preprocessing and Reduced Qubits,5,9,6,12,2,2,1.0,0.14762330055236816
M-5-N-50-pa-0.65-pe-1.001337,BinSearch,5,23,5,10,1,1,1.0,0.12239718437194824
M-5-N-50-pa-0.65-pe-1.001337,LinearSearch,5,23,5,10,1,1,1.0,0.23745417594909668
M-5-N-50-pa-0.65-pe-1.001337,LinearSearch With Preprocessing,5,23,5,10,1,1,1.0,0.11801385879516602
M-5-N-50-pa-0.65-pe-1.001337,LinearSearch With Reduced Qubits,5,23,5,10,1,1,1.0,0.2509880065917969
M-5-N-50-pa-0.65-pe-1.001337,LinearSearch With Preprocessing and Reduced Qubits,5,23,5,10,1,1,1.0,0.11858892440795898
M-5-N-50-pa-0.45-pe-1.001337,BinSearch,5,29,5,10,1,1,1.0,0.1233057975769043
M-5-N-50-pa-0.45-pe-1.001337,LinearSearch,5,29,5,10,1,1,1.0,0.4979898929595947
M-5-N-50-pa-0.45-pe-1.001337,LinearSearch With Preprocessing,5,29,5,10,1,1,1.0,0.13263440132141113
M-5-N-50-pa-0.45-pe-1.001337,LinearSearch With Reduced Qubits,5,29,5,10,1,1,1.0,0.49635791778564453
M-5-N-50-pa-0.45-pe-1.001337,LinearSearch With Preprocessing and Reduced Qubits,5,29,5,10,1,1,1.0,0.13028621673583984
M-5-N-25-pa-0.25-pe-1.001337,BinSearch,5,12,5,10,1,1,1.0,0.12407898902893066
M-5-N-25-pa-0.25-pe-1.001337,LinearSearch,5,12,5,10,1,1,1.0,0.47803568840026855
M-5-N-25-pa-0.25-pe-1.001337,LinearSearch With Preprocessing,5,12,5,10,1,1,1.0,0.12702155113220215
M-5-N-25-pa-0.25-pe-1.001337,LinearSearch With Reduced Qubits,5,12,5,10,1,1,1.0,0.4995403289794922
M-5-N-25-pa-0.25-pe-1.001337,LinearSearch With Preprocessing and Reduced Qubits,5,12,5,10,1,1,1.0,0.12501740455627441
M-5-N-50-pa-0.05-pe-1.001337,BinSearch,5,8,5,10,1,1,1.0,0.12922430038452148
M-5-N-50-pa-0.05-pe-1.001337,LinearSearch,5,8,5,10,1,1,1.0,0.48098111152648926
M-5-N-50-pa-0.05-pe-1.001337,LinearSearch With Preprocessing,5,8,5,10,1,1,1.0,0.1350398063659668
M-5-N-50-pa-0.05-pe-1.001337,LinearSearch With Reduced Qubits,5,8,5,10,1,1,1.0,0.4921724796295166
M-5-N-50-pa-0.05-pe-1.001337,LinearSearch With Preprocessing and Reduced Qubits,5,8,5,10,1,1,1.0,0.12465453147888184
M-5-N-25-pa-0.05-pe-1.001337,BinSearch,5,10,5,10,1,1,1.0,0.12618732452392578
M-5-N-25-pa-0.05-pe-1.001337,LinearSearch,5,10,5,10,1,1,1.0,0.48360681533813477
M-5-N-25-pa-0.05-pe-1.001337,LinearSearch With Preprocessing,5,10,5,10,1,1,1.0,0.1360006332397461
M-5-N-25-pa-0.05-pe-1.001337,LinearSearch With Reduced Qubits,5,10,5,10,1,1,1.0,0.49800944328308105
M-5-N-25-pa-0.05-pe-1.001337,LinearSearch With Preprocessing and Reduced Qubits,5,10,5,10,1,1,1.0,0.1204977035522461
M-5-N-5-pa-0.75-pe-1.001337,BinSearch,5,5,0,0,1,1,1.0,0.00016117095947265625
M-5-N-5-pa-0.75-pe-1.001337,LinearSearch,5,5,0,0,1,1,1.0,0.00010538101196289062
M-5-N-5-pa-0.75-pe-1.001337,LinearSearch With Preprocessing,5,5,0,0,1,1,1.0,9.655952453613281e-05
M-5-N-5-pa-0.75-pe-1.001337,LinearSearch With Reduced Qubits,5,5,0,0,1,1,1.0,9.322166442871094e-05
M-5-N-5-pa-0.75-pe-1.001337,LinearSearch With Preprocessing and Reduced Qubits,5,5,0,0,1,1,1.0,9.1552734375e-05
M-5-N-25-pa-0.85-pe-1.001337,BinSearch,5,10,10,26,6,6,1.0,0.17521429061889648
M-5-N-25-pa-0.85-pe-1.001337,LinearSearch,5,10,15,47,6,6,1.0,0.2333683967590332
M-5-N-25-pa-0.85-pe-1.001337,LinearSearch With Preprocessing,5,10,15,47,6,6,1.0,0.2301335334777832
M-5-N-25-pa-0.85-pe-1.001337,LinearSearch With Reduced Qubits,5,10,10,26,6,6,1.0,0.17505621910095215
M-5-N-25-pa-0.85-pe-1.001337,LinearSearch With Preprocessing and Reduced Qubits,5,10,10,26,6,6,1.0,0.18343734741210938
M-5-N-50-pa-0.55-pe-1.001337,BinSearch,5,24,5,10,1,1,1.0,0.12205195426940918
M-5-N-50-pa-0.55-pe-1.001337,LinearSearch,5,24,5,10,1,1,1.0,0.3554511070251465
M-5-N-50-pa-0.55-pe-1.001337,LinearSearch With Preprocessing,5,24,5,10,1,1,1.0,0.12926173210144043
M-5-N-50-pa-0.55-pe-1.001337,LinearSearch With Reduced Qubits,5,24,5,10,1,1,1.0,0.3685004711151123
M-5-N-50-pa-0.55-pe-1.001337,LinearSearch With Preprocessing and Reduced Qubits,5,24,5,10,1,1,1.0,0.12441635131835938
M-5-N-50-pa-0.35-pe-1.001337,BinSearch,5,22,5,10,1,1,1.0,0.1454002857208252
M-5-N-50-pa-0.35-pe-1.001337,LinearSearch,5,22,5,10,1,1,1.0,0.49987316131591797
M-5-N-50-pa-0.35-pe-1.001337,LinearSearch With Preprocessing,5,22,5,10,1,1,1.0,0.12632131576538086
M-5-N-50-pa-0.35-pe-1.001337,LinearSearch With Reduced Qubits,5,22,5,10,1,1,1.0,0.4836766719818115
M-5-N-50-pa-0.35-pe-1.001337,LinearSearch With Preprocessing and Reduced Qubits,5,22,5,10,1,1,1.0,0.12771224975585938
M-5-N-5-pa-0.95-pe-1.001337,BinSearch,5,1,0,0,5,5,1.0,0.00013709068298339844
M-5-N-5-pa-0.95-pe-1.001337,LinearSearch,5,1,0,0,5,5,1.0,8.463859558105469e-05
M-5-N-5-pa-0.95-pe-1.001337,LinearSearch With Preprocessing,5,1,0,0,5,5,1.0,8.082389831542969e-05
M-5-N-5-pa-0.95-pe-1.001337,LinearSearch With Reduced Qubits,5,1,0,0,5,5,1.0,7.653236389160156e-05
M-5-N-5-pa-0.95-pe-1.001337,LinearSearch With Preprocessing and Reduced Qubits,5,1,0,0,5,5,1.0,7.510185241699219e-05
M-5-N-5-pa-0.35-pe-1.001337,BinSearch,5,5,5,10,1,1,1.0,0.12636351585388184
M-5-N-5-pa-0.35-pe-1.001337,LinearSearch,5,5,5,10,1,1,1.0,0.1303248405456543
M-5-N-5-pa-0.35-pe-1.001337,LinearSearch With Preprocessing,5,5,5,10,1,1,1.0,0.13005661964416504
M-5-N-5-pa-0.35-pe-1.001337,LinearSearch With Reduced Qubits,5,5,5,10,1,1,1.0,0.13444256782531738
M-5-N-5-pa-0.35-pe-1.001337,LinearSearch With Preprocessing and Reduced Qubits,5,5,5,10,1,1,1.0,0.12819170951843262
M-5-N-50-pa-0.25-pe-1.001337,BinSearch,5,19,5,10,1,1,1.0,0.12550020217895508
M-5-N-50-pa-0.25-pe-1.001337,LinearSearch,5,19,5,10,1,1,1.0,0.48190784454345703
M-5-N-50-pa-0.25-pe-1.001337,LinearSearch With Preprocessing,5,19,5,10,1,1,1.0,0.12074851989746094
M-5-N-50-pa-0.25-pe-1.001337,LinearSearch With Reduced Qubits,5,19,5,10,1,1,1.0,0.49309468269348145
M-5-N-50-pa-0.25-pe-1.001337,LinearSearch With Preprocessing and Reduced Qubits,5,19,5,10,1,1,1.0,0.13008904457092285
M-5-N-50-pa-0.95-pe-1.001337,BinSearch,5,7,9,25,9,9,1.0,0.16375970840454102
M-5-N-50-pa-0.95-pe-1.001337,LinearSearch,5,7,13,44,9,9,1.0,0.21419620513916016
M-5-N-50-pa-0.95-pe-1.001337,LinearSearch With Preprocessing,5,7,13,44,9,9,1.0,0.21768665313720703
M-5-N-50-pa-0.95-pe-1.001337,LinearSearch With Reduced Qubits,5,7,9,25,9,9,1.0,0.1732034683227539
M-5-N-50-pa-0.95-pe-1.001337,LinearSearch With Preprocessing and Reduced Qubits,5,7,9,25,9,9,1.0,0.16353058815002441
M-5-N-50-pa-0.15-pe-1.001337,BinSearch,5,16,5,10,1,1,1.0,0.12905287742614746
M-5-N-50-pa-0.15-pe-1.001337,LinearSearch,5,16,5,10,1,1,1.0,0.48455238342285156
M-5-N-50-pa-0.15-pe-1.001337,LinearSearch With Preprocessing,5,16,5,10,1,1,1.0,0.12631464004516602
M-5-N-50-pa-0.15-pe-1.001337,LinearSearch With Reduced Qubits,5,16,5,10,1,1,1.0,0.48909449577331543
M-5-N-50-pa-0.15-pe-1.001337,LinearSearch With Preprocessing and Reduced Qubits,5,16,5,10,1,1,1.0,0.12232089042663574
M-5-N-10-pa-0.45-pe-1.001337,BinSearch,5,10,9,18,2,2,1.0,0.1607198715209961
M-5-N-10-pa-0.45-pe-1.001337,LinearSearch,5,10,9,18,2,2,1.0,0.32257866859436035
M-5-N-10-pa-0.45-pe-1.001337,LinearSearch With Preprocessing,5,10,9,18,2,2,1.0,0.17890191078186035
M-5-N-10-pa-0.45-pe-1.001337,LinearSearch With Reduced Qubits,5,10,9,18,2,2,1.0,0.32938480377197266
M-5-N-10-pa-0.45-pe-1.001337,LinearSearch With Preprocessing and Reduced Qubits,5,10,9,18,2,2,1.0,0.16147351264953613
M-5-N-50-pa-0.75-pe-1.001337,BinSearch,5,14,8,16,2,2,1.0,0.1507244110107422
M-5-N-50-pa-0.75-pe-1.001337,LinearSearch,5,14,8,16,2,2,1.0,0.1576228141784668
M-5-N-50-pa-0.75-pe-1.001337,LinearSearch With Preprocessing,5,14,8,16,2,2,1.0,0.14977812767028809
M-5-N-50-pa-0.75-pe-1.001337,LinearSearch With Reduced Qubits,5,14,8,16,2,2,1.0,0.1541433334350586
M-5-N-50-pa-0.75-pe-1.001337,LinearSearch With Preprocessing and Reduced Qubits,5,14,8,16,2,2,1.0,0.14911532402038574
M-5-N-5-pa-0.45-pe-1.001337,BinSearch,4,4,5,8,2,2,1.0,0.1297156810760498
M-5-N-5-pa-0.45-pe-1.001337,LinearSearch,4,4,5,8,2,2,1.0,0.1253526210784912
M-5-N-5-pa-0.45-pe-1.001337,LinearSearch With Preprocessing,4,4,5,8,2,2,1.0,0.12496709823608398
M-5-N-5-pa-0.45-pe-1.001337,LinearSearch With Reduced Qubits,4,4,5,8,2,2,1.0,0.1224205493927002
M-5-N-5-pa-0.45-pe-1.001337,LinearSearch With Preprocessing and Reduced Qubits,4,4,5,8,2,2,1.0,0.12233114242553711
M-5-N-5-pa-0.05-pe-1.001337,BinSearch,2,2,2,1,1,1,1.0,0.09632182121276855
M-5-N-5-pa-0.05-pe-1.001337,LinearSearch,2,2,2,1,1,1,1.0,0.09436345100402832
M-5-N-5-pa-0.05-pe-1.001337,LinearSearch With Preprocessing,2,2,2,1,1,1,1.0,0.1041116714477539
M-5-N-5-pa-0.05-pe-1.001337,LinearSearch With Reduced Qubits,2,2,2,1,1,1,1.0,0.09435057640075684
M-5-N-5-pa-0.05-pe-1.001337,LinearSearch With Preprocessing and Reduced Qubits,2,2,2,1,1,1,1.0,0.10169601440429688
M-5-N-10-pa-0.55-pe-1.001337,BinSearch,5,7,9,20,2,2,1.0,0.16478633880615234
M-5-N-10-pa-0.55-pe-1.001337,LinearSearch,5,7,11,28,2,2,1.0,0.18965649604797363
M-5-N-10-pa-0.55-pe-1.001337,LinearSearch With Preprocessing,5,7,11,28,2,2,1.0,0.18489837646484375
M-5-N-10-pa-0.55-pe-1.001337,LinearSearch With Reduced Qubits,5,7,9,20,2,2,1.0,0.16454720497131348
M-5-N-10-pa-0.55-pe-1.001337,LinearSearch With Preprocessing and Reduced Qubits,5,7,9,20,2,2,1.0,0.1767714023590088
M-5-N-10-pa-0.75-pe-1.001337,BinSearch,5,8,9,21,4,4,1.0,0.17620325088500977
M-5-N-10-pa-0.75-pe-1.001337,LinearSearch,5,8,12,33,4,4,1.0,0.20149564743041992
M-5-N-10-pa-0.75-pe-1.001337,LinearSearch With Preprocessing,5,8,12,33,4,4,1.0,0.19318699836730957
M-5-N-10-pa-0.75-pe-1.001337,LinearSearch With Reduced Qubits,5,8,9,21,4,4,1.0,0.16501426696777344
M-5-N-10-pa-0.75-pe-1.001337,LinearSearch With Preprocessing and Reduced Qubits,5,8,9,21,4,4,1.0,0.16153812408447266
M-5-N-5-pa-0.55-pe-1.001337,BinSearch,4,3,0,0,1,1,1.0,0.00014257431030273438
M-5-N-5-pa-0.55-pe-1.001337,LinearSearch,4,3,0,0,1,1,1.0,8.749961853027344e-05
M-5-N-5-pa-0.55-pe-1.001337,LinearSearch With Preprocessing,4,3,0,0,1,1,1.0,8.153915405273438e-05
M-5-N-5-pa-0.55-pe-1.001337,LinearSearch With Reduced Qubits,4,3,0,0,1,1,1.0,8.130073547363281e-05
M-5-N-5-pa-0.55-pe-1.001337,LinearSearch With Preprocessing and Reduced Qubits,4,3,0,0,1,1,1.0,7.843971252441406e-05
M-5-N-25-pa-0.35-pe-1.001337,BinSearch,5,14,5,10,1,1,1.0,0.12030720710754395
M-5-N-25-pa-0.35-pe-1.001337,LinearSearch,5,14,5,10,1,1,1.0,0.35475635528564453
M-5-N-25-pa-0.35-pe-1.001337,LinearSearch With Preprocessing,5,14,5,10,1,1,1.0,0.1254711151123047
M-5-N-25-pa-0.35-pe-1.001337,LinearSearch With Reduced Qubits,5,14,5,10,1,1,1.0,0.3786191940307617
M-5-N-25-pa-0.35-pe-1.001337,LinearSearch With Preprocessing and Reduced Qubits,5,14,5,10,1,1,1.0,0.13548517227172852
M-5-N-25-pa-0.65-pe-1.001337,BinSearch,5,18,7,14,1,1,1.0,0.15027403831481934
M-5-N-25-pa-0.65-pe-1.001337,LinearSearch,5,18,7,14,1,1,1.0,0.27708888053894043
M-5-N-25-pa-0.65-pe-1.001337,LinearSearch With Preprocessing,5,18,7,14,1,1,1.0,0.14292359352111816
M-5-N-25-pa-0.65-pe-1.001337,LinearSearch With Reduced Qubits,5,18,7,14,1,1,1.0,0.28702378273010254
M-5-N-25-pa-0.65-pe-1.001337,LinearSearch With Preprocessing and Reduced Qubits,5,18,7,14,1,1,1.0,0.14417624473571777
M-5-N-50-pa-0.85-pe-1.001337,BinSearch,5,13,9,20,3,3,1.0,0.16935110092163086
M-5-N-50-pa-0.85-pe-1.001337,LinearSearch,5,13,11,28,3,3,1.0,0.18243741989135742
M-5-N-50-pa-0.85-pe-1.001337,LinearSearch With Preprocessing,5,13,11,28,3,3,1.0,0.1896970272064209
M-5-N-50-pa-0.85-pe-1.001337,LinearSearch With Reduced Qubits,5,13,9,20,3,3,1.0,0.16182661056518555
M-5-N-50-pa-0.85-pe-1.001337,LinearSearch With Preprocessing and Reduced Qubits,5,13,9,20,3,3,1.0,0.1771869659423828
M-5-N-5-pa-0.15-pe-1.001337,BinSearch,4,4,4,6,1,1,1.0,0.1203756332397461
M-5-N-5-pa-0.15-pe-1.001337,LinearSearch,4,4,4,6,1,1,1.0,0.33179211616516113
M-5-N-5-pa-0.15-pe-1.001337,LinearSearch With Preprocessing,4,4,4,6,1,1,1.0,0.11091470718383789
M-5-N-5-pa-0.15-pe-1.001337,LinearSearch With Reduced Qubits,4,4,4,6,1,1,1.0,0.3415098190307617
M-5-N-5-pa-0.15-pe-1.001337,LinearSearch With Preprocessing and Reduced Qubits,4,4,4,6,1,1,1.0,0.11600542068481445
M-5-N-10-pa-0.65-pe-1.001337,BinSearch,5,9,10,23,2,2,1.0,0.1770613193511963
M-5-N-10-pa-0.65-pe-1.001337,LinearSearch,5,9,13,35,2,2,1.0,0.20417213439941406
M-5-N-10-pa-0.65-pe-1.001337,LinearSearch With Preprocessing,5,9,13,35,2,2,1.0,0.20417046546936035
M-5-N-10-pa-0.65-pe-1.001337,LinearSearch With Reduced Qubits,5,9,10,23,2,2,1.0,0.17124485969543457
M-5-N-10-pa-0.65-pe-1.001337,LinearSearch With Preprocessing and Reduced Qubits,5,9,10,23,2,2,1.0,0.1819322109222412
M-5-N-25-pa-0.95-pe-1.001337,BinSearch,5,4,0,0,2,2,1.0,0.00016260147094726562
M-5-N-25-pa-0.95-pe-1.001337,LinearSearch,5,4,0,0,2,2,1.0,0.00010180473327636719
M-5-N-25-pa-0.95-pe-1.001337,LinearSearch With Preprocessing,5,4,0,0,2,2,1.0,9.775161743164062e-05
M-5-N-25-pa-0.95-pe-1.001337,LinearSearch With Reduced Qubits,5,4,0,0,2,2,1.0,9.393692016601562e-05
M-5-N-25-pa-0.95-pe-1.001337,LinearSearch With Preprocessing and Reduced Qubits,5,4,0,0,2,2,1.0,9.107589721679688e-05
M-5-N-25-pa-0.55-pe-1.001337,BinSearch,5,20,6,12,2,2,1.0,0.1383378505706787
M-5-N-25-pa-0.55-pe-1.001337,LinearSearch,5,20,6,12,2,2,1.0,0.3863565921783447
M-5-N-25-pa-0.55-pe-1.001337,LinearSearch With Preprocessing,5,20,6,12,2,2,1.0,0.14808320999145508
M-5-N-25-pa-0.55-pe-1.001337,LinearSearch With Reduced Qubits,5,20,6,12,2,2,1.0,0.38905882835388184
M-5-N-25-pa-0.55-pe-1.001337,LinearSearch With Preprocessing and Reduced Qubits,5,20,6,12,2,2,1.0,0.13327550888061523
M-5-N-10-pa-0.25-pe-1.001337,BinSearch,4,6,4,6,1,1,1.0,0.11127233505249023
M-5-N-10-pa-0.25-pe-1.001337,LinearSearch,4,6,4,6,1,1,1.0,0.23070001602172852
M-5-N-10-pa-0.25-pe-1.001337,LinearSearch With Preprocessing,4,6,4,6,1,1,1.0,0.11519122123718262
M-5-N-10-pa-0.25-pe-1.001337,LinearSearch With Reduced Qubits,4,6,4,6,1,1,1.0,0.2157425880432129
M-5-N-10-pa-0.25-pe-1.001337,LinearSearch With Preprocessing and Reduced Qubits,4,6,4,6,1,1,1.0,0.11927008628845215
M-5-N-10-pa-0.15-pe-1.001337,BinSearch,4,5,4,6,1,1,1.0,0.11773014068603516
M-5-N-10-pa-0.15-pe-1.001337,LinearSearch,4,5,4,6,1,1,1.0,0.32837438583374023
M-5-N-10-pa-0.15-pe-1.001337,LinearSearch With Preprocessing,4,5,4,6,1,1,1.0,0.11701250076293945
M-5-N-10-pa-0.15-pe-1.001337,LinearSearch With Reduced Qubits,4,5,4,6,1,1,1.0,0.3357119560241699
M-5-N-10-pa-0.15-pe-1.001337,LinearSearch With Preprocessing and Reduced Qubits,4,5,4,6,1,1,1.0,0.11330652236938477
M-5-N-10-pa-0.85-pe-1.001337,BinSearch,5,6,0,0,1,1,1.0,0.000179290771484375
M-5-N-10-pa-0.85-pe-1.001337,LinearSearch,5,6,0,0,1,1,1.0,0.00011110305786132812
M-5-N-10-pa-0.85-pe-1.001337,LinearSearch With Preprocessing,5,6,0,0,1,1,1.0,0.00010514259338378906
M-5-N-10-pa-0.85-pe-1.001337,LinearSearch With Reduced Qubits,5,6,0,0,1,1,1.0,0.00010633468627929688
M-5-N-10-pa-0.85-pe-1.001337,LinearSearch With Preprocessing and Reduced Qubits,5,6,0,0,1,1,1.0,0.000102996826171875
M-5-N-10-pa-0.95-pe-1.001337,BinSearch,5,2,0,0,4,4,1.0,8.96453857421875e-05
M-5-N-10-pa-0.95-pe-1.001337,LinearSearch,5,2,0,0,4,4,1.0,8.821487426757812e-05
M-5-N-10-pa-0.95-pe-1.001337,LinearSearch With Preprocessing,5,2,0,0,4,4,1.0,8.535385131835938e-05
M-5-N-10-pa-0.95-pe-1.001337,LinearSearch With Reduced Qubits,5,2,0,0,4,4,1.0,8.511543273925781e-05
M-5-N-10-pa-0.95-pe-1.001337,LinearSearch With Preprocessing and Reduced Qubits,5,2,0,0,4,4,1.0,8.416175842285156e-05
M-5-N-25-pa-0.15-pe-1.001337,BinSearch,5,10,5,10,1,1,1.0,0.13547372817993164
M-5-N-25-pa-0.15-pe-1.001337,LinearSearch,5,10,5,10,1,1,1.0,0.4820277690887451
M-5-N-25-pa-0.15-pe-1.001337,LinearSearch With Preprocessing,5,10,5,10,1,1,1.0,0.12193560600280762
M-5-N-25-pa-0.15-pe-1.001337,LinearSearch With Reduced Qubits,5,10,5,10,1,1,1.0,0.47938990592956543
M-5-N-25-pa-0.15-pe-1.001337,LinearSearch With Preprocessing and Reduced Qubits,5,10,5,10,1,1,1.0,0.12372946739196777
M-5-N-25-pa-0.45-pe-1.001337,BinSearch,5,15,6,12,2,2,1.0,0.13247919082641602
M-5-N-25-pa-0.45-pe-1.001337,LinearSearch,5,15,6,12,2,2,1.0,0.4031848907470703
M-5-N-25-pa-0.45-pe-1.001337,LinearSearch With Preprocessing,5,15,6,12,2,2,1.0,0.12973570823669434
M-5-N-25-pa-0.45-pe-1.001337,LinearSearch With Reduced Qubits,5,15,6,12,2,2,1.0,0.41311025619506836
M-5-N-25-pa-0.45-pe-1.001337,LinearSearch With Preprocessing and Reduced Qubits,5,15,6,12,2,2,1.0,0.12877368927001953
M-5-N-5-pa-0.65-pe-1.001337,BinSearch,5,4,0,0,2,2,1.0,0.00015592575073242188
M-5-N-5-pa-0.65-pe-1.001337,LinearSearch,5,4,0,0,2,2,1.0,9.775161743164062e-05
M-5-N-5-pa-0.65-pe-1.001337,LinearSearch With Preprocessing,5,4,0,0,2,2,1.0,9.131431579589844e-05
M-5-N-5-pa-0.65-pe-1.001337,LinearSearch With Reduced Qubits,5,4,0,0,2,2,1.0,8.869171142578125e-05
M-5-N-5-pa-0.65-pe-1.001337,LinearSearch With Preprocessing and Reduced Qubits,5,4,0,0,2,2,1.0,8.630752563476562e-05
M-5-N-5-pa-0.25-pe-1.001337,BinSearch,5,5,6,12,2,2,1.0,0.13023710250854492
M-5-N-5-pa-0.25-pe-1.001337,LinearSearch,5,5,6,12,2,2,1.0,0.3914170265197754
M-5-N-5-pa-0.25-pe-1.001337,LinearSearch With Preprocessing,5,5,6,12,2,2,1.0,0.14725995063781738
M-5-N-5-pa-0.25-pe-1.001337,LinearSearch With Reduced Qubits,5,5,6,12,2,2,1.0,0.39754629135131836
M-5-N-5-pa-0.25-pe-1.001337,LinearSearch With Preprocessing and Reduced Qubits,5,5,6,12,2,2,1.0,0.13376331329345703
M-10-N-5-pa-0.15-pe-1.001337,BinSearch,8,5,11,37,1,1,1.0,0.18774747848510742
M-10-N-5-pa-0.15-pe-1.001337,LinearSearch,8,5,11,37,1,1,1.0,0.37942981719970703
M-10-N-5-pa-0.15-pe-1.001337,LinearSearch With Preprocessing,8,5,11,37,1,1,1.0,0.19124913215637207
M-10-N-5-pa-0.15-pe-1.001337,LinearSearch With Reduced Qubits,8,5,11,37,1,1,1.0,0.3843998908996582
M-10-N-5-pa-0.15-pe-1.001337,LinearSearch With Preprocessing and Reduced Qubits,8,5,11,37,1,1,1.0,0.18816876411437988
M-10-N-50-pa-0.75-pe-1.001337,BinSearch,10,48,31,165,15,15,1.0,0.7683391571044922
M-10-N-50-pa-0.75-pe-1.001337,LinearSearch,10,48,39,227,15,15,1.0,1.0640554428100586
M-10-N-50-pa-0.75-pe-1.001337,LinearSearch With Preprocessing,10,48,39,227,15,15,1.0,1.072401762008667
M-10-N-50-pa-0.75-pe-1.001337,LinearSearch With Reduced Qubits,10,48,31,165,15,15,1.0,0.7657034397125244
M-10-N-50-pa-0.75-pe-1.001337,LinearSearch With Preprocessing and Reduced Qubits,10,48,31,165,15,15,1.0,0.7760167121887207
M-10-N-5-pa-0.55-pe-1.001337,BinSearch,10,5,14,64,10,10,1.0,0.2290053367614746
M-10-N-5-pa-0.55-pe-1.001337,LinearSearch,10,5,20,102,10,10,1.0,0.3026254177093506
M-10-N-5-pa-0.55-pe-1.001337,LinearSearch With Preprocessing,10,5,20,102,10,10,1.0,0.2998037338256836
M-10-N-5-pa-0.55-pe-1.001337,LinearSearch With Reduced Qubits,10,5,14,64,10,10,1.0,0.23026680946350098
M-10-N-5-pa-0.55-pe-1.001337,LinearSearch With Preprocessing and Reduced Qubits,10,5,14,64,10,10,1.0,0.22976350784301758
M-10-N-50-pa-0.15-pe-1.001337,BinSearch,10,36,10,45,1,1,1.0,0.18525910377502441
M-10-N-50-pa-0.15-pe-1.001337,LinearSearch,10,36,10,45,1,1,1.0,1.6056265830993652
M-10-N-50-pa-0.15-pe-1.001337,LinearSearch With Preprocessing,10,36,10,45,1,1,1.0,0.19951128959655762
M-10-N-50-pa-0.15-pe-1.001337,LinearSearch With Reduced Qubits,10,36,10,45,1,1,1.0,1.5666882991790771
M-10-N-50-pa-0.15-pe-1.001337,LinearSearch With Preprocessing and Reduced Qubits,10,36,10,45,1,1,1.0,0.18573641777038574
M-10-N-10-pa-0.15-pe-1.001337,BinSearch,10,9,15,58,8,8,1.0,0.47360897064208984
M-10-N-10-pa-0.15-pe-1.001337,LinearSearch,10,9,15,58,8,8,1.0,0.9623289108276367
M-10-N-10-pa-0.15-pe-1.001337,LinearSearch With Preprocessing,10,9,15,58,8,8,1.0,0.4704761505126953
M-10-N-10-pa-0.15-pe-1.001337,LinearSearch With Reduced Qubits,10,9,15,58,8,8,1.0,0.9804093837738037
M-10-N-10-pa-0.15-pe-1.001337,LinearSearch With Preprocessing and Reduced Qubits,10,9,15,58,8,8,1.0,0.5072743892669678
M-10-N-50-pa-0.05-pe-1.001337,BinSearch,10,22,10,45,1,1,1.0,0.18834400177001953
M-10-N-50-pa-0.05-pe-1.001337,LinearSearch,10,22,10,45,1,1,1.0,1.8164026737213135
M-10-N-50-pa-0.05-pe-1.001337,LinearSearch With Preprocessing,10,22,10,45,1,1,1.0,0.1764082908630371
M-10-N-50-pa-0.05-pe-1.001337,LinearSearch With Reduced Qubits,10,22,10,45,1,1,1.0,1.8839128017425537
M-10-N-50-pa-0.05-pe-1.001337,LinearSearch With Preprocessing and Reduced Qubits,10,22,10,45,1,1,1.0,0.19183850288391113
M-10-N-25-pa-0.95-pe-1.001337,BinSearch,10,7,0,0,4,4,1.0,0.00021719932556152344
M-10-N-25-pa-0.95-pe-1.001337,LinearSearch,10,7,0,0,4,4,1.0,0.00014543533325195312
M-10-N-25-pa-0.95-pe-1.001337,LinearSearch With Preprocessing,10,7,0,0,4,4,1.0,0.00013899803161621094
M-10-N-25-pa-0.95-pe-1.001337,LinearSearch With Reduced Qubits,10,7,0,0,4,4,1.0,0.00013709068298339844
M-10-N-25-pa-0.95-pe-1.001337,LinearSearch With Preprocessing and Reduced Qubits,10,7,0,0,4,4,1.0,0.0001354217529296875
M-10-N-50-pa-0.45-pe-1.001337,BinSearch,10,46,40,166,3,3,1.0,1.0176677703857422
M-10-N-50-pa-0.45-pe-1.001337,LinearSearch,10,46,42,180,3,3,1.0,1.600013017654419
M-10-N-50-pa-0.45-pe-1.001337,LinearSearch With Preprocessing,10,46,42,180,3,3,1.0,1.0767426490783691
M-10-N-50-pa-0.45-pe-1.001337,LinearSearch With Reduced Qubits,10,46,40,166,3,3,1.0,1.3947358131408691
M-10-N-50-pa-0.45-pe-1.001337,LinearSearch With Preprocessing and Reduced Qubits,10,46,40,166,3,3,1.0,1.0194430351257324
M-10-N-5-pa-0.65-pe-1.001337,BinSearch,10,5,0,0,1,1,1.0,0.00017786026000976562
M-10-N-5-pa-0.65-pe-1.001337,LinearSearch,10,5,0,0,1,1,1.0,0.00011610984802246094
M-10-N-5-pa-0.65-pe-1.001337,LinearSearch With Preprocessing,10,5,0,0,1,1,1.0,0.00010776519775390625
M-10-N-5-pa-0.65-pe-1.001337,LinearSearch With Reduced Qubits,10,5,0,0,1,1,1.0,0.00010728836059570312
M-10-N-5-pa-0.65-pe-1.001337,LinearSearch With Preprocessing and Reduced Qubits,10,5,0,0,1,1,1.0,0.00010251998901367188
M-10-N-50-pa-0.35-pe-1.001337,BinSearch,10,46,22,72,3,3,1.0,0.6194107532501221
M-10-N-50-pa-0.35-pe-1.001337,LinearSearch,10,46,22,72,3,3,1.0,1.5423927307128906
M-10-N-50-pa-0.35-pe-1.001337,LinearSearch With Preprocessing,10,46,22,72,3,3,1.0,0.6290216445922852
M-10-N-50-pa-0.35-pe-1.001337,LinearSearch With Reduced Qubits,10,46,22,72,3,3,1.0,1.527745008468628
M-10-N-50-pa-0.35-pe-1.001337,LinearSearch With Preprocessing and Reduced Qubits,10,46,22,72,3,3,1.0,0.6102437973022461
M-10-N-25-pa-0.85-pe-1.001337,BinSearch,10,21,19,110,25,25,1.0,0.32676005363464355
M-10-N-25-pa-0.85-pe-1.001337,LinearSearch,10,21,37,267,25,25,1.0,0.5362570285797119
M-10-N-25-pa-0.85-pe-1.001337,LinearSearch With Preprocessing,10,21,37,267,25,25,1.0,0.5361568927764893
M-10-N-25-pa-0.85-pe-1.001337,LinearSearch With Reduced Qubits,10,21,19,110,25,25,1.0,0.2977590560913086
M-10-N-25-pa-0.85-pe-1.001337,LinearSearch With Preprocessing and Reduced Qubits,10,21,19,110,25,25,1.0,0.29981136322021484
M-10-N-10-pa-0.75-pe-1.001337,BinSearch,10,10,17,95,26,26,1.0,0.27466845512390137
M-10-N-10-pa-0.75-pe-1.001337,LinearSearch,10,10,31,216,26,26,1.0,0.4494924545288086
M-10-N-10-pa-0.75-pe-1.001337,LinearSearch With Preprocessing,10,10,31,216,26,26,1.0,0.45456600189208984
M-10-N-10-pa-0.75-pe-1.001337,LinearSearch With Reduced Qubits,10,10,17,95,26,26,1.0,0.2782626152038574
M-10-N-10-pa-0.75-pe-1.001337,LinearSearch With Preprocessing and Reduced Qubits,10,10,17,95,26,26,1.0,0.30185961723327637
M-10-N-25-pa-0.25-pe-1.001337,BinSearch,10,24,13,51,3,3,1.0,0.24130773544311523
M-10-N-25-pa-0.25-pe-1.001337,LinearSearch,10,24,13,51,3,3,1.0,1.1238882541656494
M-10-N-25-pa-0.25-pe-1.001337,LinearSearch With Preprocessing,10,24,13,51,3,3,1.0,0.22378945350646973
M-10-N-25-pa-0.25-pe-1.001337,LinearSearch With Reduced Qubits,10,24,13,51,3,3,1.0,1.0973076820373535
M-10-N-25-pa-0.25-pe-1.001337,LinearSearch With Preprocessing and Reduced Qubits,10,24,13,51,3,3,1.0,0.21392369270324707
M-10-N-50-pa-0.95-pe-1.001337,BinSearch,10,16,17,102,38,38,1.0,0.2839183807373047
M-10-N-50-pa-0.95-pe-1.001337,LinearSearch,10,16,33,261,38,38,1.0,0.5012762546539307
M-10-N-50-pa-0.95-pe-1.001337,LinearSearch With Preprocessing,10,16,33,261,38,38,1.0,0.5072519779205322
M-10-N-50-pa-0.95-pe-1.001337,LinearSearch With Reduced Qubits,10,16,17,102,38,38,1.0,0.2851247787475586
M-10-N-50-pa-0.95-pe-1.001337,LinearSearch With Preprocessing and Reduced Qubits,10,16,17,102,38,38,1.0,0.2801554203033447
M-10-N-5-pa-0.25-pe-1.001337,BinSearch,7,5,9,25,4,4,1.0,0.16172552108764648
M-10-N-5-pa-0.25-pe-1.001337,LinearSearch,7,5,9,25,4,4,1.0,0.6657330989837646
M-10-N-5-pa-0.25-pe-1.001337,LinearSearch With Preprocessing,7,5,9,25,4,4,1.0,0.15927624702453613
M-10-N-5-pa-0.25-pe-1.001337,LinearSearch With Reduced Qubits,7,5,9,25,4,4,1.0,0.689316987991333
M-10-N-5-pa-0.25-pe-1.001337,LinearSearch With Preprocessing and Reduced Qubits,7,5,9,25,4,4,1.0,0.1769411563873291
M-10-N-5-pa-0.75-pe-1.001337,BinSearch,10,5,0,0,2,2,1.0,0.00039577484130859375
M-10-N-5-pa-0.75-pe-1.001337,LinearSearch,10,5,0,0,2,2,1.0,0.0003254413604736328
M-10-N-5-pa-0.75-pe-1.001337,LinearSearch With Preprocessing,10,5,0,0,2,2,1.0,0.0003154277801513672
M-10-N-5-pa-0.75-pe-1.001337,LinearSearch With Reduced Qubits,10,5,0,0,2,2,1.0,0.0003039836883544922
M-10-N-5-pa-0.75-pe-1.001337,LinearSearch With Preprocessing and Reduced Qubits,10,5,0,0,2,2,1.0,0.0003008842468261719
M-10-N-5-pa-0.35-pe-1.001337,BinSearch,10,5,0,0,1,1,1.0,0.00026416778564453125
M-10-N-5-pa-0.35-pe-1.001337,LinearSearch,10,5,0,0,1,1,1.0,0.00024700164794921875
M-10-N-5-pa-0.35-pe-1.001337,LinearSearch With Preprocessing,10,5,0,0,1,1,1.0,0.00024080276489257812
M-10-N-5-pa-0.35-pe-1.001337,LinearSearch With Reduced Qubits,10,5,0,0,1,1,1.0,0.0002391338348388672
M-10-N-5-pa-0.35-pe-1.001337,LinearSearch With Preprocessing and Reduced Qubits,10,5,0,0,1,1,1.0,0.000247955322265625
M-10-N-10-pa-0.55-pe-1.001337,BinSearch,10,10,27,133,19,19,1.0,0.6839756965637207
M-10-N-10-pa-0.55-pe-1.001337,LinearSearch,10,10,33,177,19,19,1.0,0.8987636566162109
M-10-N-10-pa-0.55-pe-1.001337,LinearSearch With Preprocessing,10,10,33,177,19,19,1.0,0.901043176651001
M-10-N-10-pa-0.55-pe-1.001337,LinearSearch With Reduced Qubits,10,10,27,133,19,19,1.0,0.6807565689086914
M-10-N-10-pa-0.55-pe-1.001337,LinearSearch With Preprocessing and Reduced Qubits,10,10,27,133,19,19,1.0,0.671990156173706
M-10-N-25-pa-0.35-pe-1.001337,BinSearch,10,25,12,52,3,3,1.0,0.20414519309997559
M-10-N-25-pa-0.35-pe-1.001337,LinearSearch,10,25,12,52,3,3,1.0,1.0601387023925781
M-10-N-25-pa-0.35-pe-1.001337,LinearSearch With Preprocessing,10,25,12,52,3,3,1.0,0.2006971836090088
M-10-N-25-pa-0.35-pe-1.001337,LinearSearch With Reduced Qubits,10,25,12,52,3,3,1.0,1.1066396236419678
M-10-N-25-pa-0.35-pe-1.001337,LinearSearch With Preprocessing and Reduced Qubits,10,25,12,52,3,3,1.0,0.202239990234375
M-10-N-10-pa-0.35-pe-1.001337,BinSearch,10,10,19,79,2,2,1.0,0.2945444583892822
M-10-N-10-pa-0.35-pe-1.001337,LinearSearch,10,10,19,79,2,2,1.0,0.5626082420349121
M-10-N-10-pa-0.35-pe-1.001337,LinearSearch With Preprocessing,10,10,19,79,2,2,1.0,0.2833883762359619
M-10-N-10-pa-0.35-pe-1.001337,LinearSearch With Reduced Qubits,10,10,19,79,2,2,1.0,0.5188813209533691
M-10-N-10-pa-0.35-pe-1.001337,LinearSearch With Preprocessing and Reduced Qubits,10,10,19,79,2,2,1.0,0.283705472946167
M-10-N-50-pa-0.25-pe-1.001337,BinSearch,10,45,12,49,4,4,1.0,0.19910693168640137
M-10-N-50-pa-0.25-pe-1.001337,LinearSearch,10,45,12,49,4,4,1.0,1.5804774761199951
M-10-N-50-pa-0.25-pe-1.001337,LinearSearch With Preprocessing,10,45,12,49,4,4,1.0,0.19988012313842773
M-10-N-50-pa-0.25-pe-1.001337,LinearSearch With Reduced Qubits,10,45,12,49,4,4,1.0,1.5656158924102783
M-10-N-50-pa-0.25-pe-1.001337,LinearSearch With Preprocessing and Reduced Qubits,10,45,12,49,4,4,1.0,0.20872235298156738
M-10-N-25-pa-0.15-pe-1.001337,BinSearch,10,21,13,51,2,2,1.0,0.2162771224975586
M-10-N-25-pa-0.15-pe-1.001337,LinearSearch,10,21,13,51,2,2,1.0,1.2926273345947266
M-10-N-25-pa-0.15-pe-1.001337,LinearSearch With Preprocessing,10,21,13,51,2,2,1.0,0.2142467498779297
M-10-N-25-pa-0.15-pe-1.001337,LinearSearch With Reduced Qubits,10,21,13,51,2,2,1.0,1.3003883361816406
M-10-N-25-pa-0.15-pe-1.001337,LinearSearch With Preprocessing and Reduced Qubits,10,21,13,51,2,2,1.0,0.21229338645935059
M-10-N-50-pa-0.85-pe-1.001337,BinSearch,10,29,20,114,18,18,1.0,0.31641721725463867
M-10-N-50-pa-0.85-pe-1.001337,LinearSearch,10,29,40,282,18,18,1.0,0.5594055652618408
M-10-N-50-pa-0.85-pe-1.001337,LinearSearch With Preprocessing,10,29,40,282,18,18,1.0,0.5691719055175781
M-10-N-50-pa-0.85-pe-1.001337,LinearSearch With Reduced Qubits,10,29,20,114,18,18,1.0,0.31182265281677246
M-10-N-50-pa-0.85-pe-1.001337,LinearSearch With Preprocessing and Reduced Qubits,10,29,20,114,18,18,1.0,0.31398487091064453
M-10-N-25-pa-0.45-pe-1.001337,BinSearch,10,25,28,114,12,12,1.0,0.7531623840332031
M-10-N-25-pa-0.45-pe-1.001337,LinearSearch,10,25,30,128,12,12,1.0,1.1977155208587646
M-10-N-25-pa-0.45-pe-1.001337,LinearSearch With Preprocessing,10,25,30,128,12,12,1.0,0.8098897933959961
M-10-N-25-pa-0.45-pe-1.001337,LinearSearch With Reduced Qubits,10,25,28,114,12,12,1.0,1.060920238494873
M-10-N-25-pa-0.45-pe-1.001337,LinearSearch With Preprocessing and Reduced Qubits,10,25,28,114,12,12,1.0,0.7584457397460938
M-10-N-5-pa-0.85-pe-1.001337,BinSearch,10,3,0,0,6,6,1.0,0.000186920166015625
M-10-N-5-pa-0.85-pe-1.001337,LinearSearch,10,3,0,0,6,6,1.0,0.00012063980102539062
M-10-N-5-pa-0.85-pe-1.001337,LinearSearch With Preprocessing,10,3,0,0,6,6,1.0,0.00010251998901367188
M-10-N-5-pa-0.85-pe-1.001337,LinearSearch With Reduced Qubits,10,3,0,0,6,6,1.0,0.00010037422180175781
M-10-N-5-pa-0.85-pe-1.001337,LinearSearch With Preprocessing and Reduced Qubits,10,3,0,0,6,6,1.0,9.751319885253906e-05
M-10-N-5-pa-0.05-pe-1.001337,BinSearch,6,5,7,17,2,2,1.0,0.14439725875854492
M-10-N-5-pa-0.05-pe-1.001337,LinearSearch,6,5,7,17,2,2,1.0,0.43166017532348633
M-10-N-5-pa-0.05-pe-1.001337,LinearSearch With Preprocessing,6,5,7,17,2,2,1.0,0.14713025093078613
M-10-N-5-pa-0.05-pe-1.001337,LinearSearch With Reduced Qubits,6,5,7,17,2,2,1.0,0.421126127243042
M-10-N-5-pa-0.05-pe-1.001337,LinearSearch With Preprocessing and Reduced Qubits,6,5,7,17,2,2,1.0,0.1565554141998291
M-10-N-10-pa-0.45-pe-1.001337,BinSearch,10,10,24,106,12,12,1.0,0.6178503036499023
M-10-N-10-pa-0.45-pe-1.001337,LinearSearch,10,10,26,121,12,12,1.0,0.7271020412445068
M-10-N-10-pa-0.45-pe-1.001337,LinearSearch With Preprocessing,10,10,26,121,12,12,1.0,0.7220239639282227
M-10-N-10-pa-0.45-pe-1.001337,LinearSearch With Reduced Qubits,10,10,24,106,12,12,1.0,0.5982768535614014
M-10-N-10-pa-0.45-pe-1.001337,LinearSearch With Preprocessing and Reduced Qubits,10,10,24,106,12,12,1.0,0.6029684543609619
M-10-N-10-pa-0.25-pe-1.001337,BinSearch,9,10,13,49,3,3,1.0,0.21820902824401855
M-10-N-10-pa-0.25-pe-1.001337,LinearSearch,9,10,13,49,3,3,1.0,0.8580689430236816
M-10-N-10-pa-0.25-pe-1.001337,LinearSearch With Preprocessing,9,10,13,49,3,3,1.0,0.20755982398986816
M-10-N-10-pa-0.25-pe-1.001337,LinearSearch With Reduced Qubits,9,10,13,49,3,3,1.0,0.8510231971740723
M-10-N-10-pa-0.25-pe-1.001337,LinearSearch With Preprocessing and Reduced Qubits,9,10,13,49,3,3,1.0,0.20847749710083008
M-10-N-50-pa-0.55-pe-1.001337,BinSearch,10,48,64,328,38,38,1.0,1.6249010562896729
M-10-N-50-pa-0.55-pe-1.001337,LinearSearch,10,48,82,458,38,38,1.0,3.124739646911621
M-10-N-50-pa-0.55-pe-1.001337,LinearSearch With Preprocessing,10,48,82,458,38,38,1.0,3.1274242401123047
M-10-N-50-pa-0.55-pe-1.001337,LinearSearch With Reduced Qubits,10,48,64,328,38,38,1.0,2.1638665199279785
M-10-N-50-pa-0.55-pe-1.001337,LinearSearch With Preprocessing and Reduced Qubits,10,48,64,328,38,38,1.0,2.123948574066162
M-10-N-10-pa-0.05-pe-1.001337,BinSearch,5,6,5,10,1,1,1.0,0.12258291244506836
M-10-N-10-pa-0.05-pe-1.001337,LinearSearch,5,6,5,10,1,1,1.0,0.48720622062683105
M-10-N-10-pa-0.05-pe-1.001337,LinearSearch With Preprocessing,5,6,5,10,1,1,1.0,0.13048815727233887
M-10-N-10-pa-0.05-pe-1.001337,LinearSearch With Reduced Qubits,5,6,5,10,1,1,1.0,0.49146318435668945
M-10-N-10-pa-0.05-pe-1.001337,LinearSearch With Preprocessing and Reduced Qubits,5,6,5,10,1,1,1.0,0.13114023208618164
M-10-N-10-pa-0.65-pe-1.001337,BinSearch,10,10,17,81,5,5,1.0,0.2695808410644531
M-10-N-10-pa-0.65-pe-1.001337,LinearSearch,10,10,28,156,5,5,1.0,0.40053510665893555
M-10-N-10-pa-0.65-pe-1.001337,LinearSearch With Preprocessing,10,10,28,156,5,5,1.0,0.39160919189453125
M-10-N-10-pa-0.65-pe-1.001337,LinearSearch With Reduced Qubits,10,10,17,81,5,5,1.0,0.2784419059753418
M-10-N-10-pa-0.65-pe-1.001337,LinearSearch With Preprocessing and Reduced Qubits,10,10,17,81,5,5,1.0,0.2676239013671875
M-10-N-5-pa-0.95-pe-1.001337,BinSearch,10,4,0,0,7,7,1.0,0.00018405914306640625
M-10-N-5-pa-0.95-pe-1.001337,LinearSearch,10,4,0,0,7,7,1.0,0.0001232624053955078
M-10-N-5-pa-0.95-pe-1.001337,LinearSearch With Preprocessing,10,4,0,0,7,7,1.0,0.00011801719665527344
M-10-N-5-pa-0.95-pe-1.001337,LinearSearch With Reduced Qubits,10,4,0,0,7,7,1.0,0.00011467933654785156
M-10-N-5-pa-0.95-pe-1.001337,LinearSearch With Preprocessing and Reduced Qubits,10,4,0,0,7,7,1.0,0.000110626220703125
M-10-N-10-pa-0.95-pe-1.001337,BinSearch,10,5,0,0,6,6,1.0,0.0001308917999267578
M-10-N-10-pa-0.95-pe-1.001337,LinearSearch,10,5,0,0,6,6,1.0,0.00012230873107910156
M-10-N-10-pa-0.95-pe-1.001337,LinearSearch With Preprocessing,10,5,0,0,6,6,1.0,0.00012040138244628906
M-10-N-10-pa-0.95-pe-1.001337,LinearSearch With Reduced Qubits,10,5,0,0,6,6,1.0,0.0001201629638671875
M-10-N-10-pa-0.95-pe-1.001337,LinearSearch With Preprocessing and Reduced Qubits,10,5,0,0,6,6,1.0,0.00011968612670898438
M-10-N-25-pa-0.65-pe-1.001337,BinSearch,10,25,20,99,2,2,1.0,0.32874345779418945
M-10-N-25-pa-0.65-pe-1.001337,LinearSearch,10,25,39,231,2,2,1.0,0.5333454608917236
M-10-N-25-pa-0.65-pe-1.001337,LinearSearch With Preprocessing,10,25,39,231,2,2,1.0,0.5417044162750244
M-10-N-25-pa-0.65-pe-1.001337,LinearSearch With Reduced Qubits,10,25,20,99,2,2,1.0,0.30428099632263184
M-10-N-25-pa-0.65-pe-1.001337,LinearSearch With Preprocessing and Reduced Qubits,10,25,20,99,2,2,1.0,0.32370615005493164
M-10-N-25-pa-0.55-pe-1.001337,BinSearch,10,25,33,160,5,5,1.0,0.768294095993042
M-10-N-25-pa-0.55-pe-1.001337,LinearSearch,10,25,40,212,5,5,1.0,1.0587193965911865
M-10-N-25-pa-0.55-pe-1.001337,LinearSearch With Preprocessing,10,25,40,212,5,5,1.0,1.0674817562103271
M-10-N-25-pa-0.55-pe-1.001337,LinearSearch With Reduced Qubits,10,25,33,160,5,5,1.0,0.7756962776184082
M-10-N-25-pa-0.55-pe-1.001337,LinearSearch With Preprocessing and Reduced Qubits,10,25,33,160,5,5,1.0,0.771151065826416
M-10-N-10-pa-0.85-pe-1.001337,BinSearch,10,9,0,0,1,1,1.0,0.0002148151397705078
M-10-N-10-pa-0.85-pe-1.001337,LinearSearch,10,9,0,0,1,1,1.0,0.0001404285430908203
M-10-N-10-pa-0.85-pe-1.001337,LinearSearch With Preprocessing,10,9,0,0,1,1,1.0,0.00013446807861328125
M-10-N-10-pa-0.85-pe-1.001337,LinearSearch With Reduced Qubits,10,9,0,0,1,1,1.0,0.0001304149627685547
M-10-N-10-pa-0.85-pe-1.001337,LinearSearch With Preprocessing and Reduced Qubits,10,9,0,0,1,1,1.0,0.00012922286987304688
M-10-N-5-pa-0.45-pe-1.001337,BinSearch,9,5,14,56,7,7,1.0,0.237884521484375
M-10-N-5-pa-0.45-pe-1.001337,LinearSearch,9,5,20,89,7,7,1.0,0.2940044403076172
M-10-N-5-pa-0.45-pe-1.001337,LinearSearch With Preprocessing,9,5,20,89,7,7,1.0,0.291501522064209
M-10-N-5-pa-0.45-pe-1.001337,LinearSearch With Reduced Qubits,9,5,14,56,7,7,1.0,0.2250974178314209
M-10-N-5-pa-0.45-pe-1.001337,LinearSearch With Preprocessing and Reduced Qubits,9,5,14,56,7,7,1.0,0.22504258155822754
M-10-N-50-pa-0.65-pe-1.001337,BinSearch,10,47,50,275,10,10,1.0,1.125605821609497
M-10-N-50-pa-0.65-pe-1.001337,LinearSearch,10,47,64,384,10,10,1.0,1.6489591598510742
M-10-N-50-pa-0.65-pe-1.001337,LinearSearch With Preprocessing,10,47,64,384,10,10,1.0,1.6502068042755127
M-10-N-50-pa-0.65-pe-1.001337,LinearSearch With Reduced Qubits,10,47,50,275,10,10,1.0,1.0878453254699707
M-10-N-50-pa-0.65-pe-1.001337,LinearSearch With Preprocessing and Reduced Qubits,10,47,50,275,10,10,1.0,1.092719316482544
M-10-N-25-pa-0.75-pe-1.001337,BinSearch,10,22,23,130,9,9,1.0,0.35445618629455566
M-10-N-25-pa-0.75-pe-1.001337,LinearSearch,10,22,49,339,9,9,1.0,0.670656681060791
M-10-N-25-pa-0.75-pe-1.001337,LinearSearch With Preprocessing,10,22,49,339,9,9,1.0,0.6718461513519287
M-10-N-25-pa-0.75-pe-1.001337,LinearSearch With Reduced Qubits,10,22,23,130,9,9,1.0,0.34726476669311523
M-10-N-25-pa-0.75-pe-1.001337,LinearSearch With Preprocessing and Reduced Qubits,10,22,23,130,9,9,1.0,0.3445720672607422
M-10-N-25-pa-0.05-pe-1.001337,BinSearch,9,11,9,36,1,1,1.0,0.18295979499816895
M-10-N-25-pa-0.05-pe-1.001337,LinearSearch,9,11,9,36,1,1,1.0,1.467207431793213
M-10-N-25-pa-0.05-pe-1.001337,LinearSearch With Preprocessing,9,11,9,36,1,1,1.0,0.18260717391967773
M-10-N-25-pa-0.05-pe-1.001337,LinearSearch With Reduced Qubits,9,11,9,36,1,1,1.0,1.5069749355316162
M-10-N-25-pa-0.05-pe-1.001337,LinearSearch With Preprocessing and Reduced Qubits,9,11,9,36,1,1,1.0,0.1784653663635254
M-25-N-10-pa-0.75-pe-1.001337,BinSearch,25,10,0,0,4,4,1.0,0.0007843971252441406
M-25-N-10-pa-0.75-pe-1.001337,LinearSearch,25,10,0,0,4,4,1.0,0.0006306171417236328
M-25-N-10-pa-0.75-pe-1.001337,LinearSearch With Preprocessing,25,10,0,0,4,4,1.0,0.0006082057952880859
M-25-N-10-pa-0.75-pe-1.001337,LinearSearch With Reduced Qubits,25,10,0,0,4,4,1.0,0.0006151199340820312
M-25-N-10-pa-0.75-pe-1.001337,LinearSearch With Preprocessing and Reduced Qubits,25,10,0,0,4,4,1.0,0.0006353855133056641
M-25-N-50-pa-0.35-pe-1.001337,BinSearch,25,50,161,1566,48,15,0.3125,4.399155616760254
M-25-N-50-pa-0.35-pe-1.001337,LinearSearch,25,50,182,1840,48,18,0.375,11.226806640625
M-25-N-50-pa-0.35-pe-1.001337,LinearSearch With Preprocessing,25,50,182,1840,48,14,0.2916666666666667,8.555241346359253
M-25-N-50-pa-0.35-pe-1.001337,LinearSearch With Reduced Qubits,25,50,161,1566,48,21,0.4375,7.29313850402832
M-25-N-50-pa-0.35-pe-1.001337,LinearSearch With Preprocessing and Reduced Qubits,25,50,161,1566,48,16,0.3333333333333333,6.174678802490234
M-25-N-50-pa-0.15-pe-1.001337,BinSearch,25,49,59,451,1,1,1.0,0.941586971282959
M-25-N-50-pa-0.15-pe-1.001337,LinearSearch,25,49,59,451,1,1,1.0,7.16419243812561
M-25-N-50-pa-0.15-pe-1.001337,LinearSearch With Preprocessing,25,49,59,451,1,1,1.0,0.9571127891540527
M-25-N-50-pa-0.15-pe-1.001337,LinearSearch With Reduced Qubits,25,49,59,451,1,1,1.0,6.927869558334351
M-25-N-50-pa-0.15-pe-1.001337,LinearSearch With Preprocessing and Reduced Qubits,25,49,59,451,1,1,1.0,0.9423987865447998
M-25-N-25-pa-0.85-pe-1.001337,BinSearch,25,25,49,813,182,182,1.0,0.8954131603240967
M-25-N-25-pa-0.85-pe-1.001337,LinearSearch,25,25,145,3105,182,88,0.4835164835164835,2.9941325187683105
M-25-N-25-pa-0.85-pe-1.001337,LinearSearch With Preprocessing,25,25,145,3105,182,84,0.46153846153846156,2.9577791690826416
M-25-N-25-pa-0.85-pe-1.001337,LinearSearch With Reduced Qubits,25,25,49,813,182,182,1.0,0.8835127353668213
M-25-N-25-pa-0.85-pe-1.001337,LinearSearch With Preprocessing and Reduced Qubits,25,25,49,813,182,182,1.0,0.8956904411315918
M-25-N-25-pa-0.05-pe-1.001337,BinSearch,22,23,27,241,12,12,1.0,0.467465877532959
M-25-N-25-pa-0.05-pe-1.001337,LinearSearch,22,23,27,241,12,12,1.0,8.53480839729309
M-25-N-25-pa-0.05-pe-1.001337,LinearSearch With Preprocessing,22,23,27,241,12,12,1.0,0.4456484317779541
M-25-N-25-pa-0.05-pe-1.001337,LinearSearch With Reduced Qubits,22,23,27,241,12,12,1.0,8.471561193466187
M-25-N-25-pa-0.05-pe-1.001337,LinearSearch With Preprocessing and Reduced Qubits,22,23,27,241,12,12,1.0,0.4541182518005371
M-25-N-5-pa-0.65-pe-1.001337,BinSearch,25,5,0,0,3,3,1.0,0.0002675056457519531
M-25-N-5-pa-0.65-pe-1.001337,LinearSearch,25,5,0,0,3,3,1.0,0.00020766258239746094
M-25-N-5-pa-0.65-pe-1.001337,LinearSearch With Preprocessing,25,5,0,0,3,3,1.0,0.00018668174743652344
M-25-N-5-pa-0.65-pe-1.001337,LinearSearch With Reduced Qubits,25,5,0,0,3,3,1.0,0.00018405914306640625
M-25-N-5-pa-0.65-pe-1.001337,LinearSearch With Preprocessing and Reduced Qubits,25,5,0,0,3,3,1.0,0.0001819133758544922
M-25-N-50-pa-0.25-pe-1.001337,BinSearch,25,50,125,1051,130,43,0.33076923076923076,3.926600456237793
M-25-N-50-pa-0.25-pe-1.001337,LinearSearch,25,50,131,1127,130,49,0.3769230769230769,11.579005718231201
M-25-N-50-pa-0.25-pe-1.001337,LinearSearch With Preprocessing,25,50,131,1127,130,44,0.3384615384615385,6.04043173789978
M-25-N-50-pa-0.25-pe-1.001337,LinearSearch With Reduced Qubits,25,50,125,1051,130,42,0.3230769230769231,9.481069326400757
M-25-N-50-pa-0.25-pe-1.001337,LinearSearch With Preprocessing and Reduced Qubits,25,50,125,1051,130,46,0.35384615384615387,5.8572657108306885
M-25-N-5-pa-0.35-pe-1.001337,BinSearch,24,5,29,325,14,14,1.0,0.51419997215271
M-25-N-5-pa-0.35-pe-1.001337,LinearSearch,24,5,43,491,14,14,1.0,0.7265191078186035
M-25-N-5-pa-0.35-pe-1.001337,LinearSearch With Preprocessing,24,5,43,491,14,14,1.0,0.7272965908050537
M-25-N-5-pa-0.35-pe-1.001337,LinearSearch With Reduced Qubits,24,5,29,325,14,14,1.0,0.49741244316101074
M-25-N-5-pa-0.35-pe-1.001337,LinearSearch With Preprocessing and Reduced Qubits,24,5,29,325,14,14,1.0,0.5001301765441895
M-25-N-5-pa-0.05-pe-1.001337,BinSearch,8,5,11,37,6,6,1.0,0.22521066665649414
M-25-N-5-pa-0.05-pe-1.001337,LinearSearch,8,5,11,37,6,6,1.0,0.7920000553131104
M-25-N-5-pa-0.05-pe-1.001337,LinearSearch With Preprocessing,8,5,11,37,6,6,1.0,0.20490527153015137
M-25-N-5-pa-0.05-pe-1.001337,LinearSearch With Reduced Qubits,8,5,11,37,6,6,1.0,0.7651553153991699
M-25-N-5-pa-0.05-pe-1.001337,LinearSearch With Preprocessing and Reduced Qubits,8,5,11,37,6,6,1.0,0.19067835807800293
M-25-N-50-pa-0.95-pe-1.001337,BinSearch,25,32,0,0,2,2,1.0,0.0006494522094726562
M-25-N-50-pa-0.95-pe-1.001337,LinearSearch,25,32,0,0,2,2,1.0,0.0005228519439697266
M-25-N-50-pa-0.95-pe-1.001337,LinearSearch With Preprocessing,25,32,0,0,2,2,1.0,0.0005006790161132812
M-25-N-50-pa-0.95-pe-1.001337,LinearSearch With Reduced Qubits,25,32,0,0,2,2,1.0,0.0005016326904296875
M-25-N-50-pa-0.95-pe-1.001337,LinearSearch With Preprocessing and Reduced Qubits,25,32,0,0,2,2,1.0,0.000499725341796875
M-25-N-10-pa-0.95-pe-1.001337,BinSearch,25,9,0,0,13,13,1.0,0.000274658203125
M-25-N-10-pa-0.95-pe-1.001337,LinearSearch,25,9,0,0,13,13,1.0,0.00026035308837890625
M-25-N-10-pa-0.95-pe-1.001337,LinearSearch With Preprocessing,25,9,0,0,13,13,1.0,0.0002598762512207031
M-25-N-10-pa-0.95-pe-1.001337,LinearSearch With Reduced Qubits,25,9,0,0,13,13,1.0,0.00025773048400878906
M-25-N-10-pa-0.95-pe-1.001337,LinearSearch With Preprocessing and Reduced Qubits,25,9,0,0,13,13,1.0,0.00025844573974609375
M-25-N-25-pa-0.35-pe-1.001337,BinSearch,25,25,75,767,2,2,1.0,1.9921379089355469
M-25-N-25-pa-0.35-pe-1.001337,LinearSearch,25,25,117,1259,2,2,1.0,3.5350632667541504
M-25-N-25-pa-0.35-pe-1.001337,LinearSearch With Preprocessing,25,25,117,1259,2,2,1.0,3.525038480758667
M-25-N-25-pa-0.35-pe-1.001337,LinearSearch With Reduced Qubits,25,25,75,767,2,2,1.0,1.9867942333221436
M-25-N-25-pa-0.35-pe-1.001337,LinearSearch With Preprocessing and Reduced Qubits,25,25,75,767,2,2,1.0,1.9721870422363281
M-25-N-10-pa-0.35-pe-1.001337,BinSearch,23,10,33,336,3,3,1.0,0.5416195392608643
M-25-N-10-pa-0.35-pe-1.001337,LinearSearch,23,10,59,609,3,3,1.0,0.9111175537109375
M-25-N-10-pa-0.35-pe-1.001337,LinearSearch With Preprocessing,23,10,59,609,3,3,1.0,0.9135715961456299
M-25-N-10-pa-0.35-pe-1.001337,LinearSearch With Reduced Qubits,23,10,33,336,3,3,1.0,0.5389466285705566
M-25-N-10-pa-0.35-pe-1.001337,LinearSearch With Preprocessing and Reduced Qubits,23,10,33,336,3,3,1.0,0.5380151271820068
M-25-N-10-pa-0.25-pe-1.001337,BinSearch,24,10,44,396,2,2,1.0,0.6845221519470215
M-25-N-10-pa-0.25-pe-1.001337,LinearSearch,24,10,52,461,2,2,1.0,1.513298511505127
M-25-N-10-pa-0.25-pe-1.001337,LinearSearch With Preprocessing,24,10,52,461,2,2,1.0,0.7699403762817383
M-25-N-10-pa-0.25-pe-1.001337,LinearSearch With Reduced Qubits,24,10,44,396,2,2,1.0,1.2194125652313232
M-25-N-10-pa-0.25-pe-1.001337,LinearSearch With Preprocessing and Reduced Qubits,24,10,44,396,2,2,1.0,0.6847147941589355
M-25-N-10-pa-0.45-pe-1.001337,BinSearch,25,10,35,412,3,3,1.0,0.6114351749420166
M-25-N-10-pa-0.45-pe-1.001337,LinearSearch,25,10,65,808,3,3,1.0,1.0702803134918213
M-25-N-10-pa-0.45-pe-1.001337,LinearSearch With Preprocessing,25,10,65,808,3,3,1.0,1.0733323097229004
M-25-N-10-pa-0.45-pe-1.001337,LinearSearch With Reduced Qubits,25,10,35,412,3,3,1.0,0.6021056175231934
M-25-N-10-pa-0.45-pe-1.001337,LinearSearch With Preprocessing and Reduced Qubits,25,10,35,412,3,3,1.0,0.5994954109191895
M-25-N-50-pa-0.55-pe-1.001337,BinSearch,25,50,121,1646,9,5,0.5555555555555556,3.3918678760528564
M-25-N-50-pa-0.55-pe-1.001337,LinearSearch,25,50,222,3304,9,1,0.1111111111111111,8.289836168289185
M-25-N-50-pa-0.55-pe-1.001337,LinearSearch With Preprocessing,25,50,222,3304,9,1,0.1111111111111111,8.334779977798462
M-25-N-50-pa-0.55-pe-1.001337,LinearSearch With Reduced Qubits,25,50,121,1646,9,7,0.7777777777777778,3.375908613204956
M-25-N-50-pa-0.55-pe-1.001337,LinearSearch With Preprocessing and Reduced Qubits,25,50,121,1646,9,5,0.5555555555555556,3.396491765975952
M-25-N-5-pa-0.95-pe-1.001337,BinSearch,25,5,0,0,16,16,1.0,0.0002884864807128906
M-25-N-5-pa-0.95-pe-1.001337,LinearSearch,25,5,0,0,16,16,1.0,0.0002162456512451172
M-25-N-5-pa-0.95-pe-1.001337,LinearSearch With Preprocessing,25,5,0,0,16,16,1.0,0.0002090930938720703
M-25-N-5-pa-0.95-pe-1.001337,LinearSearch With Reduced Qubits,25,5,0,0,16,16,1.0,0.00020813941955566406
M-25-N-5-pa-0.95-pe-1.001337,LinearSearch With Preprocessing and Reduced Qubits,25,5,0,0,16,16,1.0,0.00020813941955566406
M-25-N-25-pa-0.95-pe-1.001337,BinSearch,25,18,0,0,9,9,1.0,0.00041103363037109375
M-25-N-25-pa-0.95-pe-1.001337,LinearSearch,25,18,0,0,9,9,1.0,0.0003962516784667969
M-25-N-25-pa-0.95-pe-1.001337,LinearSearch With Preprocessing,25,18,0,0,9,9,1.0,0.0003917217254638672
M-25-N-25-pa-0.95-pe-1.001337,LinearSearch With Reduced Qubits,25,18,0,0,9,9,1.0,0.0003883838653564453
M-25-N-25-pa-0.95-pe-1.001337,LinearSearch With Preprocessing and Reduced Qubits,25,18,0,0,9,9,1.0,0.00038695335388183594
M-25-N-5-pa-0.75-pe-1.001337,BinSearch,25,5,0,0,10,10,1.0,0.0002033710479736328
M-25-N-5-pa-0.75-pe-1.001337,LinearSearch,25,5,0,0,10,10,1.0,0.00019788742065429688
M-25-N-5-pa-0.75-pe-1.001337,LinearSearch With Preprocessing,25,5,0,0,10,10,1.0,0.0001964569091796875
M-25-N-5-pa-0.75-pe-1.001337,LinearSearch With Reduced Qubits,25,5,0,0,10,10,1.0,0.00019502639770507812
M-25-N-5-pa-0.75-pe-1.001337,LinearSearch With Preprocessing and Reduced Qubits,25,5,0,0,10,10,1.0,0.000194549560546875
M-25-N-50-pa-0.65-pe-1.001337,BinSearch,25,50,73,1076,1,1,1.0,1.2312982082366943
M-25-N-50-pa-0.65-pe-1.001337,LinearSearch,25,50,239,4176,1,0,0.0,4.64291787147522
M-25-N-50-pa-0.65-pe-1.001337,LinearSearch With Preprocessing,25,50,239,4176,1,0,0.0,4.647445440292358
M-25-N-50-pa-0.65-pe-1.001337,LinearSearch With Reduced Qubits,25,50,73,1076,1,1,1.0,1.2379934787750244
M-25-N-50-pa-0.65-pe-1.001337,LinearSearch With Preprocessing and Reduced Qubits,25,50,73,1076,1,1,1.0,1.2334060668945312
M-25-N-25-pa-0.75-pe-1.001337,BinSearch,25,25,47,705,48,48,1.0,0.8340740203857422
M-25-N-25-pa-0.75-pe-1.001337,LinearSearch,25,25,132,2491,48,41,0.8541666666666666,2.5570878982543945
M-25-N-25-pa-0.75-pe-1.001337,LinearSearch With Preprocessing,25,25,132,2491,48,34,0.7083333333333334,2.554680109024048
M-25-N-25-pa-0.75-pe-1.001337,LinearSearch With Reduced Qubits,25,25,47,705,48,48,1.0,0.8428699970245361
M-25-N-25-pa-0.75-pe-1.001337,LinearSearch With Preprocessing and Reduced Qubits,25,25,47,705,48,48,1.0,0.8194224834442139
M-25-N-25-pa-0.45-pe-1.001337,BinSearch,25,25,75,855,5,5,1.0,2.092416524887085
M-25-N-25-pa-0.45-pe-1.001337,LinearSearch,25,25,118,1434,5,5,1.0,3.8297693729400635
M-25-N-25-pa-0.45-pe-1.001337,LinearSearch With Preprocessing,25,25,118,1434,5,5,1.0,3.8089921474456787
M-25-N-25-pa-0.45-pe-1.001337,LinearSearch With Reduced Qubits,25,25,75,855,5,5,1.0,2.092632532119751
M-25-N-25-pa-0.45-pe-1.001337,LinearSearch With Preprocessing and Reduced Qubits,25,25,75,855,5,5,1.0,2.0994620323181152
M-25-N-10-pa-0.65-pe-1.001337,BinSearch,25,10,35,459,86,86,1.0,0.6165850162506104
M-25-N-10-pa-0.65-pe-1.001337,LinearSearch,25,10,68,1059,86,86,1.0,1.3076012134552002
M-25-N-10-pa-0.65-pe-1.001337,LinearSearch With Preprocessing,25,10,68,1059,86,86,1.0,1.3083405494689941
M-25-N-10-pa-0.65-pe-1.001337,LinearSearch With Reduced Qubits,25,10,35,459,86,86,1.0,0.6192259788513184
M-25-N-10-pa-0.65-pe-1.001337,LinearSearch With Preprocessing and Reduced Qubits,25,10,35,459,86,86,1.0,0.6158487796783447
M-25-N-5-pa-0.45-pe-1.001337,BinSearch,25,5,30,364,76,76,1.0,0.5235779285430908
M-25-N-5-pa-0.45-pe-1.001337,LinearSearch,25,5,45,586,76,76,1.0,0.7768726348876953
M-25-N-5-pa-0.45-pe-1.001337,LinearSearch With Preprocessing,25,5,45,586,76,76,1.0,0.76991868019104
M-25-N-5-pa-0.45-pe-1.001337,LinearSearch With Reduced Qubits,25,5,30,364,76,76,1.0,0.5227847099304199
M-25-N-5-pa-0.45-pe-1.001337,LinearSearch With Preprocessing and Reduced Qubits,25,5,30,364,76,76,1.0,0.5260922908782959
M-25-N-25-pa-0.65-pe-1.001337,BinSearch,25,25,50,706,5,5,1.0,0.8499741554260254
M-25-N-25-pa-0.65-pe-1.001337,LinearSearch,25,25,137,2340,5,4,0.8,2.571512222290039
M-25-N-25-pa-0.65-pe-1.001337,LinearSearch With Preprocessing,25,25,137,2340,5,5,1.0,2.550581216812134
M-25-N-25-pa-0.65-pe-1.001337,LinearSearch With Reduced Qubits,25,25,50,706,5,5,1.0,0.856450080871582
M-25-N-25-pa-0.65-pe-1.001337,LinearSearch With Preprocessing and Reduced Qubits,25,25,50,706,5,5,1.0,0.8452026844024658
M-25-N-25-pa-0.55-pe-1.001337,BinSearch,25,25,73,1010,289,200,0.6920415224913494,2.209947347640991
M-25-N-25-pa-0.55-pe-1.001337,LinearSearch,25,25,125,1902,289,158,0.5467128027681661,4.604152202606201
M-25-N-25-pa-0.55-pe-1.001337,LinearSearch With Preprocessing,25,25,125,1902,289,169,0.5847750865051903,4.581260919570923
M-25-N-25-pa-0.55-pe-1.001337,LinearSearch With Reduced Qubits,25,25,73,1010,289,204,0.7058823529411765,2.223630428314209
M-25-N-25-pa-0.55-pe-1.001337,LinearSearch With Preprocessing and Reduced Qubits,25,25,73,1010,289,218,0.754325259515571,2.1972341537475586
M-25-N-5-pa-0.25-pe-1.001337,BinSearch,16,5,21,154,13,13,1.0,0.35083532333374023
M-25-N-5-pa-0.25-pe-1.001337,LinearSearch,16,5,31,243,13,13,1.0,0.49101686477661133
M-25-N-5-pa-0.25-pe-1.001337,LinearSearch With Preprocessing,16,5,31,243,13,13,1.0,0.48751044273376465
M-25-N-5-pa-0.25-pe-1.001337,LinearSearch With Reduced Qubits,16,5,21,154,13,13,1.0,0.35909056663513184
M-25-N-5-pa-0.25-pe-1.001337,LinearSearch With Preprocessing and Reduced Qubits,16,5,21,154,13,13,1.0,0.3540050983428955
M-25-N-10-pa-0.85-pe-1.001337,BinSearch,25,10,0,0,1,1,1.0,0.00037026405334472656
M-25-N-10-pa-0.85-pe-1.001337,LinearSearch,25,10,0,0,1,1,1.0,0.00028896331787109375
M-25-N-10-pa-0.85-pe-1.001337,LinearSearch With Preprocessing,25,10,0,0,1,1,1.0,0.0002856254577636719
M-25-N-10-pa-0.85-pe-1.001337,LinearSearch With Reduced Qubits,25,10,0,0,1,1,1.0,0.00027680397033691406
M-25-N-10-pa-0.85-pe-1.001337,LinearSearch With Preprocessing and Reduced Qubits,25,10,0,0,1,1,1.0,0.0002770423889160156
M-25-N-50-pa-0.75-pe-1.001337,BinSearch,25,50,71,1141,9,9,1.0,1.261146068572998
M-25-N-50-pa-0.75-pe-1.001337,LinearSearch,25,50,243,4736,9,1,0.1111111111111111,4.8717734813690186
M-25-N-50-pa-0.75-pe-1.001337,LinearSearch With Preprocessing,25,50,243,4736,9,0,0.0,4.875665903091431
M-25-N-50-pa-0.75-pe-1.001337,LinearSearch With Reduced Qubits,25,50,71,1141,9,9,1.0,1.2434275150299072
M-25-N-50-pa-0.75-pe-1.001337,LinearSearch With Preprocessing and Reduced Qubits,25,50,71,1141,9,9,1.0,1.269906759262085
M-25-N-25-pa-0.15-pe-1.001337,BinSearch,24,25,48,376,23,23,1.0,1.499107837677002
M-25-N-25-pa-0.15-pe-1.001337,LinearSearch,24,25,48,376,23,23,1.0,5.0941314697265625
M-25-N-25-pa-0.15-pe-1.001337,LinearSearch With Preprocessing,24,25,48,376,23,23,1.0,1.485327959060669
M-25-N-25-pa-0.15-pe-1.001337,LinearSearch With Reduced Qubits,24,25,48,376,23,23,1.0,4.8813464641571045
M-25-N-25-pa-0.15-pe-1.001337,LinearSearch With Preprocessing and Reduced Qubits,24,25,48,376,23,23,1.0,1.4894459247589111
M-25-N-50-pa-0.45-pe-1.001337,BinSearch,25,50,125,1526,3,3,1.0,3.3101305961608887
M-25-N-50-pa-0.45-pe-1.001337,LinearSearch,25,50,224,2962,3,28,0.0,12.04750108718872
M-25-N-50-pa-0.45-pe-1.001337,LinearSearch With Preprocessing,25,50,224,2962,3,1,0.3333333333333333,8.010484218597412
M-25-N-50-pa-0.45-pe-1.001337,LinearSearch With Reduced Qubits,25,50,125,1526,3,2,0.6666666666666666,3.3431196212768555
M-25-N-50-pa-0.45-pe-1.001337,LinearSearch With Preprocessing and Reduced Qubits,25,50,125,1526,3,2,0.6666666666666666,3.280811071395874
M-25-N-5-pa-0.55-pe-1.001337,BinSearch,25,5,0,0,2,2,1.0,0.0002536773681640625
M-25-N-5-pa-0.55-pe-1.001337,LinearSearch,25,5,0,0,2,2,1.0,0.0001780986785888672
M-25-N-5-pa-0.55-pe-1.001337,LinearSearch With Preprocessing,25,5,0,0,2,2,1.0,0.00017404556274414062
M-25-N-5-pa-0.55-pe-1.001337,LinearSearch With Reduced Qubits,25,5,0,0,2,2,1.0,0.00017309188842773438
M-25-N-5-pa-0.55-pe-1.001337,LinearSearch With Preprocessing and Reduced Qubits,25,5,0,0,2,2,1.0,0.000171661376953125
M-25-N-25-pa-0.25-pe-1.001337,BinSearch,25,25,96,868,106,100,0.9433962264150944,2.7578938007354736
M-25-N-25-pa-0.25-pe-1.001337,LinearSearch,25,25,99,910,106,103,0.9716981132075472,6.0208446979522705
M-25-N-25-pa-0.25-pe-1.001337,LinearSearch With Preprocessing,25,25,99,910,106,101,0.9528301886792453,4.605045795440674
M-25-N-25-pa-0.25-pe-1.001337,LinearSearch With Reduced Qubits,25,25,96,868,106,103,0.9716981132075472,4.587507486343384
M-25-N-25-pa-0.25-pe-1.001337,LinearSearch With Preprocessing and Reduced Qubits,25,25,96,868,106,104,0.9811320754716981,3.8360397815704346
M-25-N-5-pa-0.15-pe-1.001337,BinSearch,21,5,30,266,12,12,1.0,0.4954056739807129
M-25-N-5-pa-0.15-pe-1.001337,LinearSearch,21,5,35,311,12,12,1.0,1.1412646770477295
M-25-N-5-pa-0.15-pe-1.001337,LinearSearch With Preprocessing,21,5,35,311,12,12,1.0,0.5751371383666992
M-25-N-5-pa-0.15-pe-1.001337,LinearSearch With Reduced Qubits,21,5,30,266,12,12,1.0,0.9344594478607178
M-25-N-5-pa-0.15-pe-1.001337,LinearSearch With Preprocessing and Reduced Qubits,21,5,30,266,12,12,1.0,0.49051904678344727
M-25-N-10-pa-0.15-pe-1.001337,BinSearch,20,10,34,264,2,2,1.0,0.5283117294311523
M-25-N-10-pa-0.15-pe-1.001337,LinearSearch,20,10,38,297,2,2,1.0,1.7182860374450684
M-25-N-10-pa-0.15-pe-1.001337,LinearSearch With Preprocessing,20,10,38,297,2,2,1.0,0.5790421962738037
M-25-N-10-pa-0.15-pe-1.001337,LinearSearch With Reduced Qubits,20,10,34,264,2,2,1.0,1.486217975616455
M-25-N-10-pa-0.15-pe-1.001337,LinearSearch With Preprocessing and Reduced Qubits,20,10,34,264,2,2,1.0,0.528754711151123
M-25-N-5-pa-0.85-pe-1.001337,BinSearch,25,5,0,0,11,11,1.0,0.0002772808074951172
M-25-N-5-pa-0.85-pe-1.001337,LinearSearch,25,5,0,0,11,11,1.0,0.0002446174621582031
M-25-N-5-pa-0.85-pe-1.001337,LinearSearch With Preprocessing,25,5,0,0,11,11,1.0,0.00018596649169921875
M-25-N-5-pa-0.85-pe-1.001337,LinearSearch With Reduced Qubits,25,5,0,0,11,11,1.0,0.0001823902130126953
M-25-N-5-pa-0.85-pe-1.001337,LinearSearch With Preprocessing and Reduced Qubits,25,5,0,0,11,11,1.0,0.00018143653869628906
M-25-N-10-pa-0.55-pe-1.001337,BinSearch,25,10,35,425,8,8,1.0,0.5989503860473633
M-25-N-10-pa-0.55-pe-1.001337,LinearSearch,25,10,65,860,8,8,1.0,1.129260778427124
M-25-N-10-pa-0.55-pe-1.001337,LinearSearch With Preprocessing,25,10,65,860,8,8,1.0,1.1221463680267334
M-25-N-10-pa-0.55-pe-1.001337,LinearSearch With Reduced Qubits,25,10,35,425,8,8,1.0,0.5962491035461426
M-25-N-10-pa-0.55-pe-1.001337,LinearSearch With Preprocessing and Reduced Qubits,25,10,35,425,8,8,1.0,0.5969347953796387
M-25-N-50-pa-0.85-pe-1.001337,BinSearch,25,50,65,1133,111,111,1.0,1.2042198181152344
M-25-N-50-pa-0.85-pe-1.001337,LinearSearch,25,50,225,4865,111,9,0.08108108108108109,4.651075124740601
M-25-N-50-pa-0.85-pe-1.001337,LinearSearch With Preprocessing,25,50,225,4865,111,5,0.04504504504504504,4.6316845417022705
M-25-N-50-pa-0.85-pe-1.001337,LinearSearch With Reduced Qubits,25,50,65,1133,111,111,1.0,1.1805500984191895
M-25-N-50-pa-0.85-pe-1.001337,LinearSearch With Preprocessing and Reduced Qubits,25,50,65,1133,111,111,1.0,1.1890389919281006
M-25-N-10-pa-0.05-pe-1.001337,BinSearch,12,9,17,76,4,4,1.0,0.26368212699890137
M-25-N-10-pa-0.05-pe-1.001337,LinearSearch,12,9,17,76,4,4,1.0,1.342245101928711
M-25-N-10-pa-0.05-pe-1.001337,LinearSearch With Preprocessing,12,9,17,76,4,4,1.0,0.2704908847808838
M-25-N-10-pa-0.05-pe-1.001337,LinearSearch With Reduced Qubits,12,9,17,76,4,4,1.0,1.3282036781311035
M-25-N-10-pa-0.05-pe-1.001337,LinearSearch With Preprocessing and Reduced Qubits,12,9,17,76,4,4,1.0,0.258807897567749
M-25-N-50-pa-0.05-pe-1.001337,BinSearch,24,37,29,289,8,8,1.0,0.4879932403564453
M-25-N-50-pa-0.05-pe-1.001337,LinearSearch,24,37,29,289,8,8,1.0,9.813440084457397
M-25-N-50-pa-0.05-pe-1.001337,LinearSearch With Preprocessing,24,37,29,289,8,8,1.0,0.4904744625091553
M-25-N-50-pa-0.05-pe-1.001337,LinearSearch With Reduced Qubits,24,37,29,289,8,8,1.0,9.814985036849976
M-25-N-50-pa-0.05-pe-1.001337,LinearSearch With Preprocessing and Reduced Qubits,24,37,29,289,8,8,1.0,0.4933321475982666
M-50-N-50-pa-0.25-pe-1.001337,BinSearch,50,50,200,3175,503,19,0.03777335984095427,21.279500246047974
M-50-N-50-pa-0.25-pe-1.001337,LinearSearch,50,50,247,3905,503,10,0.019880715705765408,41.22710728645325
M-50-N-50-pa-0.25-pe-1.001337,LinearSearch With Preprocessing,50,50,247,3905,503,19,0.03777335984095427,33.23251962661743
M-50-N-50-pa-0.25-pe-1.001337,LinearSearch With Reduced Qubits,50,50,200,3175,503,18,0.03578528827037773,32.53337907791138
M-50-N-50-pa-0.25-pe-1.001337,LinearSearch With Preprocessing and Reduced Qubits,50,50,200,3175,503,19,0.03777335984095427,27.307645320892334
M-50-N-5-pa-0.05-pe-1.001337,BinSearch,15,5,22,138,1,1,1.0,3.78452205657959
M-50-N-5-pa-0.05-pe-1.001337,LinearSearch,15,5,24,153,1,1,1.0,7.591604709625244
M-50-N-5-pa-0.05-pe-1.001337,LinearSearch With Preprocessing,15,5,24,153,1,1,1.0,3.811458110809326
M-50-N-5-pa-0.05-pe-1.001337,LinearSearch With Reduced Qubits,15,5,22,138,1,1,1.0,7.499626636505127
M-50-N-5-pa-0.05-pe-1.001337,LinearSearch With Preprocessing and Reduced Qubits,15,5,22,138,1,1,1.0,3.7712135314941406
M-50-N-50-pa-0.55-pe-1.001337,BinSearch,50,50,150,4073,158,11,0.06962025316455696,12.633098125457764
M-50-N-50-pa-0.55-pe-1.001337,LinearSearch,50,50,305,8919,158,0,0.0,22.846888542175293
M-50-N-50-pa-0.55-pe-1.001337,LinearSearch With Preprocessing,50,50,305,8919,158,0,0.0,22.694246768951416
M-50-N-50-pa-0.55-pe-1.001337,LinearSearch With Reduced Qubits,50,50,150,4073,158,5,0.03164556962025317,12.582245588302612
M-50-N-50-pa-0.55-pe-1.001337,LinearSearch With Preprocessing and Reduced Qubits,50,50,150,4073,158,2,0.012658227848101266,12.658752918243408
M-50-N-5-pa-0.85-pe-1.001337,BinSearch,50,5,0,0,25,25,1.0,0.00042819976806640625
M-50-N-5-pa-0.85-pe-1.001337,LinearSearch,50,5,0,0,25,25,1.0,0.0003292560577392578
M-50-N-5-pa-0.85-pe-1.001337,LinearSearch With Preprocessing,50,5,0,0,25,25,1.0,0.0003077983856201172
M-50-N-5-pa-0.85-pe-1.001337,LinearSearch With Reduced Qubits,50,5,0,0,25,25,1.0,0.0003058910369873047
M-50-N-5-pa-0.85-pe-1.001337,LinearSearch With Preprocessing and Reduced Qubits,50,5,0,0,25,25,1.0,0.0003020763397216797
M-50-N-50-pa-0.85-pe-1.001337,BinSearch,50,50,98,3279,473,453,0.9577167019027484,5.8702898025512695
M-50-N-50-pa-0.85-pe-1.001337,LinearSearch,50,50,338,14269,473,0,0.0,13.810556650161743
M-50-N-50-pa-0.85-pe-1.001337,LinearSearch With Preprocessing,50,50,338,14269,473,0,0.0,14.171059608459473
M-50-N-50-pa-0.85-pe-1.001337,LinearSearch With Reduced Qubits,50,50,98,3279,473,451,0.9534883720930233,5.9526002407073975
M-50-N-50-pa-0.85-pe-1.001337,LinearSearch With Preprocessing and Reduced Qubits,50,50,98,3279,473,447,0.945031712473573,5.925542831420898
M-50-N-5-pa-0.65-pe-1.001337,BinSearch,48,5,0,0,6,6,1.0,0.0003921985626220703
M-50-N-5-pa-0.65-pe-1.001337,LinearSearch,48,5,0,0,6,6,1.0,0.00027823448181152344
M-50-N-5-pa-0.65-pe-1.001337,LinearSearch With Preprocessing,48,5,0,0,6,6,1.0,0.0002715587615966797
M-50-N-5-pa-0.65-pe-1.001337,LinearSearch With Reduced Qubits,48,5,0,0,6,6,1.0,0.00026988983154296875
M-50-N-5-pa-0.65-pe-1.001337,LinearSearch With Preprocessing and Reduced Qubits,48,5,0,0,6,6,1.0,0.0002677440643310547
M-50-N-25-pa-0.55-pe-1.001337,BinSearch,50,25,75,1919,2,2,1.0,4.997286081314087
M-50-N-25-pa-0.55-pe-1.001337,LinearSearch,50,25,178,5061,2,1,0.5,8.211920261383057
M-50-N-25-pa-0.55-pe-1.001337,LinearSearch With Preprocessing,50,25,178,5061,2,1,0.5,8.191938400268555
M-50-N-25-pa-0.55-pe-1.001337,LinearSearch With Reduced Qubits,50,25,75,1919,2,2,1.0,4.956891298294067
M-50-N-25-pa-0.55-pe-1.001337,LinearSearch With Preprocessing and Reduced Qubits,50,25,75,1919,2,2,1.0,4.989072322845459
M-50-N-5-pa-0.25-pe-1.001337,BinSearch,39,5,44,808,38,38,1.0,4.26276159286499
M-50-N-5-pa-0.25-pe-1.001337,LinearSearch,39,5,60,1060,38,38,1.0,4.624337196350098
M-50-N-5-pa-0.25-pe-1.001337,LinearSearch With Preprocessing,39,5,60,1060,38,38,1.0,4.625241756439209
M-50-N-5-pa-0.25-pe-1.001337,LinearSearch With Reduced Qubits,39,5,44,808,38,38,1.0,4.273658990859985
M-50-N-5-pa-0.25-pe-1.001337,LinearSearch With Preprocessing and Reduced Qubits,39,5,44,808,38,38,1.0,4.262381553649902
M-50-N-25-pa-0.05-pe-1.001337,BinSearch,41,25,68,931,36,36,1.0,4.7101452350616455
M-50-N-25-pa-0.05-pe-1.001337,LinearSearch,41,25,68,931,36,36,1.0,46.52571940422058
M-50-N-25-pa-0.05-pe-1.001337,LinearSearch With Preprocessing,41,25,68,931,36,36,1.0,4.737328767776489
M-50-N-25-pa-0.05-pe-1.001337,LinearSearch With Reduced Qubits,41,25,68,931,36,36,1.0,46.298070669174194
M-50-N-25-pa-0.05-pe-1.001337,LinearSearch With Preprocessing and Reduced Qubits,41,25,68,931,36,36,1.0,4.722831964492798
M-50-N-10-pa-0.05-pe-1.001337,BinSearch,21,10,33,249,228,228,1.0,3.9861910343170166
M-50-N-10-pa-0.05-pe-1.001337,LinearSearch,21,10,33,249,228,228,1.0,28.268317222595215
M-50-N-10-pa-0.05-pe-1.001337,LinearSearch With Preprocessing,21,10,33,249,228,228,1.0,3.9891819953918457
M-50-N-10-pa-0.05-pe-1.001337,LinearSearch With Reduced Qubits,21,10,33,249,228,228,1.0,28.225234270095825
M-50-N-10-pa-0.05-pe-1.001337,LinearSearch With Preprocessing and Reduced Qubits,21,10,33,249,228,228,1.0,3.9887449741363525
M-50-N-10-pa-0.55-pe-1.001337,BinSearch,50,10,60,1499,78,78,1.0,4.710735559463501
M-50-N-10-pa-0.55-pe-1.001337,LinearSearch,50,10,101,2737,78,78,1.0,6.162903070449829
M-50-N-10-pa-0.55-pe-1.001337,LinearSearch With Preprocessing,50,10,101,2737,78,77,0.9871794871794872,6.193166971206665
M-50-N-10-pa-0.55-pe-1.001337,LinearSearch With Reduced Qubits,50,10,60,1499,78,78,1.0,4.727277517318726
M-50-N-10-pa-0.55-pe-1.001337,LinearSearch With Preprocessing and Reduced Qubits,50,10,60,1499,78,78,1.0,4.6964333057403564
M-50-N-50-pa-0.05-pe-1.001337,BinSearch,45,48,74,1095,62,62,1.0,5.002276659011841
M-50-N-50-pa-0.05-pe-1.001337,LinearSearch,45,48,74,1095,62,62,1.0,94.08653354644775
M-50-N-50-pa-0.05-pe-1.001337,LinearSearch With Preprocessing,45,48,74,1095,62,62,1.0,5.014435291290283
M-50-N-50-pa-0.05-pe-1.001337,LinearSearch With Reduced Qubits,45,48,74,1095,62,62,1.0,94.0070321559906
M-50-N-50-pa-0.05-pe-1.001337,LinearSearch With Preprocessing and Reduced Qubits,45,48,74,1095,62,62,1.0,4.996968984603882
M-50-N-50-pa-0.65-pe-1.001337,BinSearch,50,50,150,4451,1600,54,0.03375,13.009152173995972
M-50-N-50-pa-0.65-pe-1.001337,LinearSearch,50,50,321,10489,1600,6,0.00375,24.47693657875061
M-50-N-50-pa-0.65-pe-1.001337,LinearSearch With Preprocessing,50,50,321,10489,1600,4,0.0025,24.51748824119568
M-50-N-50-pa-0.65-pe-1.001337,LinearSearch With Reduced Qubits,50,50,150,4451,1600,61,0.038125,13.005770444869995
M-50-N-50-pa-0.65-pe-1.001337,LinearSearch With Preprocessing and Reduced Qubits,50,50,150,4451,1600,71,0.044375,12.994190216064453
M-50-N-50-pa-0.95-pe-1.001337,BinSearch,50,41,0,0,6,6,1.0,0.0015571117401123047
M-50-N-50-pa-0.95-pe-1.001337,LinearSearch,50,41,0,0,6,6,1.0,0.001355886459350586
M-50-N-50-pa-0.95-pe-1.001337,LinearSearch With Preprocessing,50,41,0,0,6,6,1.0,0.0013213157653808594
M-50-N-50-pa-0.95-pe-1.001337,LinearSearch With Reduced Qubits,50,41,0,0,6,6,1.0,0.001306772232055664
M-50-N-50-pa-0.95-pe-1.001337,LinearSearch With Preprocessing and Reduced Qubits,50,41,0,0,6,6,1.0,0.0013132095336914062
M-50-N-50-pa-0.35-pe-1.001337,BinSearch,50,50,150,3051,12,4,0.3333333333333333,13.40645456314087
M-50-N-50-pa-0.35-pe-1.001337,LinearSearch,50,50,287,5930,12,3,0.25,28.655138731002808
M-50-N-50-pa-0.35-pe-1.001337,LinearSearch With Preprocessing,50,50,287,5930,12,1,0.08333333333333333,28.68819284439087
M-50-N-50-pa-0.35-pe-1.001337,LinearSearch With Reduced Qubits,50,50,150,3051,12,2,0.16666666666666666,18.676440238952637
M-50-N-50-pa-0.35-pe-1.001337,LinearSearch With Preprocessing and Reduced Qubits,50,50,150,3051,12,2,0.16666666666666666,18.781539916992188
M-50-N-10-pa-0.65-pe-1.001337,BinSearch,50,10,60,1553,334,331,0.9910179640718563,4.7049970626831055
M-50-N-10-pa-0.65-pe-1.001337,LinearSearch,50,10,105,3163,334,293,0.8772455089820359,6.422155380249023
M-50-N-10-pa-0.65-pe-1.001337,LinearSearch With Preprocessing,50,10,105,3163,334,285,0.8532934131736527,6.430048227310181
M-50-N-10-pa-0.65-pe-1.001337,LinearSearch With Reduced Qubits,50,10,60,1553,334,330,0.9880239520958084,4.715407371520996
M-50-N-10-pa-0.65-pe-1.001337,LinearSearch With Preprocessing and Reduced Qubits,50,10,60,1553,334,330,0.9880239520958084,4.745449066162109
M-50-N-10-pa-0.25-pe-1.001337,BinSearch,47,10,67,1325,86,86,1.0,9.343979835510254
M-50-N-10-pa-0.25-pe-1.001337,LinearSearch,47,10,87,1609,86,86,1.0,10.122326135635376
M-50-N-10-pa-0.25-pe-1.001337,LinearSearch With Preprocessing,47,10,87,1609,86,86,1.0,10.09177041053772
M-50-N-10-pa-0.25-pe-1.001337,LinearSearch With Reduced Qubits,47,10,67,1325,86,86,1.0,9.373029708862305
M-50-N-10-pa-0.25-pe-1.001337,LinearSearch With Preprocessing and Reduced Qubits,47,10,67,1325,86,86,1.0,9.37385630607605
M-50-N-25-pa-0.45-pe-1.001337,BinSearch,50,25,100,2402,243,78,0.32098765432098764,10.7323637008667
M-50-N-25-pa-0.45-pe-1.001337,LinearSearch,50,25,175,4355,243,60,0.24691358024691357,15.08826994895935
M-50-N-25-pa-0.45-pe-1.001337,LinearSearch With Preprocessing,50,25,175,4355,243,69,0.2839506172839506,15.084830045700073
M-50-N-25-pa-0.45-pe-1.001337,LinearSearch With Reduced Qubits,50,25,100,2402,243,84,0.345679012345679,10.705089092254639
M-50-N-25-pa-0.45-pe-1.001337,LinearSearch With Preprocessing and Reduced Qubits,50,25,100,2402,243,73,0.3004115226337449,10.720609188079834
M-50-N-5-pa-0.45-pe-1.001337,BinSearch,48,5,0,0,1,1,1.0,0.00037384033203125
M-50-N-5-pa-0.45-pe-1.001337,LinearSearch,48,5,0,0,1,1,1.0,0.00026702880859375
M-50-N-5-pa-0.45-pe-1.001337,LinearSearch With Preprocessing,48,5,0,0,1,1,1.0,0.00025653839111328125
M-50-N-5-pa-0.45-pe-1.001337,LinearSearch With Reduced Qubits,48,5,0,0,1,1,1.0,0.00024771690368652344
M-50-N-5-pa-0.45-pe-1.001337,LinearSearch With Preprocessing and Reduced Qubits,48,5,0,0,1,1,1.0,0.0002472400665283203
M-50-N-5-pa-0.55-pe-1.001337,BinSearch,48,5,0,0,3,3,1.0,0.00027632713317871094
M-50-N-5-pa-0.55-pe-1.001337,LinearSearch,48,5,0,0,3,3,1.0,0.0002665519714355469
M-50-N-5-pa-0.55-pe-1.001337,LinearSearch With Preprocessing,48,5,0,0,3,3,1.0,0.00026154518127441406
M-50-N-5-pa-0.55-pe-1.001337,LinearSearch With Reduced Qubits,48,5,0,0,3,3,1.0,0.0002627372741699219
M-50-N-5-pa-0.55-pe-1.001337,LinearSearch With Preprocessing and Reduced Qubits,48,5,0,0,3,3,1.0,0.00026297569274902344
M-50-N-5-pa-0.35-pe-1.001337,BinSearch,44,5,0,0,1,1,1.0,0.00023674964904785156
M-50-N-5-pa-0.35-pe-1.001337,LinearSearch,44,5,0,0,1,1,1.0,0.0002334117889404297
M-50-N-5-pa-0.35-pe-1.001337,LinearSearch With Preprocessing,44,5,0,0,1,1,1.0,0.00023102760314941406
M-50-N-5-pa-0.35-pe-1.001337,LinearSearch With Reduced Qubits,44,5,0,0,1,1,1.0,0.0002338886260986328
M-50-N-5-pa-0.35-pe-1.001337,LinearSearch With Preprocessing and Reduced Qubits,44,5,0,0,1,1,1.0,0.00023317337036132812
M-50-N-25-pa-0.95-pe-1.001337,BinSearch,50,21,0,0,21,21,1.0,0.00086212158203125
M-50-N-25-pa-0.95-pe-1.001337,LinearSearch,50,21,0,0,21,21,1.0,0.0008063316345214844
M-50-N-25-pa-0.95-pe-1.001337,LinearSearch With Preprocessing,50,21,0,0,21,21,1.0,0.0008077621459960938
M-50-N-25-pa-0.95-pe-1.001337,LinearSearch With Reduced Qubits,50,21,0,0,21,21,1.0,0.0008060932159423828
M-50-N-25-pa-0.95-pe-1.001337,LinearSearch With Preprocessing and Reduced Qubits,50,21,0,0,21,21,1.0,0.0008032321929931641
M-50-N-25-pa-0.25-pe-1.001337,BinSearch,50,25,100,1858,2,2,1.0,10.908759117126465
M-50-N-25-pa-0.25-pe-1.001337,LinearSearch,50,25,149,2613,2,2,1.0,19.272863388061523
M-50-N-25-pa-0.25-pe-1.001337,LinearSearch With Preprocessing,50,25,149,2613,2,2,1.0,12.957180976867676
M-50-N-25-pa-0.25-pe-1.001337,LinearSearch With Reduced Qubits,50,25,100,1858,2,2,1.0,15.761739015579224
M-50-N-25-pa-0.25-pe-1.001337,LinearSearch With Preprocessing and Reduced Qubits,50,25,100,1858,2,2,1.0,10.869176149368286
M-50-N-25-pa-0.75-pe-1.001337,BinSearch,50,25,75,2170,265,262,0.9886792452830189,5.158660650253296
M-50-N-25-pa-0.75-pe-1.001337,LinearSearch,50,25,199,7234,265,23,0.08679245283018867,9.234720230102539
M-50-N-25-pa-0.75-pe-1.001337,LinearSearch With Preprocessing,50,25,199,7234,265,34,0.12830188679245283,9.28509521484375
M-50-N-25-pa-0.75-pe-1.001337,LinearSearch With Reduced Qubits,50,25,75,2170,265,263,0.9924528301886792,5.175701856613159
M-50-N-25-pa-0.75-pe-1.001337,LinearSearch With Preprocessing and Reduced Qubits,50,25,75,2170,265,260,0.9811320754716981,5.122757196426392
M-50-N-50-pa-0.75-pe-1.001337,BinSearch,50,50,100,3086,32,32,1.0,5.852066278457642
M-50-N-50-pa-0.75-pe-1.001337,LinearSearch,50,50,347,13030,32,0,0.0,13.670619487762451
M-50-N-50-pa-0.75-pe-1.001337,LinearSearch With Preprocessing,50,50,347,13030,32,0,0.0,13.68051791191101
M-50-N-50-pa-0.75-pe-1.001337,LinearSearch With Reduced Qubits,50,50,100,3086,32,32,1.0,5.832745552062988
M-50-N-50-pa-0.75-pe-1.001337,LinearSearch With Preprocessing and Reduced Qubits,50,50,100,3086,32,32,1.0,5.857352256774902
M-50-N-10-pa-0.35-pe-1.001337,BinSearch,49,10,59,1346,2,2,1.0,4.662046194076538
M-50-N-10-pa-0.35-pe-1.001337,LinearSearch,49,10,94,2045,2,2,1.0,5.5000786781311035
M-50-N-10-pa-0.35-pe-1.001337,LinearSearch With Preprocessing,49,10,94,2045,2,2,1.0,5.499311685562134
M-50-N-10-pa-0.35-pe-1.001337,LinearSearch With Reduced Qubits,49,10,59,1346,2,2,1.0,4.656501293182373
M-50-N-10-pa-0.35-pe-1.001337,LinearSearch With Preprocessing and Reduced Qubits,49,10,59,1346,2,2,1.0,4.644346475601196
M-50-N-5-pa-0.95-pe-1.001337,BinSearch,50,5,0,0,37,37,1.0,0.00042247772216796875
M-50-N-5-pa-0.95-pe-1.001337,LinearSearch,50,5,0,0,37,37,1.0,0.0003292560577392578
M-50-N-5-pa-0.95-pe-1.001337,LinearSearch With Preprocessing,50,5,0,0,37,37,1.0,0.0003399848937988281
M-50-N-5-pa-0.95-pe-1.001337,LinearSearch With Reduced Qubits,50,5,0,0,37,37,1.0,0.000324249267578125
M-50-N-5-pa-0.95-pe-1.001337,LinearSearch With Preprocessing and Reduced Qubits,50,5,0,0,37,37,1.0,0.00032210350036621094
M-50-N-10-pa-0.45-pe-1.001337,BinSearch,50,10,60,1462,39,39,1.0,4.744651556015015
M-50-N-10-pa-0.45-pe-1.001337,LinearSearch,50,10,100,2510,39,39,1.0,5.806986570358276
M-50-N-10-pa-0.45-pe-1.001337,LinearSearch With Preprocessing,50,10,100,2510,39,39,1.0,5.794852256774902
M-50-N-10-pa-0.45-pe-1.001337,LinearSearch With Reduced Qubits,50,10,60,1462,39,39,1.0,4.745258569717407
M-50-N-10-pa-0.45-pe-1.001337,LinearSearch With Preprocessing and Reduced Qubits,50,10,60,1462,39,39,1.0,4.734432697296143
M-50-N-10-pa-0.95-pe-1.001337,BinSearch,50,9,0,0,34,34,1.0,0.0005164146423339844
M-50-N-10-pa-0.95-pe-1.001337,LinearSearch,50,9,0,0,34,34,1.0,0.0004086494445800781
M-50-N-10-pa-0.95-pe-1.001337,LinearSearch With Preprocessing,50,9,0,0,34,34,1.0,0.0004024505615234375
M-50-N-10-pa-0.95-pe-1.001337,LinearSearch With Reduced Qubits,50,9,0,0,34,34,1.0,0.00040268898010253906
M-50-N-10-pa-0.95-pe-1.001337,LinearSearch With Preprocessing and Reduced Qubits,50,9,0,0,34,34,1.0,0.0004019737243652344
M-50-N-50-pa-0.15-pe-1.001337,BinSearch,50,50,206,2603,185,20,0.10810810810810811,21.24148917198181
M-50-N-50-pa-0.15-pe-1.001337,LinearSearch,50,50,206,2603,185,19,0.10270270270270271,58.256725788116455
M-50-N-50-pa-0.15-pe-1.001337,LinearSearch With Preprocessing,50,50,206,2603,185,25,0.13513513513513514,37.25759530067444
M-50-N-50-pa-0.15-pe-1.001337,LinearSearch With Reduced Qubits,50,50,206,2603,185,16,0.08648648648648649,54.15552735328674
M-50-N-50-pa-0.15-pe-1.001337,LinearSearch With Preprocessing and Reduced Qubits,50,50,206,2603,185,21,0.11351351351351352,36.277525186538696
M-50-N-25-pa-0.85-pe-1.001337,BinSearch,50,25,0,0,3,3,1.0,0.0011658668518066406
M-50-N-25-pa-0.85-pe-1.001337,LinearSearch,50,25,0,0,3,3,1.0,0.0010595321655273438
M-50-N-25-pa-0.85-pe-1.001337,LinearSearch With Preprocessing,50,25,0,0,3,3,1.0,0.0010190010070800781
M-50-N-25-pa-0.85-pe-1.001337,LinearSearch With Reduced Qubits,50,25,0,0,3,3,1.0,0.0010204315185546875
M-50-N-25-pa-0.85-pe-1.001337,LinearSearch With Preprocessing and Reduced Qubits,50,25,0,0,3,3,1.0,0.0009872913360595703
M-50-N-5-pa-0.15-pe-1.001337,BinSearch,34,5,44,644,56,56,1.0,4.472327470779419
M-50-N-5-pa-0.15-pe-1.001337,LinearSearch,34,5,50,715,56,56,1.0,9.21719241142273
M-50-N-5-pa-0.15-pe-1.001337,LinearSearch With Preprocessing,34,5,50,715,56,56,1.0,4.344897508621216
M-50-N-5-pa-0.15-pe-1.001337,LinearSearch With Reduced Qubits,34,5,44,644,56,56,1.0,8.377568006515503
M-50-N-5-pa-0.15-pe-1.001337,LinearSearch With Preprocessing and Reduced Qubits,34,5,44,644,56,56,1.0,4.213100433349609
M-50-N-25-pa-0.35-pe-1.001337,BinSearch,50,25,100,2152,2,2,1.0,10.514640808105469
M-50-N-25-pa-0.35-pe-1.001337,LinearSearch,50,25,167,3586,2,2,1.0,14.018385648727417
M-50-N-25-pa-0.35-pe-1.001337,LinearSearch With Preprocessing,50,25,167,3586,2,2,1.0,14.085789918899536
M-50-N-25-pa-0.35-pe-1.001337,LinearSearch With Reduced Qubits,50,25,100,2152,2,2,1.0,10.495683670043945
M-50-N-25-pa-0.35-pe-1.001337,LinearSearch With Preprocessing and Reduced Qubits,50,25,100,2152,2,2,1.0,10.552780151367188
M-50-N-25-pa-0.15-pe-1.001337,BinSearch,50,25,118,1817,169,147,0.8698224852071006,11.32432746887207
M-50-N-25-pa-0.15-pe-1.001337,LinearSearch,50,25,127,1937,169,150,0.8875739644970414,34.108556509017944
M-50-N-25-pa-0.15-pe-1.001337,LinearSearch With Preprocessing,50,25,127,1937,169,155,0.9171597633136095,17.38157844543457
M-50-N-25-pa-0.15-pe-1.001337,LinearSearch With Reduced Qubits,50,25,118,1817,169,148,0.8757396449704142,32.12804961204529
M-50-N-25-pa-0.15-pe-1.001337,LinearSearch With Preprocessing and Reduced Qubits,50,25,118,1817,169,144,0.8520710059171598,16.912548542022705
M-50-N-10-pa-0.75-pe-1.001337,BinSearch,50,10,0,0,5,5,1.0,0.0006697177886962891
M-50-N-10-pa-0.75-pe-1.001337,LinearSearch,50,10,0,0,5,5,1.0,0.00046181678771972656
M-50-N-10-pa-0.75-pe-1.001337,LinearSearch With Preprocessing,50,10,0,0,5,5,1.0,0.0004563331604003906
M-50-N-10-pa-0.75-pe-1.001337,LinearSearch With Reduced Qubits,50,10,0,0,5,5,1.0,0.0004551410675048828
M-50-N-10-pa-0.75-pe-1.001337,LinearSearch With Preprocessing and Reduced Qubits,50,10,0,0,5,5,1.0,0.00045180320739746094
M-50-N-5-pa-0.75-pe-1.001337,BinSearch,50,5,0,0,8,8,1.0,0.00029540061950683594
M-50-N-5-pa-0.75-pe-1.001337,LinearSearch,50,5,0,0,8,8,1.0,0.0002865791320800781
M-50-N-5-pa-0.75-pe-1.001337,LinearSearch With Preprocessing,50,5,0,0,8,8,1.0,0.000286102294921875
M-50-N-5-pa-0.75-pe-1.001337,LinearSearch With Reduced Qubits,50,5,0,0,8,8,1.0,0.00028061866760253906
M-50-N-5-pa-0.75-pe-1.001337,LinearSearch With Preprocessing and Reduced Qubits,50,5,0,0,8,8,1.0,0.00027942657470703125
M-50-N-25-pa-0.65-pe-1.001337,BinSearch,50,25,75,2022,29,29,1.0,5.030491828918457
M-50-N-25-pa-0.65-pe-1.001337,LinearSearch,50,25,186,5905,29,8,0.27586206896551724,8.640539169311523
M-50-N-25-pa-0.65-pe-1.001337,LinearSearch With Preprocessing,50,25,186,5905,29,10,0.3448275862068966,8.63965630531311
M-50-N-25-pa-0.65-pe-1.001337,LinearSearch With Reduced Qubits,50,25,75,2022,29,29,1.0,5.037181854248047
M-50-N-25-pa-0.65-pe-1.001337,LinearSearch With Preprocessing and Reduced Qubits,50,25,75,2022,29,29,1.0,5.0371599197387695
M-50-N-10-pa-0.15-pe-1.001337,BinSearch,39,10,59,889,27,27,1.0,8.91643762588501
M-50-N-10-pa-0.15-pe-1.001337,LinearSearch,39,10,70,1006,27,27,1.0,13.964890956878662
M-50-N-10-pa-0.15-pe-1.001337,LinearSearch With Preprocessing,39,10,70,1006,27,27,1.0,9.321705102920532
M-50-N-10-pa-0.15-pe-1.001337,LinearSearch With Reduced Qubits,39,10,59,889,27,27,1.0,13.285127878189087
M-50-N-10-pa-0.15-pe-1.001337,LinearSearch With Preprocessing and Reduced Qubits,39,10,59,889,27,27,1.0,8.934154748916626
M-50-N-10-pa-0.85-pe-1.001337,BinSearch,50,10,0,0,3,3,1.0,0.0005824565887451172
M-50-N-10-pa-0.85-pe-1.001337,LinearSearch,50,10,0,0,3,3,1.0,0.00046062469482421875
M-50-N-10-pa-0.85-pe-1.001337,LinearSearch With Preprocessing,50,10,0,0,3,3,1.0,0.0004570484161376953
M-50-N-10-pa-0.85-pe-1.001337,LinearSearch With Reduced Qubits,50,10,0,0,3,3,1.0,0.0004591941833496094
M-50-N-10-pa-0.85-pe-1.001337,LinearSearch With Preprocessing and Reduced Qubits,50,10,0,0,3,3,1.0,0.0004596710205078125
M-50-N-50-pa-0.45-pe-1.001337,BinSearch,50,50,150,3555,2,66,0.0,13.836825609207153
M-50-N-50-pa-0.45-pe-1.001337,LinearSearch,50,50,300,7425,2,1,0.5,20.874309062957764
M-50-N-50-pa-0.45-pe-1.001337,LinearSearch With Preprocessing,50,50,300,7425,2,8,0.0,31.320202112197876
M-50-N-50-pa-0.45-pe-1.001337,LinearSearch With Reduced Qubits,50,50,150,3555,2,67,0.0,19.309494733810425
M-50-N-50-pa-0.45-pe-1.001337,LinearSearch With Preprocessing and Reduced Qubits,50,50,150,3555,2,74,0.0,19.29822063446045
M-5-N-10-pa-0.05-pe-1.00690,BinSearch,5,5,5,10,1,1,1.0,0.43284130096435547
M-5-N-10-pa-0.05-pe-1.00690,LinearSearch,5,5,5,10,1,1,1.0,0.2560608386993408
M-5-N-10-pa-0.05-pe-1.00690,LinearSearch With Preprocessing,5,5,5,10,1,1,1.0,0.1283884048461914
M-5-N-10-pa-0.05-pe-1.00690,LinearSearch With Reduced Qubits,5,5,5,10,1,1,1.0,0.2552976608276367
M-5-N-10-pa-0.05-pe-1.00690,LinearSearch With Preprocessing and Reduced Qubits,5,5,5,10,1,1,1.0,0.1303694248199463
M-5-N-5-pa-0.85-pe-1.00690,BinSearch,5,4,0,0,1,1,1.0,0.0001571178436279297
M-5-N-5-pa-0.85-pe-1.00690,LinearSearch,5,4,0,0,1,1,1.0,9.202957153320312e-05
M-5-N-5-pa-0.85-pe-1.00690,LinearSearch With Preprocessing,5,4,0,0,1,1,1.0,8.58306884765625e-05
M-5-N-5-pa-0.85-pe-1.00690,LinearSearch With Reduced Qubits,5,4,0,0,1,1,1.0,8.368492126464844e-05
M-5-N-5-pa-0.85-pe-1.00690,LinearSearch With Preprocessing and Reduced Qubits,5,4,0,0,1,1,1.0,8.273124694824219e-05
M-5-N-25-pa-0.75-pe-1.00690,BinSearch,5,12,10,20,1,1,1.0,0.18389487266540527
M-5-N-25-pa-0.75-pe-1.00690,LinearSearch,5,12,10,20,1,1,1.0,0.1805720329284668
M-5-N-25-pa-0.75-pe-1.00690,LinearSearch With Preprocessing,5,12,10,20,1,1,1.0,0.1805429458618164
M-5-N-25-pa-0.75-pe-1.00690,LinearSearch With Reduced Qubits,5,12,10,20,1,1,1.0,0.1815629005432129
M-5-N-25-pa-0.75-pe-1.00690,LinearSearch With Preprocessing and Reduced Qubits,5,12,10,20,1,1,1.0,0.18041634559631348
M-5-N-10-pa-0.35-pe-1.00690,BinSearch,5,9,6,12,2,2,1.0,0.1436004638671875
M-5-N-10-pa-0.35-pe-1.00690,LinearSearch,5,9,6,12,2,2,1.0,0.41096067428588867
M-5-N-10-pa-0.35-pe-1.00690,LinearSearch With Preprocessing,5,9,6,12,2,2,1.0,0.13966679573059082
M-5-N-10-pa-0.35-pe-1.00690,LinearSearch With Reduced Qubits,5,9,6,12,2,2,1.0,0.4164917469024658
M-5-N-10-pa-0.35-pe-1.00690,LinearSearch With Preprocessing and Reduced Qubits,5,9,6,12,2,2,1.0,0.14172744750976562
M-5-N-50-pa-0.65-pe-1.00690,BinSearch,5,23,5,10,1,1,1.0,0.13407158851623535
M-5-N-50-pa-0.65-pe-1.00690,LinearSearch,5,23,5,10,1,1,1.0,0.2643890380859375
M-5-N-50-pa-0.65-pe-1.00690,LinearSearch With Preprocessing,5,23,5,10,1,1,1.0,0.12775325775146484
M-5-N-50-pa-0.65-pe-1.00690,LinearSearch With Reduced Qubits,5,23,5,10,1,1,1.0,0.2578134536743164
M-5-N-50-pa-0.65-pe-1.00690,LinearSearch With Preprocessing and Reduced Qubits,5,23,5,10,1,1,1.0,0.12815642356872559
M-5-N-50-pa-0.45-pe-1.00690,BinSearch,5,29,5,10,1,1,1.0,0.13421916961669922
M-5-N-50-pa-0.45-pe-1.00690,LinearSearch,5,29,5,10,1,1,1.0,0.5138542652130127
M-5-N-50-pa-0.45-pe-1.00690,LinearSearch With Preprocessing,5,29,5,10,1,1,1.0,0.13765406608581543
M-5-N-50-pa-0.45-pe-1.00690,LinearSearch With Reduced Qubits,5,29,5,10,1,1,1.0,0.5196793079376221
M-5-N-50-pa-0.45-pe-1.00690,LinearSearch With Preprocessing and Reduced Qubits,5,29,5,10,1,1,1.0,0.13059520721435547
M-5-N-25-pa-0.25-pe-1.00690,BinSearch,5,12,5,10,1,1,1.0,0.13294029235839844
M-5-N-25-pa-0.25-pe-1.00690,LinearSearch,5,12,5,10,1,1,1.0,0.5150983333587646
M-5-N-25-pa-0.25-pe-1.00690,LinearSearch With Preprocessing,5,12,5,10,1,1,1.0,0.13083171844482422
M-5-N-25-pa-0.25-pe-1.00690,LinearSearch With Reduced Qubits,5,12,5,10,1,1,1.0,0.5022704601287842
M-5-N-25-pa-0.25-pe-1.00690,LinearSearch With Preprocessing and Reduced Qubits,5,12,5,10,1,1,1.0,0.13657474517822266
M-5-N-50-pa-0.05-pe-1.00690,BinSearch,5,8,5,10,1,1,1.0,0.1355607509613037
M-5-N-50-pa-0.05-pe-1.00690,LinearSearch,5,8,5,10,1,1,1.0,0.5141017436981201
M-5-N-50-pa-0.05-pe-1.00690,LinearSearch With Preprocessing,5,8,5,10,1,1,1.0,0.13608598709106445
M-5-N-50-pa-0.05-pe-1.00690,LinearSearch With Reduced Qubits,5,8,5,10,1,1,1.0,0.518975019454956
M-5-N-50-pa-0.05-pe-1.00690,LinearSearch With Preprocessing and Reduced Qubits,5,8,5,10,1,1,1.0,0.1346747875213623
M-5-N-25-pa-0.05-pe-1.00690,BinSearch,5,10,5,10,1,1,1.0,0.131943941116333
M-5-N-25-pa-0.05-pe-1.00690,LinearSearch,5,10,5,10,1,1,1.0,0.509404182434082
M-5-N-25-pa-0.05-pe-1.00690,LinearSearch With Preprocessing,5,10,5,10,1,1,1.0,0.13225531578063965
M-5-N-25-pa-0.05-pe-1.00690,LinearSearch With Reduced Qubits,5,10,5,10,1,1,1.0,0.5051755905151367
M-5-N-25-pa-0.05-pe-1.00690,LinearSearch With Preprocessing and Reduced Qubits,5,10,5,10,1,1,1.0,0.1304922103881836
M-5-N-5-pa-0.75-pe-1.00690,BinSearch,5,5,0,0,1,1,1.0,0.0001888275146484375
M-5-N-5-pa-0.75-pe-1.00690,LinearSearch,5,5,0,0,1,1,1.0,0.00010275840759277344
M-5-N-5-pa-0.75-pe-1.00690,LinearSearch With Preprocessing,5,5,0,0,1,1,1.0,9.465217590332031e-05
M-5-N-5-pa-0.75-pe-1.00690,LinearSearch With Reduced Qubits,5,5,0,0,1,1,1.0,9.250640869140625e-05
M-5-N-5-pa-0.75-pe-1.00690,LinearSearch With Preprocessing and Reduced Qubits,5,5,0,0,1,1,1.0,9.036064147949219e-05
M-5-N-25-pa-0.85-pe-1.00690,BinSearch,5,10,10,26,6,6,1.0,0.18477320671081543
M-5-N-25-pa-0.85-pe-1.00690,LinearSearch,5,10,15,47,6,6,1.0,0.2343432903289795
M-5-N-25-pa-0.85-pe-1.00690,LinearSearch With Preprocessing,5,10,15,47,6,6,1.0,0.25557780265808105
M-5-N-25-pa-0.85-pe-1.00690,LinearSearch With Reduced Qubits,5,10,10,26,6,6,1.0,0.19741129875183105
M-5-N-25-pa-0.85-pe-1.00690,LinearSearch With Preprocessing and Reduced Qubits,5,10,10,26,6,6,1.0,0.1848282814025879
M-5-N-50-pa-0.55-pe-1.00690,BinSearch,5,24,5,10,1,1,1.0,0.1427631378173828
M-5-N-50-pa-0.55-pe-1.00690,LinearSearch,5,24,5,10,1,1,1.0,0.38334178924560547
M-5-N-50-pa-0.55-pe-1.00690,LinearSearch With Preprocessing,5,24,5,10,1,1,1.0,0.13166141510009766
M-5-N-50-pa-0.55-pe-1.00690,LinearSearch With Reduced Qubits,5,24,5,10,1,1,1.0,0.37844204902648926
M-5-N-50-pa-0.55-pe-1.00690,LinearSearch With Preprocessing and Reduced Qubits,5,24,5,10,1,1,1.0,0.13231253623962402
M-5-N-50-pa-0.35-pe-1.00690,BinSearch,5,22,5,10,1,1,1.0,0.13588619232177734
M-5-N-50-pa-0.35-pe-1.00690,LinearSearch,5,22,5,10,1,1,1.0,0.5129683017730713
M-5-N-50-pa-0.35-pe-1.00690,LinearSearch With Preprocessing,5,22,5,10,1,1,1.0,0.13531494140625
M-5-N-50-pa-0.35-pe-1.00690,LinearSearch With Reduced Qubits,5,22,5,10,1,1,1.0,0.5166127681732178
M-5-N-50-pa-0.35-pe-1.00690,LinearSearch With Preprocessing and Reduced Qubits,5,22,5,10,1,1,1.0,0.1301107406616211
M-5-N-5-pa-0.95-pe-1.00690,BinSearch,5,1,0,0,5,5,1.0,0.00016617774963378906
M-5-N-5-pa-0.95-pe-1.00690,LinearSearch,5,1,0,0,5,5,1.0,8.440017700195312e-05
M-5-N-5-pa-0.95-pe-1.00690,LinearSearch With Preprocessing,5,1,0,0,5,5,1.0,7.748603820800781e-05
M-5-N-5-pa-0.95-pe-1.00690,LinearSearch With Reduced Qubits,5,1,0,0,5,5,1.0,7.462501525878906e-05
M-5-N-5-pa-0.95-pe-1.00690,LinearSearch With Preprocessing and Reduced Qubits,5,1,0,0,5,5,1.0,7.319450378417969e-05
M-5-N-5-pa-0.35-pe-1.00690,BinSearch,5,5,5,10,1,1,1.0,0.13000845909118652
M-5-N-5-pa-0.35-pe-1.00690,LinearSearch,5,5,5,10,1,1,1.0,0.13414359092712402
M-5-N-5-pa-0.35-pe-1.00690,LinearSearch With Preprocessing,5,5,5,10,1,1,1.0,0.12700438499450684
M-5-N-5-pa-0.35-pe-1.00690,LinearSearch With Reduced Qubits,5,5,5,10,1,1,1.0,0.12972402572631836
M-5-N-5-pa-0.35-pe-1.00690,LinearSearch With Preprocessing and Reduced Qubits,5,5,5,10,1,1,1.0,0.1336507797241211
M-5-N-50-pa-0.25-pe-1.00690,BinSearch,5,19,5,10,1,1,1.0,0.13328766822814941
M-5-N-50-pa-0.25-pe-1.00690,LinearSearch,5,19,5,10,1,1,1.0,0.5130119323730469
M-5-N-50-pa-0.25-pe-1.00690,LinearSearch With Preprocessing,5,19,5,10,1,1,1.0,0.13636279106140137
M-5-N-50-pa-0.25-pe-1.00690,LinearSearch With Reduced Qubits,5,19,5,10,1,1,1.0,0.5170724391937256
M-5-N-50-pa-0.25-pe-1.00690,LinearSearch With Preprocessing and Reduced Qubits,5,19,5,10,1,1,1.0,0.13018131256103516
M-5-N-50-pa-0.95-pe-1.00690,BinSearch,5,7,9,25,9,9,1.0,0.17325329780578613
M-5-N-50-pa-0.95-pe-1.00690,LinearSearch,5,7,13,44,9,9,1.0,0.21649837493896484
M-5-N-50-pa-0.95-pe-1.00690,LinearSearch With Preprocessing,5,7,13,44,9,9,1.0,0.21867609024047852
M-5-N-50-pa-0.95-pe-1.00690,LinearSearch With Reduced Qubits,5,7,9,25,9,9,1.0,0.17357349395751953
M-5-N-50-pa-0.95-pe-1.00690,LinearSearch With Preprocessing and Reduced Qubits,5,7,9,25,9,9,1.0,0.17370080947875977
M-5-N-50-pa-0.15-pe-1.00690,BinSearch,5,16,5,10,1,1,1.0,0.13118386268615723
M-5-N-50-pa-0.15-pe-1.00690,LinearSearch,5,16,5,10,1,1,1.0,0.5274441242218018
M-5-N-50-pa-0.15-pe-1.00690,LinearSearch With Preprocessing,5,16,5,10,1,1,1.0,0.13055062294006348
M-5-N-50-pa-0.15-pe-1.00690,LinearSearch With Reduced Qubits,5,16,5,10,1,1,1.0,0.5074384212493896
M-5-N-50-pa-0.15-pe-1.00690,LinearSearch With Preprocessing and Reduced Qubits,5,16,5,10,1,1,1.0,0.131638765335083
M-5-N-10-pa-0.45-pe-1.00690,BinSearch,5,10,9,18,2,2,1.0,0.17370915412902832
M-5-N-10-pa-0.45-pe-1.00690,LinearSearch,5,10,9,18,2,2,1.0,0.3409755229949951
M-5-N-10-pa-0.45-pe-1.00690,LinearSearch With Preprocessing,5,10,9,18,2,2,1.0,0.17787456512451172
M-5-N-10-pa-0.45-pe-1.00690,LinearSearch With Reduced Qubits,5,10,9,18,2,2,1.0,0.3609166145324707
M-5-N-10-pa-0.45-pe-1.00690,LinearSearch With Preprocessing and Reduced Qubits,5,10,9,18,2,2,1.0,0.17150020599365234
M-5-N-50-pa-0.75-pe-1.00690,BinSearch,5,14,8,16,2,2,1.0,0.16272330284118652
M-5-N-50-pa-0.75-pe-1.00690,LinearSearch,5,14,8,16,2,2,1.0,0.16504597663879395
M-5-N-50-pa-0.75-pe-1.00690,LinearSearch With Preprocessing,5,14,8,16,2,2,1.0,0.15892720222473145
M-5-N-50-pa-0.75-pe-1.00690,LinearSearch With Reduced Qubits,5,14,8,16,2,2,1.0,0.15764570236206055
M-5-N-50-pa-0.75-pe-1.00690,LinearSearch With Preprocessing and Reduced Qubits,5,14,8,16,2,2,1.0,0.17506027221679688
M-5-N-5-pa-0.45-pe-1.00690,BinSearch,4,4,5,8,2,2,1.0,0.1304912567138672
M-5-N-5-pa-0.45-pe-1.00690,LinearSearch,4,4,5,8,2,2,1.0,0.1296088695526123
M-5-N-5-pa-0.45-pe-1.00690,LinearSearch With Preprocessing,4,4,5,8,2,2,1.0,0.12882685661315918
M-5-N-5-pa-0.45-pe-1.00690,LinearSearch With Reduced Qubits,4,4,5,8,2,2,1.0,0.12804460525512695
M-5-N-5-pa-0.45-pe-1.00690,LinearSearch With Preprocessing and Reduced Qubits,4,4,5,8,2,2,1.0,0.1268308162689209
M-5-N-5-pa-0.05-pe-1.00690,BinSearch,2,2,2,1,1,1,1.0,0.1073920726776123
M-5-N-5-pa-0.05-pe-1.00690,LinearSearch,2,2,2,1,1,1,1.0,0.10298514366149902
M-5-N-5-pa-0.05-pe-1.00690,LinearSearch With Preprocessing,2,2,2,1,1,1,1.0,0.1027834415435791
M-5-N-5-pa-0.05-pe-1.00690,LinearSearch With Reduced Qubits,2,2,2,1,1,1,1.0,0.10332942008972168
M-5-N-5-pa-0.05-pe-1.00690,LinearSearch With Preprocessing and Reduced Qubits,2,2,2,1,1,1,1.0,0.10621786117553711
M-5-N-10-pa-0.55-pe-1.00690,BinSearch,5,7,9,20,2,2,1.0,0.16944169998168945
M-5-N-10-pa-0.55-pe-1.00690,LinearSearch,5,7,11,28,2,2,1.0,0.19182896614074707
M-5-N-10-pa-0.55-pe-1.00690,LinearSearch With Preprocessing,5,7,11,28,2,2,1.0,0.19427013397216797
M-5-N-10-pa-0.55-pe-1.00690,LinearSearch With Reduced Qubits,5,7,9,20,2,2,1.0,0.17259001731872559
M-5-N-10-pa-0.55-pe-1.00690,LinearSearch With Preprocessing and Reduced Qubits,5,7,9,20,2,2,1.0,0.17021512985229492
M-5-N-10-pa-0.75-pe-1.00690,BinSearch,5,8,9,21,4,4,1.0,0.17046236991882324
M-5-N-10-pa-0.75-pe-1.00690,LinearSearch,5,8,12,33,4,4,1.0,0.20193219184875488
M-5-N-10-pa-0.75-pe-1.00690,LinearSearch With Preprocessing,5,8,12,33,4,4,1.0,0.20039892196655273
M-5-N-10-pa-0.75-pe-1.00690,LinearSearch With Reduced Qubits,5,8,9,21,4,4,1.0,0.17530322074890137
M-5-N-10-pa-0.75-pe-1.00690,LinearSearch With Preprocessing and Reduced Qubits,5,8,9,21,4,4,1.0,0.1736433506011963
M-5-N-5-pa-0.55-pe-1.00690,BinSearch,4,3,0,0,1,1,1.0,0.00020074844360351562
M-5-N-5-pa-0.55-pe-1.00690,LinearSearch,4,3,0,0,1,1,1.0,8.749961853027344e-05
M-5-N-5-pa-0.55-pe-1.00690,LinearSearch With Preprocessing,4,3,0,0,1,1,1.0,8.058547973632812e-05
M-5-N-5-pa-0.55-pe-1.00690,LinearSearch With Reduced Qubits,4,3,0,0,1,1,1.0,7.772445678710938e-05
M-5-N-5-pa-0.55-pe-1.00690,LinearSearch With Preprocessing and Reduced Qubits,4,3,0,0,1,1,1.0,7.534027099609375e-05
M-5-N-25-pa-0.35-pe-1.00690,BinSearch,5,14,5,10,1,1,1.0,0.1353158950805664
M-5-N-25-pa-0.35-pe-1.00690,LinearSearch,5,14,5,10,1,1,1.0,0.3827333450317383
M-5-N-25-pa-0.35-pe-1.00690,LinearSearch With Preprocessing,5,14,5,10,1,1,1.0,0.13924336433410645
M-5-N-25-pa-0.35-pe-1.00690,LinearSearch With Reduced Qubits,5,14,5,10,1,1,1.0,0.3941059112548828
M-5-N-25-pa-0.35-pe-1.00690,LinearSearch With Preprocessing and Reduced Qubits,5,14,5,10,1,1,1.0,0.13145184516906738
M-5-N-25-pa-0.65-pe-1.00690,BinSearch,5,18,7,14,1,1,1.0,0.1487417221069336
M-5-N-25-pa-0.65-pe-1.00690,LinearSearch,5,18,7,14,1,1,1.0,0.29346489906311035
M-5-N-25-pa-0.65-pe-1.00690,LinearSearch With Preprocessing,5,18,7,14,1,1,1.0,0.14742827415466309
M-5-N-25-pa-0.65-pe-1.00690,LinearSearch With Reduced Qubits,5,18,7,14,1,1,1.0,0.2922534942626953
M-5-N-25-pa-0.65-pe-1.00690,LinearSearch With Preprocessing and Reduced Qubits,5,18,7,14,1,1,1.0,0.15238142013549805
M-5-N-50-pa-0.85-pe-1.00690,BinSearch,5,13,9,20,3,3,1.0,0.18756842613220215
M-5-N-50-pa-0.85-pe-1.00690,LinearSearch,5,13,11,28,3,3,1.0,0.2007434368133545
M-5-N-50-pa-0.85-pe-1.00690,LinearSearch With Preprocessing,5,13,11,28,3,3,1.0,0.20064520835876465
M-5-N-50-pa-0.85-pe-1.00690,LinearSearch With Reduced Qubits,5,13,9,20,3,3,1.0,0.1743488311767578
M-5-N-50-pa-0.85-pe-1.00690,LinearSearch With Preprocessing and Reduced Qubits,5,13,9,20,3,3,1.0,0.1706838607788086
M-5-N-5-pa-0.15-pe-1.00690,BinSearch,4,4,4,6,1,1,1.0,0.12209129333496094
M-5-N-5-pa-0.15-pe-1.00690,LinearSearch,4,4,4,6,1,1,1.0,0.34871792793273926
M-5-N-5-pa-0.15-pe-1.00690,LinearSearch With Preprocessing,4,4,4,6,1,1,1.0,0.12053799629211426
M-5-N-5-pa-0.15-pe-1.00690,LinearSearch With Reduced Qubits,4,4,4,6,1,1,1.0,0.36438465118408203
M-5-N-5-pa-0.15-pe-1.00690,LinearSearch With Preprocessing and Reduced Qubits,4,4,4,6,1,1,1.0,0.12298226356506348
M-5-N-10-pa-0.65-pe-1.00690,BinSearch,5,9,10,23,2,2,1.0,0.18748903274536133
M-5-N-10-pa-0.65-pe-1.00690,LinearSearch,5,9,13,35,2,2,1.0,0.22048735618591309
M-5-N-10-pa-0.65-pe-1.00690,LinearSearch With Preprocessing,5,9,13,35,2,2,1.0,0.21464157104492188
M-5-N-10-pa-0.65-pe-1.00690,LinearSearch With Reduced Qubits,5,9,10,23,2,2,1.0,0.18142199516296387
M-5-N-10-pa-0.65-pe-1.00690,LinearSearch With Preprocessing and Reduced Qubits,5,9,10,23,2,2,1.0,0.1808769702911377
M-5-N-25-pa-0.95-pe-1.00690,BinSearch,5,4,0,0,2,2,1.0,0.00016236305236816406
M-5-N-25-pa-0.95-pe-1.00690,LinearSearch,5,4,0,0,2,2,1.0,0.00010275840759277344
M-5-N-25-pa-0.95-pe-1.00690,LinearSearch With Preprocessing,5,4,0,0,2,2,1.0,9.632110595703125e-05
M-5-N-25-pa-0.95-pe-1.00690,LinearSearch With Reduced Qubits,5,4,0,0,2,2,1.0,9.5367431640625e-05
M-5-N-25-pa-0.95-pe-1.00690,LinearSearch With Preprocessing and Reduced Qubits,5,4,0,0,2,2,1.0,9.298324584960938e-05
M-5-N-25-pa-0.55-pe-1.00690,BinSearch,5,20,6,12,2,2,1.0,0.13964247703552246
M-5-N-25-pa-0.55-pe-1.00690,LinearSearch,5,20,6,12,2,2,1.0,0.4182920455932617
M-5-N-25-pa-0.55-pe-1.00690,LinearSearch With Preprocessing,5,20,6,12,2,2,1.0,0.1418137550354004
M-5-N-25-pa-0.55-pe-1.00690,LinearSearch With Reduced Qubits,5,20,6,12,2,2,1.0,0.4107651710510254
M-5-N-25-pa-0.55-pe-1.00690,LinearSearch With Preprocessing and Reduced Qubits,5,20,6,12,2,2,1.0,0.14148759841918945
M-5-N-10-pa-0.25-pe-1.00690,BinSearch,4,6,4,6,1,1,1.0,0.11869263648986816
M-5-N-10-pa-0.25-pe-1.00690,LinearSearch,4,6,4,6,1,1,1.0,0.24285030364990234
M-5-N-10-pa-0.25-pe-1.00690,LinearSearch With Preprocessing,4,6,4,6,1,1,1.0,0.12402009963989258
M-5-N-10-pa-0.25-pe-1.00690,LinearSearch With Reduced Qubits,4,6,4,6,1,1,1.0,0.2314138412475586
M-5-N-10-pa-0.25-pe-1.00690,LinearSearch With Preprocessing and Reduced Qubits,4,6,4,6,1,1,1.0,0.11918187141418457
M-5-N-10-pa-0.15-pe-1.00690,BinSearch,4,5,4,6,1,1,1.0,0.12057209014892578
M-5-N-10-pa-0.15-pe-1.00690,LinearSearch,4,5,4,6,1,1,1.0,0.3535647392272949
M-5-N-10-pa-0.15-pe-1.00690,LinearSearch With Preprocessing,4,5,4,6,1,1,1.0,0.12312889099121094
M-5-N-10-pa-0.15-pe-1.00690,LinearSearch With Reduced Qubits,4,5,4,6,1,1,1.0,0.35633254051208496
M-5-N-10-pa-0.15-pe-1.00690,LinearSearch With Preprocessing and Reduced Qubits,4,5,4,6,1,1,1.0,0.12803053855895996
M-5-N-10-pa-0.85-pe-1.00690,BinSearch,5,6,0,0,1,1,1.0,0.00019359588623046875
M-5-N-10-pa-0.85-pe-1.00690,LinearSearch,5,6,0,0,1,1,1.0,0.00011920928955078125
M-5-N-10-pa-0.85-pe-1.00690,LinearSearch With Preprocessing,5,6,0,0,1,1,1.0,9.369850158691406e-05
M-5-N-10-pa-0.85-pe-1.00690,LinearSearch With Reduced Qubits,5,6,0,0,1,1,1.0,9.250640869140625e-05
M-5-N-10-pa-0.85-pe-1.00690,LinearSearch With Preprocessing and Reduced Qubits,5,6,0,0,1,1,1.0,9.012222290039062e-05
M-5-N-10-pa-0.95-pe-1.00690,BinSearch,5,2,0,0,4,4,1.0,7.963180541992188e-05
M-5-N-10-pa-0.95-pe-1.00690,LinearSearch,5,2,0,0,4,4,1.0,7.772445678710938e-05
M-5-N-10-pa-0.95-pe-1.00690,LinearSearch With Preprocessing,5,2,0,0,4,4,1.0,7.557868957519531e-05
M-5-N-10-pa-0.95-pe-1.00690,LinearSearch With Reduced Qubits,5,2,0,0,4,4,1.0,7.462501525878906e-05
M-5-N-10-pa-0.95-pe-1.00690,LinearSearch With Preprocessing and Reduced Qubits,5,2,0,0,4,4,1.0,7.462501525878906e-05
M-5-N-25-pa-0.15-pe-1.00690,BinSearch,5,10,5,10,1,1,1.0,0.13505291938781738
M-5-N-25-pa-0.15-pe-1.00690,LinearSearch,5,10,5,10,1,1,1.0,0.5196969509124756
M-5-N-25-pa-0.15-pe-1.00690,LinearSearch With Preprocessing,5,10,5,10,1,1,1.0,0.1320817470550537
M-5-N-25-pa-0.15-pe-1.00690,LinearSearch With Reduced Qubits,5,10,5,10,1,1,1.0,0.5092463493347168
M-5-N-25-pa-0.15-pe-1.00690,LinearSearch With Preprocessing and Reduced Qubits,5,10,5,10,1,1,1.0,0.13092494010925293
M-5-N-25-pa-0.45-pe-1.00690,BinSearch,5,15,6,12,2,2,1.0,0.13931703567504883
M-5-N-25-pa-0.45-pe-1.00690,LinearSearch,5,15,6,12,2,2,1.0,0.41634249687194824
M-5-N-25-pa-0.45-pe-1.00690,LinearSearch With Preprocessing,5,15,6,12,2,2,1.0,0.13914084434509277
M-5-N-25-pa-0.45-pe-1.00690,LinearSearch With Reduced Qubits,5,15,6,12,2,2,1.0,0.40995359420776367
M-5-N-25-pa-0.45-pe-1.00690,LinearSearch With Preprocessing and Reduced Qubits,5,15,6,12,2,2,1.0,0.13958239555358887
M-5-N-5-pa-0.65-pe-1.00690,BinSearch,5,4,0,0,2,2,1.0,0.00016045570373535156
M-5-N-5-pa-0.65-pe-1.00690,LinearSearch,5,4,0,0,2,2,1.0,9.465217590332031e-05
M-5-N-5-pa-0.65-pe-1.00690,LinearSearch With Preprocessing,5,4,0,0,2,2,1.0,8.916854858398438e-05
M-5-N-5-pa-0.65-pe-1.00690,LinearSearch With Reduced Qubits,5,4,0,0,2,2,1.0,8.7738037109375e-05
M-5-N-5-pa-0.65-pe-1.00690,LinearSearch With Preprocessing and Reduced Qubits,5,4,0,0,2,2,1.0,8.606910705566406e-05
M-5-N-5-pa-0.25-pe-1.00690,BinSearch,5,5,6,12,2,2,1.0,0.14236879348754883
M-5-N-5-pa-0.25-pe-1.00690,LinearSearch,5,5,6,12,2,2,1.0,0.4132862091064453
M-5-N-5-pa-0.25-pe-1.00690,LinearSearch With Preprocessing,5,5,6,12,2,2,1.0,0.15078520774841309
M-5-N-5-pa-0.25-pe-1.00690,LinearSearch With Reduced Qubits,5,5,6,12,2,2,1.0,0.4193854331970215
M-5-N-5-pa-0.25-pe-1.00690,LinearSearch With Preprocessing and Reduced Qubits,5,5,6,12,2,2,1.0,0.139603853225708
M-10-N-5-pa-0.15-pe-1.00690,BinSearch,8,5,11,37,1,1,1.0,0.20108509063720703
M-10-N-5-pa-0.15-pe-1.00690,LinearSearch,8,5,11,37,1,1,1.0,0.3932075500488281
M-10-N-5-pa-0.15-pe-1.00690,LinearSearch With Preprocessing,8,5,11,37,1,1,1.0,0.19429922103881836
M-10-N-5-pa-0.15-pe-1.00690,LinearSearch With Reduced Qubits,8,5,11,37,1,1,1.0,0.37539029121398926
M-10-N-5-pa-0.15-pe-1.00690,LinearSearch With Preprocessing and Reduced Qubits,8,5,11,37,1,1,1.0,0.1984858512878418
M-10-N-50-pa-0.75-pe-1.00690,BinSearch,10,48,31,165,15,15,1.0,0.7823972702026367
M-10-N-50-pa-0.75-pe-1.00690,LinearSearch,10,48,39,227,15,15,1.0,1.0925111770629883
M-10-N-50-pa-0.75-pe-1.00690,LinearSearch With Preprocessing,10,48,39,227,15,15,1.0,1.0917599201202393
M-10-N-50-pa-0.75-pe-1.00690,LinearSearch With Reduced Qubits,10,48,31,165,15,15,1.0,0.7914257049560547
M-10-N-50-pa-0.75-pe-1.00690,LinearSearch With Preprocessing and Reduced Qubits,10,48,31,165,15,15,1.0,0.8258626461029053
M-10-N-5-pa-0.55-pe-1.00690,BinSearch,10,5,14,64,10,10,1.0,0.25049448013305664
M-10-N-5-pa-0.55-pe-1.00690,LinearSearch,10,5,20,102,10,10,1.0,0.30843162536621094
M-10-N-5-pa-0.55-pe-1.00690,LinearSearch With Preprocessing,10,5,20,102,10,10,1.0,0.30840182304382324
M-10-N-5-pa-0.55-pe-1.00690,LinearSearch With Reduced Qubits,10,5,14,64,10,10,1.0,0.2390000820159912
M-10-N-5-pa-0.55-pe-1.00690,LinearSearch With Preprocessing and Reduced Qubits,10,5,14,64,10,10,1.0,0.23976874351501465
M-10-N-50-pa-0.15-pe-1.00690,BinSearch,10,36,10,45,1,1,1.0,0.1943197250366211
M-10-N-50-pa-0.15-pe-1.00690,LinearSearch,10,36,10,45,1,1,1.0,1.6207938194274902
M-10-N-50-pa-0.15-pe-1.00690,LinearSearch With Preprocessing,10,36,10,45,1,1,1.0,0.18959546089172363
M-10-N-50-pa-0.15-pe-1.00690,LinearSearch With Reduced Qubits,10,36,10,45,1,1,1.0,1.6410648822784424
M-10-N-50-pa-0.15-pe-1.00690,LinearSearch With Preprocessing and Reduced Qubits,10,36,10,45,1,1,1.0,0.18805336952209473
M-10-N-10-pa-0.15-pe-1.00690,BinSearch,10,9,15,58,8,8,1.0,0.49362945556640625
M-10-N-10-pa-0.15-pe-1.00690,LinearSearch,10,9,15,58,8,8,1.0,1.0081267356872559
M-10-N-10-pa-0.15-pe-1.00690,LinearSearch With Preprocessing,10,9,15,58,8,8,1.0,0.4996962547302246
M-10-N-10-pa-0.15-pe-1.00690,LinearSearch With Reduced Qubits,10,9,15,58,8,8,1.0,0.9823217391967773
M-10-N-10-pa-0.15-pe-1.00690,LinearSearch With Preprocessing and Reduced Qubits,10,9,15,58,8,8,1.0,0.5023369789123535
M-10-N-50-pa-0.05-pe-1.00690,BinSearch,10,22,10,45,1,1,1.0,0.1850125789642334
M-10-N-50-pa-0.05-pe-1.00690,LinearSearch,10,22,10,45,1,1,1.0,1.8940889835357666
M-10-N-50-pa-0.05-pe-1.00690,LinearSearch With Preprocessing,10,22,10,45,1,1,1.0,0.18713068962097168
M-10-N-50-pa-0.05-pe-1.00690,LinearSearch With Reduced Qubits,10,22,10,45,1,1,1.0,1.8844044208526611
M-10-N-50-pa-0.05-pe-1.00690,LinearSearch With Preprocessing and Reduced Qubits,10,22,10,45,1,1,1.0,0.18576502799987793
M-10-N-25-pa-0.95-pe-1.00690,BinSearch,10,7,0,0,4,4,1.0,0.00022912025451660156
M-10-N-25-pa-0.95-pe-1.00690,LinearSearch,10,7,0,0,4,4,1.0,0.00014972686767578125
M-10-N-25-pa-0.95-pe-1.00690,LinearSearch With Preprocessing,10,7,0,0,4,4,1.0,0.00014257431030273438
M-10-N-25-pa-0.95-pe-1.00690,LinearSearch With Reduced Qubits,10,7,0,0,4,4,1.0,0.00014019012451171875
M-10-N-25-pa-0.95-pe-1.00690,LinearSearch With Preprocessing and Reduced Qubits,10,7,0,0,4,4,1.0,0.0001392364501953125
M-10-N-50-pa-0.45-pe-1.00690,BinSearch,10,46,40,166,3,3,1.0,1.0640869140625
M-10-N-50-pa-0.45-pe-1.00690,LinearSearch,10,46,42,180,3,3,1.0,1.6301946640014648
M-10-N-50-pa-0.45-pe-1.00690,LinearSearch With Preprocessing,10,46,42,180,3,3,1.0,1.1288437843322754
M-10-N-50-pa-0.45-pe-1.00690,LinearSearch With Reduced Qubits,10,46,40,166,3,3,1.0,1.4738645553588867
M-10-N-50-pa-0.45-pe-1.00690,LinearSearch With Preprocessing and Reduced Qubits,10,46,40,166,3,3,1.0,1.06654691696167
M-10-N-5-pa-0.65-pe-1.00690,BinSearch,10,5,0,0,1,1,1.0,0.00018358230590820312
M-10-N-5-pa-0.65-pe-1.00690,LinearSearch,10,5,0,0,1,1,1.0,0.00011658668518066406
M-10-N-5-pa-0.65-pe-1.00690,LinearSearch With Preprocessing,10,5,0,0,1,1,1.0,0.00010943412780761719
M-10-N-5-pa-0.65-pe-1.00690,LinearSearch With Reduced Qubits,10,5,0,0,1,1,1.0,0.00010657310485839844
M-10-N-5-pa-0.65-pe-1.00690,LinearSearch With Preprocessing and Reduced Qubits,10,5,0,0,1,1,1.0,0.00010585784912109375
M-10-N-50-pa-0.35-pe-1.00690,BinSearch,10,46,22,72,3,3,1.0,0.6358764171600342
M-10-N-50-pa-0.35-pe-1.00690,LinearSearch,10,46,22,72,3,3,1.0,1.5760128498077393
M-10-N-50-pa-0.35-pe-1.00690,LinearSearch With Preprocessing,10,46,22,72,3,3,1.0,0.632274866104126
M-10-N-50-pa-0.35-pe-1.00690,LinearSearch With Reduced Qubits,10,46,22,72,3,3,1.0,1.59816575050354
M-10-N-50-pa-0.35-pe-1.00690,LinearSearch With Preprocessing and Reduced Qubits,10,46,22,72,3,3,1.0,0.6269259452819824
M-10-N-25-pa-0.85-pe-1.00690,BinSearch,10,21,19,110,25,25,1.0,0.3127002716064453
M-10-N-25-pa-0.85-pe-1.00690,LinearSearch,10,21,37,267,25,25,1.0,0.5523278713226318
M-10-N-25-pa-0.85-pe-1.00690,LinearSearch With Preprocessing,10,21,37,267,25,25,1.0,0.5431599617004395
M-10-N-25-pa-0.85-pe-1.00690,LinearSearch With Reduced Qubits,10,21,19,110,25,25,1.0,0.32015538215637207
M-10-N-25-pa-0.85-pe-1.00690,LinearSearch With Preprocessing and Reduced Qubits,10,21,19,110,25,25,1.0,0.3120582103729248
M-10-N-10-pa-0.75-pe-1.00690,BinSearch,10,10,17,95,26,26,1.0,0.28449249267578125
M-10-N-10-pa-0.75-pe-1.00690,LinearSearch,10,10,31,216,26,26,1.0,0.46700572967529297
M-10-N-10-pa-0.75-pe-1.00690,LinearSearch With Preprocessing,10,10,31,216,26,26,1.0,0.46590542793273926
M-10-N-10-pa-0.75-pe-1.00690,LinearSearch With Reduced Qubits,10,10,17,95,26,26,1.0,0.28721165657043457
M-10-N-10-pa-0.75-pe-1.00690,LinearSearch With Preprocessing and Reduced Qubits,10,10,17,95,26,26,1.0,0.2915029525756836
M-10-N-25-pa-0.25-pe-1.00690,BinSearch,10,24,13,51,3,3,1.0,0.22249746322631836
M-10-N-25-pa-0.25-pe-1.00690,LinearSearch,10,24,13,51,3,3,1.0,1.1766819953918457
M-10-N-25-pa-0.25-pe-1.00690,LinearSearch With Preprocessing,10,24,13,51,3,3,1.0,0.22505640983581543
M-10-N-25-pa-0.25-pe-1.00690,LinearSearch With Reduced Qubits,10,24,13,51,3,3,1.0,1.142014503479004
M-10-N-25-pa-0.25-pe-1.00690,LinearSearch With Preprocessing and Reduced Qubits,10,24,13,51,3,3,1.0,0.22151780128479004
M-10-N-50-pa-0.95-pe-1.00690,BinSearch,10,16,17,102,38,38,1.0,0.31146740913391113
M-10-N-50-pa-0.95-pe-1.00690,LinearSearch,10,16,33,261,38,38,1.0,0.5228328704833984
M-10-N-50-pa-0.95-pe-1.00690,LinearSearch With Preprocessing,10,16,33,261,38,38,1.0,0.5126454830169678
M-10-N-50-pa-0.95-pe-1.00690,LinearSearch With Reduced Qubits,10,16,17,102,38,38,1.0,0.28679871559143066
M-10-N-50-pa-0.95-pe-1.00690,LinearSearch With Preprocessing and Reduced Qubits,10,16,17,102,38,38,1.0,0.28772687911987305
M-10-N-5-pa-0.25-pe-1.00690,BinSearch,7,5,9,25,4,4,1.0,0.17580890655517578
M-10-N-5-pa-0.25-pe-1.00690,LinearSearch,7,5,9,25,4,4,1.0,0.6960668563842773
M-10-N-5-pa-0.25-pe-1.00690,LinearSearch With Preprocessing,7,5,9,25,4,4,1.0,0.17202472686767578
M-10-N-5-pa-0.25-pe-1.00690,LinearSearch With Reduced Qubits,7,5,9,25,4,4,1.0,0.7291691303253174
M-10-N-5-pa-0.25-pe-1.00690,LinearSearch With Preprocessing and Reduced Qubits,7,5,9,25,4,4,1.0,0.1753685474395752
M-10-N-5-pa-0.75-pe-1.00690,BinSearch,10,5,0,0,2,2,1.0,0.00020599365234375
M-10-N-5-pa-0.75-pe-1.00690,LinearSearch,10,5,0,0,2,2,1.0,0.00013709068298339844
M-10-N-5-pa-0.75-pe-1.00690,LinearSearch With Preprocessing,10,5,0,0,2,2,1.0,0.00012993812561035156
M-10-N-5-pa-0.75-pe-1.00690,LinearSearch With Reduced Qubits,10,5,0,0,2,2,1.0,0.0001285076141357422
M-10-N-5-pa-0.75-pe-1.00690,LinearSearch With Preprocessing and Reduced Qubits,10,5,0,0,2,2,1.0,0.00012421607971191406
M-10-N-5-pa-0.35-pe-1.00690,BinSearch,10,5,0,0,1,1,1.0,0.00010728836059570312
M-10-N-5-pa-0.35-pe-1.00690,LinearSearch,10,5,0,0,1,1,1.0,0.00010251998901367188
M-10-N-5-pa-0.35-pe-1.00690,LinearSearch With Preprocessing,10,5,0,0,1,1,1.0,0.00010037422180175781
M-10-N-5-pa-0.35-pe-1.00690,LinearSearch With Reduced Qubits,10,5,0,0,1,1,1.0,9.918212890625e-05
M-10-N-5-pa-0.35-pe-1.00690,LinearSearch With Preprocessing and Reduced Qubits,10,5,0,0,1,1,1.0,9.846687316894531e-05
M-10-N-10-pa-0.55-pe-1.00690,BinSearch,10,10,27,133,19,19,1.0,0.6966202259063721
M-10-N-10-pa-0.55-pe-1.00690,LinearSearch,10,10,33,177,19,19,1.0,0.9184060096740723
M-10-N-10-pa-0.55-pe-1.00690,LinearSearch With Preprocessing,10,10,33,177,19,19,1.0,0.9205260276794434
M-10-N-10-pa-0.55-pe-1.00690,LinearSearch With Reduced Qubits,10,10,27,133,19,19,1.0,0.694150447845459
M-10-N-10-pa-0.55-pe-1.00690,LinearSearch With Preprocessing and Reduced Qubits,10,10,27,133,19,19,1.0,0.6914005279541016
M-10-N-25-pa-0.35-pe-1.00690,BinSearch,10,25,12,52,3,3,1.0,0.222243070602417
M-10-N-25-pa-0.35-pe-1.00690,LinearSearch,10,25,12,52,3,3,1.0,1.099877119064331
M-10-N-25-pa-0.35-pe-1.00690,LinearSearch With Preprocessing,10,25,12,52,3,3,1.0,0.21187138557434082
M-10-N-25-pa-0.35-pe-1.00690,LinearSearch With Reduced Qubits,10,25,12,52,3,3,1.0,1.0825796127319336
M-10-N-25-pa-0.35-pe-1.00690,LinearSearch With Preprocessing and Reduced Qubits,10,25,12,52,3,3,1.0,0.2123100757598877
M-10-N-10-pa-0.35-pe-1.00690,BinSearch,10,10,19,79,2,2,1.0,0.29151368141174316
M-10-N-10-pa-0.35-pe-1.00690,LinearSearch,10,10,19,79,2,2,1.0,0.5780506134033203
M-10-N-10-pa-0.35-pe-1.00690,LinearSearch With Preprocessing,10,10,19,79,2,2,1.0,0.29474687576293945
M-10-N-10-pa-0.35-pe-1.00690,LinearSearch With Reduced Qubits,10,10,19,79,2,2,1.0,0.5398023128509521
M-10-N-10-pa-0.35-pe-1.00690,LinearSearch With Preprocessing and Reduced Qubits,10,10,19,79,2,2,1.0,0.28985118865966797
M-10-N-50-pa-0.25-pe-1.00690,BinSearch,10,45,12,49,4,4,1.0,0.20919466018676758
M-10-N-50-pa-0.25-pe-1.00690,LinearSearch,10,45,12,49,4,4,1.0,1.6373722553253174
M-10-N-50-pa-0.25-pe-1.00690,LinearSearch With Preprocessing,10,45,12,49,4,4,1.0,0.22561001777648926
M-10-N-50-pa-0.25-pe-1.00690,LinearSearch With Reduced Qubits,10,45,12,49,4,4,1.0,1.6678383350372314
M-10-N-50-pa-0.25-pe-1.00690,LinearSearch With Preprocessing and Reduced Qubits,10,45,12,49,4,4,1.0,0.21271920204162598
M-10-N-25-pa-0.15-pe-1.00690,BinSearch,10,21,13,51,2,2,1.0,0.23250985145568848
M-10-N-25-pa-0.15-pe-1.00690,LinearSearch,10,21,13,51,2,2,1.0,1.3834757804870605
M-10-N-25-pa-0.15-pe-1.00690,LinearSearch With Preprocessing,10,21,13,51,2,2,1.0,0.23145699501037598
M-10-N-25-pa-0.15-pe-1.00690,LinearSearch With Reduced Qubits,10,21,13,51,2,2,1.0,1.3527250289916992
M-10-N-25-pa-0.15-pe-1.00690,LinearSearch With Preprocessing and Reduced Qubits,10,21,13,51,2,2,1.0,0.2235407829284668
M-10-N-50-pa-0.85-pe-1.00690,BinSearch,10,29,20,114,18,18,1.0,0.3206770420074463
M-10-N-50-pa-0.85-pe-1.00690,LinearSearch,10,29,40,282,18,18,1.0,0.5982553958892822
M-10-N-50-pa-0.85-pe-1.00690,LinearSearch With Preprocessing,10,29,40,282,18,18,1.0,0.5945770740509033
M-10-N-50-pa-0.85-pe-1.00690,LinearSearch With Reduced Qubits,10,29,20,114,18,18,1.0,0.32555127143859863
M-10-N-50-pa-0.85-pe-1.00690,LinearSearch With Preprocessing and Reduced Qubits,10,29,20,114,18,18,1.0,0.32502079010009766
M-10-N-25-pa-0.45-pe-1.00690,BinSearch,10,25,28,114,12,12,1.0,0.7812397480010986
M-10-N-25-pa-0.45-pe-1.00690,LinearSearch,10,25,30,128,12,12,1.0,1.2526178359985352
M-10-N-25-pa-0.45-pe-1.00690,LinearSearch With Preprocessing,10,25,30,128,12,12,1.0,0.8364987373352051
M-10-N-25-pa-0.45-pe-1.00690,LinearSearch With Reduced Qubits,10,25,28,114,12,12,1.0,1.1060926914215088
M-10-N-25-pa-0.45-pe-1.00690,LinearSearch With Preprocessing and Reduced Qubits,10,25,28,114,12,12,1.0,0.8475215435028076
M-10-N-5-pa-0.85-pe-1.00690,BinSearch,10,3,0,0,6,6,1.0,0.00036787986755371094
M-10-N-5-pa-0.85-pe-1.00690,LinearSearch,10,3,0,0,6,6,1.0,0.0002455711364746094
M-10-N-5-pa-0.85-pe-1.00690,LinearSearch With Preprocessing,10,3,0,0,6,6,1.0,0.00023031234741210938
M-10-N-5-pa-0.85-pe-1.00690,LinearSearch With Reduced Qubits,10,3,0,0,6,6,1.0,0.00022554397583007812
M-10-N-5-pa-0.85-pe-1.00690,LinearSearch With Preprocessing and Reduced Qubits,10,3,0,0,6,6,1.0,0.0002224445343017578
M-10-N-5-pa-0.05-pe-1.00690,BinSearch,6,5,7,17,2,2,1.0,0.1630263328552246
M-10-N-5-pa-0.05-pe-1.00690,LinearSearch,6,5,7,17,2,2,1.0,0.47872352600097656
M-10-N-5-pa-0.05-pe-1.00690,LinearSearch With Preprocessing,6,5,7,17,2,2,1.0,0.14841246604919434
M-10-N-5-pa-0.05-pe-1.00690,LinearSearch With Reduced Qubits,6,5,7,17,2,2,1.0,0.4454076290130615
M-10-N-5-pa-0.05-pe-1.00690,LinearSearch With Preprocessing and Reduced Qubits,6,5,7,17,2,2,1.0,0.15289545059204102
M-10-N-10-pa-0.45-pe-1.00690,BinSearch,10,10,24,106,12,12,1.0,0.6218197345733643
M-10-N-10-pa-0.45-pe-1.00690,LinearSearch,10,10,26,121,12,12,1.0,0.7486040592193604
M-10-N-10-pa-0.45-pe-1.00690,LinearSearch With Preprocessing,10,10,26,121,12,12,1.0,0.7448742389678955
M-10-N-10-pa-0.45-pe-1.00690,LinearSearch With Reduced Qubits,10,10,24,106,12,12,1.0,0.621039867401123
M-10-N-10-pa-0.45-pe-1.00690,LinearSearch With Preprocessing and Reduced Qubits,10,10,24,106,12,12,1.0,0.6245553493499756
M-10-N-10-pa-0.25-pe-1.00690,BinSearch,9,10,13,49,3,3,1.0,0.2247927188873291
M-10-N-10-pa-0.25-pe-1.00690,LinearSearch,9,10,13,49,3,3,1.0,0.9064791202545166
M-10-N-10-pa-0.25-pe-1.00690,LinearSearch With Preprocessing,9,10,13,49,3,3,1.0,0.23852944374084473
M-10-N-10-pa-0.25-pe-1.00690,LinearSearch With Reduced Qubits,9,10,13,49,3,3,1.0,0.877859354019165
M-10-N-10-pa-0.25-pe-1.00690,LinearSearch With Preprocessing and Reduced Qubits,9,10,13,49,3,3,1.0,0.221297025680542
M-10-N-50-pa-0.55-pe-1.00690,BinSearch,10,48,64,328,38,38,1.0,1.663254976272583
M-10-N-50-pa-0.55-pe-1.00690,LinearSearch,10,48,82,458,38,38,1.0,3.162199020385742
M-10-N-50-pa-0.55-pe-1.00690,LinearSearch With Preprocessing,10,48,82,458,38,38,1.0,3.1367552280426025
M-10-N-50-pa-0.55-pe-1.00690,LinearSearch With Reduced Qubits,10,48,64,328,38,38,1.0,2.1954123973846436
M-10-N-50-pa-0.55-pe-1.00690,LinearSearch With Preprocessing and Reduced Qubits,10,48,64,328,38,38,1.0,2.1723835468292236
M-10-N-10-pa-0.05-pe-1.00690,BinSearch,5,6,5,10,1,1,1.0,0.13071036338806152
M-10-N-10-pa-0.05-pe-1.00690,LinearSearch,5,6,5,10,1,1,1.0,0.5081071853637695
M-10-N-10-pa-0.05-pe-1.00690,LinearSearch With Preprocessing,5,6,5,10,1,1,1.0,0.1383051872253418
M-10-N-10-pa-0.05-pe-1.00690,LinearSearch With Reduced Qubits,5,6,5,10,1,1,1.0,0.5099022388458252
M-10-N-10-pa-0.05-pe-1.00690,LinearSearch With Preprocessing and Reduced Qubits,5,6,5,10,1,1,1.0,0.13122344017028809
M-10-N-10-pa-0.65-pe-1.00690,BinSearch,10,10,17,81,5,5,1.0,0.2772049903869629
M-10-N-10-pa-0.65-pe-1.00690,LinearSearch,10,10,28,156,5,5,1.0,0.40953493118286133
M-10-N-10-pa-0.65-pe-1.00690,LinearSearch With Preprocessing,10,10,28,156,5,5,1.0,0.40448760986328125
M-10-N-10-pa-0.65-pe-1.00690,LinearSearch With Reduced Qubits,10,10,17,81,5,5,1.0,0.27954554557800293
M-10-N-10-pa-0.65-pe-1.00690,LinearSearch With Preprocessing and Reduced Qubits,10,10,17,81,5,5,1.0,0.28279733657836914
M-10-N-5-pa-0.95-pe-1.00690,BinSearch,10,4,0,0,7,7,1.0,0.0001862049102783203
M-10-N-5-pa-0.95-pe-1.00690,LinearSearch,10,4,0,0,7,7,1.0,0.00012373924255371094
M-10-N-5-pa-0.95-pe-1.00690,LinearSearch With Preprocessing,10,4,0,0,7,7,1.0,0.0001163482666015625
M-10-N-5-pa-0.95-pe-1.00690,LinearSearch With Reduced Qubits,10,4,0,0,7,7,1.0,0.00011396408081054688
M-10-N-5-pa-0.95-pe-1.00690,LinearSearch With Preprocessing and Reduced Qubits,10,4,0,0,7,7,1.0,0.00011277198791503906
M-10-N-10-pa-0.95-pe-1.00690,BinSearch,10,5,0,0,6,6,1.0,0.0001277923583984375
M-10-N-10-pa-0.95-pe-1.00690,LinearSearch,10,5,0,0,6,6,1.0,0.00012421607971191406
M-10-N-10-pa-0.95-pe-1.00690,LinearSearch With Preprocessing,10,5,0,0,6,6,1.0,0.00016808509826660156
M-10-N-10-pa-0.95-pe-1.00690,LinearSearch With Reduced Qubits,10,5,0,0,6,6,1.0,0.0001347064971923828
M-10-N-10-pa-0.95-pe-1.00690,LinearSearch With Preprocessing and Reduced Qubits,10,5,0,0,6,6,1.0,0.00012040138244628906
M-10-N-25-pa-0.65-pe-1.00690,BinSearch,10,25,20,99,2,2,1.0,0.3167262077331543
M-10-N-25-pa-0.65-pe-1.00690,LinearSearch,10,25,39,231,2,2,1.0,0.5426912307739258
M-10-N-25-pa-0.65-pe-1.00690,LinearSearch With Preprocessing,10,25,39,231,2,2,1.0,0.545788049697876
M-10-N-25-pa-0.65-pe-1.00690,LinearSearch With Reduced Qubits,10,25,20,99,2,2,1.0,0.31607627868652344
M-10-N-25-pa-0.65-pe-1.00690,LinearSearch With Preprocessing and Reduced Qubits,10,25,20,99,2,2,1.0,0.32166457176208496
M-10-N-25-pa-0.55-pe-1.00690,BinSearch,10,25,33,160,5,5,1.0,0.7991616725921631
M-10-N-25-pa-0.55-pe-1.00690,LinearSearch,10,25,40,212,5,5,1.0,1.0803987979888916
M-10-N-25-pa-0.55-pe-1.00690,LinearSearch With Preprocessing,10,25,40,212,5,5,1.0,1.0902481079101562
M-10-N-25-pa-0.55-pe-1.00690,LinearSearch With Reduced Qubits,10,25,33,160,5,5,1.0,0.7984368801116943
M-10-N-25-pa-0.55-pe-1.00690,LinearSearch With Preprocessing and Reduced Qubits,10,25,33,160,5,5,1.0,0.7953629493713379
M-10-N-10-pa-0.85-pe-1.00690,BinSearch,10,9,0,0,1,1,1.0,0.00024890899658203125
M-10-N-10-pa-0.85-pe-1.00690,LinearSearch,10,9,0,0,1,1,1.0,0.0001456737518310547
M-10-N-10-pa-0.85-pe-1.00690,LinearSearch With Preprocessing,10,9,0,0,1,1,1.0,0.0001373291015625
M-10-N-10-pa-0.85-pe-1.00690,LinearSearch With Reduced Qubits,10,9,0,0,1,1,1.0,0.00013446807861328125
M-10-N-10-pa-0.85-pe-1.00690,LinearSearch With Preprocessing and Reduced Qubits,10,9,0,0,1,1,1.0,0.00013303756713867188
M-10-N-5-pa-0.45-pe-1.00690,BinSearch,9,5,14,56,7,7,1.0,0.23920512199401855
M-10-N-5-pa-0.45-pe-1.00690,LinearSearch,9,5,20,89,7,7,1.0,0.30186939239501953
M-10-N-5-pa-0.45-pe-1.00690,LinearSearch With Preprocessing,9,5,20,89,7,7,1.0,0.2992722988128662
M-10-N-5-pa-0.45-pe-1.00690,LinearSearch With Reduced Qubits,9,5,14,56,7,7,1.0,0.23788094520568848
M-10-N-5-pa-0.45-pe-1.00690,LinearSearch With Preprocessing and Reduced Qubits,9,5,14,56,7,7,1.0,0.23656988143920898
M-10-N-50-pa-0.65-pe-1.00690,BinSearch,10,47,50,275,10,10,1.0,1.1191134452819824
M-10-N-50-pa-0.65-pe-1.00690,LinearSearch,10,47,64,384,10,10,1.0,1.7186508178710938
M-10-N-50-pa-0.65-pe-1.00690,LinearSearch With Preprocessing,10,47,64,384,10,10,1.0,1.6859612464904785
M-10-N-50-pa-0.65-pe-1.00690,LinearSearch With Reduced Qubits,10,47,50,275,10,10,1.0,1.1098816394805908
M-10-N-50-pa-0.65-pe-1.00690,LinearSearch With Preprocessing and Reduced Qubits,10,47,50,275,10,10,1.0,1.102262258529663
M-10-N-25-pa-0.75-pe-1.00690,BinSearch,10,22,23,130,9,9,1.0,0.3536515235900879
M-10-N-25-pa-0.75-pe-1.00690,LinearSearch,10,22,49,339,9,9,1.0,0.684645414352417
M-10-N-25-pa-0.75-pe-1.00690,LinearSearch With Preprocessing,10,22,49,339,9,9,1.0,0.6765937805175781
M-10-N-25-pa-0.75-pe-1.00690,LinearSearch With Reduced Qubits,10,22,23,130,9,9,1.0,0.35369157791137695
M-10-N-25-pa-0.75-pe-1.00690,LinearSearch With Preprocessing and Reduced Qubits,10,22,23,130,9,9,1.0,0.3609147071838379
M-10-N-25-pa-0.05-pe-1.00690,BinSearch,9,11,9,36,1,1,1.0,0.17518305778503418
M-10-N-25-pa-0.05-pe-1.00690,LinearSearch,9,11,9,36,1,1,1.0,1.5339133739471436
M-10-N-25-pa-0.05-pe-1.00690,LinearSearch With Preprocessing,9,11,9,36,1,1,1.0,0.17657184600830078
M-10-N-25-pa-0.05-pe-1.00690,LinearSearch With Reduced Qubits,9,11,9,36,1,1,1.0,1.5034563541412354
M-10-N-25-pa-0.05-pe-1.00690,LinearSearch With Preprocessing and Reduced Qubits,9,11,9,36,1,1,1.0,0.17908143997192383
M-25-N-10-pa-0.75-pe-1.00690,BinSearch,25,10,0,0,4,4,1.0,0.0004165172576904297
M-25-N-10-pa-0.75-pe-1.00690,LinearSearch,25,10,0,0,4,4,1.0,0.00031495094299316406
M-25-N-10-pa-0.75-pe-1.00690,LinearSearch With Preprocessing,25,10,0,0,4,4,1.0,0.0003097057342529297
M-25-N-10-pa-0.75-pe-1.00690,LinearSearch With Reduced Qubits,25,10,0,0,4,4,1.0,0.00030994415283203125
M-25-N-10-pa-0.75-pe-1.00690,LinearSearch With Preprocessing and Reduced Qubits,25,10,0,0,4,4,1.0,0.0003075599670410156
M-25-N-50-pa-0.35-pe-1.00690,BinSearch,25,50,161,1566,48,13,0.2708333333333333,4.471918821334839
M-25-N-50-pa-0.35-pe-1.00690,LinearSearch,25,50,182,1840,48,19,0.3958333333333333,11.347037076950073
M-25-N-50-pa-0.35-pe-1.00690,LinearSearch With Preprocessing,25,50,182,1840,48,21,0.4375,8.592891693115234
M-25-N-50-pa-0.35-pe-1.00690,LinearSearch With Reduced Qubits,25,50,161,1566,48,11,0.22916666666666666,7.343535661697388
M-25-N-50-pa-0.35-pe-1.00690,LinearSearch With Preprocessing and Reduced Qubits,25,50,161,1566,48,11,0.22916666666666666,6.325412034988403
M-25-N-50-pa-0.15-pe-1.00690,BinSearch,25,49,59,451,1,1,1.0,0.9876537322998047
M-25-N-50-pa-0.15-pe-1.00690,LinearSearch,25,49,59,451,1,1,1.0,7.280608177185059
M-25-N-50-pa-0.15-pe-1.00690,LinearSearch With Preprocessing,25,49,59,451,1,1,1.0,0.9647488594055176
M-25-N-50-pa-0.15-pe-1.00690,LinearSearch With Reduced Qubits,25,49,59,451,1,1,1.0,7.0436625480651855
M-25-N-50-pa-0.15-pe-1.00690,LinearSearch With Preprocessing and Reduced Qubits,25,49,59,451,1,1,1.0,0.9562630653381348
M-25-N-25-pa-0.85-pe-1.00690,BinSearch,25,25,49,813,182,182,1.0,0.925678014755249
M-25-N-25-pa-0.85-pe-1.00690,LinearSearch,25,25,145,3105,182,92,0.5054945054945055,2.97908091545105
M-25-N-25-pa-0.85-pe-1.00690,LinearSearch With Preprocessing,25,25,145,3105,182,79,0.4340659340659341,3.001166343688965
M-25-N-25-pa-0.85-pe-1.00690,LinearSearch With Reduced Qubits,25,25,49,813,182,182,1.0,0.9106829166412354
M-25-N-25-pa-0.85-pe-1.00690,LinearSearch With Preprocessing and Reduced Qubits,25,25,49,813,182,182,1.0,0.898956298828125
M-25-N-25-pa-0.05-pe-1.00690,BinSearch,22,23,27,241,12,12,1.0,0.45000743865966797
M-25-N-25-pa-0.05-pe-1.00690,LinearSearch,22,23,27,241,12,12,1.0,8.578184843063354
M-25-N-25-pa-0.05-pe-1.00690,LinearSearch With Preprocessing,22,23,27,241,12,12,1.0,0.45258092880249023
M-25-N-25-pa-0.05-pe-1.00690,LinearSearch With Reduced Qubits,22,23,27,241,12,12,1.0,8.54813265800476
M-25-N-25-pa-0.05-pe-1.00690,LinearSearch With Preprocessing and Reduced Qubits,22,23,27,241,12,12,1.0,0.45293688774108887
M-25-N-5-pa-0.65-pe-1.00690,BinSearch,25,5,0,0,3,3,1.0,0.00027680397033691406
M-25-N-5-pa-0.65-pe-1.00690,LinearSearch,25,5,0,0,3,3,1.0,0.00019359588623046875
M-25-N-5-pa-0.65-pe-1.00690,LinearSearch With Preprocessing,25,5,0,0,3,3,1.0,0.0001881122589111328
M-25-N-5-pa-0.65-pe-1.00690,LinearSearch With Reduced Qubits,25,5,0,0,3,3,1.0,0.00018644332885742188
M-25-N-5-pa-0.65-pe-1.00690,LinearSearch With Preprocessing and Reduced Qubits,25,5,0,0,3,3,1.0,0.0001842975616455078
M-25-N-50-pa-0.25-pe-1.00690,BinSearch,25,50,125,1051,130,53,0.4076923076923077,3.97406005859375
M-25-N-50-pa-0.25-pe-1.00690,LinearSearch,25,50,131,1127,130,52,0.4,11.717711687088013
M-25-N-50-pa-0.25-pe-1.00690,LinearSearch With Preprocessing,25,50,131,1127,130,44,0.3384615384615385,6.139469146728516
M-25-N-50-pa-0.25-pe-1.00690,LinearSearch With Reduced Qubits,25,50,125,1051,130,56,0.4307692307692308,9.61287784576416
M-25-N-50-pa-0.25-pe-1.00690,LinearSearch With Preprocessing and Reduced Qubits,25,50,125,1051,130,51,0.3923076923076923,5.879513263702393
M-25-N-5-pa-0.35-pe-1.00690,BinSearch,24,5,29,325,14,14,1.0,0.514362096786499
M-25-N-5-pa-0.35-pe-1.00690,LinearSearch,24,5,43,491,14,14,1.0,0.7302999496459961
M-25-N-5-pa-0.35-pe-1.00690,LinearSearch With Preprocessing,24,5,43,491,14,14,1.0,0.7296481132507324
M-25-N-5-pa-0.35-pe-1.00690,LinearSearch With Reduced Qubits,24,5,29,325,14,14,1.0,0.5418932437896729
M-25-N-5-pa-0.35-pe-1.00690,LinearSearch With Preprocessing and Reduced Qubits,24,5,29,325,14,14,1.0,0.5575127601623535
M-25-N-5-pa-0.05-pe-1.00690,BinSearch,8,5,11,37,6,6,1.0,0.2059335708618164
M-25-N-5-pa-0.05-pe-1.00690,LinearSearch,8,5,11,37,6,6,1.0,0.8401436805725098
M-25-N-5-pa-0.05-pe-1.00690,LinearSearch With Preprocessing,8,5,11,37,6,6,1.0,0.2000887393951416
M-25-N-5-pa-0.05-pe-1.00690,LinearSearch With Reduced Qubits,8,5,11,37,6,6,1.0,0.8034143447875977
M-25-N-5-pa-0.05-pe-1.00690,LinearSearch With Preprocessing and Reduced Qubits,8,5,11,37,6,6,1.0,0.19742393493652344
M-25-N-50-pa-0.95-pe-1.00690,BinSearch,25,32,0,0,2,2,1.0,0.0006878376007080078
M-25-N-50-pa-0.95-pe-1.00690,LinearSearch,25,32,0,0,2,2,1.0,0.0005240440368652344
M-25-N-50-pa-0.95-pe-1.00690,LinearSearch With Preprocessing,25,32,0,0,2,2,1.0,0.0005078315734863281
M-25-N-50-pa-0.95-pe-1.00690,LinearSearch With Reduced Qubits,25,32,0,0,2,2,1.0,0.0005121231079101562
M-25-N-50-pa-0.95-pe-1.00690,LinearSearch With Preprocessing and Reduced Qubits,25,32,0,0,2,2,1.0,0.0005640983581542969
M-25-N-10-pa-0.95-pe-1.00690,BinSearch,25,9,0,0,13,13,1.0,0.000278472900390625
M-25-N-10-pa-0.95-pe-1.00690,LinearSearch,25,9,0,0,13,13,1.0,0.0002608299255371094
M-25-N-10-pa-0.95-pe-1.00690,LinearSearch With Preprocessing,25,9,0,0,13,13,1.0,0.0002605915069580078
M-25-N-10-pa-0.95-pe-1.00690,LinearSearch With Reduced Qubits,25,9,0,0,13,13,1.0,0.0002579689025878906
M-25-N-10-pa-0.95-pe-1.00690,LinearSearch With Preprocessing and Reduced Qubits,25,9,0,0,13,13,1.0,0.0002608299255371094
M-25-N-25-pa-0.35-pe-1.00690,BinSearch,25,25,75,767,2,2,1.0,2.062035083770752
M-25-N-25-pa-0.35-pe-1.00690,LinearSearch,25,25,117,1259,2,2,1.0,3.5792126655578613
M-25-N-25-pa-0.35-pe-1.00690,LinearSearch With Preprocessing,25,25,117,1259,2,2,1.0,3.564258575439453
M-25-N-25-pa-0.35-pe-1.00690,LinearSearch With Reduced Qubits,25,25,75,767,2,2,1.0,2.0163424015045166
M-25-N-25-pa-0.35-pe-1.00690,LinearSearch With Preprocessing and Reduced Qubits,25,25,75,767,2,2,1.0,2.049767255783081
M-25-N-10-pa-0.35-pe-1.00690,BinSearch,23,10,33,336,3,3,1.0,0.5559422969818115
M-25-N-10-pa-0.35-pe-1.00690,LinearSearch,23,10,59,609,3,3,1.0,0.9078092575073242
M-25-N-10-pa-0.35-pe-1.00690,LinearSearch With Preprocessing,23,10,59,609,3,3,1.0,0.9181592464447021
M-25-N-10-pa-0.35-pe-1.00690,LinearSearch With Reduced Qubits,23,10,33,336,3,3,1.0,0.5543792247772217
M-25-N-10-pa-0.35-pe-1.00690,LinearSearch With Preprocessing and Reduced Qubits,23,10,33,336,3,3,1.0,0.5548646450042725
M-25-N-10-pa-0.25-pe-1.00690,BinSearch,24,10,44,396,2,2,1.0,0.6851952075958252
M-25-N-10-pa-0.25-pe-1.00690,LinearSearch,24,10,52,461,2,2,1.0,1.5426750183105469
M-25-N-10-pa-0.25-pe-1.00690,LinearSearch With Preprocessing,24,10,52,461,2,2,1.0,0.7932076454162598
M-25-N-10-pa-0.25-pe-1.00690,LinearSearch With Reduced Qubits,24,10,44,396,2,2,1.0,1.2434263229370117
M-25-N-10-pa-0.25-pe-1.00690,LinearSearch With Preprocessing and Reduced Qubits,24,10,44,396,2,2,1.0,0.6832668781280518
M-25-N-10-pa-0.45-pe-1.00690,BinSearch,25,10,35,412,3,3,1.0,0.6511099338531494
M-25-N-10-pa-0.45-pe-1.00690,LinearSearch,25,10,65,808,3,3,1.0,1.103940486907959
M-25-N-10-pa-0.45-pe-1.00690,LinearSearch With Preprocessing,25,10,65,808,3,3,1.0,1.0910193920135498
M-25-N-10-pa-0.45-pe-1.00690,LinearSearch With Reduced Qubits,25,10,35,412,3,3,1.0,0.617222785949707
M-25-N-10-pa-0.45-pe-1.00690,LinearSearch With Preprocessing and Reduced Qubits,25,10,35,412,3,3,1.0,0.6219315528869629
M-25-N-50-pa-0.55-pe-1.00690,BinSearch,25,50,121,1646,9,4,0.4444444444444444,3.427967071533203
M-25-N-50-pa-0.55-pe-1.00690,LinearSearch,25,50,222,3304,9,1,0.1111111111111111,8.342386960983276
M-25-N-50-pa-0.55-pe-1.00690,LinearSearch With Preprocessing,25,50,222,3304,9,1,0.1111111111111111,8.342857837677002
M-25-N-50-pa-0.55-pe-1.00690,LinearSearch With Reduced Qubits,25,50,121,1646,9,6,0.6666666666666666,3.4161853790283203
M-25-N-50-pa-0.55-pe-1.00690,LinearSearch With Preprocessing and Reduced Qubits,25,50,121,1646,9,5,0.5555555555555556,3.4078803062438965
M-25-N-5-pa-0.95-pe-1.00690,BinSearch,25,5,0,0,16,16,1.0,0.0003268718719482422
M-25-N-5-pa-0.95-pe-1.00690,LinearSearch,25,5,0,0,16,16,1.0,0.00022292137145996094
M-25-N-5-pa-0.95-pe-1.00690,LinearSearch With Preprocessing,25,5,0,0,16,16,1.0,0.00021266937255859375
M-25-N-5-pa-0.95-pe-1.00690,LinearSearch With Reduced Qubits,25,5,0,0,16,16,1.0,0.0002105236053466797
M-25-N-5-pa-0.95-pe-1.00690,LinearSearch With Preprocessing and Reduced Qubits,25,5,0,0,16,16,1.0,0.0002090930938720703
M-25-N-25-pa-0.95-pe-1.00690,BinSearch,25,18,0,0,9,9,1.0,0.00042366981506347656
M-25-N-25-pa-0.95-pe-1.00690,LinearSearch,25,18,0,0,9,9,1.0,0.0004124641418457031
M-25-N-25-pa-0.95-pe-1.00690,LinearSearch With Preprocessing,25,18,0,0,9,9,1.0,0.00039196014404296875
M-25-N-25-pa-0.95-pe-1.00690,LinearSearch With Reduced Qubits,25,18,0,0,9,9,1.0,0.0003917217254638672
M-25-N-25-pa-0.95-pe-1.00690,LinearSearch With Preprocessing and Reduced Qubits,25,18,0,0,9,9,1.0,0.00039124488830566406
M-25-N-5-pa-0.75-pe-1.00690,BinSearch,25,5,0,0,10,10,1.0,0.00020933151245117188
M-25-N-5-pa-0.75-pe-1.00690,LinearSearch,25,5,0,0,10,10,1.0,0.0002014636993408203
M-25-N-5-pa-0.75-pe-1.00690,LinearSearch With Preprocessing,25,5,0,0,10,10,1.0,0.00019860267639160156
M-25-N-5-pa-0.75-pe-1.00690,LinearSearch With Reduced Qubits,25,5,0,0,10,10,1.0,0.00019621849060058594
M-25-N-5-pa-0.75-pe-1.00690,LinearSearch With Preprocessing and Reduced Qubits,25,5,0,0,10,10,1.0,0.00019598007202148438
M-25-N-50-pa-0.65-pe-1.00690,BinSearch,25,50,73,1076,1,1,1.0,1.2679188251495361
M-25-N-50-pa-0.65-pe-1.00690,LinearSearch,25,50,239,4176,1,0,0.0,4.624183654785156
M-25-N-50-pa-0.65-pe-1.00690,LinearSearch With Preprocessing,25,50,239,4176,1,0,0.0,4.630691051483154
M-25-N-50-pa-0.65-pe-1.00690,LinearSearch With Reduced Qubits,25,50,73,1076,1,1,1.0,1.2671482563018799
M-25-N-50-pa-0.65-pe-1.00690,LinearSearch With Preprocessing and Reduced Qubits,25,50,73,1076,1,1,1.0,1.2551405429840088
M-25-N-25-pa-0.75-pe-1.00690,BinSearch,25,25,47,705,48,48,1.0,0.8468847274780273
M-25-N-25-pa-0.75-pe-1.00690,LinearSearch,25,25,132,2491,48,41,0.8541666666666666,2.5853402614593506
M-25-N-25-pa-0.75-pe-1.00690,LinearSearch With Preprocessing,25,25,132,2491,48,37,0.7708333333333334,2.5767481327056885
M-25-N-25-pa-0.75-pe-1.00690,LinearSearch With Reduced Qubits,25,25,47,705,48,48,1.0,0.8305003643035889
M-25-N-25-pa-0.75-pe-1.00690,LinearSearch With Preprocessing and Reduced Qubits,25,25,47,705,48,48,1.0,0.833834171295166
M-25-N-25-pa-0.45-pe-1.00690,BinSearch,25,25,75,855,5,5,1.0,2.1226084232330322
M-25-N-25-pa-0.45-pe-1.00690,LinearSearch,25,25,118,1434,5,5,1.0,3.883718490600586
M-25-N-25-pa-0.45-pe-1.00690,LinearSearch With Preprocessing,25,25,118,1434,5,5,1.0,3.8677313327789307
M-25-N-25-pa-0.45-pe-1.00690,LinearSearch With Reduced Qubits,25,25,75,855,5,5,1.0,2.1318979263305664
M-25-N-25-pa-0.45-pe-1.00690,LinearSearch With Preprocessing and Reduced Qubits,25,25,75,855,5,5,1.0,2.1516025066375732
M-25-N-10-pa-0.65-pe-1.00690,BinSearch,25,10,35,459,86,86,1.0,0.6216332912445068
M-25-N-10-pa-0.65-pe-1.00690,LinearSearch,25,10,68,1059,86,86,1.0,1.3142247200012207
M-25-N-10-pa-0.65-pe-1.00690,LinearSearch With Preprocessing,25,10,68,1059,86,86,1.0,1.3198769092559814
M-25-N-10-pa-0.65-pe-1.00690,LinearSearch With Reduced Qubits,25,10,35,459,86,86,1.0,0.6287486553192139
M-25-N-10-pa-0.65-pe-1.00690,LinearSearch With Preprocessing and Reduced Qubits,25,10,35,459,86,86,1.0,0.627295970916748
M-25-N-5-pa-0.45-pe-1.00690,BinSearch,25,5,30,364,76,76,1.0,0.5306591987609863
M-25-N-5-pa-0.45-pe-1.00690,LinearSearch,25,5,45,586,76,76,1.0,0.7857954502105713
M-25-N-5-pa-0.45-pe-1.00690,LinearSearch With Preprocessing,25,5,45,586,76,76,1.0,0.7929623126983643
M-25-N-5-pa-0.45-pe-1.00690,LinearSearch With Reduced Qubits,25,5,30,364,76,76,1.0,0.5337624549865723
M-25-N-5-pa-0.45-pe-1.00690,LinearSearch With Preprocessing and Reduced Qubits,25,5,30,364,76,76,1.0,0.5333077907562256
M-25-N-25-pa-0.65-pe-1.00690,BinSearch,25,25,50,706,5,5,1.0,0.8814349174499512
M-25-N-25-pa-0.65-pe-1.00690,LinearSearch,25,25,137,2340,5,5,1.0,2.5645992755889893
M-25-N-25-pa-0.65-pe-1.00690,LinearSearch With Preprocessing,25,25,137,2340,5,4,0.8,2.5767922401428223
M-25-N-25-pa-0.65-pe-1.00690,LinearSearch With Reduced Qubits,25,25,50,706,5,5,1.0,0.866873025894165
M-25-N-25-pa-0.65-pe-1.00690,LinearSearch With Preprocessing and Reduced Qubits,25,25,50,706,5,5,1.0,0.8699502944946289
M-25-N-25-pa-0.55-pe-1.00690,BinSearch,25,25,73,1010,289,211,0.7301038062283737,2.221846103668213
M-25-N-25-pa-0.55-pe-1.00690,LinearSearch,25,25,125,1902,289,177,0.6124567474048442,4.621330976486206
M-25-N-25-pa-0.55-pe-1.00690,LinearSearch With Preprocessing,25,25,125,1902,289,162,0.5605536332179931,4.690290689468384
M-25-N-25-pa-0.55-pe-1.00690,LinearSearch With Reduced Qubits,25,25,73,1010,289,200,0.6920415224913494,2.238368511199951
M-25-N-25-pa-0.55-pe-1.00690,LinearSearch With Preprocessing and Reduced Qubits,25,25,73,1010,289,210,0.726643598615917,2.227661371231079
M-25-N-5-pa-0.25-pe-1.00690,BinSearch,16,5,21,154,13,13,1.0,0.3598763942718506
M-25-N-5-pa-0.25-pe-1.00690,LinearSearch,16,5,31,243,13,13,1.0,0.5140020847320557
M-25-N-5-pa-0.25-pe-1.00690,LinearSearch With Preprocessing,16,5,31,243,13,13,1.0,0.499866247177124
M-25-N-5-pa-0.25-pe-1.00690,LinearSearch With Reduced Qubits,16,5,21,154,13,13,1.0,0.35900354385375977
M-25-N-5-pa-0.25-pe-1.00690,LinearSearch With Preprocessing and Reduced Qubits,16,5,21,154,13,13,1.0,0.3586864471435547
M-25-N-10-pa-0.85-pe-1.00690,BinSearch,25,10,0,0,1,1,1.0,0.00042247772216796875
M-25-N-10-pa-0.85-pe-1.00690,LinearSearch,25,10,0,0,1,1,1.0,0.0002903938293457031
M-25-N-10-pa-0.85-pe-1.00690,LinearSearch With Preprocessing,25,10,0,0,1,1,1.0,0.00028228759765625
M-25-N-10-pa-0.85-pe-1.00690,LinearSearch With Reduced Qubits,25,10,0,0,1,1,1.0,0.0002765655517578125
M-25-N-10-pa-0.85-pe-1.00690,LinearSearch With Preprocessing and Reduced Qubits,25,10,0,0,1,1,1.0,0.00027489662170410156
M-25-N-50-pa-0.75-pe-1.00690,BinSearch,25,50,71,1141,9,9,1.0,1.2688884735107422
M-25-N-50-pa-0.75-pe-1.00690,LinearSearch,25,50,243,4736,9,0,0.0,4.845322847366333
M-25-N-50-pa-0.75-pe-1.00690,LinearSearch With Preprocessing,25,50,243,4736,9,1,0.1111111111111111,4.867850303649902
M-25-N-50-pa-0.75-pe-1.00690,LinearSearch With Reduced Qubits,25,50,71,1141,9,9,1.0,1.2701361179351807
M-25-N-50-pa-0.75-pe-1.00690,LinearSearch With Preprocessing and Reduced Qubits,25,50,71,1141,9,9,1.0,1.2680139541625977
M-25-N-25-pa-0.15-pe-1.00690,BinSearch,24,25,48,376,23,23,1.0,1.525561809539795
M-25-N-25-pa-0.15-pe-1.00690,LinearSearch,24,25,48,376,23,23,1.0,5.14861798286438
M-25-N-25-pa-0.15-pe-1.00690,LinearSearch With Preprocessing,24,25,48,376,23,23,1.0,1.534909963607788
M-25-N-25-pa-0.15-pe-1.00690,LinearSearch With Reduced Qubits,24,25,48,376,23,23,1.0,5.004309177398682
M-25-N-25-pa-0.15-pe-1.00690,LinearSearch With Preprocessing and Reduced Qubits,24,25,48,376,23,23,1.0,1.5078325271606445
M-25-N-50-pa-0.45-pe-1.00690,BinSearch,25,50,125,1526,3,3,1.0,3.366097927093506
M-25-N-50-pa-0.45-pe-1.00690,LinearSearch,25,50,224,2962,3,1,0.3333333333333333,7.999644994735718
M-25-N-50-pa-0.45-pe-1.00690,LinearSearch With Preprocessing,25,50,224,2962,3,1,0.3333333333333333,8.016273736953735
M-25-N-50-pa-0.45-pe-1.00690,LinearSearch With Reduced Qubits,25,50,125,1526,3,2,0.6666666666666666,3.3077991008758545
M-25-N-50-pa-0.45-pe-1.00690,LinearSearch With Preprocessing and Reduced Qubits,25,50,125,1526,3,3,1.0,3.363740921020508
M-25-N-5-pa-0.55-pe-1.00690,BinSearch,25,5,0,0,2,2,1.0,0.00026607513427734375
M-25-N-5-pa-0.55-pe-1.00690,LinearSearch,25,5,0,0,2,2,1.0,0.00018548965454101562
M-25-N-5-pa-0.55-pe-1.00690,LinearSearch With Preprocessing,25,5,0,0,2,2,1.0,0.0001766681671142578
M-25-N-5-pa-0.55-pe-1.00690,LinearSearch With Reduced Qubits,25,5,0,0,2,2,1.0,0.00017404556274414062
M-25-N-5-pa-0.55-pe-1.00690,LinearSearch With Preprocessing and Reduced Qubits,25,5,0,0,2,2,1.0,0.00017142295837402344
M-25-N-25-pa-0.25-pe-1.00690,BinSearch,25,25,96,868,106,102,0.9622641509433962,2.777223587036133
M-25-N-25-pa-0.25-pe-1.00690,LinearSearch,25,25,99,910,106,99,0.9339622641509434,6.165760517120361
M-25-N-25-pa-0.25-pe-1.00690,LinearSearch With Preprocessing,25,25,99,910,106,105,0.9905660377358491,4.6809961795806885
M-25-N-25-pa-0.25-pe-1.00690,LinearSearch With Reduced Qubits,25,25,96,868,106,99,0.9339622641509434,4.622124433517456
M-25-N-25-pa-0.25-pe-1.00690,LinearSearch With Preprocessing and Reduced Qubits,25,25,96,868,106,102,0.9622641509433962,3.9140450954437256
M-25-N-5-pa-0.15-pe-1.00690,BinSearch,21,5,30,266,12,12,1.0,0.5069081783294678
M-25-N-5-pa-0.15-pe-1.00690,LinearSearch,21,5,35,311,12,12,1.0,1.184767246246338
M-25-N-5-pa-0.15-pe-1.00690,LinearSearch With Preprocessing,21,5,35,311,12,12,1.0,0.6015546321868896
M-25-N-5-pa-0.15-pe-1.00690,LinearSearch With Reduced Qubits,21,5,30,266,12,12,1.0,0.9394936561584473
M-25-N-5-pa-0.15-pe-1.00690,LinearSearch With Preprocessing and Reduced Qubits,21,5,30,266,12,12,1.0,0.5015268325805664
M-25-N-10-pa-0.15-pe-1.00690,BinSearch,20,10,34,264,2,2,1.0,0.544619083404541
M-25-N-10-pa-0.15-pe-1.00690,LinearSearch,20,10,38,297,2,2,1.0,1.747321367263794
M-25-N-10-pa-0.15-pe-1.00690,LinearSearch With Preprocessing,20,10,38,297,2,2,1.0,0.5920703411102295
M-25-N-10-pa-0.15-pe-1.00690,LinearSearch With Reduced Qubits,20,10,34,264,2,2,1.0,1.5296649932861328
M-25-N-10-pa-0.15-pe-1.00690,LinearSearch With Preprocessing and Reduced Qubits,20,10,34,264,2,2,1.0,0.5452582836151123
M-25-N-5-pa-0.85-pe-1.00690,BinSearch,25,5,0,0,11,11,1.0,0.0002727508544921875
M-25-N-5-pa-0.85-pe-1.00690,LinearSearch,25,5,0,0,11,11,1.0,0.00019931793212890625
M-25-N-5-pa-0.85-pe-1.00690,LinearSearch With Preprocessing,25,5,0,0,11,11,1.0,0.00019073486328125
M-25-N-5-pa-0.85-pe-1.00690,LinearSearch With Reduced Qubits,25,5,0,0,11,11,1.0,0.00018835067749023438
M-25-N-5-pa-0.85-pe-1.00690,LinearSearch With Preprocessing and Reduced Qubits,25,5,0,0,11,11,1.0,0.00018477439880371094
M-25-N-10-pa-0.55-pe-1.00690,BinSearch,25,10,35,425,8,8,1.0,0.6225109100341797
M-25-N-10-pa-0.55-pe-1.00690,LinearSearch,25,10,65,860,8,8,1.0,1.1064372062683105
M-25-N-10-pa-0.55-pe-1.00690,LinearSearch With Preprocessing,25,10,65,860,8,8,1.0,1.121166706085205
M-25-N-10-pa-0.55-pe-1.00690,LinearSearch With Reduced Qubits,25,10,35,425,8,8,1.0,0.620387077331543
M-25-N-10-pa-0.55-pe-1.00690,LinearSearch With Preprocessing and Reduced Qubits,25,10,35,425,8,8,1.0,0.6177897453308105
M-25-N-50-pa-0.85-pe-1.00690,BinSearch,25,50,65,1133,111,111,1.0,1.1913583278656006
M-25-N-50-pa-0.85-pe-1.00690,LinearSearch,25,50,225,4865,111,8,0.07207207207207207,4.665614604949951
M-25-N-50-pa-0.85-pe-1.00690,LinearSearch With Preprocessing,25,50,225,4865,111,7,0.06306306306306306,4.615161418914795
M-25-N-50-pa-0.85-pe-1.00690,LinearSearch With Reduced Qubits,25,50,65,1133,111,111,1.0,1.2045934200286865
M-25-N-50-pa-0.85-pe-1.00690,LinearSearch With Preprocessing and Reduced Qubits,25,50,65,1133,111,111,1.0,1.1975324153900146
M-25-N-10-pa-0.05-pe-1.00690,BinSearch,12,9,17,76,4,4,1.0,0.27924418449401855
M-25-N-10-pa-0.05-pe-1.00690,LinearSearch,12,9,17,76,4,4,1.0,1.3951663970947266
M-25-N-10-pa-0.05-pe-1.00690,LinearSearch With Preprocessing,12,9,17,76,4,4,1.0,0.27649617195129395
M-25-N-10-pa-0.05-pe-1.00690,LinearSearch With Reduced Qubits,12,9,17,76,4,4,1.0,1.3985786437988281
M-25-N-10-pa-0.05-pe-1.00690,LinearSearch With Preprocessing and Reduced Qubits,12,9,17,76,4,4,1.0,0.2794675827026367
M-25-N-50-pa-0.05-pe-1.00690,BinSearch,24,37,29,289,8,8,1.0,0.4991471767425537
M-25-N-50-pa-0.05-pe-1.00690,LinearSearch,24,37,29,289,8,8,1.0,9.946141481399536
M-25-N-50-pa-0.05-pe-1.00690,LinearSearch With Preprocessing,24,37,29,289,8,8,1.0,0.49901652336120605
M-25-N-50-pa-0.05-pe-1.00690,LinearSearch With Reduced Qubits,24,37,29,289,8,8,1.0,9.957799673080444
M-25-N-50-pa-0.05-pe-1.00690,LinearSearch With Preprocessing and Reduced Qubits,24,37,29,289,8,8,1.0,0.4993155002593994
M-50-N-50-pa-0.25-pe-1.00690,BinSearch,50,50,200,3175,503,14,0.027833001988071572,21.721815586090088
M-50-N-50-pa-0.25-pe-1.00690,LinearSearch,50,50,247,3905,503,15,0.02982107355864811,42.43026685714722
M-50-N-50-pa-0.25-pe-1.00690,LinearSearch With Preprocessing,50,50,247,3905,503,15,0.02982107355864811,34.40157723426819
M-50-N-50-pa-0.25-pe-1.00690,LinearSearch With Reduced Qubits,50,50,200,3175,503,7,0.013916500994035786,33.95776557922363
M-50-N-50-pa-0.25-pe-1.00690,LinearSearch With Preprocessing and Reduced Qubits,50,50,200,3175,503,26,0.05168986083499006,28.61464262008667
M-50-N-5-pa-0.05-pe-1.00690,BinSearch,15,5,22,138,1,1,1.0,4.027221918106079
M-50-N-5-pa-0.05-pe-1.00690,LinearSearch,15,5,24,153,1,1,1.0,8.05886697769165
M-50-N-5-pa-0.05-pe-1.00690,LinearSearch With Preprocessing,15,5,24,153,1,1,1.0,4.042476654052734
M-50-N-5-pa-0.05-pe-1.00690,LinearSearch With Reduced Qubits,15,5,22,138,1,1,1.0,7.94895339012146
M-50-N-5-pa-0.05-pe-1.00690,LinearSearch With Preprocessing and Reduced Qubits,15,5,22,138,1,1,1.0,4.009899854660034
M-50-N-50-pa-0.55-pe-1.00690,BinSearch,50,50,150,4073,158,6,0.0379746835443038,13.229851245880127
M-50-N-50-pa-0.55-pe-1.00690,LinearSearch,50,50,305,8919,158,0,0.0,23.503307342529297
M-50-N-50-pa-0.55-pe-1.00690,LinearSearch With Preprocessing,50,50,305,8919,158,1,0.006329113924050633,23.55201554298401
M-50-N-50-pa-0.55-pe-1.00690,LinearSearch With Reduced Qubits,50,50,150,4073,158,8,0.05063291139240506,13.216753005981445
M-50-N-50-pa-0.55-pe-1.00690,LinearSearch With Preprocessing and Reduced Qubits,50,50,150,4073,158,9,0.056962025316455694,13.217660427093506
M-50-N-5-pa-0.85-pe-1.00690,BinSearch,50,5,0,0,25,25,1.0,0.0005316734313964844
M-50-N-5-pa-0.85-pe-1.00690,LinearSearch,50,5,0,0,25,25,1.0,0.00031948089599609375
M-50-N-5-pa-0.85-pe-1.00690,LinearSearch With Preprocessing,50,5,0,0,25,25,1.0,0.0003027915954589844
M-50-N-5-pa-0.85-pe-1.00690,LinearSearch With Reduced Qubits,50,5,0,0,25,25,1.0,0.0003044605255126953
M-50-N-5-pa-0.85-pe-1.00690,LinearSearch With Preprocessing and Reduced Qubits,50,5,0,0,25,25,1.0,0.00030231475830078125
M-50-N-50-pa-0.85-pe-1.00690,BinSearch,50,50,98,3279,473,448,0.9471458773784355,6.176653861999512
M-50-N-50-pa-0.85-pe-1.00690,LinearSearch,50,50,338,14269,473,0,0.0,14.405787229537964
M-50-N-50-pa-0.85-pe-1.00690,LinearSearch With Preprocessing,50,50,338,14269,473,0,0.0,14.3737633228302
M-50-N-50-pa-0.85-pe-1.00690,LinearSearch With Reduced Qubits,50,50,98,3279,473,444,0.9386892177589852,6.163016319274902
M-50-N-50-pa-0.85-pe-1.00690,LinearSearch With Preprocessing and Reduced Qubits,50,50,98,3279,473,440,0.9302325581395349,6.20937442779541
M-50-N-5-pa-0.65-pe-1.00690,BinSearch,48,5,0,0,6,6,1.0,0.0003936290740966797
M-50-N-5-pa-0.65-pe-1.00690,LinearSearch,48,5,0,0,6,6,1.0,0.0002739429473876953
M-50-N-5-pa-0.65-pe-1.00690,LinearSearch With Preprocessing,48,5,0,0,6,6,1.0,0.00026917457580566406
M-50-N-5-pa-0.65-pe-1.00690,LinearSearch With Reduced Qubits,48,5,0,0,6,6,1.0,0.0002713203430175781
M-50-N-5-pa-0.65-pe-1.00690,LinearSearch With Preprocessing and Reduced Qubits,48,5,0,0,6,6,1.0,0.0002696514129638672
M-50-N-25-pa-0.55-pe-1.00690,BinSearch,50,25,75,1919,2,2,1.0,5.209027528762817
M-50-N-25-pa-0.55-pe-1.00690,LinearSearch,50,25,178,5061,2,2,1.0,8.451975584030151
M-50-N-25-pa-0.55-pe-1.00690,LinearSearch With Preprocessing,50,25,178,5061,2,1,0.5,8.504638195037842
M-50-N-25-pa-0.55-pe-1.00690,LinearSearch With Reduced Qubits,50,25,75,1919,2,2,1.0,5.224297523498535
M-50-N-25-pa-0.55-pe-1.00690,LinearSearch With Preprocessing and Reduced Qubits,50,25,75,1919,2,2,1.0,5.218144178390503
M-50-N-5-pa-0.25-pe-1.00690,BinSearch,39,5,44,808,38,38,1.0,4.483822345733643
M-50-N-5-pa-0.25-pe-1.00690,LinearSearch,39,5,60,1060,38,38,1.0,4.8684141635894775
M-50-N-5-pa-0.25-pe-1.00690,LinearSearch With Preprocessing,39,5,60,1060,38,38,1.0,4.850308656692505
M-50-N-5-pa-0.25-pe-1.00690,LinearSearch With Reduced Qubits,39,5,44,808,38,38,1.0,4.498037099838257
M-50-N-5-pa-0.25-pe-1.00690,LinearSearch With Preprocessing and Reduced Qubits,39,5,44,808,38,38,1.0,4.4822752475738525
M-50-N-25-pa-0.05-pe-1.00690,BinSearch,41,25,68,931,36,36,1.0,4.94303297996521
M-50-N-25-pa-0.05-pe-1.00690,LinearSearch,41,25,68,931,36,36,1.0,48.569297790527344
M-50-N-25-pa-0.05-pe-1.00690,LinearSearch With Preprocessing,41,25,68,931,36,36,1.0,4.943254709243774
M-50-N-25-pa-0.05-pe-1.00690,LinearSearch With Reduced Qubits,41,25,68,931,36,36,1.0,48.2960205078125
M-50-N-25-pa-0.05-pe-1.00690,LinearSearch With Preprocessing and Reduced Qubits,41,25,68,931,36,36,1.0,4.923762798309326
M-50-N-10-pa-0.05-pe-1.00690,BinSearch,21,10,33,249,228,228,1.0,4.230459928512573
M-50-N-10-pa-0.05-pe-1.00690,LinearSearch,21,10,33,249,228,227,0.9956140350877193,29.742116689682007
M-50-N-10-pa-0.05-pe-1.00690,LinearSearch With Preprocessing,21,10,33,249,228,228,1.0,4.1864447593688965
M-50-N-10-pa-0.05-pe-1.00690,LinearSearch With Reduced Qubits,21,10,33,249,228,228,1.0,29.68984341621399
M-50-N-10-pa-0.05-pe-1.00690,LinearSearch With Preprocessing and Reduced Qubits,21,10,33,249,228,228,1.0,4.176072120666504
M-50-N-10-pa-0.55-pe-1.00690,BinSearch,50,10,60,1499,78,78,1.0,4.923520088195801
M-50-N-10-pa-0.55-pe-1.00690,LinearSearch,50,10,101,2737,78,78,1.0,6.371473789215088
M-50-N-10-pa-0.55-pe-1.00690,LinearSearch With Preprocessing,50,10,101,2737,78,78,1.0,6.381065845489502
M-50-N-10-pa-0.55-pe-1.00690,LinearSearch With Reduced Qubits,50,10,60,1499,78,78,1.0,4.913061618804932
M-50-N-10-pa-0.55-pe-1.00690,LinearSearch With Preprocessing and Reduced Qubits,50,10,60,1499,78,78,1.0,4.9246907234191895
M-50-N-50-pa-0.05-pe-1.00690,BinSearch,45,48,74,1095,62,62,1.0,5.28837251663208
M-50-N-50-pa-0.05-pe-1.00690,LinearSearch,45,48,74,1095,62,62,1.0,98.31858086585999
M-50-N-50-pa-0.05-pe-1.00690,LinearSearch With Preprocessing,45,48,74,1095,62,62,1.0,5.236419439315796
M-50-N-50-pa-0.05-pe-1.00690,LinearSearch With Reduced Qubits,45,48,74,1095,62,62,1.0,98.07339024543762
M-50-N-50-pa-0.05-pe-1.00690,LinearSearch With Preprocessing and Reduced Qubits,45,48,74,1095,62,62,1.0,5.270393133163452
M-50-N-50-pa-0.65-pe-1.00690,BinSearch,50,50,150,4451,1600,46,0.02875,13.416262149810791
M-50-N-50-pa-0.65-pe-1.00690,LinearSearch,50,50,321,10489,1600,1,0.000625,24.918302536010742
M-50-N-50-pa-0.65-pe-1.00690,LinearSearch With Preprocessing,50,50,321,10489,1600,1,0.000625,24.888184070587158
M-50-N-50-pa-0.65-pe-1.00690,LinearSearch With Reduced Qubits,50,50,150,4451,1600,73,0.045625,13.405269622802734
M-50-N-50-pa-0.65-pe-1.00690,LinearSearch With Preprocessing and Reduced Qubits,50,50,150,4451,1600,75,0.046875,13.406091451644897
M-50-N-50-pa-0.95-pe-1.00690,BinSearch,50,41,0,0,6,6,1.0,0.0015521049499511719
M-50-N-50-pa-0.95-pe-1.00690,LinearSearch,50,41,0,0,6,6,1.0,0.0013575553894042969
M-50-N-50-pa-0.95-pe-1.00690,LinearSearch With Preprocessing,50,41,0,0,6,6,1.0,0.0013167858123779297
M-50-N-50-pa-0.95-pe-1.00690,LinearSearch With Reduced Qubits,50,41,0,0,6,6,1.0,0.0013132095336914062
M-50-N-50-pa-0.95-pe-1.00690,LinearSearch With Preprocessing and Reduced Qubits,50,41,0,0,6,6,1.0,0.0013115406036376953
M-50-N-50-pa-0.35-pe-1.00690,BinSearch,50,50,150,3051,12,1,0.08333333333333333,13.864387512207031
M-50-N-50-pa-0.35-pe-1.00690,LinearSearch,50,50,287,5930,12,12,0.0,39.39943194389343
M-50-N-50-pa-0.35-pe-1.00690,LinearSearch With Preprocessing,50,50,287,5930,12,13,0.0,39.55470323562622
M-50-N-50-pa-0.35-pe-1.00690,LinearSearch With Reduced Qubits,50,50,150,3051,12,3,0.25,19.40215229988098
M-50-N-50-pa-0.35-pe-1.00690,LinearSearch With Preprocessing and Reduced Qubits,50,50,200,4039,12,12,0.0,27.516934871673584
M-50-N-10-pa-0.65-pe-1.00690,BinSearch,50,10,60,1553,334,332,0.9940119760479041,4.932240962982178
M-50-N-10-pa-0.65-pe-1.00690,LinearSearch,50,10,105,3163,334,286,0.8562874251497006,6.617371559143066
M-50-N-10-pa-0.65-pe-1.00690,LinearSearch With Preprocessing,50,10,105,3163,334,282,0.844311377245509,6.608695983886719
M-50-N-10-pa-0.65-pe-1.00690,LinearSearch With Reduced Qubits,50,10,60,1553,334,332,0.9940119760479041,4.908255577087402
M-50-N-10-pa-0.65-pe-1.00690,LinearSearch With Preprocessing and Reduced Qubits,50,10,60,1553,334,327,0.9790419161676647,4.9245946407318115
M-50-N-10-pa-0.25-pe-1.00690,BinSearch,47,10,67,1325,86,86,1.0,9.803332090377808
M-50-N-10-pa-0.25-pe-1.00690,LinearSearch,47,10,87,1609,86,86,1.0,10.581148386001587
M-50-N-10-pa-0.25-pe-1.00690,LinearSearch With Preprocessing,47,10,87,1609,86,86,1.0,10.535313367843628
M-50-N-10-pa-0.25-pe-1.00690,LinearSearch With Reduced Qubits,47,10,67,1325,86,86,1.0,9.77466630935669
M-50-N-10-pa-0.25-pe-1.00690,LinearSearch With Preprocessing and Reduced Qubits,47,10,67,1325,86,86,1.0,9.773324012756348
M-50-N-25-pa-0.45-pe-1.00690,BinSearch,50,25,100,2402,243,86,0.35390946502057613,11.112148761749268
M-50-N-25-pa-0.45-pe-1.00690,LinearSearch,50,25,175,4355,243,55,0.22633744855967078,39.69545817375183
M-50-N-25-pa-0.45-pe-1.00690,LinearSearch With Preprocessing,50,25,175,4355,243,73,0.3004115226337449,15.559629678726196
M-50-N-25-pa-0.45-pe-1.00690,LinearSearch With Reduced Qubits,50,25,100,2402,243,70,0.2880658436213992,11.184989929199219
M-50-N-25-pa-0.45-pe-1.00690,LinearSearch With Preprocessing and Reduced Qubits,50,25,100,2402,243,76,0.31275720164609055,11.133690118789673
M-50-N-5-pa-0.45-pe-1.00690,BinSearch,48,5,0,0,1,1,1.0,0.0003724098205566406
M-50-N-5-pa-0.45-pe-1.00690,LinearSearch,48,5,0,0,1,1,1.0,0.000255584716796875
M-50-N-5-pa-0.45-pe-1.00690,LinearSearch With Preprocessing,48,5,0,0,1,1,1.0,0.0002491474151611328
M-50-N-5-pa-0.45-pe-1.00690,LinearSearch With Reduced Qubits,48,5,0,0,1,1,1.0,0.0002567768096923828
M-50-N-5-pa-0.45-pe-1.00690,LinearSearch With Preprocessing and Reduced Qubits,48,5,0,0,1,1,1.0,0.00024700164794921875
M-50-N-5-pa-0.55-pe-1.00690,BinSearch,48,5,0,0,3,3,1.0,0.0002930164337158203
M-50-N-5-pa-0.55-pe-1.00690,LinearSearch,48,5,0,0,3,3,1.0,0.00026226043701171875
M-50-N-5-pa-0.55-pe-1.00690,LinearSearch With Preprocessing,48,5,0,0,3,3,1.0,0.0002598762512207031
M-50-N-5-pa-0.55-pe-1.00690,LinearSearch With Reduced Qubits,48,5,0,0,3,3,1.0,0.00025725364685058594
M-50-N-5-pa-0.55-pe-1.00690,LinearSearch With Preprocessing and Reduced Qubits,48,5,0,0,3,3,1.0,0.0002589225769042969
M-50-N-5-pa-0.35-pe-1.00690,BinSearch,44,5,0,0,1,1,1.0,0.00023603439331054688
M-50-N-5-pa-0.35-pe-1.00690,LinearSearch,44,5,0,0,1,1,1.0,0.0002300739288330078
M-50-N-5-pa-0.35-pe-1.00690,LinearSearch With Preprocessing,44,5,0,0,1,1,1.0,0.00022983551025390625
M-50-N-5-pa-0.35-pe-1.00690,LinearSearch With Reduced Qubits,44,5,0,0,1,1,1.0,0.0002315044403076172
M-50-N-5-pa-0.35-pe-1.00690,LinearSearch With Preprocessing and Reduced Qubits,44,5,0,0,1,1,1.0,0.0002295970916748047
M-50-N-25-pa-0.95-pe-1.00690,BinSearch,50,21,0,0,21,21,1.0,0.0008559226989746094
M-50-N-25-pa-0.95-pe-1.00690,LinearSearch,50,21,0,0,21,21,1.0,0.0008463859558105469
M-50-N-25-pa-0.95-pe-1.00690,LinearSearch With Preprocessing,50,21,0,0,21,21,1.0,0.0008051395416259766
M-50-N-25-pa-0.95-pe-1.00690,LinearSearch With Reduced Qubits,50,21,0,0,21,21,1.0,0.0008044242858886719
M-50-N-25-pa-0.95-pe-1.00690,LinearSearch With Preprocessing and Reduced Qubits,50,21,0,0,21,21,1.0,0.0008032321929931641
M-50-N-25-pa-0.25-pe-1.00690,BinSearch,50,25,100,1858,2,2,1.0,11.35997200012207
M-50-N-25-pa-0.25-pe-1.00690,LinearSearch,50,25,149,2613,2,2,1.0,19.901042461395264
M-50-N-25-pa-0.25-pe-1.00690,LinearSearch With Preprocessing,50,25,149,2613,2,2,1.0,13.355992317199707
M-50-N-25-pa-0.25-pe-1.00690,LinearSearch With Reduced Qubits,50,25,100,1858,2,2,1.0,16.414684772491455
M-50-N-25-pa-0.25-pe-1.00690,LinearSearch With Preprocessing and Reduced Qubits,50,25,100,1858,2,2,1.0,11.360566139221191
M-50-N-25-pa-0.75-pe-1.00690,BinSearch,50,25,75,2170,265,263,0.9924528301886792,5.364493370056152
M-50-N-25-pa-0.75-pe-1.00690,LinearSearch,50,25,199,7234,265,30,0.11320754716981132,9.474634408950806
M-50-N-25-pa-0.75-pe-1.00690,LinearSearch With Preprocessing,50,25,199,7234,265,30,0.11320754716981132,9.446945905685425
M-50-N-25-pa-0.75-pe-1.00690,LinearSearch With Reduced Qubits,50,25,75,2170,265,264,0.9962264150943396,5.362849712371826
M-50-N-25-pa-0.75-pe-1.00690,LinearSearch With Preprocessing and Reduced Qubits,50,25,75,2170,265,264,0.9962264150943396,5.349892854690552
M-50-N-50-pa-0.75-pe-1.00690,BinSearch,50,50,100,3086,32,32,1.0,6.067814111709595
M-50-N-50-pa-0.75-pe-1.00690,LinearSearch,50,50,347,13030,32,0,0.0,13.878867864608765
M-50-N-50-pa-0.75-pe-1.00690,LinearSearch With Preprocessing,50,50,347,13030,32,0,0.0,13.892160892486572
M-50-N-50-pa-0.75-pe-1.00690,LinearSearch With Reduced Qubits,50,50,100,3086,32,32,1.0,6.105813264846802
M-50-N-50-pa-0.75-pe-1.00690,LinearSearch With Preprocessing and Reduced Qubits,50,50,100,3086,32,32,1.0,6.08160924911499
M-50-N-10-pa-0.35-pe-1.00690,BinSearch,49,10,59,1346,2,2,1.0,4.869264602661133
M-50-N-10-pa-0.35-pe-1.00690,LinearSearch,49,10,94,2045,2,2,1.0,5.776287794113159
M-50-N-10-pa-0.35-pe-1.00690,LinearSearch With Preprocessing,49,10,94,2045,2,2,1.0,5.700321674346924
M-50-N-10-pa-0.35-pe-1.00690,LinearSearch With Reduced Qubits,49,10,59,1346,2,2,1.0,4.906899452209473
M-50-N-10-pa-0.35-pe-1.00690,LinearSearch With Preprocessing and Reduced Qubits,49,10,59,1346,2,2,1.0,4.861311912536621
M-50-N-5-pa-0.95-pe-1.00690,BinSearch,50,5,0,0,37,37,1.0,0.0004355907440185547
M-50-N-5-pa-0.95-pe-1.00690,LinearSearch,50,5,0,0,37,37,1.0,0.0003292560577392578
M-50-N-5-pa-0.95-pe-1.00690,LinearSearch With Preprocessing,50,5,0,0,37,37,1.0,0.00032067298889160156
M-50-N-5-pa-0.95-pe-1.00690,LinearSearch With Reduced Qubits,50,5,0,0,37,37,1.0,0.00035643577575683594
M-50-N-5-pa-0.95-pe-1.00690,LinearSearch With Preprocessing and Reduced Qubits,50,5,0,0,37,37,1.0,0.0003178119659423828
M-50-N-10-pa-0.45-pe-1.00690,BinSearch,50,10,60,1462,39,39,1.0,4.994513511657715
M-50-N-10-pa-0.45-pe-1.00690,LinearSearch,50,10,100,2510,39,39,1.0,5.991172790527344
M-50-N-10-pa-0.45-pe-1.00690,LinearSearch With Preprocessing,50,10,100,2510,39,39,1.0,6.038959980010986
M-50-N-10-pa-0.45-pe-1.00690,LinearSearch With Reduced Qubits,50,10,60,1462,39,39,1.0,4.9285888671875
M-50-N-10-pa-0.45-pe-1.00690,LinearSearch With Preprocessing and Reduced Qubits,50,10,60,1462,39,39,1.0,4.929991960525513
M-50-N-10-pa-0.95-pe-1.00690,BinSearch,50,9,0,0,34,34,1.0,0.0005261898040771484
M-50-N-10-pa-0.95-pe-1.00690,LinearSearch,50,9,0,0,34,34,1.0,0.0004088878631591797
M-50-N-10-pa-0.95-pe-1.00690,LinearSearch With Preprocessing,50,9,0,0,34,34,1.0,0.0003993511199951172
M-50-N-10-pa-0.95-pe-1.00690,LinearSearch With Reduced Qubits,50,9,0,0,34,34,1.0,0.0004010200500488281
M-50-N-10-pa-0.95-pe-1.00690,LinearSearch With Preprocessing and Reduced Qubits,50,9,0,0,34,34,1.0,0.00039958953857421875
M-50-N-50-pa-0.15-pe-1.00690,BinSearch,50,50,206,2603,185,22,0.11891891891891893,21.80130910873413
M-50-N-50-pa-0.15-pe-1.00690,LinearSearch,50,50,206,2603,185,22,0.11891891891891893,60.28530788421631
M-50-N-50-pa-0.15-pe-1.00690,LinearSearch With Preprocessing,50,50,206,2603,185,22,0.11891891891891893,38.41625738143921
M-50-N-50-pa-0.15-pe-1.00690,LinearSearch With Reduced Qubits,50,50,206,2603,185,17,0.0918918918918919,55.91804623603821
M-50-N-50-pa-0.15-pe-1.00690,LinearSearch With Preprocessing and Reduced Qubits,50,50,206,2603,185,18,0.0972972972972973,37.447720527648926
M-50-N-25-pa-0.85-pe-1.00690,BinSearch,50,25,0,0,3,3,1.0,0.0011522769927978516
M-50-N-25-pa-0.85-pe-1.00690,LinearSearch,50,25,0,0,3,3,1.0,0.0009899139404296875
M-50-N-25-pa-0.85-pe-1.00690,LinearSearch With Preprocessing,50,25,0,0,3,3,1.0,0.0027997493743896484
M-50-N-25-pa-0.85-pe-1.00690,LinearSearch With Reduced Qubits,50,25,0,0,3,3,1.0,0.0009799003601074219
M-50-N-25-pa-0.85-pe-1.00690,LinearSearch With Preprocessing and Reduced Qubits,50,25,0,0,3,3,1.0,0.0009827613830566406
M-50-N-5-pa-0.15-pe-1.00690,BinSearch,34,5,44,644,56,56,1.0,4.652508020401001
M-50-N-5-pa-0.15-pe-1.00690,LinearSearch,34,5,50,715,56,56,1.0,9.6487877368927
M-50-N-5-pa-0.15-pe-1.00690,LinearSearch With Preprocessing,34,5,50,715,56,56,1.0,4.5231287479400635
M-50-N-5-pa-0.15-pe-1.00690,LinearSearch With Reduced Qubits,34,5,44,644,56,56,1.0,8.796166181564331
M-50-N-5-pa-0.15-pe-1.00690,LinearSearch With Preprocessing and Reduced Qubits,34,5,44,644,56,56,1.0,4.454403638839722
M-50-N-25-pa-0.35-pe-1.00690,BinSearch,50,25,100,2152,2,2,1.0,11.086105823516846
M-50-N-25-pa-0.35-pe-1.00690,LinearSearch,50,25,167,3586,2,2,1.0,14.508999347686768
M-50-N-25-pa-0.35-pe-1.00690,LinearSearch With Preprocessing,50,25,167,3586,2,2,1.0,14.468104362487793
M-50-N-25-pa-0.35-pe-1.00690,LinearSearch With Reduced Qubits,50,25,100,2152,2,2,1.0,11.048498630523682
M-50-N-25-pa-0.35-pe-1.00690,LinearSearch With Preprocessing and Reduced Qubits,50,25,100,2152,2,2,1.0,10.978277683258057
M-50-N-25-pa-0.15-pe-1.00690,BinSearch,50,25,118,1817,169,151,0.893491124260355,11.780589818954468
M-50-N-25-pa-0.15-pe-1.00690,LinearSearch,50,25,127,1937,169,150,0.8875739644970414,35.565633058547974
M-50-N-25-pa-0.15-pe-1.00690,LinearSearch With Preprocessing,50,25,127,1937,169,138,0.8165680473372781,18.0065860748291
M-50-N-25-pa-0.15-pe-1.00690,LinearSearch With Reduced Qubits,50,25,118,1817,169,150,0.8875739644970414,33.48137307167053
M-50-N-25-pa-0.15-pe-1.00690,LinearSearch With Preprocessing and Reduced Qubits,50,25,118,1817,169,144,0.8520710059171598,17.551580905914307
M-50-N-10-pa-0.75-pe-1.00690,BinSearch,50,10,0,0,5,5,1.0,0.00079345703125
M-50-N-10-pa-0.75-pe-1.00690,LinearSearch,50,10,0,0,5,5,1.0,0.000457763671875
M-50-N-10-pa-0.75-pe-1.00690,LinearSearch With Preprocessing,50,10,0,0,5,5,1.0,0.0004570484161376953
M-50-N-10-pa-0.75-pe-1.00690,LinearSearch With Reduced Qubits,50,10,0,0,5,5,1.0,0.00045418739318847656
M-50-N-10-pa-0.75-pe-1.00690,LinearSearch With Preprocessing and Reduced Qubits,50,10,0,0,5,5,1.0,0.00045180320739746094
M-50-N-5-pa-0.75-pe-1.00690,BinSearch,50,5,0,0,8,8,1.0,0.00029277801513671875
M-50-N-5-pa-0.75-pe-1.00690,LinearSearch,50,5,0,0,8,8,1.0,0.00027632713317871094
M-50-N-5-pa-0.75-pe-1.00690,LinearSearch With Preprocessing,50,5,0,0,8,8,1.0,0.0002810955047607422
M-50-N-5-pa-0.75-pe-1.00690,LinearSearch With Reduced Qubits,50,5,0,0,8,8,1.0,0.00027871131896972656
M-50-N-5-pa-0.75-pe-1.00690,LinearSearch With Preprocessing and Reduced Qubits,50,5,0,0,8,8,1.0,0.000278472900390625
M-50-N-25-pa-0.65-pe-1.00690,BinSearch,50,25,75,2022,29,29,1.0,5.2750937938690186
M-50-N-25-pa-0.65-pe-1.00690,LinearSearch,50,25,186,5905,29,11,0.3793103448275862,8.889773845672607
M-50-N-25-pa-0.65-pe-1.00690,LinearSearch With Preprocessing,50,25,186,5905,29,10,0.3448275862068966,8.882302045822144
M-50-N-25-pa-0.65-pe-1.00690,LinearSearch With Reduced Qubits,50,25,75,2022,29,29,1.0,5.264571666717529
M-50-N-25-pa-0.65-pe-1.00690,LinearSearch With Preprocessing and Reduced Qubits,50,25,75,2022,29,29,1.0,5.272800922393799
M-50-N-10-pa-0.15-pe-1.00690,BinSearch,39,10,59,889,27,27,1.0,9.412058591842651
M-50-N-10-pa-0.15-pe-1.00690,LinearSearch,39,10,70,1006,27,27,1.0,14.627272844314575
M-50-N-10-pa-0.15-pe-1.00690,LinearSearch With Preprocessing,39,10,70,1006,27,27,1.0,9.780288457870483
M-50-N-10-pa-0.15-pe-1.00690,LinearSearch With Reduced Qubits,39,10,59,889,27,27,1.0,13.95945405960083
M-50-N-10-pa-0.15-pe-1.00690,LinearSearch With Preprocessing and Reduced Qubits,39,10,59,889,27,27,1.0,9.382410287857056
M-50-N-10-pa-0.85-pe-1.00690,BinSearch,50,10,0,0,3,3,1.0,0.0006015300750732422
M-50-N-10-pa-0.85-pe-1.00690,LinearSearch,50,10,0,0,3,3,1.0,0.00046062469482421875
M-50-N-10-pa-0.85-pe-1.00690,LinearSearch With Preprocessing,50,10,0,0,3,3,1.0,0.00045561790466308594
M-50-N-10-pa-0.85-pe-1.00690,LinearSearch With Reduced Qubits,50,10,0,0,3,3,1.0,0.00046062469482421875
M-50-N-10-pa-0.85-pe-1.00690,LinearSearch With Preprocessing and Reduced Qubits,50,10,0,0,3,3,1.0,0.0004544258117675781
M-50-N-50-pa-0.45-pe-1.00690,BinSearch,50,50,150,3555,2,1,0.5,12.806337833404541
M-50-N-50-pa-0.45-pe-1.00690,LinearSearch,50,50,300,7425,2,9,0.0,32.0542733669281
M-50-N-50-pa-0.45-pe-1.00690,LinearSearch With Preprocessing,50,50,300,7425,2,7,0.0,32.135244607925415
M-50-N-50-pa-0.45-pe-1.00690,LinearSearch With Reduced Qubits,50,50,150,3555,2,71,0.0,19.9954731464386
M-50-N-50-pa-0.45-pe-1.00690,LinearSearch With Preprocessing and Reduced Qubits,50,50,150,3555,2,62,0.0,19.92066717147827
