problem_id,algorithm,universe_size,num_test_cases,activation_probability,topology,topology_size,target_cardinality,iteration,stage,embedding_success,mean_runtime_seconds,mean_num_physical_qubits,mean_chain_length,max_chain_length,attempts_per_submission,raw_attempt_rows
M-10-N-10-pa-0.05-pe-1.00,BinSearch,5,6,0.05,pegasus,16,5,,,1.0,0.04214351270929907,6.0,1.2,2.0,10,10
M-10-N-10-pa-0.05-pe-1.00,LinearSearch,5,6,0.05,pegasus,16,2,,,1.0,0.04223826319212089,6.0,1.2,2.0,10,10
M-10-N-10-pa-0.05-pe-1.00,LinearSearch,5,6,0.05,pegasus,16,3,,,1.0,0.04201965839602049,6.0,1.2,2.0,10,10
M-10-N-10-pa-0.05-pe-1.00,LinearSearch,5,6,0.05,pegasus,16,4,,,1.0,0.042164676694665074,6.0,1.2,2.0,10,10
M-10-N-10-pa-0.05-pe-1.00,LinearSearch,5,6,0.05,pegasus,16,5,,,1.0,0.0421242149022873,6.0,1.2,2.0,10,10
M-10-N-10-pa-0.05-pe-1.00,LinearSearch With Preprocessing,5,6,0.05,pegasus,16,5,,,1.0,0.042298849218059285,6.0,1.2,2.0,10,10
M-10-N-10-pa-0.05-pe-1.00,LinearSearch With Preprocessing and Reduced Qubits,5,6,0.05,pegasus,16,5,,,1.0,0.04223908329731779,6.0,1.2,2.0,10,10
M-10-N-10-pa-0.05-pe-1.00,LinearSearch With Reduced Qubits,5,6,0.05,pegasus,16,2,,,1.0,0.04229527100687843,6.0,1.2,2.0,10,10
M-10-N-10-pa-0.05-pe-1.00,LinearSearch With Reduced Qubits,5,6,0.05,pegasus,16,3,,,1.0,0.042146407708059955,6.0,1.2,2.0,10,10
M-10-N-10-pa-0.05-pe-1.00,LinearSearch With Reduced Qubits,5,6,0.05,pegasus,16,4,,,1.0,0.04188139848993155,6.0,1.2,2.0,10,10
M-10-N-10-pa-0.05-pe-1.00,LinearSearch With Reduced Qubits,5,6,0.05,pegasus,16,5,,,1.0,0.04216293799108819,6.0,1.2,2.0,10,10
M-10-N-10-pa-0.15-pe-1.00,BinSearch,10,9,0.15,pegasus,16,4,,,1.0,0.1321702707908116,24.1,1.6066666666666667,2.7,10,10
M-10-N-10-pa-0.15-pe-1.00,BinSearch,10,9,0.15,pegasus,16,5,,,1.0,0.1326401226047892,24.1,1.6066666666666667,2.7,10,10
M-10-N-10-pa-0.15-pe-1.00,LinearSearch,10,9,0.15,pegasus,16,2,,,1.0,0.13159114980371667,24.1,1.6066666666666667,2.7,10,10
M-10-N-10-pa-0.15-pe-1.00,LinearSearch,10,9,0.15,pegasus,16,3,,,1.0,0.13306132839643392,24.1,1.6066666666666667,2.7,10,10
M-10-N-10-pa-0.15-pe-1.00,LinearSearch,10,9,0.15,pegasus,16,4,,,1.0,0.131456980103394,24.1,1.6066666666666667,2.7,10,10
M-10-N-10-pa-0.15-pe-1.00,LinearSearch,10,9,0.15,pegasus,16,5,,,1.0,0.13071754410048012,24.1,1.6066666666666667,2.7,10,10
M-10-N-10-pa-0.15-pe-1.00,LinearSearch With Preprocessing,10,9,0.15,pegasus,16,4,,,1.0,0.13095549720455887,24.1,1.6066666666666667,2.7,10,10
M-10-N-10-pa-0.15-pe-1.00,LinearSearch With Preprocessing,10,9,0.15,pegasus,16,5,,,1.0,0.130632422392955,24.1,1.6066666666666667,2.7,10,10
M-10-N-10-pa-0.15-pe-1.00,LinearSearch With Preprocessing and Reduced Qubits,10,9,0.15,pegasus,16,4,,,1.0,0.13189837920363057,24.1,1.6066666666666667,2.7,10,10
M-10-N-10-pa-0.15-pe-1.00,LinearSearch With Preprocessing and Reduced Qubits,10,9,0.15,pegasus,16,5,,,1.0,0.13276646211161275,24.1,1.6066666666666667,2.7,10,10
M-10-N-10-pa-0.15-pe-1.00,LinearSearch With Reduced Qubits,10,9,0.15,pegasus,16,2,,,1.0,0.12115470691351216,22.1,1.5785714285714285,2.6,10,10
M-10-N-10-pa-0.15-pe-1.00,LinearSearch With Reduced Qubits,10,9,0.15,pegasus,16,3,,,1.0,0.12917267000884744,24.1,1.6066666666666667,2.7,10,10
M-10-N-10-pa-0.15-pe-1.00,LinearSearch With Reduced Qubits,10,9,0.15,pegasus,16,4,,,1.0,0.1334738981968257,24.1,1.6066666666666667,2.7,10,10
M-10-N-10-pa-0.15-pe-1.00,LinearSearch With Reduced Qubits,10,9,0.15,pegasus,16,5,,,1.0,0.13188875399646344,24.1,1.6066666666666667,2.7,10,10
M-10-N-10-pa-0.25-pe-1.00,BinSearch,9,10,0.25,pegasus,16,5,,,1.0,0.11931154710473488,19.8,1.523076923076923,2.5,10,10
M-10-N-10-pa-0.25-pe-1.00,LinearSearch,9,10,0.25,pegasus,16,2,,,1.0,0.11927302340045569,19.8,1.523076923076923,2.5,10,10
M-10-N-10-pa-0.25-pe-1.00,LinearSearch,9,10,0.25,pegasus,16,3,,,1.0,0.11917712630238379,19.8,1.523076923076923,2.5,10,10
M-10-N-10-pa-0.25-pe-1.00,LinearSearch,9,10,0.25,pegasus,16,4,,,1.0,0.11914968069759194,19.8,1.523076923076923,2.5,10,10
M-10-N-10-pa-0.25-pe-1.00,LinearSearch,9,10,0.25,pegasus,16,5,,,1.0,0.1192490680085029,19.8,1.523076923076923,2.5,10,10
M-10-N-10-pa-0.25-pe-1.00,LinearSearch With Preprocessing,9,10,0.25,pegasus,16,5,,,1.0,0.11890714600449426,19.8,1.523076923076923,2.5,10,10
M-10-N-10-pa-0.25-pe-1.00,LinearSearch With Preprocessing and Reduced Qubits,9,10,0.25,pegasus,16,5,,,1.0,0.11911560617736536,19.8,1.523076923076923,2.5,10,10
M-10-N-10-pa-0.25-pe-1.00,LinearSearch With Reduced Qubits,9,10,0.25,pegasus,16,2,,,1.0,0.10147313697962086,18.4,1.5333333333333334,2.2,10,10
M-10-N-10-pa-0.25-pe-1.00,LinearSearch With Reduced Qubits,9,10,0.25,pegasus,16,3,,,1.0,0.11885326639749105,19.8,1.523076923076923,2.5,10,10
M-10-N-10-pa-0.25-pe-1.00,LinearSearch With Reduced Qubits,9,10,0.25,pegasus,16,4,,,1.0,0.11911591588286678,19.8,1.523076923076923,2.5,10,10
M-10-N-10-pa-0.25-pe-1.00,LinearSearch With Reduced Qubits,9,10,0.25,pegasus,16,5,,,1.0,0.11903238710365253,19.8,1.523076923076923,2.5,10,10
M-10-N-10-pa-0.35-pe-1.00,BinSearch,10,10,0.35,pegasus,16,3,,,1.0,0.21683461539796553,32.6,1.7157894736842105,3.1,10,10
M-10-N-10-pa-0.35-pe-1.00,LinearSearch,10,10,0.35,pegasus,16,2,,,1.0,0.21661071870476004,32.6,1.7157894736842105,3.1,10,10
M-10-N-10-pa-0.35-pe-1.00,LinearSearch,10,10,0.35,pegasus,16,3,,,1.0,0.21696673900005403,32.6,1.7157894736842105,3.1,10,10
M-10-N-10-pa-0.35-pe-1.00,LinearSearch With Preprocessing,10,10,0.35,pegasus,16,3,,,1.0,0.21654123979969878,32.6,1.7157894736842105,3.1,10,10
M-10-N-10-pa-0.35-pe-1.00,LinearSearch With Preprocessing and Reduced Qubits,10,10,0.35,pegasus,16,3,,,1.0,0.21707076921011317,32.6,1.7157894736842105,3.1,10,10
M-10-N-10-pa-0.35-pe-1.00,LinearSearch With Reduced Qubits,10,10,0.35,pegasus,16,2,,,1.0,0.16198019979638043,26.4,1.7600000000000002,2.8,10,10
M-10-N-10-pa-0.35-pe-1.00,LinearSearch With Reduced Qubits,10,10,0.35,pegasus,16,3,,,1.0,0.21701277039828706,32.6,1.7157894736842105,3.1,10,10
M-10-N-10-pa-0.45-pe-1.00,BinSearch,10,10,0.45,pegasus,16,2,,,1.0,0.20212106110411693,31.1,1.8294117647058823,2.9,10,10
M-10-N-10-pa-0.45-pe-1.00,BinSearch,10,10,0.45,pegasus,16,3,,,1.0,0.3241544775024522,43.7,1.8208333333333333,3.5,10,10
M-10-N-10-pa-0.45-pe-1.00,LinearSearch,10,10,0.45,pegasus,16,2,,,1.0,0.40723935969290326,49.5,1.903846153846154,3.4,10,10
M-10-N-10-pa-0.45-pe-1.00,LinearSearch,10,10,0.45,pegasus,16,3,,,1.0,0.4108073838055134,49.5,1.903846153846154,3.4,10,10
M-10-N-10-pa-0.45-pe-1.00,LinearSearch With Preprocessing,10,10,0.45,pegasus,16,2,,,1.0,0.40918560260906817,49.5,1.903846153846154,3.4,10,10
M-10-N-10-pa-0.45-pe-1.00,LinearSearch With Preprocessing,10,10,0.45,pegasus,16,3,,,1.0,0.40779028309625576,49.5,1.903846153846154,3.4,10,10
M-10-N-10-pa-0.45-pe-1.00,LinearSearch With Preprocessing and Reduced Qubits,10,10,0.45,pegasus,16,2,,,1.0,0.20213387259864243,31.1,1.8294117647058823,2.9,10,10
M-10-N-10-pa-0.45-pe-1.00,LinearSearch With Preprocessing and Reduced Qubits,10,10,0.45,pegasus,16,3,,,1.0,0.32403904510429127,43.7,1.8208333333333333,3.5,10,10
M-10-N-10-pa-0.45-pe-1.00,LinearSearch With Reduced Qubits,10,10,0.45,pegasus,16,2,,,1.0,0.2023519383918028,31.1,1.8294117647058823,2.9,10,10
M-10-N-10-pa-0.45-pe-1.00,LinearSearch With Reduced Qubits,10,10,0.45,pegasus,16,3,,,1.0,0.32487436559749766,43.7,1.8208333333333333,3.5,10,10
M-10-N-10-pa-0.55-pe-1.00,BinSearch,10,10,0.55,pegasus,16,2,,,1.0,0.2885858212946914,37.3,1.9631578947368422,3.1,10,10
M-10-N-10-pa-0.55-pe-1.00,BinSearch,10,10,0.55,pegasus,16,3,,,1.0,0.4852128845988773,55.8,2.0666666666666664,4.0,10,10
M-10-N-10-pa-0.55-pe-1.00,LinearSearch,10,10,0.55,pegasus,16,2,,,1.0,1.0168294543051162,77.6,2.3515151515151516,4.9,10,10
M-10-N-10-pa-0.55-pe-1.00,LinearSearch,10,10,0.55,pegasus,16,3,,,1.0,1.0185861250036397,77.6,2.3515151515151516,4.9,10,10
M-10-N-10-pa-0.55-pe-1.00,LinearSearch With Preprocessing,10,10,0.55,pegasus,16,2,,,1.0,1.018062621995341,77.6,2.3515151515151516,4.9,10,10
M-10-N-10-pa-0.55-pe-1.00,LinearSearch With Preprocessing,10,10,0.55,pegasus,16,3,,,1.0,1.0173319196037482,77.6,2.3515151515151516,4.9,10,10
M-10-N-10-pa-0.55-pe-1.00,LinearSearch With Preprocessing and Reduced Qubits,10,10,0.55,pegasus,16,2,,,1.0,0.2888555340992752,37.3,1.9631578947368422,3.1,10,10
M-10-N-10-pa-0.55-pe-1.00,LinearSearch With Preprocessing and Reduced Qubits,10,10,0.55,pegasus,16,3,,,1.0,0.48606209391145966,55.8,2.0666666666666664,4.0,10,10
M-10-N-10-pa-0.55-pe-1.00,LinearSearch With Reduced Qubits,10,10,0.55,pegasus,16,2,,,1.0,0.2887208750005811,37.3,1.9631578947368422,3.1,10,10
M-10-N-10-pa-0.55-pe-1.00,LinearSearch With Reduced Qubits,10,10,0.55,pegasus,16,3,,,1.0,0.4855589694983792,55.8,2.0666666666666664,4.0,10,10
M-10-N-10-pa-0.65-pe-1.00,BinSearch,10,10,0.65,pegasus,16,2,,,1.0,0.23815312450169582,33.0,1.941176470588235,2.9,10,10
M-10-N-10-pa-0.65-pe-1.00,LinearSearch,10,10,0.65,pegasus,16,2,,,1.0,0.7648539468063973,62.4,2.2285714285714286,4.2,10,10
M-10-N-10-pa-0.65-pe-1.00,LinearSearch With Preprocessing,10,10,0.65,pegasus,16,2,,,1.0,0.7479200268047862,62.4,2.2285714285714286,4.2,10,10
M-10-N-10-pa-0.65-pe-1.00,LinearSearch With Preprocessing and Reduced Qubits,10,10,0.65,pegasus,16,2,,,1.0,0.23807099799741988,33.0,1.941176470588235,2.9,10,10
M-10-N-10-pa-0.65-pe-1.00,LinearSearch With Reduced Qubits,10,10,0.65,pegasus,16,2,,,1.0,0.23773978750105013,33.0,1.941176470588235,2.9,10,10
M-10-N-10-pa-0.75-pe-1.00,BinSearch,10,10,0.75,pegasus,16,2,,,1.0,0.31089975698851047,36.1,2.1235294117647054,3.1,10,10
M-10-N-10-pa-0.75-pe-1.00,LinearSearch,10,10,0.75,pegasus,16,2,,,1.0,1.2601246864825952,79.7,2.5709677419354837,4.2,10,10
M-10-N-10-pa-0.75-pe-1.00,LinearSearch With Preprocessing,10,10,0.75,pegasus,16,2,,,1.0,1.261451320204651,79.7,2.5709677419354837,4.2,10,10
M-10-N-10-pa-0.75-pe-1.00,LinearSearch With Preprocessing and Reduced Qubits,10,10,0.75,pegasus,16,2,,,1.0,0.31331824870430863,36.1,2.1235294117647054,3.1,10,10
M-10-N-10-pa-0.75-pe-1.00,LinearSearch With Reduced Qubits,10,10,0.75,pegasus,16,2,,,1.0,0.31076412830152544,36.1,2.1235294117647054,3.1,10,10
M-10-N-25-pa-0.05-pe-1.00,BinSearch,9,11,0.05,pegasus,16,9,,,1.0,0.08001165859168391,14.1,1.5666666666666669,2.1,10,10
M-10-N-25-pa-0.05-pe-1.00,LinearSearch,9,11,0.05,pegasus,16,2,,,1.0,0.07996169719262976,14.1,1.5666666666666669,2.1,10,10
M-10-N-25-pa-0.05-pe-1.00,LinearSearch,9,11,0.05,pegasus,16,3,,,1.0,0.07672965360106895,14.1,1.5666666666666669,2.1,10,10
M-10-N-25-pa-0.05-pe-1.00,LinearSearch,9,11,0.05,pegasus,16,4,,,1.0,0.07980844439007337,14.1,1.5666666666666669,2.1,10,10
M-10-N-25-pa-0.05-pe-1.00,LinearSearch,9,11,0.05,pegasus,16,5,,,1.0,0.08000145019032058,14.1,1.5666666666666669,2.1,10,10
M-10-N-25-pa-0.05-pe-1.00,LinearSearch,9,11,0.05,pegasus,16,6,,,1.0,0.07774105539428999,14.1,1.5666666666666669,2.1,10,10
M-10-N-25-pa-0.05-pe-1.00,LinearSearch,9,11,0.05,pegasus,16,7,,,1.0,0.07854711999534623,14.1,1.5666666666666669,2.1,10,10
M-10-N-25-pa-0.05-pe-1.00,LinearSearch,9,11,0.05,pegasus,16,8,,,1.0,0.0788591089949477,14.1,1.5666666666666669,2.1,10,10
M-10-N-25-pa-0.05-pe-1.00,LinearSearch,9,11,0.05,pegasus,16,9,,,1.0,0.0797253946017008,14.1,1.5666666666666669,2.1,10,10
M-10-N-25-pa-0.05-pe-1.00,LinearSearch With Preprocessing,9,11,0.05,pegasus,16,9,,,1.0,0.07943313571740869,14.1,1.5666666666666669,2.1,10,10
M-10-N-25-pa-0.05-pe-1.00,LinearSearch With Preprocessing and Reduced Qubits,9,11,0.05,pegasus,16,9,,,1.0,0.08140257518971333,14.1,1.5666666666666669,2.1,10,10
M-10-N-25-pa-0.05-pe-1.00,LinearSearch With Reduced Qubits,9,11,0.05,pegasus,16,2,,,1.0,0.07853200229583304,14.1,1.5666666666666669,2.1,10,10
M-10-N-25-pa-0.05-pe-1.00,LinearSearch With Reduced Qubits,9,11,0.05,pegasus,16,3,,,1.0,0.07641530118416992,14.1,1.5666666666666669,2.1,10,10
M-10-N-25-pa-0.05-pe-1.00,LinearSearch With Reduced Qubits,9,11,0.05,pegasus,16,4,,,1.0,0.07721396802226076,14.1,1.5666666666666669,2.1,10,10
M-10-N-25-pa-0.05-pe-1.00,LinearSearch With Reduced Qubits,9,11,0.05,pegasus,16,5,,,1.0,0.08004991739871908,14.1,1.5666666666666669,2.1,10,10
M-10-N-25-pa-0.05-pe-1.00,LinearSearch With Reduced Qubits,9,11,0.05,pegasus,16,6,,,1.0,0.08026382890529928,14.1,1.5666666666666669,2.1,10,10
M-10-N-25-pa-0.05-pe-1.00,LinearSearch With Reduced Qubits,9,11,0.05,pegasus,16,7,,,1.0,0.0768885229947045,14.1,1.5666666666666669,2.1,10,10
M-10-N-25-pa-0.05-pe-1.00,LinearSearch With Reduced Qubits,9,11,0.05,pegasus,16,8,,,1.0,0.0804094321094453,14.1,1.5666666666666669,2.1,10,10
M-10-N-25-pa-0.05-pe-1.00,LinearSearch With Reduced Qubits,9,11,0.05,pegasus,16,9,,,1.0,0.07920403630705548,14.1,1.5666666666666669,2.1,10,10
M-10-N-25-pa-0.15-pe-1.00,BinSearch,10,21,0.15,pegasus,16,7,,,1.0,0.10951677239499982,21.0,1.6153846153846154,2.5,10,10
M-10-N-25-pa-0.15-pe-1.00,LinearSearch,10,21,0.15,pegasus,16,2,,,1.0,0.11010492049972523,21.0,1.6153846153846154,2.5,10,10
M-10-N-25-pa-0.15-pe-1.00,LinearSearch,10,21,0.15,pegasus,16,3,,,1.0,0.10982908970327114,21.0,1.6153846153846154,2.5,10,10
M-10-N-25-pa-0.15-pe-1.00,LinearSearch,10,21,0.15,pegasus,16,4,,,1.0,0.10968585689552124,21.0,1.6153846153846154,2.5,10,10
M-10-N-25-pa-0.15-pe-1.00,LinearSearch,10,21,0.15,pegasus,16,5,,,1.0,0.10959669229923744,21.0,1.6153846153846154,2.5,10,10
M-10-N-25-pa-0.15-pe-1.00,LinearSearch,10,21,0.15,pegasus,16,6,,,1.0,0.10953891789540644,21.0,1.6153846153846154,2.5,10,10
M-10-N-25-pa-0.15-pe-1.00,LinearSearch,10,21,0.15,pegasus,16,7,,,1.0,0.1095939699967857,21.0,1.6153846153846154,2.5,10,10
M-10-N-25-pa-0.15-pe-1.00,LinearSearch With Preprocessing,10,21,0.15,pegasus,16,7,,,1.0,0.10984375849366183,21.0,1.6153846153846154,2.5,10,10
M-10-N-25-pa-0.15-pe-1.00,LinearSearch With Preprocessing and Reduced Qubits,10,21,0.15,pegasus,16,7,,,1.0,0.10932860270258966,21.0,1.6153846153846154,2.5,10,10
M-10-N-25-pa-0.15-pe-1.00,LinearSearch With Reduced Qubits,10,21,0.15,pegasus,16,2,,,1.0,0.10962082169135097,21.0,1.6153846153846154,2.5,10,10
M-10-N-25-pa-0.15-pe-1.00,LinearSearch With Reduced Qubits,10,21,0.15,pegasus,16,3,,,1.0,0.10930372890434223,21.0,1.6153846153846154,2.5,10,10
M-10-N-25-pa-0.15-pe-1.00,LinearSearch With Reduced Qubits,10,21,0.15,pegasus,16,4,,,1.0,0.1101319658046122,21.0,1.6153846153846154,2.5,10,10
M-10-N-25-pa-0.15-pe-1.00,LinearSearch With Reduced Qubits,10,21,0.15,pegasus,16,5,,,1.0,0.10944628500146787,21.0,1.6153846153846154,2.5,10,10
M-10-N-25-pa-0.15-pe-1.00,LinearSearch With Reduced Qubits,10,21,0.15,pegasus,16,6,,,1.0,0.10974187140236605,21.0,1.6153846153846154,2.5,10,10
M-10-N-25-pa-0.15-pe-1.00,LinearSearch With Reduced Qubits,10,21,0.15,pegasus,16,7,,,1.0,0.10945879688952112,21.0,1.6153846153846154,2.5,10,10
M-10-N-25-pa-0.25-pe-1.00,BinSearch,10,24,0.25,pegasus,16,6,,,1.0,0.11884169999975706,21.3,1.6384615384615384,2.5,10,10
M-10-N-25-pa-0.25-pe-1.00,LinearSearch,10,24,0.25,pegasus,16,2,,,1.0,0.1202084836841095,21.3,1.6384615384615384,2.5,10,10
M-10-N-25-pa-0.25-pe-1.00,LinearSearch,10,24,0.25,pegasus,16,3,,,1.0,0.11991627690149469,21.3,1.6384615384615384,2.5,10,10
M-10-N-25-pa-0.25-pe-1.00,LinearSearch,10,24,0.25,pegasus,16,4,,,1.0,0.11708078060182736,21.3,1.6384615384615384,2.5,10,10
M-10-N-25-pa-0.25-pe-1.00,LinearSearch,10,24,0.25,pegasus,16,5,,,1.0,0.11737608839175659,21.3,1.6384615384615384,2.5,10,10
M-10-N-25-pa-0.25-pe-1.00,LinearSearch,10,24,0.25,pegasus,16,6,,,1.0,0.11760327990632502,21.3,1.6384615384615384,2.5,10,10
M-10-N-25-pa-0.25-pe-1.00,LinearSearch With Preprocessing,10,24,0.25,pegasus,16,6,,,1.0,0.11710944250808093,21.3,1.6384615384615384,2.5,10,10
M-10-N-25-pa-0.25-pe-1.00,LinearSearch With Preprocessing and Reduced Qubits,10,24,0.25,pegasus,16,6,,,1.0,0.1172832071082666,21.3,1.6384615384615384,2.5,10,10
M-10-N-25-pa-0.25-pe-1.00,LinearSearch With Reduced Qubits,10,24,0.25,pegasus,16,2,,,1.0,0.1173599121975712,21.3,1.6384615384615384,2.5,10,10
M-10-N-25-pa-0.25-pe-1.00,LinearSearch With Reduced Qubits,10,24,0.25,pegasus,16,3,,,1.0,0.11700090098893264,21.3,1.6384615384615384,2.5,10,10
M-10-N-25-pa-0.25-pe-1.00,LinearSearch With Reduced Qubits,10,24,0.25,pegasus,16,4,,,1.0,0.11731637259945268,21.3,1.6384615384615384,2.5,10,10
M-10-N-25-pa-0.25-pe-1.00,LinearSearch With Reduced Qubits,10,24,0.25,pegasus,16,5,,,1.0,0.11688244050601493,21.3,1.6384615384615384,2.5,10,10
M-10-N-25-pa-0.25-pe-1.00,LinearSearch With Reduced Qubits,10,24,0.25,pegasus,16,6,,,1.0,0.11703427340835329,21.3,1.6384615384615384,2.5,10,10
M-10-N-25-pa-0.35-pe-1.00,BinSearch,10,25,0.35,pegasus,16,6,,,1.0,0.11666822950355704,19.9,1.6583333333333332,2.5,10,10
M-10-N-25-pa-0.35-pe-1.00,LinearSearch,10,25,0.35,pegasus,16,2,,,1.0,0.11646693460061211,19.9,1.6583333333333332,2.5,10,10
M-10-N-25-pa-0.35-pe-1.00,LinearSearch,10,25,0.35,pegasus,16,3,,,1.0,0.11609382349997754,19.9,1.6583333333333332,2.5,10,10
M-10-N-25-pa-0.35-pe-1.00,LinearSearch,10,25,0.35,pegasus,16,4,,,1.0,0.11615042849443849,19.9,1.6583333333333332,2.5,10,10
M-10-N-25-pa-0.35-pe-1.00,LinearSearch,10,25,0.35,pegasus,16,5,,,1.0,0.11628988881129768,19.9,1.6583333333333332,2.5,10,10
M-10-N-25-pa-0.35-pe-1.00,LinearSearch,10,25,0.35,pegasus,16,6,,,1.0,0.11634270381182428,19.9,1.6583333333333332,2.5,10,10
M-10-N-25-pa-0.35-pe-1.00,LinearSearch With Preprocessing,10,25,0.35,pegasus,16,6,,,1.0,0.11618547380785456,19.9,1.6583333333333332,2.5,10,10
M-10-N-25-pa-0.35-pe-1.00,LinearSearch With Preprocessing and Reduced Qubits,10,25,0.35,pegasus,16,6,,,1.0,0.11621142068761399,19.9,1.6583333333333332,2.5,10,10
M-10-N-25-pa-0.35-pe-1.00,LinearSearch With Reduced Qubits,10,25,0.35,pegasus,16,2,,,1.0,0.1079867923923302,19.2,1.7454545454545454,2.1,10,10
M-10-N-25-pa-0.35-pe-1.00,LinearSearch With Reduced Qubits,10,25,0.35,pegasus,16,3,,,1.0,0.11595201580203134,19.9,1.6583333333333332,2.5,10,10
M-10-N-25-pa-0.35-pe-1.00,LinearSearch With Reduced Qubits,10,25,0.35,pegasus,16,4,,,1.0,0.11638993899105113,19.9,1.6583333333333332,2.5,10,10
M-10-N-25-pa-0.35-pe-1.00,LinearSearch With Reduced Qubits,10,25,0.35,pegasus,16,5,,,1.0,0.11624032408581111,19.9,1.6583333333333332,2.5,10,10
M-10-N-25-pa-0.35-pe-1.00,LinearSearch With Reduced Qubits,10,25,0.35,pegasus,16,6,,,1.0,0.11606556820333931,19.9,1.6583333333333332,2.5,10,10
M-10-N-25-pa-0.45-pe-1.00,BinSearch,10,25,0.45,pegasus,16,3,,,1.0,0.4517123636091128,49.5,1.7678571428571428,3.4,10,10
M-10-N-25-pa-0.45-pe-1.00,BinSearch,10,25,0.45,pegasus,16,4,,,1.0,0.4527583258983213,49.5,1.7678571428571428,3.4,10,10
M-10-N-25-pa-0.45-pe-1.00,LinearSearch,10,25,0.45,pegasus,16,2,,,1.0,0.4337126126862131,55.1,1.8366666666666667,3.7,10,10
M-10-N-25-pa-0.45-pe-1.00,LinearSearch,10,25,0.45,pegasus,16,3,,,1.0,0.4324942044913769,55.1,1.8366666666666667,3.7,10,10
M-10-N-25-pa-0.45-pe-1.00,LinearSearch,10,25,0.45,pegasus,16,4,,,1.0,0.43339500059955754,55.1,1.8366666666666667,3.7,10,10
M-10-N-25-pa-0.45-pe-1.00,LinearSearch With Preprocessing,10,25,0.45,pegasus,16,3,,,1.0,0.43259020721307023,55.1,1.8366666666666667,3.7,10,10
M-10-N-25-pa-0.45-pe-1.00,LinearSearch With Preprocessing,10,25,0.45,pegasus,16,4,,,1.0,0.4330357731785625,55.1,1.8366666666666667,3.7,10,10
M-10-N-25-pa-0.45-pe-1.00,LinearSearch With Preprocessing and Reduced Qubits,10,25,0.45,pegasus,16,3,,,1.0,0.4541880822798703,49.5,1.7678571428571428,3.4,10,10
M-10-N-25-pa-0.45-pe-1.00,LinearSearch With Preprocessing and Reduced Qubits,10,25,0.45,pegasus,16,4,,,1.0,0.45407532848767007,49.5,1.7678571428571428,3.4,10,10
M-10-N-25-pa-0.45-pe-1.00,LinearSearch With Reduced Qubits,10,25,0.45,pegasus,16,2,,,1.0,0.23566777459345753,36.3,1.7285714285714284,3.0,10,10
M-10-N-25-pa-0.45-pe-1.00,LinearSearch With Reduced Qubits,10,25,0.45,pegasus,16,3,,,1.0,0.4523556768079288,49.5,1.7678571428571428,3.4,10,10
M-10-N-25-pa-0.45-pe-1.00,LinearSearch With Reduced Qubits,10,25,0.45,pegasus,16,4,,,1.0,0.4540040401974693,49.5,1.7678571428571428,3.4,10,10
M-10-N-25-pa-0.55-pe-1.00,BinSearch,10,25,0.55,pegasus,16,2,,,1.0,0.3369696546986233,41.9,1.9045454545454543,3.0,10,10
M-10-N-25-pa-0.55-pe-1.00,BinSearch,10,25,0.55,pegasus,16,3,,,1.0,0.731340794096468,68.2,2.066666666666667,4.5,10,10
M-10-N-25-pa-0.55-pe-1.00,LinearSearch,10,25,0.55,pegasus,16,2,,,1.0,1.9246874849079176,96.1,2.4025,5.3,10,10
M-10-N-25-pa-0.55-pe-1.00,LinearSearch,10,25,0.55,pegasus,16,3,,,1.0,1.956413255503867,96.1,2.4025,5.3,10,10
M-10-N-25-pa-0.55-pe-1.00,LinearSearch With Preprocessing,10,25,0.55,pegasus,16,2,,,1.0,1.9386206935916561,96.1,2.4025,5.3,10,10
M-10-N-25-pa-0.55-pe-1.00,LinearSearch With Preprocessing,10,25,0.55,pegasus,16,3,,,1.0,1.9551694549096283,96.1,2.4025,5.3,10,10
M-10-N-25-pa-0.55-pe-1.00,LinearSearch With Preprocessing and Reduced Qubits,10,25,0.55,pegasus,16,2,,,1.0,0.33738633989123623,41.9,1.9045454545454543,3.0,10,10
M-10-N-25-pa-0.55-pe-1.00,LinearSearch With Preprocessing and Reduced Qubits,10,25,0.55,pegasus,16,3,,,1.0,0.7300581714021973,68.2,2.066666666666667,4.5,10,10
M-10-N-25-pa-0.55-pe-1.00,LinearSearch With Reduced Qubits,10,25,0.55,pegasus,16,2,,,1.0,0.3373077311960514,41.9,1.9045454545454543,3.0,10,10
M-10-N-25-pa-0.55-pe-1.00,LinearSearch With Reduced Qubits,10,25,0.55,pegasus,16,3,,,1.0,0.7289233253046404,68.2,2.066666666666667,4.5,10,10
M-10-N-25-pa-0.65-pe-1.00,BinSearch,10,25,0.65,pegasus,16,2,,,1.0,0.3360168572049588,41.3,2.065,3.1,10,10
M-10-N-25-pa-0.65-pe-1.00,LinearSearch,10,25,0.65,pegasus,16,2,,,1.0,2.4667519621900285,98.6,2.5282051282051285,5.4,10,10
M-10-N-25-pa-0.65-pe-1.00,LinearSearch With Preprocessing,10,25,0.65,pegasus,16,2,,,1.0,2.47651810310781,98.6,2.5282051282051285,5.4,10,10
M-10-N-25-pa-0.65-pe-1.00,LinearSearch With Preprocessing and Reduced Qubits,10,25,0.65,pegasus,16,2,,,1.0,0.33453994419542143,41.3,2.065,3.1,10,10
M-10-N-25-pa-0.65-pe-1.00,LinearSearch With Reduced Qubits,10,25,0.65,pegasus,16,2,,,1.0,0.33530030529946087,41.3,2.065,3.1,10,10
M-10-N-25-pa-0.75-pe-1.00,BinSearch,10,22,0.75,pegasus,16,2,,,1.0,0.49651503200875596,51.1,2.221739130434783,3.8,10,10
M-10-N-25-pa-0.75-pe-1.00,LinearSearch,10,22,0.75,pegasus,16,2,,,1.0,4.400086058495799,145.2,2.963265306122449,6.9,10,10
M-10-N-25-pa-0.75-pe-1.00,LinearSearch With Preprocessing,10,22,0.75,pegasus,16,2,,,1.0,4.399374438199447,145.2,2.963265306122449,6.9,10,10
M-10-N-25-pa-0.75-pe-1.00,LinearSearch With Preprocessing and Reduced Qubits,10,22,0.75,pegasus,16,2,,,1.0,0.498874162795255,51.1,2.221739130434783,3.8,10,10
M-10-N-25-pa-0.75-pe-1.00,LinearSearch With Reduced Qubits,10,22,0.75,pegasus,16,2,,,1.0,0.4982369638979435,51.1,2.221739130434783,3.8,10,10
M-10-N-25-pa-0.85-pe-1.00,BinSearch,10,21,0.85,pegasus,16,2,,,1.0,0.38816157290712,41.1,2.163157894736842,3.2,10,10
M-10-N-25-pa-0.85-pe-1.00,LinearSearch,10,21,0.85,pegasus,16,2,,,1.0,2.6382648760976735,107.8,2.9135135135135135,5.6,10,10
M-10-N-25-pa-0.85-pe-1.00,LinearSearch With Preprocessing,10,21,0.85,pegasus,16,2,,,1.0,2.605783201998565,107.8,2.9135135135135135,5.6,10,10
M-10-N-25-pa-0.85-pe-1.00,LinearSearch With Preprocessing and Reduced Qubits,10,21,0.85,pegasus,16,2,,,1.0,0.3885104247950949,41.1,2.163157894736842,3.2,10,10
M-10-N-25-pa-0.85-pe-1.00,LinearSearch With Reduced Qubits,10,21,0.85,pegasus,16,2,,,1.0,0.38952177449245934,41.1,2.163157894736842,3.2,10,10
M-10-N-5-pa-0.05-pe-1.00,BinSearch,6,5,0.05,pegasus,16,4,,,1.0,0.052005603793077115,9.2,1.3142857142857145,2.0,10,10
M-10-N-5-pa-0.05-pe-1.00,LinearSearch,6,5,0.05,pegasus,16,2,,,1.0,0.051761918299598586,9.2,1.3142857142857145,2.0,10,10
M-10-N-5-pa-0.05-pe-1.00,LinearSearch,6,5,0.05,pegasus,16,3,,,1.0,0.05183533410308879,9.2,1.3142857142857145,2.0,10,10
M-10-N-5-pa-0.05-pe-1.00,LinearSearch,6,5,0.05,pegasus,16,4,,,1.0,0.05161308050737712,9.2,1.3142857142857145,2.0,10,10
M-10-N-5-pa-0.05-pe-1.00,LinearSearch With Preprocessing,6,5,0.05,pegasus,16,4,,,1.0,0.05164909570012238,9.2,1.3142857142857145,2.0,10,10
M-10-N-5-pa-0.05-pe-1.00,LinearSearch With Preprocessing and Reduced Qubits,6,5,0.05,pegasus,16,4,,,1.0,0.051638348301639735,9.2,1.3142857142857145,2.0,10,10
M-10-N-5-pa-0.05-pe-1.00,LinearSearch With Reduced Qubits,6,5,0.05,pegasus,16,2,,,1.0,0.05164614948444063,9.2,1.3142857142857145,2.0,10,10
M-10-N-5-pa-0.05-pe-1.00,LinearSearch With Reduced Qubits,6,5,0.05,pegasus,16,3,,,1.0,0.05170776550075966,9.2,1.3142857142857145,2.0,10,10
M-10-N-5-pa-0.05-pe-1.00,LinearSearch With Reduced Qubits,6,5,0.05,pegasus,16,4,,,1.0,0.05170540271210479,9.2,1.3142857142857145,2.0,10,10
M-10-N-5-pa-0.15-pe-1.00,BinSearch,8,5,0.15,pegasus,16,3,,,1.0,0.08835863479180259,16.3,1.4818181818181817,2.2,10,10
M-10-N-5-pa-0.15-pe-1.00,LinearSearch,8,5,0.15,pegasus,16,2,,,1.0,0.08578345169662493,16.3,1.4818181818181817,2.2,10,10
M-10-N-5-pa-0.15-pe-1.00,LinearSearch,8,5,0.15,pegasus,16,3,,,1.0,0.0890922749997116,16.3,1.4818181818181817,2.2,10,10
M-10-N-5-pa-0.15-pe-1.00,LinearSearch With Preprocessing,8,5,0.15,pegasus,16,3,,,1.0,0.08867806821363042,16.3,1.4818181818181817,2.2,10,10
M-10-N-5-pa-0.15-pe-1.00,LinearSearch With Preprocessing and Reduced Qubits,8,5,0.15,pegasus,16,3,,,1.0,0.0885110244096722,16.3,1.4818181818181817,2.2,10,10
M-10-N-5-pa-0.15-pe-1.00,LinearSearch With Reduced Qubits,8,5,0.15,pegasus,16,2,,,1.0,0.07333296530414368,14.2,1.42,2.0,10,10
M-10-N-5-pa-0.15-pe-1.00,LinearSearch With Reduced Qubits,8,5,0.15,pegasus,16,3,,,1.0,0.08864298159605818,16.3,1.4818181818181817,2.2,10,10
M-10-N-5-pa-0.25-pe-1.00,BinSearch,7,5,0.25,pegasus,16,5,,,1.0,0.06069868330960158,12.0,1.3333333333333333,2.0,10,10
M-10-N-5-pa-0.25-pe-1.00,LinearSearch,7,5,0.25,pegasus,16,2,,,1.0,0.060931701917434064,12.0,1.3333333333333333,2.0,10,10
M-10-N-5-pa-0.25-pe-1.00,LinearSearch,7,5,0.25,pegasus,16,3,,,1.0,0.060844682191964206,12.0,1.3333333333333333,2.0,10,10
M-10-N-5-pa-0.25-pe-1.00,LinearSearch,7,5,0.25,pegasus,16,4,,,1.0,0.06094535410520616,12.0,1.3333333333333333,2.0,10,10
M-10-N-5-pa-0.25-pe-1.00,LinearSearch,7,5,0.25,pegasus,16,5,,,1.0,0.06103865778422911,12.0,1.3333333333333333,2.0,10,10
M-10-N-5-pa-0.25-pe-1.00,LinearSearch With Preprocessing,7,5,0.25,pegasus,16,5,,,1.0,0.0656299752008635,12.0,1.3333333333333333,2.0,10,10
M-10-N-5-pa-0.25-pe-1.00,LinearSearch With Preprocessing and Reduced Qubits,7,5,0.25,pegasus,16,5,,,1.0,0.06112625860259863,12.0,1.3333333333333333,2.0,10,10
M-10-N-5-pa-0.25-pe-1.00,LinearSearch With Reduced Qubits,7,5,0.25,pegasus,16,2,,,1.0,0.06437326190061862,12.0,1.3333333333333333,2.0,10,10
M-10-N-5-pa-0.25-pe-1.00,LinearSearch With Reduced Qubits,7,5,0.25,pegasus,16,3,,,1.0,0.06225683920783916,12.0,1.3333333333333333,2.0,10,10
M-10-N-5-pa-0.25-pe-1.00,LinearSearch With Reduced Qubits,7,5,0.25,pegasus,16,4,,,1.0,0.06143254609778519,12.0,1.3333333333333333,2.0,10,10
M-10-N-5-pa-0.25-pe-1.00,LinearSearch With Reduced Qubits,7,5,0.25,pegasus,16,5,,,1.0,0.0608961631020065,12.0,1.3333333333333333,2.0,10,10
M-10-N-5-pa-0.45-pe-1.00,BinSearch,9,5,0.45,pegasus,16,2,,,1.0,0.13176266838563602,24.5,1.75,2.3,10,10
M-10-N-5-pa-0.45-pe-1.00,LinearSearch,9,5,0.45,pegasus,16,2,,,1.0,0.2823445630958304,35.8,1.7899999999999998,3.1,10,10
M-10-N-5-pa-0.45-pe-1.00,LinearSearch With Preprocessing,9,5,0.45,pegasus,16,2,,,1.0,0.2826344017928932,35.8,1.7899999999999998,3.1,10,10
M-10-N-5-pa-0.45-pe-1.00,LinearSearch With Preprocessing and Reduced Qubits,9,5,0.45,pegasus,16,2,,,1.0,0.1319081885972991,24.5,1.75,2.3,10,10
M-10-N-5-pa-0.45-pe-1.00,LinearSearch With Reduced Qubits,9,5,0.45,pegasus,16,2,,,1.0,0.13169684600434262,24.5,1.75,2.3,10,10
M-10-N-5-pa-0.55-pe-1.00,BinSearch,10,5,0.55,pegasus,16,2,,,1.0,0.17146245911135333,26.2,1.8714285714285714,2.8,10,10
M-10-N-5-pa-0.55-pe-1.00,LinearSearch,10,5,0.55,pegasus,16,2,,,1.0,0.35448583009419965,39.2,1.9599999999999997,3.0,10,10
M-10-N-5-pa-0.55-pe-1.00,LinearSearch With Preprocessing,10,5,0.55,pegasus,16,2,,,1.0,0.3561207853024825,39.2,1.9599999999999997,3.0,10,10
M-10-N-5-pa-0.55-pe-1.00,LinearSearch With Preprocessing and Reduced Qubits,10,5,0.55,pegasus,16,2,,,1.0,0.1707834480097517,26.2,1.8714285714285714,2.8,10,10
M-10-N-5-pa-0.55-pe-1.00,LinearSearch With Reduced Qubits,10,5,0.55,pegasus,16,2,,,1.0,0.16995723960571918,26.2,1.8714285714285714,2.8,10,10
M-10-N-50-pa-0.05-pe-1.00,BinSearch,10,22,0.05,pegasus,16,10,,,1.0,0.09585527229355643,17.1,1.7100000000000002,2.4,10,10
M-10-N-50-pa-0.05-pe-1.00,LinearSearch,10,22,0.05,pegasus,16,2,,,1.0,0.09497276540496384,17.1,1.7100000000000002,2.4,10,10
M-10-N-50-pa-0.05-pe-1.00,LinearSearch,10,22,0.05,pegasus,16,3,,,1.0,0.09725879819598043,17.1,1.7100000000000002,2.4,10,10
M-10-N-50-pa-0.05-pe-1.00,LinearSearch,10,22,0.05,pegasus,16,4,,,1.0,0.09516392420046026,17.1,1.7100000000000002,2.4,10,10
M-10-N-50-pa-0.05-pe-1.00,LinearSearch,10,22,0.05,pegasus,16,5,,,1.0,0.09565866300254125,17.1,1.7100000000000002,2.4,10,10
M-10-N-50-pa-0.05-pe-1.00,LinearSearch,10,22,0.05,pegasus,16,6,,,1.0,0.09725248600589106,17.1,1.7100000000000002,2.4,10,10
M-10-N-50-pa-0.05-pe-1.00,LinearSearch,10,22,0.05,pegasus,16,7,,,1.0,0.09880779449595135,17.1,1.7100000000000002,2.4,10,10
M-10-N-50-pa-0.05-pe-1.00,LinearSearch,10,22,0.05,pegasus,16,8,,,1.0,0.09663340830011288,17.1,1.7100000000000002,2.4,10,10
M-10-N-50-pa-0.05-pe-1.00,LinearSearch,10,22,0.05,pegasus,16,9,,,1.0,0.09509935281239443,17.1,1.7100000000000002,2.4,10,10
M-10-N-50-pa-0.05-pe-1.00,LinearSearch,10,22,0.05,pegasus,16,10,,,1.0,0.09748506409814577,17.1,1.7100000000000002,2.4,10,10
M-10-N-50-pa-0.05-pe-1.00,LinearSearch With Preprocessing,10,22,0.05,pegasus,16,10,,,1.0,0.09672237248742019,17.1,1.7100000000000002,2.4,10,10
M-10-N-50-pa-0.05-pe-1.00,LinearSearch With Preprocessing and Reduced Qubits,10,22,0.05,pegasus,16,10,,,1.0,0.09513700300594788,17.1,1.7100000000000002,2.4,10,10
M-10-N-50-pa-0.05-pe-1.00,LinearSearch With Reduced Qubits,10,22,0.05,pegasus,16,2,,,1.0,0.09792741911369371,17.1,1.7100000000000002,2.4,10,10
M-10-N-50-pa-0.05-pe-1.00,LinearSearch With Reduced Qubits,10,22,0.05,pegasus,16,3,,,1.0,0.09489124019164588,17.1,1.7100000000000002,2.4,10,10
M-10-N-50-pa-0.05-pe-1.00,LinearSearch With Reduced Qubits,10,22,0.05,pegasus,16,4,,,1.0,0.09301635850570159,17.1,1.7100000000000002,2.4,10,10
M-10-N-50-pa-0.05-pe-1.00,LinearSearch With Reduced Qubits,10,22,0.05,pegasus,16,5,,,1.0,0.09671873539919029,17.1,1.7100000000000002,2.4,10,10
M-10-N-50-pa-0.05-pe-1.00,LinearSearch With Reduced Qubits,10,22,0.05,pegasus,16,6,,,1.0,0.09681840850389557,17.1,1.7100000000000002,2.4,10,10
M-10-N-50-pa-0.05-pe-1.00,LinearSearch With Reduced Qubits,10,22,0.05,pegasus,16,7,,,1.0,0.095904711500043,17.1,1.7100000000000002,2.4,10,10
M-10-N-50-pa-0.05-pe-1.00,LinearSearch With Reduced Qubits,10,22,0.05,pegasus,16,8,,,1.0,0.09707775199785824,17.1,1.7100000000000002,2.4,10,10
M-10-N-50-pa-0.05-pe-1.00,LinearSearch With Reduced Qubits,10,22,0.05,pegasus,16,9,,,1.0,0.09583519271109248,17.1,1.7100000000000002,2.4,10,10
M-10-N-50-pa-0.05-pe-1.00,LinearSearch With Reduced Qubits,10,22,0.05,pegasus,16,10,,,1.0,0.09235367979272265,17.1,1.7100000000000002,2.4,10,10
M-10-N-50-pa-0.15-pe-1.00,BinSearch,10,36,0.15,pegasus,16,9,,,1.0,0.097856125497492,17.1,1.7100000000000002,2.4,10,10
M-10-N-50-pa-0.15-pe-1.00,LinearSearch,10,36,0.15,pegasus,16,2,,,1.0,0.09770959340385157,17.1,1.7100000000000002,2.4,10,10
M-10-N-50-pa-0.15-pe-1.00,LinearSearch,10,36,0.15,pegasus,16,3,,,1.0,0.09716114610200746,17.1,1.7100000000000002,2.4,10,10
M-10-N-50-pa-0.15-pe-1.00,LinearSearch,10,36,0.15,pegasus,16,4,,,1.0,0.09490939969546157,17.1,1.7100000000000002,2.4,10,10
M-10-N-50-pa-0.15-pe-1.00,LinearSearch,10,36,0.15,pegasus,16,5,,,1.0,0.09713316968991417,17.1,1.7100000000000002,2.4,10,10
M-10-N-50-pa-0.15-pe-1.00,LinearSearch,10,36,0.15,pegasus,16,6,,,1.0,0.09697901089675723,17.1,1.7100000000000002,2.4,10,10
M-10-N-50-pa-0.15-pe-1.00,LinearSearch,10,36,0.15,pegasus,16,7,,,1.0,0.0974740392004605,17.1,1.7100000000000002,2.4,10,10
M-10-N-50-pa-0.15-pe-1.00,LinearSearch,10,36,0.15,pegasus,16,8,,,1.0,0.09608824549941342,17.1,1.7100000000000002,2.4,10,10
M-10-N-50-pa-0.15-pe-1.00,LinearSearch,10,36,0.15,pegasus,16,9,,,1.0,0.09606341278995383,17.1,1.7100000000000002,2.4,10,10
M-10-N-50-pa-0.15-pe-1.00,LinearSearch With Preprocessing,10,36,0.15,pegasus,16,9,,,1.0,0.09476065770140846,17.1,1.7100000000000002,2.4,10,10
M-10-N-50-pa-0.15-pe-1.00,LinearSearch With Preprocessing and Reduced Qubits,10,36,0.15,pegasus,16,9,,,1.0,0.09641128181247036,17.1,1.7100000000000002,2.4,10,10
M-10-N-50-pa-0.15-pe-1.00,LinearSearch With Reduced Qubits,10,36,0.15,pegasus,16,2,,,1.0,0.09611700589885001,17.1,1.7100000000000002,2.4,10,10
M-10-N-50-pa-0.15-pe-1.00,LinearSearch With Reduced Qubits,10,36,0.15,pegasus,16,3,,,1.0,0.09572427498642351,17.1,1.7100000000000002,2.4,10,10
M-10-N-50-pa-0.15-pe-1.00,LinearSearch With Reduced Qubits,10,36,0.15,pegasus,16,4,,,1.0,0.09445205520023588,17.1,1.7100000000000002,2.4,10,10
M-10-N-50-pa-0.15-pe-1.00,LinearSearch With Reduced Qubits,10,36,0.15,pegasus,16,5,,,1.0,0.09814570169546635,17.1,1.7100000000000002,2.4,10,10
M-10-N-50-pa-0.15-pe-1.00,LinearSearch With Reduced Qubits,10,36,0.15,pegasus,16,6,,,1.0,0.09663081169128414,17.1,1.7100000000000002,2.4,10,10
M-10-N-50-pa-0.15-pe-1.00,LinearSearch With Reduced Qubits,10,36,0.15,pegasus,16,7,,,1.0,0.09691636479110452,17.1,1.7100000000000002,2.4,10,10
M-10-N-50-pa-0.15-pe-1.00,LinearSearch With Reduced Qubits,10,36,0.15,pegasus,16,8,,,1.0,0.09354950860142705,17.1,1.7100000000000002,2.4,10,10
M-10-N-50-pa-0.15-pe-1.00,LinearSearch With Reduced Qubits,10,36,0.15,pegasus,16,9,,,1.0,0.09413431320572267,17.1,1.7100000000000002,2.4,10,10
M-10-N-50-pa-0.25-pe-1.00,BinSearch,10,45,0.25,pegasus,16,8,,,1.0,0.11338862120173868,19.2,1.6,2.3,10,10
M-10-N-50-pa-0.25-pe-1.00,LinearSearch,10,45,0.25,pegasus,16,2,,,1.0,0.11330179919023062,19.2,1.6,2.3,10,10
M-10-N-50-pa-0.25-pe-1.00,LinearSearch,10,45,0.25,pegasus,16,3,,,1.0,0.1131926382950041,19.2,1.6,2.3,10,10
M-10-N-50-pa-0.25-pe-1.00,LinearSearch,10,45,0.25,pegasus,16,4,,,1.0,0.11308800660772247,19.2,1.6,2.3,10,10
M-10-N-50-pa-0.25-pe-1.00,LinearSearch,10,45,0.25,pegasus,16,5,,,1.0,0.1131628559029195,19.2,1.6,2.3,10,10
M-10-N-50-pa-0.25-pe-1.00,LinearSearch,10,45,0.25,pegasus,16,6,,,1.0,0.11322390930145043,19.2,1.6,2.3,10,10
M-10-N-50-pa-0.25-pe-1.00,LinearSearch,10,45,0.25,pegasus,16,7,,,1.0,0.11362881839741015,19.2,1.6,2.3,10,10
M-10-N-50-pa-0.25-pe-1.00,LinearSearch,10,45,0.25,pegasus,16,8,,,1.0,0.11338935069506983,19.2,1.6,2.3,10,10
M-10-N-50-pa-0.25-pe-1.00,LinearSearch With Preprocessing,10,45,0.25,pegasus,16,8,,,1.0,0.11323731610318641,19.2,1.6,2.3,10,10
M-10-N-50-pa-0.25-pe-1.00,LinearSearch With Preprocessing and Reduced Qubits,10,45,0.25,pegasus,16,8,,,1.0,0.11316727149533105,19.2,1.6,2.3,10,10
M-10-N-50-pa-0.25-pe-1.00,LinearSearch With Reduced Qubits,10,45,0.25,pegasus,16,2,,,1.0,0.11339238860527981,19.2,1.6,2.3,10,10
M-10-N-50-pa-0.25-pe-1.00,LinearSearch With Reduced Qubits,10,45,0.25,pegasus,16,3,,,1.0,0.11345449491054746,19.2,1.6,2.3,10,10
M-10-N-50-pa-0.25-pe-1.00,LinearSearch With Reduced Qubits,10,45,0.25,pegasus,16,4,,,1.0,0.11309200730174777,19.2,1.6,2.3,10,10
M-10-N-50-pa-0.25-pe-1.00,LinearSearch With Reduced Qubits,10,45,0.25,pegasus,16,5,,,1.0,0.11315937700564968,19.2,1.6,2.3,10,10
M-10-N-50-pa-0.25-pe-1.00,LinearSearch With Reduced Qubits,10,45,0.25,pegasus,16,6,,,1.0,0.11318344221217555,19.2,1.6,2.3,10,10
M-10-N-50-pa-0.25-pe-1.00,LinearSearch With Reduced Qubits,10,45,0.25,pegasus,16,7,,,1.0,0.11335904100560579,19.2,1.6,2.3,10,10
M-10-N-50-pa-0.25-pe-1.00,LinearSearch With Reduced Qubits,10,45,0.25,pegasus,16,8,,,1.0,0.11331245629698965,19.2,1.6,2.3,10,10
M-10-N-50-pa-0.35-pe-1.00,BinSearch,10,46,0.35,pegasus,16,5,,,1.0,0.17691120359231713,33.1,1.5045454545454544,2.9,10,10
M-10-N-50-pa-0.35-pe-1.00,BinSearch,10,46,0.35,pegasus,16,6,,,1.0,0.17604312900803049,33.1,1.5045454545454544,2.9,10,10
M-10-N-50-pa-0.35-pe-1.00,LinearSearch,10,46,0.35,pegasus,16,2,,,1.0,0.176905988715589,33.1,1.5045454545454544,2.9,10,10
M-10-N-50-pa-0.35-pe-1.00,LinearSearch,10,46,0.35,pegasus,16,3,,,1.0,0.17894424350815824,33.1,1.5045454545454544,2.9,10,10
M-10-N-50-pa-0.35-pe-1.00,LinearSearch,10,46,0.35,pegasus,16,4,,,1.0,0.17872371419216504,33.1,1.5045454545454544,2.9,10,10
M-10-N-50-pa-0.35-pe-1.00,LinearSearch,10,46,0.35,pegasus,16,5,,,1.0,0.1800524170103017,33.1,1.5045454545454544,2.9,10,10
M-10-N-50-pa-0.35-pe-1.00,LinearSearch,10,46,0.35,pegasus,16,6,,,1.0,0.1775413623952772,33.1,1.5045454545454544,2.9,10,10
M-10-N-50-pa-0.35-pe-1.00,LinearSearch With Preprocessing,10,46,0.35,pegasus,16,5,,,1.0,0.1778448914934415,33.1,1.5045454545454544,2.9,10,10
M-10-N-50-pa-0.35-pe-1.00,LinearSearch With Preprocessing,10,46,0.35,pegasus,16,6,,,1.0,0.17585195579449642,33.1,1.5045454545454544,2.9,10,10
M-10-N-50-pa-0.35-pe-1.00,LinearSearch With Preprocessing and Reduced Qubits,10,46,0.35,pegasus,16,5,,,1.0,0.17645812958944584,33.1,1.5045454545454544,2.9,10,10
M-10-N-50-pa-0.35-pe-1.00,LinearSearch With Preprocessing and Reduced Qubits,10,46,0.35,pegasus,16,6,,,1.0,0.17609471729956563,33.1,1.5045454545454544,2.9,10,10
M-10-N-50-pa-0.35-pe-1.00,LinearSearch With Reduced Qubits,10,46,0.35,pegasus,16,2,,,1.0,0.15098409189376977,31.7,1.5095238095238095,2.7,10,10
M-10-N-50-pa-0.35-pe-1.00,LinearSearch With Reduced Qubits,10,46,0.35,pegasus,16,3,,,1.0,0.17624338759924282,33.1,1.5045454545454544,2.9,10,10
M-10-N-50-pa-0.35-pe-1.00,LinearSearch With Reduced Qubits,10,46,0.35,pegasus,16,4,,,1.0,0.17627783840289332,33.1,1.5045454545454544,2.9,10,10
M-10-N-50-pa-0.35-pe-1.00,LinearSearch With Reduced Qubits,10,46,0.35,pegasus,16,5,,,1.0,0.17637886259471994,33.1,1.5045454545454544,2.9,10,10
M-10-N-50-pa-0.35-pe-1.00,LinearSearch With Reduced Qubits,10,46,0.35,pegasus,16,6,,,1.0,0.1764845327066723,33.1,1.5045454545454544,2.9,10,10
M-10-N-50-pa-0.45-pe-1.00,BinSearch,10,46,0.45,pegasus,16,3,,,1.0,0.9201970186957624,79.3,1.9825,5.0,10,10
M-10-N-50-pa-0.45-pe-1.00,BinSearch,10,46,0.45,pegasus,16,4,,,1.0,0.9164558640914038,79.3,1.9825,5.0,10,10
M-10-N-50-pa-0.45-pe-1.00,LinearSearch,10,46,0.45,pegasus,16,2,,,1.0,1.1907372367975768,84.6,2.0142857142857142,5.0,10,10
M-10-N-50-pa-0.45-pe-1.00,LinearSearch,10,46,0.45,pegasus,16,3,,,1.0,1.1885657217004337,84.6,2.0142857142857142,5.0,10,10
M-10-N-50-pa-0.45-pe-1.00,LinearSearch,10,46,0.45,pegasus,16,4,,,1.0,1.186158349609468,84.6,2.0142857142857142,5.0,10,10
M-10-N-50-pa-0.45-pe-1.00,LinearSearch With Preprocessing,10,46,0.45,pegasus,16,3,,,1.0,1.187644579395419,84.6,2.0142857142857142,5.0,10,10
M-10-N-50-pa-0.45-pe-1.00,LinearSearch With Preprocessing,10,46,0.45,pegasus,16,4,,,1.0,1.1837817305931821,84.6,2.0142857142857142,5.0,10,10
M-10-N-50-pa-0.45-pe-1.00,LinearSearch With Preprocessing and Reduced Qubits,10,46,0.45,pegasus,16,3,,,1.0,0.919558441999834,79.3,1.9825,5.0,10,10
M-10-N-50-pa-0.45-pe-1.00,LinearSearch With Preprocessing and Reduced Qubits,10,46,0.45,pegasus,16,4,,,1.0,0.9202558838063851,79.3,1.9825,5.0,10,10
M-10-N-50-pa-0.45-pe-1.00,LinearSearch With Reduced Qubits,10,46,0.45,pegasus,16,2,,,1.0,0.31042014408158136,48.7,1.8037037037037038,3.3,10,10
M-10-N-50-pa-0.45-pe-1.00,LinearSearch With Reduced Qubits,10,46,0.45,pegasus,16,3,,,1.0,0.9219837198965252,79.3,1.9825,5.0,10,10
M-10-N-50-pa-0.45-pe-1.00,LinearSearch With Reduced Qubits,10,46,0.45,pegasus,16,4,,,1.0,0.9203015952953137,79.3,1.9825,5.0,10,10
M-10-N-50-pa-0.55-pe-1.00,BinSearch,10,48,0.55,pegasus,16,3,,,1.0,8.14070222598384,154.3,2.4109375,7.8,10,10
M-10-N-50-pa-0.55-pe-1.00,BinSearch,10,48,0.55,pegasus,16,4,,,1.0,8.155599595408422,154.3,2.4109375,7.8,10,10
M-10-N-50-pa-0.55-pe-1.00,LinearSearch,10,48,0.55,pegasus,16,2,,,1.0,22.961574160895545,234.3,2.8573170731707314,10.9,10,10
M-10-N-50-pa-0.55-pe-1.00,LinearSearch,10,48,0.55,pegasus,16,3,,,1.0,22.985371162893717,234.3,2.8573170731707314,10.9,10,10
M-10-N-50-pa-0.55-pe-1.00,LinearSearch,10,48,0.55,pegasus,16,4,,,1.0,23.027065584401136,234.3,2.8573170731707314,10.9,10,10
M-10-N-50-pa-0.55-pe-1.00,LinearSearch With Preprocessing,10,48,0.55,pegasus,16,2,,,1.0,23.032687210012227,234.0,2.8536585365853657,10.9,10,10
M-10-N-50-pa-0.55-pe-1.00,LinearSearch With Preprocessing,10,48,0.55,pegasus,16,3,,,1.0,22.989366468793015,234.3,2.8573170731707314,10.9,10,10
M-10-N-50-pa-0.55-pe-1.00,LinearSearch With Preprocessing,10,48,0.55,pegasus,16,4,,,1.0,23.075611567805755,234.3,2.8573170731707314,10.9,10,10
M-10-N-50-pa-0.55-pe-1.00,LinearSearch With Preprocessing and Reduced Qubits,10,48,0.55,pegasus,16,2,,,1.0,1.4653909194108565,77.1,2.083783783783784,4.9,10,10
M-10-N-50-pa-0.55-pe-1.00,LinearSearch With Preprocessing and Reduced Qubits,10,48,0.55,pegasus,16,3,,,1.0,8.142180189600912,154.3,2.4109375,7.8,10,10
M-10-N-50-pa-0.55-pe-1.00,LinearSearch With Preprocessing and Reduced Qubits,10,48,0.55,pegasus,16,4,,,1.0,8.15978457799647,154.3,2.4109375,7.8,10,10
M-10-N-50-pa-0.55-pe-1.00,LinearSearch With Reduced Qubits,10,48,0.55,pegasus,16,2,,,1.0,1.4689004384970759,77.1,2.083783783783784,4.9,10,10
M-10-N-50-pa-0.55-pe-1.00,LinearSearch With Reduced Qubits,10,48,0.55,pegasus,16,3,,,1.0,8.15048105030437,154.3,2.4109375,7.8,10,10
M-10-N-50-pa-0.55-pe-1.00,LinearSearch With Reduced Qubits,10,48,0.55,pegasus,16,4,,,1.0,8.157159383402904,154.3,2.4109375,7.8,10,10
M-10-N-50-pa-0.65-pe-1.00,BinSearch,10,47,0.65,pegasus,16,2,,,1.0,1.067347659706138,64.2,2.1399999999999997,4.2,10,10
M-10-N-50-pa-0.65-pe-1.00,BinSearch,10,47,0.65,pegasus,16,3,,,1.0,3.6149347536149437,124.0,2.48,6.7,10,10
M-10-N-50-pa-0.65-pe-1.00,LinearSearch,10,47,0.65,pegasus,16,2,,,1.0,11.977234485198277,178.1,2.7828125,8.7,10,10
M-10-N-50-pa-0.65-pe-1.00,LinearSearch,10,47,0.65,pegasus,16,3,,,1.0,11.98849474019371,178.1,2.7828125,8.7,10,10
M-10-N-50-pa-0.65-pe-1.00,LinearSearch With Preprocessing,10,47,0.65,pegasus,16,2,,,1.0,11.926014435500838,178.1,2.7828125,8.7,10,10
M-10-N-50-pa-0.65-pe-1.00,LinearSearch With Preprocessing,10,47,0.65,pegasus,16,3,,,1.0,12.009655606216985,178.1,2.7828125,8.7,10,10
M-10-N-50-pa-0.65-pe-1.00,LinearSearch With Preprocessing and Reduced Qubits,10,47,0.65,pegasus,16,2,,,1.0,1.0687209394120145,64.2,2.1399999999999997,4.2,10,10
M-10-N-50-pa-0.65-pe-1.00,LinearSearch With Preprocessing and Reduced Qubits,10,47,0.65,pegasus,16,3,,,1.0,3.619828719092766,124.0,2.48,6.7,10,10
M-10-N-50-pa-0.65-pe-1.00,LinearSearch With Reduced Qubits,10,47,0.65,pegasus,16,2,,,1.0,1.0728075564955362,64.2,2.1399999999999997,4.2,10,10
M-10-N-50-pa-0.65-pe-1.00,LinearSearch With Reduced Qubits,10,47,0.65,pegasus,16,3,,,1.0,3.6481313149037304,124.0,2.48,6.7,10,10
M-10-N-50-pa-0.75-pe-1.00,BinSearch,10,48,0.75,pegasus,16,2,,,1.0,0.33912714289617724,42.0,2.0,3.0,10,10
M-10-N-50-pa-0.75-pe-1.00,BinSearch,10,48,0.75,pegasus,16,3,,,1.0,0.7952479272033088,67.9,2.1903225806451614,4.6,10,10
M-10-N-50-pa-0.75-pe-1.00,LinearSearch,10,48,0.75,pegasus,16,2,,,1.0,2.339518030284671,100.6,2.5794871794871796,5.5,10,10
M-10-N-50-pa-0.75-pe-1.00,LinearSearch,10,48,0.75,pegasus,16,3,,,1.0,2.338674012001138,100.6,2.5794871794871796,5.5,10,10
M-10-N-50-pa-0.75-pe-1.00,LinearSearch With Preprocessing,10,48,0.75,pegasus,16,2,,,1.0,2.3358974148868583,100.6,2.5794871794871796,5.5,10,10
M-10-N-50-pa-0.75-pe-1.00,LinearSearch With Preprocessing,10,48,0.75,pegasus,16,3,,,1.0,2.3637634018959943,100.6,2.5794871794871796,5.5,10,10
M-10-N-50-pa-0.75-pe-1.00,LinearSearch With Preprocessing and Reduced Qubits,10,48,0.75,pegasus,16,2,,,1.0,0.341373053699499,42.0,2.0,3.0,10,10
M-10-N-50-pa-0.75-pe-1.00,LinearSearch With Preprocessing and Reduced Qubits,10,48,0.75,pegasus,16,3,,,1.0,0.7931514021009207,67.9,2.1903225806451614,4.6,10,10
M-10-N-50-pa-0.75-pe-1.00,LinearSearch With Reduced Qubits,10,48,0.75,pegasus,16,2,,,1.0,0.3395071747887414,42.0,2.0,3.0,10,10
M-10-N-50-pa-0.75-pe-1.00,LinearSearch With Reduced Qubits,10,48,0.75,pegasus,16,3,,,1.0,0.7947603378968779,67.9,2.1903225806451614,4.6,10,10
M-10-N-50-pa-0.85-pe-1.00,BinSearch,10,29,0.85,pegasus,16,2,,,1.0,0.44391518971533517,43.7,2.185,3.4,10,10
M-10-N-50-pa-0.85-pe-1.00,LinearSearch,10,29,0.85,pegasus,16,2,,,1.0,3.0344771575066263,113.0,2.825,5.6,10,10
M-10-N-50-pa-0.85-pe-1.00,LinearSearch With Preprocessing,10,29,0.85,pegasus,16,2,,,1.0,3.038736703584436,113.0,2.825,5.6,10,10
M-10-N-50-pa-0.85-pe-1.00,LinearSearch With Preprocessing and Reduced Qubits,10,29,0.85,pegasus,16,2,,,1.0,0.44316045779269186,43.7,2.185,3.4,10,10
M-10-N-50-pa-0.85-pe-1.00,LinearSearch With Reduced Qubits,10,29,0.85,pegasus,16,2,,,1.0,0.4431586041988339,43.7,2.185,3.4,10,10
M-10-N-50-pa-0.95-pe-1.00,BinSearch,10,16,0.95,pegasus,16,2,,,1.0,0.38446384338894857,36.7,2.1588235294117646,3.0,10,10
M-10-N-50-pa-0.95-pe-1.00,LinearSearch,10,16,0.95,pegasus,16,2,,,1.0,1.870418025489198,98.3,2.978787878787879,5.1,10,10
M-10-N-50-pa-0.95-pe-1.00,LinearSearch With Preprocessing,10,16,0.95,pegasus,16,2,,,1.0,1.8663337129051798,98.3,2.978787878787879,5.1,10,10
M-10-N-50-pa-0.95-pe-1.00,LinearSearch With Preprocessing and Reduced Qubits,10,16,0.95,pegasus,16,2,,,1.0,0.3837502816924825,36.7,2.1588235294117646,3.0,10,10
M-10-N-50-pa-0.95-pe-1.00,LinearSearch With Reduced Qubits,10,16,0.95,pegasus,16,2,,,1.0,0.3845603700901847,36.7,2.1588235294117646,3.0,10,10
M-25-N-10-pa-0.05-pe-1.00,BinSearch,12,9,0.05,pegasus,16,6,,,1.0,0.20008050600299607,30.5,1.7941176470588236,3.0,10,10
M-25-N-10-pa-0.05-pe-1.00,LinearSearch,12,9,0.05,pegasus,16,2,,,1.0,0.20002266298979515,30.5,1.7941176470588236,3.0,10,10
M-25-N-10-pa-0.05-pe-1.00,LinearSearch,12,9,0.05,pegasus,16,3,,,1.0,0.1998219748958945,30.5,1.7941176470588236,3.0,10,10
M-25-N-10-pa-0.05-pe-1.00,LinearSearch,12,9,0.05,pegasus,16,4,,,1.0,0.19866916551254685,30.5,1.7941176470588236,3.0,10,10
M-25-N-10-pa-0.05-pe-1.00,LinearSearch,12,9,0.05,pegasus,16,5,,,1.0,0.19908213298767802,30.5,1.7941176470588236,3.0,10,10
M-25-N-10-pa-0.05-pe-1.00,LinearSearch,12,9,0.05,pegasus,16,6,,,1.0,0.19852029429166573,30.5,1.7941176470588236,3.0,10,10
M-25-N-10-pa-0.05-pe-1.00,LinearSearch With Preprocessing,12,9,0.05,pegasus,16,6,,,1.0,0.19870262990007173,30.5,1.7941176470588236,3.0,10,10
M-25-N-10-pa-0.05-pe-1.00,LinearSearch With Preprocessing and Reduced Qubits,12,9,0.05,pegasus,16,6,,,1.0,0.19989064210676583,30.5,1.7941176470588236,3.0,10,10
M-25-N-10-pa-0.05-pe-1.00,LinearSearch With Reduced Qubits,12,9,0.05,pegasus,16,2,,,1.0,0.20072719359304753,30.5,1.7941176470588236,3.0,10,10
M-25-N-10-pa-0.05-pe-1.00,LinearSearch With Reduced Qubits,12,9,0.05,pegasus,16,3,,,1.0,0.19916923089767805,30.5,1.7941176470588236,3.0,10,10
M-25-N-10-pa-0.05-pe-1.00,LinearSearch With Reduced Qubits,12,9,0.05,pegasus,16,4,,,1.0,0.20014983901055525,30.5,1.7941176470588236,3.0,10,10
M-25-N-10-pa-0.05-pe-1.00,LinearSearch With Reduced Qubits,12,9,0.05,pegasus,16,5,,,1.0,0.1992137572087813,30.5,1.7941176470588236,3.0,10,10
M-25-N-10-pa-0.05-pe-1.00,LinearSearch With Reduced Qubits,12,9,0.05,pegasus,16,6,,,1.0,0.19996842050459235,30.5,1.7941176470588236,3.0,10,10
M-25-N-10-pa-0.15-pe-1.00,BinSearch,20,10,0.15,pegasus,16,4,,,1.0,1.8099723502993583,96.0,2.8235294117647056,4.8,10,10
M-25-N-10-pa-0.15-pe-1.00,LinearSearch,20,10,0.15,pegasus,16,2,,,1.0,2.1697785704920536,115.0,3.026315789473684,5.2,10,10
M-25-N-10-pa-0.15-pe-1.00,LinearSearch,20,10,0.15,pegasus,16,3,,,1.0,2.176189931697445,115.0,3.026315789473684,5.2,10,10
M-25-N-10-pa-0.15-pe-1.00,LinearSearch,20,10,0.15,pegasus,16,4,,,1.0,2.1731225732015447,115.0,3.026315789473684,5.2,10,10
M-25-N-10-pa-0.15-pe-1.00,LinearSearch With Preprocessing,20,10,0.15,pegasus,16,4,,,1.0,2.1692959987150973,115.0,3.026315789473684,5.2,10,10
M-25-N-10-pa-0.15-pe-1.00,LinearSearch With Preprocessing and Reduced Qubits,20,10,0.15,pegasus,16,4,,,1.0,1.8179328286147212,96.0,2.8235294117647056,4.8,10,10
M-25-N-10-pa-0.15-pe-1.00,LinearSearch With Reduced Qubits,20,10,0.15,pegasus,16,2,,,1.0,1.2601798795047217,79.1,2.825,4.1,10,10
M-25-N-10-pa-0.15-pe-1.00,LinearSearch With Reduced Qubits,20,10,0.15,pegasus,16,3,,,1.0,1.8203072732081638,96.0,2.8235294117647056,4.8,10,10
M-25-N-10-pa-0.15-pe-1.00,LinearSearch With Reduced Qubits,20,10,0.15,pegasus,16,4,,,1.0,1.8181597677059471,96.0,2.8235294117647056,4.8,10,10
M-25-N-10-pa-0.25-pe-1.00,BinSearch,24,10,0.25,pegasus,16,3,,,1.0,3.749450633401284,151.1,3.4340909090909095,6.1,10,10
M-25-N-10-pa-0.25-pe-1.00,LinearSearch,24,10,0.25,pegasus,16,2,,,1.0,5.43789391979808,182.6,3.5115384615384615,6.5,10,10
M-25-N-10-pa-0.25-pe-1.00,LinearSearch,24,10,0.25,pegasus,16,3,,,1.0,5.4338826425024305,182.6,3.5115384615384615,6.5,10,10
M-25-N-10-pa-0.25-pe-1.00,LinearSearch With Preprocessing,24,10,0.25,pegasus,16,3,,,1.0,5.436181523982668,182.6,3.5115384615384615,6.5,10,10
M-25-N-10-pa-0.25-pe-1.00,LinearSearch With Preprocessing and Reduced Qubits,24,10,0.25,pegasus,16,3,,,1.0,3.7001984558999537,151.1,3.4340909090909095,6.1,10,10
M-25-N-10-pa-0.25-pe-1.00,LinearSearch With Reduced Qubits,24,10,0.25,pegasus,16,2,,,1.0,2.643893371388549,116.4,3.4235294117647057,5.1,10,10
M-25-N-10-pa-0.25-pe-1.00,LinearSearch With Reduced Qubits,24,10,0.25,pegasus,16,3,,,1.0,3.6979678629897537,151.1,3.4340909090909095,6.1,10,10
M-25-N-10-pa-0.35-pe-1.00,BinSearch,23,10,0.35,pegasus,16,2,,,1.0,2.7017863161978313,121.0,3.6666666666666665,5.3,10,10
M-25-N-10-pa-0.35-pe-1.00,LinearSearch,23,10,0.35,pegasus,16,2,,,1.0,13.818792169197696,245.7,4.164406779661017,7.8,10,10
M-25-N-10-pa-0.35-pe-1.00,LinearSearch With Preprocessing,23,10,0.35,pegasus,16,2,,,1.0,13.818423209706088,245.7,4.164406779661017,7.8,10,10
M-25-N-10-pa-0.35-pe-1.00,LinearSearch With Preprocessing and Reduced Qubits,23,10,0.35,pegasus,16,2,,,1.0,2.6980011323001234,121.0,3.6666666666666665,5.3,10,10
M-25-N-10-pa-0.35-pe-1.00,LinearSearch With Reduced Qubits,23,10,0.35,pegasus,16,2,,,1.0,2.708876933099236,121.0,3.6666666666666665,5.3,10,10
M-25-N-10-pa-0.45-pe-1.00,BinSearch,25,10,0.45,pegasus,16,2,,,1.0,4.695541625196347,141.7,4.048571428571429,5.6,10,10
M-25-N-10-pa-0.45-pe-1.00,LinearSearch,25,10,0.45,pegasus,16,2,,,1.0,19.78994135080138,324.0,4.984615384615385,9.3,10,10
M-25-N-10-pa-0.45-pe-1.00,LinearSearch With Preprocessing,25,10,0.45,pegasus,16,2,,,1.0,19.640586416306906,324.0,4.984615384615385,9.3,10,10
M-25-N-10-pa-0.45-pe-1.00,LinearSearch With Preprocessing and Reduced Qubits,25,10,0.45,pegasus,16,2,,,1.0,4.695765619899612,141.7,4.048571428571429,5.6,10,10
M-25-N-10-pa-0.45-pe-1.00,LinearSearch With Reduced Qubits,25,10,0.45,pegasus,16,2,,,1.0,4.706525078596314,141.7,4.048571428571429,5.6,10,10
M-25-N-10-pa-0.55-pe-1.00,BinSearch,25,10,0.55,pegasus,16,2,,,1.0,4.477341998496558,139.6,3.9885714285714284,5.6,10,10
M-25-N-10-pa-0.55-pe-1.00,LinearSearch,25,10,0.55,pegasus,16,2,,,1.0,21.09339197789668,326.1,5.016923076923076,8.8,10,10
M-25-N-10-pa-0.55-pe-1.00,LinearSearch With Preprocessing,25,10,0.55,pegasus,16,2,,,1.0,21.065572684298967,326.1,5.016923076923076,8.8,10,10
M-25-N-10-pa-0.55-pe-1.00,LinearSearch With Preprocessing and Reduced Qubits,25,10,0.55,pegasus,16,2,,,1.0,4.4998013020027425,139.6,3.9885714285714284,5.6,10,10
M-25-N-10-pa-0.55-pe-1.00,LinearSearch With Reduced Qubits,25,10,0.55,pegasus,16,2,,,1.0,4.496838752488839,139.6,3.9885714285714284,5.6,10,10
M-25-N-10-pa-0.65-pe-1.00,BinSearch,25,10,0.65,pegasus,16,2,,,1.0,3.6874713554105254,144.7,4.134285714285714,6.0,10,10
M-25-N-10-pa-0.65-pe-1.00,LinearSearch,25,10,0.65,pegasus,16,2,,,1.0,17.86420777529711,374.7,5.510294117647058,10.5,10,10
M-25-N-10-pa-0.65-pe-1.00,LinearSearch With Preprocessing,25,10,0.65,pegasus,16,2,,,1.0,17.80708585870452,374.7,5.510294117647058,10.5,10,10
M-25-N-10-pa-0.65-pe-1.00,LinearSearch With Preprocessing and Reduced Qubits,25,10,0.65,pegasus,16,2,,,1.0,3.7330224127974363,144.7,4.134285714285714,6.0,10,10
M-25-N-10-pa-0.65-pe-1.00,LinearSearch With Reduced Qubits,25,10,0.65,pegasus,16,2,,,1.0,3.701018394011771,144.7,4.134285714285714,6.0,10,10
M-25-N-25-pa-0.05-pe-1.00,BinSearch,22,23,0.05,pegasus,16,16,,,1.0,1.4131422405072953,74.8,2.7703703703703706,4.0,10,10
M-25-N-25-pa-0.05-pe-1.00,LinearSearch,22,23,0.05,pegasus,16,2,,,1.0,1.4125611057912466,74.8,2.7703703703703706,4.0,10,10
M-25-N-25-pa-0.05-pe-1.00,LinearSearch,22,23,0.05,pegasus,16,3,,,1.0,1.4111068486818112,74.8,2.7703703703703706,4.0,10,10
M-25-N-25-pa-0.05-pe-1.00,LinearSearch,22,23,0.05,pegasus,16,4,,,1.0,1.4120146026136353,74.8,2.7703703703703706,4.0,10,10
M-25-N-25-pa-0.05-pe-1.00,LinearSearch,22,23,0.05,pegasus,16,5,,,1.0,1.4115152432001197,74.8,2.7703703703703706,4.0,10,10
M-25-N-25-pa-0.05-pe-1.00,LinearSearch,22,23,0.05,pegasus,16,6,,,1.0,1.4135634131031112,74.8,2.7703703703703706,4.0,10,10
M-25-N-25-pa-0.05-pe-1.00,LinearSearch,22,23,0.05,pegasus,16,7,,,1.0,1.4150354187993799,74.8,2.7703703703703706,4.0,10,10
M-25-N-25-pa-0.05-pe-1.00,LinearSearch,22,23,0.05,pegasus,16,8,,,1.0,1.4113931938831228,74.8,2.7703703703703706,4.0,10,10
M-25-N-25-pa-0.05-pe-1.00,LinearSearch,22,23,0.05,pegasus,16,9,,,1.0,1.41253228559508,74.8,2.7703703703703706,4.0,10,10
M-25-N-25-pa-0.05-pe-1.00,LinearSearch,22,23,0.05,pegasus,16,10,,,1.0,1.4110027879010887,74.8,2.7703703703703706,4.0,10,10
M-25-N-25-pa-0.05-pe-1.00,LinearSearch,22,23,0.05,pegasus,16,11,,,1.0,1.4073929930920712,74.8,2.7703703703703706,4.0,10,10
M-25-N-25-pa-0.05-pe-1.00,LinearSearch,22,23,0.05,pegasus,16,12,,,1.0,1.409106363094179,74.8,2.7703703703703706,4.0,10,10
M-25-N-25-pa-0.05-pe-1.00,LinearSearch,22,23,0.05,pegasus,16,13,,,1.0,1.4096831866947468,74.8,2.7703703703703706,4.0,10,10
M-25-N-25-pa-0.05-pe-1.00,LinearSearch,22,23,0.05,pegasus,16,14,,,1.0,1.4097557922126724,74.8,2.7703703703703706,4.0,10,10
M-25-N-25-pa-0.05-pe-1.00,LinearSearch,22,23,0.05,pegasus,16,15,,,1.0,1.4097528785059694,74.8,2.7703703703703706,4.0,10,10
M-25-N-25-pa-0.05-pe-1.00,LinearSearch,22,23,0.05,pegasus,16,16,,,1.0,1.4089912473922594,74.8,2.7703703703703706,4.0,10,10
M-25-N-25-pa-0.05-pe-1.00,LinearSearch With Preprocessing,22,23,0.05,pegasus,16,16,,,1.0,1.4152594168845098,74.8,2.7703703703703706,4.0,10,10
M-25-N-25-pa-0.05-pe-1.00,LinearSearch With Preprocessing and Reduced Qubits,22,23,0.05,pegasus,16,16,,,1.0,1.4156891659134998,74.8,2.7703703703703706,4.0,10,10
M-25-N-25-pa-0.05-pe-1.00,LinearSearch With Reduced Qubits,22,23,0.05,pegasus,16,2,,,1.0,1.4127000236068852,74.8,2.7703703703703706,4.0,10,10
M-25-N-25-pa-0.05-pe-1.00,LinearSearch With Reduced Qubits,22,23,0.05,pegasus,16,3,,,1.0,1.4066027008986566,74.8,2.7703703703703706,4.0,10,10
M-25-N-25-pa-0.05-pe-1.00,LinearSearch With Reduced Qubits,22,23,0.05,pegasus,16,4,,,1.0,1.4106004533008671,74.8,2.7703703703703706,4.0,10,10
M-25-N-25-pa-0.05-pe-1.00,LinearSearch With Reduced Qubits,22,23,0.05,pegasus,16,5,,,1.0,1.4112940960912965,74.8,2.7703703703703706,4.0,10,10
M-25-N-25-pa-0.05-pe-1.00,LinearSearch With Reduced Qubits,22,23,0.05,pegasus,16,6,,,1.0,1.4104678586823867,74.8,2.7703703703703706,4.0,10,10
M-25-N-25-pa-0.05-pe-1.00,LinearSearch With Reduced Qubits,22,23,0.05,pegasus,16,7,,,1.0,1.411840027605649,74.8,2.7703703703703706,4.0,10,10
M-25-N-25-pa-0.05-pe-1.00,LinearSearch With Reduced Qubits,22,23,0.05,pegasus,16,8,,,1.0,1.4089826886018273,74.8,2.7703703703703706,4.0,10,10
M-25-N-25-pa-0.05-pe-1.00,LinearSearch With Reduced Qubits,22,23,0.05,pegasus,16,9,,,1.0,1.4125977196963504,74.8,2.7703703703703706,4.0,10,10
M-25-N-25-pa-0.05-pe-1.00,LinearSearch With Reduced Qubits,22,23,0.05,pegasus,16,10,,,1.0,1.4111860818986315,74.8,2.7703703703703706,4.0,10,10
M-25-N-25-pa-0.05-pe-1.00,LinearSearch With Reduced Qubits,22,23,0.05,pegasus,16,11,,,1.0,1.413539371796651,74.8,2.7703703703703706,4.0,10,10
M-25-N-25-pa-0.05-pe-1.00,LinearSearch With Reduced Qubits,22,23,0.05,pegasus,16,12,,,1.0,1.411362514895154,74.8,2.7703703703703706,4.0,10,10
M-25-N-25-pa-0.05-pe-1.00,LinearSearch With Reduced Qubits,22,23,0.05,pegasus,16,13,,,1.0,1.412327170307981,74.8,2.7703703703703706,4.0,10,10
M-25-N-25-pa-0.05-pe-1.00,LinearSearch With Reduced Qubits,22,23,0.05,pegasus,16,14,,,1.0,1.4149296522897203,74.8,2.7703703703703706,4.0,10,10
M-25-N-25-pa-0.05-pe-1.00,LinearSearch With Reduced Qubits,22,23,0.05,pegasus,16,15,,,1.0,1.4337987920094748,74.8,2.7703703703703706,4.0,10,10
M-25-N-25-pa-0.05-pe-1.00,LinearSearch With Reduced Qubits,22,23,0.05,pegasus,16,16,,,1.0,1.4110360291029793,74.8,2.7703703703703706,4.0,10,10
M-25-N-25-pa-0.15-pe-1.00,BinSearch,24,25,0.15,pegasus,16,7,,,1.0,3.54053446649923,145.7,3.0354166666666664,6.0,10,10
M-25-N-25-pa-0.15-pe-1.00,BinSearch,24,25,0.15,pegasus,16,8,,,1.0,3.5359797495999374,145.7,3.0354166666666664,6.0,10,10
M-25-N-25-pa-0.15-pe-1.00,LinearSearch,24,25,0.15,pegasus,16,2,,,1.0,3.4142948901921044,145.7,3.0354166666666664,6.0,10,10
M-25-N-25-pa-0.15-pe-1.00,LinearSearch,24,25,0.15,pegasus,16,3,,,1.0,3.5251672789920123,145.7,3.0354166666666664,6.0,10,10
M-25-N-25-pa-0.15-pe-1.00,LinearSearch,24,25,0.15,pegasus,16,4,,,1.0,3.5199917313002516,145.7,3.0354166666666664,6.0,10,10
M-25-N-25-pa-0.15-pe-1.00,LinearSearch,24,25,0.15,pegasus,16,5,,,1.0,3.524542997597018,145.7,3.0354166666666664,6.0,10,10
M-25-N-25-pa-0.15-pe-1.00,LinearSearch,24,25,0.15,pegasus,16,6,,,1.0,3.514654800482094,145.7,3.0354166666666664,6.0,10,10
M-25-N-25-pa-0.15-pe-1.00,LinearSearch,24,25,0.15,pegasus,16,7,,,1.0,3.6016901448892895,145.7,3.0354166666666664,6.0,10,10
M-25-N-25-pa-0.15-pe-1.00,LinearSearch,24,25,0.15,pegasus,16,8,,,1.0,3.5953934114950243,145.7,3.0354166666666664,6.0,10,10
M-25-N-25-pa-0.15-pe-1.00,LinearSearch With Preprocessing,24,25,0.15,pegasus,16,7,,,1.0,3.587434312608093,145.7,3.0354166666666664,6.0,10,10
M-25-N-25-pa-0.15-pe-1.00,LinearSearch With Preprocessing,24,25,0.15,pegasus,16,8,,,1.0,3.6037152480043004,145.7,3.0354166666666664,6.0,10,10
M-25-N-25-pa-0.15-pe-1.00,LinearSearch With Preprocessing and Reduced Qubits,24,25,0.15,pegasus,16,7,,,1.0,3.5996873772062825,145.7,3.0354166666666664,6.0,10,10
M-25-N-25-pa-0.15-pe-1.00,LinearSearch With Preprocessing and Reduced Qubits,24,25,0.15,pegasus,16,8,,,1.0,3.5955551148916127,145.7,3.0354166666666664,6.0,10,10
M-25-N-25-pa-0.15-pe-1.00,LinearSearch With Reduced Qubits,24,25,0.15,pegasus,16,2,,,1.0,3.01099088419578,107.1,2.975,4.8,10,10
M-25-N-25-pa-0.15-pe-1.00,LinearSearch With Reduced Qubits,24,25,0.15,pegasus,16,3,,,1.0,3.0998809067066757,138.7,3.015217391304348,6.0,10,10
M-25-N-25-pa-0.15-pe-1.00,LinearSearch With Reduced Qubits,24,25,0.15,pegasus,16,4,,,1.0,3.151154968800256,138.7,3.015217391304348,6.0,10,10
M-25-N-25-pa-0.15-pe-1.00,LinearSearch With Reduced Qubits,24,25,0.15,pegasus,16,5,,,1.0,3.5179996776103506,145.7,3.0354166666666664,6.0,10,10
M-25-N-25-pa-0.15-pe-1.00,LinearSearch With Reduced Qubits,24,25,0.15,pegasus,16,6,,,1.0,3.586642057192512,145.7,3.0354166666666664,6.0,10,10
M-25-N-25-pa-0.15-pe-1.00,LinearSearch With Reduced Qubits,24,25,0.15,pegasus,16,7,,,1.0,3.583239493408473,145.7,3.0354166666666664,6.0,10,10
M-25-N-25-pa-0.15-pe-1.00,LinearSearch With Reduced Qubits,24,25,0.15,pegasus,16,8,,,1.0,3.582280966010876,145.7,3.0354166666666664,6.0,10,10
M-25-N-25-pa-0.25-pe-1.00,BinSearch,25,25,0.25,pegasus,16,4,,,1.0,14.94702607311192,309.5,4.239726027397261,9.0,10,10
M-25-N-25-pa-0.25-pe-1.00,BinSearch,25,25,0.25,pegasus,16,5,,,1.0,30.05275388039299,457.2,4.7625,12.2,10,10
M-25-N-25-pa-0.25-pe-1.00,LinearSearch,25,25,0.25,pegasus,16,2,,,1.0,30.074841173691674,485.5,4.904040404040404,12.9,10,10
M-25-N-25-pa-0.25-pe-1.00,LinearSearch,25,25,0.25,pegasus,16,3,,,1.0,30.241018222103595,485.5,4.904040404040404,12.9,10,10
M-25-N-25-pa-0.25-pe-1.00,LinearSearch,25,25,0.25,pegasus,16,4,,,1.0,30.107449894002638,485.5,4.904040404040404,12.9,10,10
M-25-N-25-pa-0.25-pe-1.00,LinearSearch,25,25,0.25,pegasus,16,5,,,1.0,30.197773560497446,485.5,4.904040404040404,12.9,10,10
M-25-N-25-pa-0.25-pe-1.00,LinearSearch With Preprocessing,25,25,0.25,pegasus,16,3,,,1.0,30.108461254101712,485.5,4.904040404040404,12.9,10,10
M-25-N-25-pa-0.25-pe-1.00,LinearSearch With Preprocessing,25,25,0.25,pegasus,16,4,,,1.0,30.168421108607436,485.5,4.904040404040404,12.9,10,10
M-25-N-25-pa-0.25-pe-1.00,LinearSearch With Preprocessing,25,25,0.25,pegasus,16,5,,,1.0,30.181463689694645,485.5,4.904040404040404,12.9,10,10
M-25-N-25-pa-0.25-pe-1.00,LinearSearch With Preprocessing and Reduced Qubits,25,25,0.25,pegasus,16,3,,,1.0,14.860011317994212,309.5,4.239726027397261,9.0,10,10
M-25-N-25-pa-0.25-pe-1.00,LinearSearch With Preprocessing and Reduced Qubits,25,25,0.25,pegasus,16,4,,,1.0,14.862642759102163,309.5,4.239726027397261,9.0,10,10
M-25-N-25-pa-0.25-pe-1.00,LinearSearch With Preprocessing and Reduced Qubits,25,25,0.25,pegasus,16,5,,,1.0,29.97884116388741,457.2,4.7625,12.2,10,10
M-25-N-25-pa-0.25-pe-1.00,LinearSearch With Reduced Qubits,25,25,0.25,pegasus,16,2,,,1.0,6.855333177413558,187.4,3.8244897959183675,6.1,10,10
M-25-N-25-pa-0.25-pe-1.00,LinearSearch With Reduced Qubits,25,25,0.25,pegasus,16,3,,,1.0,14.828984834509901,309.5,4.239726027397261,9.0,10,10
M-25-N-25-pa-0.25-pe-1.00,LinearSearch With Reduced Qubits,25,25,0.25,pegasus,16,4,,,1.0,14.810241429496092,309.5,4.239726027397261,9.0,10,10
M-25-N-25-pa-0.25-pe-1.00,LinearSearch With Reduced Qubits,25,25,0.25,pegasus,16,5,,,1.0,30.00637452469673,457.2,4.7625,12.2,10,10
M-25-N-25-pa-0.35-pe-1.00,BinSearch,25,25,0.35,pegasus,16,2,,,1.0,7.106153332197573,204.5,4.09,6.6,10,10
M-25-N-25-pa-0.35-pe-1.00,BinSearch,25,25,0.35,pegasus,16,3,,,1.0,21.756456236104714,346.1,4.6146666666666665,9.6,10,10
M-25-N-25-pa-0.35-pe-1.00,LinearSearch,25,25,0.35,pegasus,16,2,,,1.0,31.791306643886493,696.9,5.956410256410257,19.1,10,10
M-25-N-25-pa-0.35-pe-1.00,LinearSearch,25,25,0.35,pegasus,16,3,,,1.0,31.615860263200013,696.9,5.956410256410257,19.1,10,10
M-25-N-25-pa-0.35-pe-1.00,LinearSearch With Preprocessing,25,25,0.35,pegasus,16,2,,,1.0,31.73081957929535,696.9,5.956410256410257,19.1,10,10
M-25-N-25-pa-0.35-pe-1.00,LinearSearch With Preprocessing,25,25,0.35,pegasus,16,3,,,1.0,31.607304232998285,696.9,5.956410256410257,19.1,10,10
M-25-N-25-pa-0.35-pe-1.00,LinearSearch With Preprocessing and Reduced Qubits,25,25,0.35,pegasus,16,2,,,1.0,7.0073279692034705,204.5,4.09,6.6,10,10
M-25-N-25-pa-0.35-pe-1.00,LinearSearch With Preprocessing and Reduced Qubits,25,25,0.35,pegasus,16,3,,,1.0,21.7982617173926,346.1,4.6146666666666665,9.6,10,10
M-25-N-25-pa-0.35-pe-1.00,LinearSearch With Reduced Qubits,25,25,0.35,pegasus,16,2,,,1.0,7.042414916190319,204.5,4.09,6.6,10,10
M-25-N-25-pa-0.35-pe-1.00,LinearSearch With Reduced Qubits,25,25,0.35,pegasus,16,3,,,1.0,21.832966809597565,346.1,4.6146666666666665,9.6,10,10
M-25-N-25-pa-0.45-pe-1.00,BinSearch,25,25,0.45,pegasus,16,2,,,1.0,6.626774197397753,212.1,4.242,6.5,10,10
M-25-N-25-pa-0.45-pe-1.00,BinSearch,25,25,0.45,pegasus,16,3,,,1.0,24.414033281890443,359.6,4.794666666666666,9.5,10,10
M-25-N-25-pa-0.45-pe-1.00,LinearSearch,25,25,0.45,pegasus,16,2,,,1.0,31.600460752501384,710.5,6.021186440677966,17.1,10,10
M-25-N-25-pa-0.45-pe-1.00,LinearSearch,25,25,0.45,pegasus,16,3,,,1.0,31.28546648109914,713.1,6.043220338983051,17.2,10,10
M-25-N-25-pa-0.45-pe-1.00,LinearSearch With Preprocessing,25,25,0.45,pegasus,16,2,,,1.0,31.275409344985384,713.1,6.043220338983051,17.2,10,10
M-25-N-25-pa-0.45-pe-1.00,LinearSearch With Preprocessing,25,25,0.45,pegasus,16,3,,,1.0,31.290969092416343,713.1,6.043220338983051,17.2,10,10
M-25-N-25-pa-0.45-pe-1.00,LinearSearch With Preprocessing and Reduced Qubits,25,25,0.45,pegasus,16,2,,,1.0,6.680270322202705,212.1,4.242,6.5,10,10
M-25-N-25-pa-0.45-pe-1.00,LinearSearch With Preprocessing and Reduced Qubits,25,25,0.45,pegasus,16,3,,,1.0,24.391553432901855,359.6,4.794666666666666,9.5,10,10
M-25-N-25-pa-0.45-pe-1.00,LinearSearch With Reduced Qubits,25,25,0.45,pegasus,16,2,,,1.0,6.6322790118050765,212.1,4.242,6.5,10,10
M-25-N-25-pa-0.45-pe-1.00,LinearSearch With Reduced Qubits,25,25,0.45,pegasus,16,3,,,1.0,24.346894385601626,359.6,4.794666666666666,9.5,10,10
M-25-N-25-pa-0.55-pe-1.00,BinSearch,25,25,0.55,pegasus,16,2,,,1.0,9.921020479500294,210.6,4.29795918367347,6.9,10,10
M-25-N-25-pa-0.55-pe-1.00,BinSearch,25,25,0.55,pegasus,16,3,,,1.0,23.59100031280541,357.7,4.9,9.7,10,10
M-25-N-25-pa-0.55-pe-1.00,LinearSearch,25,25,0.55,pegasus,16,2,,,1.0,32.10795104979188,897.8,7.1823999999999995,22.4,10,10
M-25-N-25-pa-0.55-pe-1.00,LinearSearch,25,25,0.55,pegasus,16,3,,,1.0,32.122125312592836,897.8,7.1823999999999995,22.4,10,10
M-25-N-25-pa-0.55-pe-1.00,LinearSearch With Preprocessing,25,25,0.55,pegasus,16,2,,,1.0,32.14511818870087,897.8,7.1823999999999995,22.4,10,10
M-25-N-25-pa-0.55-pe-1.00,LinearSearch With Preprocessing,25,25,0.55,pegasus,16,3,,,1.0,31.98326402269304,897.8,7.1823999999999995,22.4,10,10
M-25-N-25-pa-0.55-pe-1.00,LinearSearch With Preprocessing and Reduced Qubits,25,25,0.55,pegasus,16,2,,,1.0,10.39328253439162,210.6,4.29795918367347,6.9,10,10
M-25-N-25-pa-0.55-pe-1.00,LinearSearch With Preprocessing and Reduced Qubits,25,25,0.55,pegasus,16,3,,,1.0,23.516842853295383,357.7,4.9,9.7,10,10
M-25-N-25-pa-0.55-pe-1.00,LinearSearch With Reduced Qubits,25,25,0.55,pegasus,16,2,,,1.0,9.85049431261723,210.6,4.29795918367347,6.9,10,10
M-25-N-25-pa-0.55-pe-1.00,LinearSearch With Reduced Qubits,25,25,0.55,pegasus,16,3,,,1.0,23.551567804598015,357.7,4.9,9.7,10,10
M-25-N-25-pa-0.65-pe-1.00,BinSearch,25,25,0.65,pegasus,16,2,,,1.0,7.437463064101758,230.6,4.612,7.7,10,10
M-25-N-25-pa-0.65-pe-1.00,LinearSearch,25,25,0.65,pegasus,16,2,,,1.0,33.002447411115284,977.5,7.135036496350365,22.5,10,10
M-25-N-25-pa-0.65-pe-1.00,LinearSearch With Preprocessing,25,25,0.65,pegasus,16,2,,,1.0,32.49792781879078,983.0,7.175182481751824,22.5,10,10
M-25-N-25-pa-0.65-pe-1.00,LinearSearch With Preprocessing and Reduced Qubits,25,25,0.65,pegasus,16,2,,,1.0,7.396987616311526,230.6,4.612,7.7,10,10
M-25-N-25-pa-0.65-pe-1.00,LinearSearch With Reduced Qubits,25,25,0.65,pegasus,16,2,,,1.0,7.381645987299271,230.6,4.612,7.7,10,10
M-25-N-25-pa-0.75-pe-1.00,BinSearch,25,25,0.75,pegasus,16,2,,,1.0,9.993687958887312,209.1,4.448936170212766,6.9,10,10
M-25-N-25-pa-0.75-pe-1.00,LinearSearch,25,25,0.75,pegasus,16,2,,,1.0,32.38153235909412,930.8,7.051515151515152,21.5,10,10
M-25-N-25-pa-0.75-pe-1.00,LinearSearch With Preprocessing,25,25,0.75,pegasus,16,2,,,1.0,32.33210048010805,930.8,7.051515151515152,21.5,10,10
M-25-N-25-pa-0.75-pe-1.00,LinearSearch With Preprocessing and Reduced Qubits,25,25,0.75,pegasus,16,2,,,1.0,9.998272127500968,209.1,4.448936170212766,6.9,10,10
M-25-N-25-pa-0.75-pe-1.00,LinearSearch With Reduced Qubits,25,25,0.75,pegasus,16,2,,,1.0,9.985140054294607,209.1,4.448936170212766,6.9,10,10
M-25-N-25-pa-0.85-pe-1.00,BinSearch,25,25,0.85,pegasus,16,2,,,1.0,13.32688384031062,222.9,4.548979591836735,7.2,10,10
M-25-N-25-pa-0.85-pe-1.00,LinearSearch,25,25,0.85,pegasus,16,2,,,1.0,32.36543751349673,1023.9,7.061379310344828,22.6,10,10
M-25-N-25-pa-0.85-pe-1.00,LinearSearch With Preprocessing,25,25,0.85,pegasus,16,2,,,1.0,32.38035160120344,1023.9,7.061379310344828,22.6,10,10
M-25-N-25-pa-0.85-pe-1.00,LinearSearch With Preprocessing and Reduced Qubits,25,25,0.85,pegasus,16,2,,,1.0,13.39556853341055,222.9,4.548979591836735,7.2,10,10
M-25-N-25-pa-0.85-pe-1.00,LinearSearch With Reduced Qubits,25,25,0.85,pegasus,16,2,,,1.0,13.26739161098376,222.9,4.548979591836735,7.2,10,10
M-25-N-5-pa-0.05-pe-1.00,BinSearch,8,5,0.05,pegasus,16,5,,,1.0,0.08558648148900826,15.2,1.3818181818181816,2.0,10,10
M-25-N-5-pa-0.05-pe-1.00,LinearSearch,8,5,0.05,pegasus,16,2,,,1.0,0.08531240419833917,15.2,1.3818181818181816,2.0,10,10
M-25-N-5-pa-0.05-pe-1.00,LinearSearch,8,5,0.05,pegasus,16,3,,,1.0,0.08503230469650586,15.2,1.3818181818181816,2.0,10,10
M-25-N-5-pa-0.05-pe-1.00,LinearSearch,8,5,0.05,pegasus,16,4,,,1.0,0.08681476989295331,15.2,1.3818181818181816,2.0,10,10
M-25-N-5-pa-0.05-pe-1.00,LinearSearch,8,5,0.05,pegasus,16,5,,,1.0,0.08402538010268468,15.2,1.3818181818181816,2.0,10,10
M-25-N-5-pa-0.05-pe-1.00,LinearSearch With Preprocessing,8,5,0.05,pegasus,16,5,,,1.0,0.08486779829836447,15.2,1.3818181818181816,2.0,10,10
M-25-N-5-pa-0.05-pe-1.00,LinearSearch With Preprocessing and Reduced Qubits,8,5,0.05,pegasus,16,5,,,1.0,0.08678588149487036,15.2,1.3818181818181816,2.0,10,10
M-25-N-5-pa-0.05-pe-1.00,LinearSearch With Reduced Qubits,8,5,0.05,pegasus,16,2,,,1.0,0.07887945211259645,14.4,1.44,2.0,10,10
M-25-N-5-pa-0.05-pe-1.00,LinearSearch With Reduced Qubits,8,5,0.05,pegasus,16,3,,,1.0,0.08555615210207175,15.2,1.3818181818181816,2.0,10,10
M-25-N-5-pa-0.05-pe-1.00,LinearSearch With Reduced Qubits,8,5,0.05,pegasus,16,4,,,1.0,0.0870744364976417,15.2,1.3818181818181816,2.0,10,10
M-25-N-5-pa-0.05-pe-1.00,LinearSearch With Reduced Qubits,8,5,0.05,pegasus,16,5,,,1.0,0.08615026581101115,15.2,1.3818181818181816,2.0,10,10
M-25-N-5-pa-0.15-pe-1.00,BinSearch,21,5,0.15,pegasus,16,3,,,1.0,1.7597341517044698,91.2,3.04,4.5,10,10
M-25-N-5-pa-0.15-pe-1.00,LinearSearch,21,5,0.15,pegasus,16,2,,,1.0,2.06693047300796,110.2,3.1485714285714286,4.8,10,10
M-25-N-5-pa-0.15-pe-1.00,LinearSearch,21,5,0.15,pegasus,16,3,,,1.0,2.069044086604845,110.2,3.1485714285714286,4.8,10,10
M-25-N-5-pa-0.15-pe-1.00,LinearSearch With Preprocessing,21,5,0.15,pegasus,16,3,,,1.0,2.06944108029129,110.2,3.1485714285714286,4.8,10,10
M-25-N-5-pa-0.15-pe-1.00,LinearSearch With Preprocessing and Reduced Qubits,21,5,0.15,pegasus,16,3,,,1.0,1.768261325993808,91.2,3.04,4.5,10,10
M-25-N-5-pa-0.15-pe-1.00,LinearSearch With Reduced Qubits,21,5,0.15,pegasus,16,2,,,1.0,1.6953080677019898,78.5,3.019230769230769,4.3,10,10
M-25-N-5-pa-0.15-pe-1.00,LinearSearch With Reduced Qubits,21,5,0.15,pegasus,16,3,,,1.0,1.7661232949001715,91.2,3.04,4.5,10,10
M-25-N-5-pa-0.25-pe-1.00,BinSearch,16,5,0.25,pegasus,16,2,,,1.0,0.6462400068237912,53.1,2.528571428571429,3.4,10,10
M-25-N-5-pa-0.25-pe-1.00,LinearSearch,16,5,0.25,pegasus,16,2,,,1.0,1.2529638572887052,90.4,2.9161290322580644,4.6,10,10
M-25-N-5-pa-0.25-pe-1.00,LinearSearch With Preprocessing,16,5,0.25,pegasus,16,2,,,1.0,1.2572256583953276,90.4,2.9161290322580644,4.6,10,10
M-25-N-5-pa-0.25-pe-1.00,LinearSearch With Preprocessing and Reduced Qubits,16,5,0.25,pegasus,16,2,,,1.0,0.6472126170992851,53.1,2.528571428571429,3.4,10,10
M-25-N-5-pa-0.25-pe-1.00,LinearSearch With Reduced Qubits,16,5,0.25,pegasus,16,2,,,1.0,0.6484924710006453,53.1,2.528571428571429,3.4,10,10
M-25-N-5-pa-0.35-pe-1.00,BinSearch,24,5,0.35,pegasus,16,2,,,1.0,2.341635062912246,105.7,3.6448275862068966,4.9,10,10
M-25-N-5-pa-0.35-pe-1.00,LinearSearch,24,5,0.35,pegasus,16,2,,,1.0,4.524500303197419,172.7,4.0162790697674415,6.2,10,10
M-25-N-5-pa-0.35-pe-1.00,LinearSearch With Preprocessing,24,5,0.35,pegasus,16,2,,,1.0,4.565861570410197,172.7,4.0162790697674415,6.2,10,10
M-25-N-5-pa-0.35-pe-1.00,LinearSearch With Preprocessing and Reduced Qubits,24,5,0.35,pegasus,16,2,,,1.0,2.344459816708695,105.7,3.6448275862068966,4.9,10,10
M-25-N-5-pa-0.35-pe-1.00,LinearSearch With Reduced Qubits,24,5,0.35,pegasus,16,2,,,1.0,2.344753916695481,105.7,3.6448275862068966,4.9,10,10
M-25-N-5-pa-0.45-pe-1.00,BinSearch,25,5,0.45,pegasus,16,2,,,1.0,2.91905690250569,115.5,3.85,5.3,10,10
M-25-N-5-pa-0.45-pe-1.00,LinearSearch,25,5,0.45,pegasus,16,2,,,1.0,7.371442954195663,201.0,4.466666666666667,6.8,10,10
M-25-N-5-pa-0.45-pe-1.00,LinearSearch With Preprocessing,25,5,0.45,pegasus,16,2,,,1.0,7.374242604500614,201.0,4.466666666666667,6.8,10,10
M-25-N-5-pa-0.45-pe-1.00,LinearSearch With Preprocessing and Reduced Qubits,25,5,0.45,pegasus,16,2,,,1.0,2.9166394213971216,115.5,3.85,5.3,10,10
M-25-N-5-pa-0.45-pe-1.00,LinearSearch With Reduced Qubits,25,5,0.45,pegasus,16,2,,,1.0,2.9212098969030196,115.5,3.85,5.3,10,10
M-25-N-50-pa-0.05-pe-1.00,BinSearch,24,37,0.05,pegasus,16,17,,,1.0,1.8327490327006672,87.4,3.013793103448276,4.4,10,10
M-25-N-50-pa-0.05-pe-1.00,LinearSearch,24,37,0.05,pegasus,16,2,,,1.0,1.8351023322960827,87.4,3.013793103448276,4.4,10,10
M-25-N-50-pa-0.05-pe-1.00,LinearSearch,24,37,0.05,pegasus,16,3,,,1.0,1.8321510965004564,87.4,3.013793103448276,4.4,10,10
M-25-N-50-pa-0.05-pe-1.00,LinearSearch,24,37,0.05,pegasus,16,4,,,1.0,1.8365074245026336,87.4,3.013793103448276,4.4,10,10
M-25-N-50-pa-0.05-pe-1.00,LinearSearch,24,37,0.05,pegasus,16,5,,,1.0,1.8307012497098185,87.4,3.013793103448276,4.4,10,10
M-25-N-50-pa-0.05-pe-1.00,LinearSearch,24,37,0.05,pegasus,16,6,,,1.0,1.8299271029012742,87.4,3.013793103448276,4.4,10,10
M-25-N-50-pa-0.05-pe-1.00,LinearSearch,24,37,0.05,pegasus,16,7,,,1.0,1.8308884418802336,87.4,3.013793103448276,4.4,10,10
M-25-N-50-pa-0.05-pe-1.00,LinearSearch,24,37,0.05,pegasus,16,8,,,1.0,1.8313113005890045,87.4,3.013793103448276,4.4,10,10
M-25-N-50-pa-0.05-pe-1.00,LinearSearch,24,37,0.05,pegasus,16,9,,,1.0,1.8382909973035566,87.4,3.013793103448276,4.4,10,10
M-25-N-50-pa-0.05-pe-1.00,LinearSearch,24,37,0.05,pegasus,16,10,,,1.0,1.8333355901122559,87.4,3.013793103448276,4.4,10,10
M-25-N-50-pa-0.05-pe-1.00,LinearSearch,24,37,0.05,pegasus,16,11,,,1.0,1.8391379309992772,87.4,3.013793103448276,4.4,10,10
M-25-N-50-pa-0.05-pe-1.00,LinearSearch,24,37,0.05,pegasus,16,12,,,1.0,1.8335366840823553,87.4,3.013793103448276,4.4,10,10
M-25-N-50-pa-0.05-pe-1.00,LinearSearch,24,37,0.05,pegasus,16,13,,,1.0,1.8388312606082764,87.4,3.013793103448276,4.4,10,10
M-25-N-50-pa-0.05-pe-1.00,LinearSearch,24,37,0.05,pegasus,16,14,,,1.0,1.8398233472020364,87.4,3.013793103448276,4.4,10,10
M-25-N-50-pa-0.05-pe-1.00,LinearSearch,24,37,0.05,pegasus,16,15,,,1.0,1.8368388939008582,87.4,3.013793103448276,4.4,10,10
M-25-N-50-pa-0.05-pe-1.00,LinearSearch,24,37,0.05,pegasus,16,16,,,1.0,1.8396081795915962,87.4,3.013793103448276,4.4,10,10
M-25-N-50-pa-0.05-pe-1.00,LinearSearch,24,37,0.05,pegasus,16,17,,,1.0,1.8368456074909774,87.4,3.013793103448276,4.4,10,10
M-25-N-50-pa-0.05-pe-1.00,LinearSearch With Preprocessing,24,37,0.05,pegasus,16,17,,,1.0,1.8431144994916395,87.4,3.013793103448276,4.4,10,10
M-25-N-50-pa-0.05-pe-1.00,LinearSearch With Preprocessing and Reduced Qubits,24,37,0.05,pegasus,16,17,,,1.0,1.837362899800064,87.4,3.013793103448276,4.4,10,10
M-25-N-50-pa-0.05-pe-1.00,LinearSearch With Reduced Qubits,24,37,0.05,pegasus,16,2,,,1.0,2.048752792290179,85.8,3.064285714285714,4.2,10,10
M-25-N-50-pa-0.05-pe-1.00,LinearSearch With Reduced Qubits,24,37,0.05,pegasus,16,3,,,1.0,1.8363274915900547,87.4,3.013793103448276,4.4,10,10
M-25-N-50-pa-0.05-pe-1.00,LinearSearch With Reduced Qubits,24,37,0.05,pegasus,16,4,,,1.0,1.8332023794937413,87.4,3.013793103448276,4.4,10,10
M-25-N-50-pa-0.05-pe-1.00,LinearSearch With Reduced Qubits,24,37,0.05,pegasus,16,5,,,1.0,1.8350196998857427,87.4,3.013793103448276,4.4,10,10
M-25-N-50-pa-0.05-pe-1.00,LinearSearch With Reduced Qubits,24,37,0.05,pegasus,16,6,,,1.0,1.8336186910106336,87.4,3.013793103448276,4.4,10,10
M-25-N-50-pa-0.05-pe-1.00,LinearSearch With Reduced Qubits,24,37,0.05,pegasus,16,7,,,1.0,1.834890920005273,87.4,3.013793103448276,4.4,10,10
M-25-N-50-pa-0.05-pe-1.00,LinearSearch With Reduced Qubits,24,37,0.05,pegasus,16,8,,,1.0,1.8314465671021025,87.4,3.013793103448276,4.4,10,10
M-25-N-50-pa-0.05-pe-1.00,LinearSearch With Reduced Qubits,24,37,0.05,pegasus,16,9,,,1.0,1.8272061972878872,87.4,3.013793103448276,4.4,10,10
M-25-N-50-pa-0.05-pe-1.00,LinearSearch With Reduced Qubits,24,37,0.05,pegasus,16,10,,,1.0,1.8381293531914706,87.4,3.013793103448276,4.4,10,10
M-25-N-50-pa-0.05-pe-1.00,LinearSearch With Reduced Qubits,24,37,0.05,pegasus,16,11,,,1.0,1.8376394210965372,87.4,3.013793103448276,4.4,10,10
M-25-N-50-pa-0.05-pe-1.00,LinearSearch With Reduced Qubits,24,37,0.05,pegasus,16,12,,,1.0,1.8383254264015705,87.4,3.013793103448276,4.4,10,10
M-25-N-50-pa-0.05-pe-1.00,LinearSearch With Reduced Qubits,24,37,0.05,pegasus,16,13,,,1.0,1.8330849921912886,87.4,3.013793103448276,4.4,10,10
M-25-N-50-pa-0.05-pe-1.00,LinearSearch With Reduced Qubits,24,37,0.05,pegasus,16,14,,,1.0,1.8359016883943695,87.4,3.013793103448276,4.4,10,10
M-25-N-50-pa-0.05-pe-1.00,LinearSearch With Reduced Qubits,24,37,0.05,pegasus,16,15,,,1.0,1.8338321376999374,87.4,3.013793103448276,4.4,10,10
M-25-N-50-pa-0.05-pe-1.00,LinearSearch With Reduced Qubits,24,37,0.05,pegasus,16,16,,,1.0,1.8343205851968378,87.4,3.013793103448276,4.4,10,10
M-25-N-50-pa-0.05-pe-1.00,LinearSearch With Reduced Qubits,24,37,0.05,pegasus,16,17,,,1.0,1.8361400588066317,87.4,3.013793103448276,4.4,10,10
M-25-N-50-pa-0.15-pe-1.00,BinSearch,25,49,0.15,pegasus,16,9,,,1.0,5.350550526194274,186.1,3.1542372881355933,6.9,10,10
M-25-N-50-pa-0.15-pe-1.00,LinearSearch,25,49,0.15,pegasus,16,2,,,1.0,5.343829159397865,186.1,3.1542372881355933,6.9,10,10
M-25-N-50-pa-0.15-pe-1.00,LinearSearch,25,49,0.15,pegasus,16,3,,,1.0,5.340182969998568,186.1,3.1542372881355933,6.9,10,10
M-25-N-50-pa-0.15-pe-1.00,LinearSearch,25,49,0.15,pegasus,16,4,,,1.0,5.452286805701442,186.1,3.1542372881355933,6.9,10,10
M-25-N-50-pa-0.15-pe-1.00,LinearSearch,25,49,0.15,pegasus,16,5,,,1.0,5.365908572089393,186.1,3.1542372881355933,6.9,10,10
M-25-N-50-pa-0.15-pe-1.00,LinearSearch,25,49,0.15,pegasus,16,6,,,1.0,5.3660189531859945,186.1,3.1542372881355933,6.9,10,10
M-25-N-50-pa-0.15-pe-1.00,LinearSearch,25,49,0.15,pegasus,16,7,,,1.0,5.440595652896445,186.1,3.1542372881355933,6.9,10,10
M-25-N-50-pa-0.15-pe-1.00,LinearSearch,25,49,0.15,pegasus,16,8,,,1.0,5.411501598299947,186.1,3.1542372881355933,6.9,10,10
M-25-N-50-pa-0.15-pe-1.00,LinearSearch,25,49,0.15,pegasus,16,9,,,1.0,5.441149157105246,186.1,3.1542372881355933,6.9,10,10
M-25-N-50-pa-0.15-pe-1.00,LinearSearch With Preprocessing,25,49,0.15,pegasus,16,9,,,1.0,5.4403727707045615,186.1,3.1542372881355933,6.9,10,10
M-25-N-50-pa-0.15-pe-1.00,LinearSearch With Preprocessing and Reduced Qubits,25,49,0.15,pegasus,16,9,,,1.0,5.437850425211946,186.1,3.1542372881355933,6.9,10,10
M-25-N-50-pa-0.15-pe-1.00,LinearSearch With Reduced Qubits,25,49,0.15,pegasus,16,2,,,1.0,3.019004085107008,132.6,3.1571428571428575,5.4,10,10
M-25-N-50-pa-0.15-pe-1.00,LinearSearch With Reduced Qubits,25,49,0.15,pegasus,16,3,,,1.0,5.540032251295633,173.5,3.0438596491228074,6.4,10,10
M-25-N-50-pa-0.15-pe-1.00,LinearSearch With Reduced Qubits,25,49,0.15,pegasus,16,4,,,1.0,5.528708568587899,173.5,3.0438596491228074,6.4,10,10
M-25-N-50-pa-0.15-pe-1.00,LinearSearch With Reduced Qubits,25,49,0.15,pegasus,16,5,,,1.0,5.361172594601522,186.1,3.1542372881355933,6.9,10,10
M-25-N-50-pa-0.15-pe-1.00,LinearSearch With Reduced Qubits,25,49,0.15,pegasus,16,6,,,1.0,5.340596309700049,186.1,3.1542372881355933,6.9,10,10
M-25-N-50-pa-0.15-pe-1.00,LinearSearch With Reduced Qubits,25,49,0.15,pegasus,16,7,,,1.0,5.441038446396123,186.1,3.1542372881355933,6.9,10,10
M-25-N-50-pa-0.15-pe-1.00,LinearSearch With Reduced Qubits,25,49,0.15,pegasus,16,8,,,1.0,5.370132322097197,186.1,3.1542372881355933,6.9,10,10
M-25-N-50-pa-0.15-pe-1.00,LinearSearch With Reduced Qubits,25,49,0.15,pegasus,16,9,,,1.0,5.360232102987356,186.1,3.1542372881355933,6.9,10,10
M-25-N-50-pa-0.25-pe-1.00,BinSearch,25,50,0.25,pegasus,16,6,,,1.0,30.98602747269906,637.5,5.1,18.0,10,10
M-25-N-50-pa-0.25-pe-1.00,BinSearch,25,50,0.25,pegasus,16,7,,,1.0,30.951164653297745,637.5,5.1,18.0,10,10
M-25-N-50-pa-0.25-pe-1.00,LinearSearch,25,50,0.25,pegasus,16,2,,,1.0,31.056520498305325,672.7,5.135114503816794,17.3,10,10
M-25-N-50-pa-0.25-pe-1.00,LinearSearch,25,50,0.25,pegasus,16,3,,,1.0,31.149086818814975,672.7,5.135114503816794,17.3,10,10
M-25-N-50-pa-0.25-pe-1.00,LinearSearch,25,50,0.25,pegasus,16,4,,,1.0,31.181380526308203,672.7,5.135114503816794,17.3,10,10
M-25-N-50-pa-0.25-pe-1.00,LinearSearch,25,50,0.25,pegasus,16,5,,,1.0,31.035439705400496,672.7,5.135114503816794,17.3,10,10
M-25-N-50-pa-0.25-pe-1.00,LinearSearch,25,50,0.25,pegasus,16,6,,,1.0,31.036666527308988,672.7,5.135114503816794,17.3,10,10
M-25-N-50-pa-0.25-pe-1.00,LinearSearch,25,50,0.25,pegasus,16,7,,,1.0,31.171950977906818,672.7,5.135114503816794,17.3,10,10
M-25-N-50-pa-0.25-pe-1.00,LinearSearch With Preprocessing,25,50,0.25,pegasus,16,5,,,1.0,31.120267522305948,672.7,5.135114503816794,17.3,10,10
M-25-N-50-pa-0.25-pe-1.00,LinearSearch With Preprocessing,25,50,0.25,pegasus,16,6,,,1.0,31.258021589997224,672.7,5.135114503816794,17.3,10,10
M-25-N-50-pa-0.25-pe-1.00,LinearSearch With Preprocessing,25,50,0.25,pegasus,16,7,,,1.0,31.058925541304053,672.7,5.135114503816794,17.3,10,10
M-25-N-50-pa-0.25-pe-1.00,LinearSearch With Preprocessing and Reduced Qubits,25,50,0.25,pegasus,16,5,,,1.0,31.001839357207064,637.5,5.1,18.0,10,10
M-25-N-50-pa-0.25-pe-1.00,LinearSearch With Preprocessing and Reduced Qubits,25,50,0.25,pegasus,16,6,,,1.0,30.995607417298014,637.5,5.1,18.0,10,10
M-25-N-50-pa-0.25-pe-1.00,LinearSearch With Preprocessing and Reduced Qubits,25,50,0.25,pegasus,16,7,,,1.0,31.037431832688164,637.5,5.1,18.0,10,10
M-25-N-50-pa-0.25-pe-1.00,LinearSearch With Reduced Qubits,25,50,0.25,pegasus,16,2,,,1.0,9.568992873898242,240.0,3.9344262295081966,7.5,10,10
M-25-N-50-pa-0.25-pe-1.00,LinearSearch With Reduced Qubits,25,50,0.25,pegasus,16,3,,,1.0,28.333948053896894,419.6,4.325773195876289,11.5,10,10
M-25-N-50-pa-0.25-pe-1.00,LinearSearch With Reduced Qubits,25,50,0.25,pegasus,16,4,,,1.0,28.394830976385855,419.6,4.325773195876289,11.5,10,10
M-25-N-50-pa-0.25-pe-1.00,LinearSearch With Reduced Qubits,25,50,0.25,pegasus,16,5,,,1.0,31.06012837650487,637.5,5.1,18.0,10,10
M-25-N-50-pa-0.25-pe-1.00,LinearSearch With Reduced Qubits,25,50,0.25,pegasus,16,6,,,1.0,30.951586641289758,637.5,5.1,18.0,10,10
M-25-N-50-pa-0.25-pe-1.00,LinearSearch With Reduced Qubits,25,50,0.25,pegasus,16,7,,,1.0,30.83235108749941,637.5,5.1,18.0,10,10
M-25-N-50-pa-0.35-pe-1.00,BinSearch,25,50,0.35,pegasus,16,4,,,1.0,31.131630467285866,621.0,5.307692307692308,15.9,10,10
M-25-N-50-pa-0.35-pe-1.00,BinSearch,25,50,0.35,pegasus,16,5,,,1.0,33.42149331629626,1031.1,6.404347826086957,27.3,10,10
M-25-N-50-pa-0.35-pe-1.00,LinearSearch,25,50,0.35,pegasus,16,2,,,1.0,33.362521257001205,1282.3,7.045604395604395,33.2,10,10
M-25-N-50-pa-0.35-pe-1.00,LinearSearch,25,50,0.35,pegasus,16,3,,,1.0,33.44442820630502,1282.3,7.045604395604395,33.2,10,10
M-25-N-50-pa-0.35-pe-1.00,LinearSearch,25,50,0.35,pegasus,16,4,,,1.0,33.24577687659185,1282.3,7.045604395604395,33.2,10,10
M-25-N-50-pa-0.35-pe-1.00,LinearSearch,25,50,0.35,pegasus,16,5,,,1.0,33.43445566330338,1282.3,7.045604395604395,33.2,10,10
M-25-N-50-pa-0.35-pe-1.00,LinearSearch With Preprocessing,25,50,0.35,pegasus,16,3,,,1.0,33.353141307487384,1282.3,7.045604395604395,33.2,10,10
M-25-N-50-pa-0.35-pe-1.00,LinearSearch With Preprocessing,25,50,0.35,pegasus,16,4,,,1.0,33.37738272788702,1282.3,7.045604395604395,33.2,10,10
M-25-N-50-pa-0.35-pe-1.00,LinearSearch With Preprocessing,25,50,0.35,pegasus,16,5,,,1.0,33.367762942000994,1282.3,7.045604395604395,33.2,10,10
M-25-N-50-pa-0.35-pe-1.00,LinearSearch With Preprocessing and Reduced Qubits,25,50,0.35,pegasus,16,3,,,1.0,31.321085575898177,621.0,5.307692307692308,15.9,10,10
M-25-N-50-pa-0.35-pe-1.00,LinearSearch With Preprocessing and Reduced Qubits,25,50,0.35,pegasus,16,4,,,1.0,31.417554814799225,620.1,5.3,15.9,10,10
M-25-N-50-pa-0.35-pe-1.00,LinearSearch With Preprocessing and Reduced Qubits,25,50,0.35,pegasus,16,5,,,1.0,33.48669111950439,1031.1,6.404347826086957,27.3,10,10
M-25-N-50-pa-0.35-pe-1.00,LinearSearch With Reduced Qubits,25,50,0.35,pegasus,16,2,,,1.0,18.331469364912483,295.6,4.163380281690141,8.0,10,10
M-25-N-50-pa-0.35-pe-1.00,LinearSearch With Reduced Qubits,25,50,0.35,pegasus,16,3,,,1.0,31.394588709902017,620.1,5.3,15.9,10,10
M-25-N-50-pa-0.35-pe-1.00,LinearSearch With Reduced Qubits,25,50,0.35,pegasus,16,4,,,1.0,31.24240791889024,621.0,5.307692307692308,15.9,10,10
M-25-N-50-pa-0.35-pe-1.00,LinearSearch With Reduced Qubits,25,50,0.35,pegasus,16,5,,,1.0,33.489843051607025,1031.1,6.404347826086957,27.3,10,10
M-25-N-50-pa-0.45-pe-1.00,BinSearch,25,50,0.45,pegasus,16,2,,,1.0,22.279310748894932,338.6,4.514666666666667,8.9,10,10
M-25-N-50-pa-0.45-pe-1.00,BinSearch,25,50,0.45,pegasus,16,3,,,1.0,31.265714885288617,710.4,5.6832,17.5,10,10
M-25-N-50-pa-0.45-pe-1.00,LinearSearch,25,50,0.45,pegasus,16,2,,,1.0,35.19451338200015,1873.5,8.363839285714286,48.5,10,10
M-25-N-50-pa-0.45-pe-1.00,LinearSearch,25,50,0.45,pegasus,16,3,,,1.0,34.2006474977883,1881.3,8.398660714285715,48.8,10,10
M-25-N-50-pa-0.45-pe-1.00,LinearSearch With Preprocessing,25,50,0.45,pegasus,16,2,,,1.0,35.274196706200016,1873.5,8.363839285714286,48.5,10,10
M-25-N-50-pa-0.45-pe-1.00,LinearSearch With Preprocessing,25,50,0.45,pegasus,16,3,,,1.0,35.30163907940732,1873.5,8.363839285714286,48.5,10,10
M-25-N-50-pa-0.45-pe-1.00,LinearSearch With Preprocessing and Reduced Qubits,25,50,0.45,pegasus,16,2,,,1.0,22.258715502003906,338.6,4.514666666666667,8.9,10,10
M-25-N-50-pa-0.45-pe-1.00,LinearSearch With Preprocessing and Reduced Qubits,25,50,0.45,pegasus,16,3,,,1.0,31.149328869197053,710.4,5.6832,17.5,10,10
M-25-N-50-pa-0.45-pe-1.00,LinearSearch With Reduced Qubits,25,50,0.45,pegasus,16,2,,,1.0,22.207657725497846,338.6,4.514666666666667,8.9,10,10
M-25-N-50-pa-0.45-pe-1.00,LinearSearch With Reduced Qubits,25,50,0.45,pegasus,16,3,,,1.0,31.305040774395458,710.4,5.6832,17.5,10,10
M-25-N-50-pa-0.55-pe-1.00,BinSearch,25,50,0.55,pegasus,16,2,,,1.0,20.514048963098322,335.0,4.589041095890411,9.2,10,10
M-25-N-50-pa-0.55-pe-1.00,BinSearch,25,50,0.55,pegasus,16,3,,,1.0,31.29659149799263,679.9,5.61900826446281,16.9,10,10
M-25-N-50-pa-0.55-pe-1.00,LinearSearch,25,50,0.55,pegasus,16,2,,,1.0,34.641454255999996,1812.6,8.164864864864864,43.0,10,10
M-25-N-50-pa-0.55-pe-1.00,LinearSearch,25,50,0.55,pegasus,16,3,,,1.0,34.56171416150173,1812.6,8.164864864864864,43.0,10,10
M-25-N-50-pa-0.55-pe-1.00,LinearSearch With Preprocessing,25,50,0.55,pegasus,16,2,,,1.0,34.61412228150293,1812.6,8.164864864864864,43.0,10,10
M-25-N-50-pa-0.55-pe-1.00,LinearSearch With Preprocessing,25,50,0.55,pegasus,16,3,,,1.0,34.711799009301465,1812.6,8.164864864864864,43.0,10,10
M-25-N-50-pa-0.55-pe-1.00,LinearSearch With Preprocessing and Reduced Qubits,25,50,0.55,pegasus,16,2,,,1.0,20.431365876010386,335.0,4.589041095890411,9.2,10,10
M-25-N-50-pa-0.55-pe-1.00,LinearSearch With Preprocessing and Reduced Qubits,25,50,0.55,pegasus,16,3,,,1.0,31.372830738092308,679.9,5.61900826446281,16.9,10,10
M-25-N-50-pa-0.55-pe-1.00,LinearSearch With Reduced Qubits,25,50,0.55,pegasus,16,2,,,1.0,20.393558346503415,335.0,4.589041095890411,9.2,10,10
M-25-N-50-pa-0.55-pe-1.00,LinearSearch With Reduced Qubits,25,50,0.55,pegasus,16,3,,,1.0,31.184689844201785,679.9,5.61900826446281,16.9,10,10
M-25-N-50-pa-0.65-pe-1.00,BinSearch,25,50,0.65,pegasus,16,2,,,1.0,20.03077475959435,338.4,4.635616438356164,9.5,10,10
M-25-N-50-pa-0.65-pe-1.00,LinearSearch,25,50,0.65,pegasus,16,2,,,1.0,34.565648513910126,2166.8,9.06610878661088,55.2,10,10
M-25-N-50-pa-0.65-pe-1.00,LinearSearch With Preprocessing,25,50,0.65,pegasus,16,2,,,1.0,34.58922564889072,2166.8,9.06610878661088,55.2,10,10
M-25-N-50-pa-0.65-pe-1.00,LinearSearch With Preprocessing and Reduced Qubits,25,50,0.65,pegasus,16,2,,,1.0,19.943650001502828,338.4,4.635616438356164,9.5,10,10
M-25-N-50-pa-0.65-pe-1.00,LinearSearch With Reduced Qubits,25,50,0.65,pegasus,16,2,,,1.0,19.87651613909984,338.4,4.635616438356164,9.5,10,10
M-25-N-50-pa-0.75-pe-1.00,BinSearch,25,50,0.75,pegasus,16,2,,,1.0,23.620358731696616,332.8,4.687323943661972,9.2,10,10
M-25-N-50-pa-0.75-pe-1.00,LinearSearch,25,50,0.75,pegasus,16,2,,,1.0,36.21286592478864,2229.4,9.174485596707818,57.9,10,10
M-25-N-50-pa-0.75-pe-1.00,LinearSearch With Preprocessing,25,50,0.75,pegasus,16,2,,,1.0,36.30867912808899,2229.4,9.174485596707818,57.9,10,10
M-25-N-50-pa-0.75-pe-1.00,LinearSearch With Preprocessing and Reduced Qubits,25,50,0.75,pegasus,16,2,,,1.0,23.664561590220547,332.8,4.687323943661972,9.2,10,10
M-25-N-50-pa-0.75-pe-1.00,LinearSearch With Reduced Qubits,25,50,0.75,pegasus,16,2,,,1.0,23.751289788406574,332.8,4.687323943661972,9.2,10,10
M-25-N-50-pa-0.85-pe-1.00,BinSearch,25,50,0.85,pegasus,16,2,,,1.0,19.95000091031543,300.0,4.615384615384615,8.7,10,10
M-25-N-50-pa-0.85-pe-1.00,LinearSearch,25,50,0.85,pegasus,16,2,,,1.0,34.18007222500164,2019.2,8.974222222222222,48.3,10,10
M-25-N-50-pa-0.85-pe-1.00,LinearSearch With Preprocessing,25,50,0.85,pegasus,16,2,,,1.0,34.23175552139874,2019.2,8.974222222222222,48.3,10,10
M-25-N-50-pa-0.85-pe-1.00,LinearSearch With Preprocessing and Reduced Qubits,25,50,0.85,pegasus,16,2,,,1.0,20.049848571792246,300.0,4.615384615384615,8.7,10,10
M-25-N-50-pa-0.85-pe-1.00,LinearSearch With Reduced Qubits,25,50,0.85,pegasus,16,2,,,1.0,20.037100939988157,300.0,4.615384615384615,8.7,10,10
M-5-N-10-pa-0.05-pe-1.00,BinSearch,5,5,0.05,pegasus,16,3,,,1.0,0.042925009905593434,6.0,1.2,2.0,10,10
M-5-N-10-pa-0.05-pe-1.00,LinearSearch,5,5,0.05,pegasus,16,2,,,1.0,0.04242202970781357,6.0,1.2,2.0,10,10
M-5-N-10-pa-0.05-pe-1.00,LinearSearch,5,5,0.05,pegasus,16,3,,,1.0,0.04214154650107952,6.0,1.2,2.0,10,10
M-5-N-10-pa-0.05-pe-1.00,LinearSearch With Preprocessing,5,5,0.05,pegasus,16,3,,,1.0,0.042171580204740114,6.0,1.2,2.0,10,10
M-5-N-10-pa-0.05-pe-1.00,LinearSearch With Preprocessing and Reduced Qubits,5,5,0.05,pegasus,16,3,,,1.0,0.04247294079395938,6.0,1.2,2.0,10,10
M-5-N-10-pa-0.05-pe-1.00,LinearSearch With Reduced Qubits,5,5,0.05,pegasus,16,2,,,1.0,0.04228614890598687,6.0,1.2,2.0,10,10
M-5-N-10-pa-0.05-pe-1.00,LinearSearch With Reduced Qubits,5,5,0.05,pegasus,16,3,,,1.0,0.04226540810195724,6.0,1.2,2.0,10,10
M-5-N-10-pa-0.15-pe-1.00,BinSearch,4,5,0.15,pegasus,16,4,,,1.0,0.036585791007382754,4.0,1.0,1.0,10,10
M-5-N-10-pa-0.15-pe-1.00,LinearSearch,4,5,0.15,pegasus,16,2,,,1.0,0.03662446290254588,4.0,1.0,1.0,10,10
M-5-N-10-pa-0.15-pe-1.00,LinearSearch,4,5,0.15,pegasus,16,3,,,1.0,0.03664473912212994,4.0,1.0,1.0,10,10
M-5-N-10-pa-0.15-pe-1.00,LinearSearch,4,5,0.15,pegasus,16,4,,,1.0,0.036884358903625916,4.0,1.0,1.0,10,10
M-5-N-10-pa-0.15-pe-1.00,LinearSearch With Preprocessing,4,5,0.15,pegasus,16,4,,,1.0,0.036877396405907294,4.0,1.0,1.0,10,10
M-5-N-10-pa-0.15-pe-1.00,LinearSearch With Preprocessing and Reduced Qubits,4,5,0.15,pegasus,16,4,,,1.0,0.03651256249868306,4.0,1.0,1.0,10,10
M-5-N-10-pa-0.15-pe-1.00,LinearSearch With Reduced Qubits,4,5,0.15,pegasus,16,2,,,1.0,0.03670368340099226,4.0,1.0,1.0,10,10
M-5-N-10-pa-0.15-pe-1.00,LinearSearch With Reduced Qubits,4,5,0.15,pegasus,16,3,,,1.0,0.03642206449876535,4.0,1.0,1.0,10,10
M-5-N-10-pa-0.15-pe-1.00,LinearSearch With Reduced Qubits,4,5,0.15,pegasus,16,4,,,1.0,0.03666786500834854,4.0,1.0,1.0,10,10
M-5-N-10-pa-0.25-pe-1.00,BinSearch,4,6,0.25,pegasus,16,3,,,1.0,0.03658172780997115,4.0,1.0,1.0,10,10
M-5-N-10-pa-0.25-pe-1.00,LinearSearch,4,6,0.25,pegasus,16,2,,,1.0,0.03652615430182772,4.0,1.0,1.0,10,10
M-5-N-10-pa-0.25-pe-1.00,LinearSearch,4,6,0.25,pegasus,16,3,,,1.0,0.03678004930261519,4.0,1.0,1.0,10,10
M-5-N-10-pa-0.25-pe-1.00,LinearSearch With Preprocessing,4,6,0.25,pegasus,16,3,,,1.0,0.03673983010812658,4.0,1.0,1.0,10,10
M-5-N-10-pa-0.25-pe-1.00,LinearSearch With Preprocessing and Reduced Qubits,4,6,0.25,pegasus,16,3,,,1.0,0.03679791498580013,4.0,1.0,1.0,10,10
M-5-N-10-pa-0.25-pe-1.00,LinearSearch With Reduced Qubits,4,6,0.25,pegasus,16,2,,,1.0,0.03655414170934814,4.0,1.0,1.0,10,10
M-5-N-10-pa-0.25-pe-1.00,LinearSearch With Reduced Qubits,4,6,0.25,pegasus,16,3,,,1.0,0.0368744074075948,4.0,1.0,1.0,10,10
M-5-N-10-pa-0.35-pe-1.00,BinSearch,5,9,0.35,pegasus,16,4,,,1.0,0.044115241384133655,7.0,1.1666666666666667,2.0,10,10
M-5-N-10-pa-0.35-pe-1.00,LinearSearch,5,9,0.35,pegasus,16,2,,,1.0,0.04420602220343421,7.0,1.1666666666666667,2.0,10,10
M-5-N-10-pa-0.35-pe-1.00,LinearSearch,5,9,0.35,pegasus,16,3,,,1.0,0.044423906592419335,7.0,1.1666666666666667,2.0,10,10
M-5-N-10-pa-0.35-pe-1.00,LinearSearch,5,9,0.35,pegasus,16,4,,,1.0,0.04445943120517764,7.0,1.1666666666666667,2.0,10,10
M-5-N-10-pa-0.35-pe-1.00,LinearSearch With Preprocessing,5,9,0.35,pegasus,16,4,,,1.0,0.044346329907420975,7.0,1.1666666666666667,2.0,10,10
M-5-N-10-pa-0.35-pe-1.00,LinearSearch With Preprocessing and Reduced Qubits,5,9,0.35,pegasus,16,4,,,1.0,0.04451175740105097,7.0,1.1666666666666667,2.0,10,10
M-5-N-10-pa-0.35-pe-1.00,LinearSearch With Reduced Qubits,5,9,0.35,pegasus,16,2,,,1.0,0.044452065892983186,7.0,1.1666666666666667,2.0,10,10
M-5-N-10-pa-0.35-pe-1.00,LinearSearch With Reduced Qubits,5,9,0.35,pegasus,16,3,,,1.0,0.04432335509918625,7.0,1.1666666666666667,2.0,10,10
M-5-N-10-pa-0.35-pe-1.00,LinearSearch With Reduced Qubits,5,9,0.35,pegasus,16,4,,,1.0,0.04449858479783866,7.0,1.1666666666666667,2.0,10,10
M-5-N-10-pa-0.45-pe-1.00,BinSearch,5,10,0.45,pegasus,16,3,,,1.0,0.05136286139604633,11.0,1.2222222222222223,2.0,10,10
M-5-N-10-pa-0.45-pe-1.00,LinearSearch,5,10,0.45,pegasus,16,2,,,1.0,0.05114601990790102,11.0,1.2222222222222223,2.0,10,10
M-5-N-10-pa-0.45-pe-1.00,LinearSearch,5,10,0.45,pegasus,16,3,,,1.0,0.05133834191365163,11.0,1.2222222222222223,2.0,10,10
M-5-N-10-pa-0.45-pe-1.00,LinearSearch With Preprocessing,5,10,0.45,pegasus,16,3,,,1.0,0.0512894899002276,11.0,1.2222222222222223,2.0,10,10
M-5-N-10-pa-0.45-pe-1.00,LinearSearch With Preprocessing and Reduced Qubits,5,10,0.45,pegasus,16,3,,,1.0,0.05134260259801517,11.0,1.2222222222222223,2.0,10,10
M-5-N-10-pa-0.45-pe-1.00,LinearSearch With Reduced Qubits,5,10,0.45,pegasus,16,2,,,1.0,0.051395262707956094,11.0,1.2222222222222223,2.0,10,10
M-5-N-10-pa-0.45-pe-1.00,LinearSearch With Reduced Qubits,5,10,0.45,pegasus,16,3,,,1.0,0.05113644790835673,11.0,1.2222222222222223,2.0,10,10
M-5-N-10-pa-0.55-pe-1.00,BinSearch,5,7,0.55,pegasus,16,2,,,1.0,0.057127548195421665,11.1,1.2333333333333334,2.0,10,10
M-5-N-10-pa-0.55-pe-1.00,LinearSearch,5,7,0.55,pegasus,16,2,,,1.0,0.07181087231147099,14.4,1.309090909090909,2.2,10,10
M-5-N-10-pa-0.55-pe-1.00,LinearSearch With Preprocessing,5,7,0.55,pegasus,16,2,,,1.0,0.07169053482357408,14.4,1.309090909090909,2.2,10,10
M-5-N-10-pa-0.55-pe-1.00,LinearSearch With Preprocessing and Reduced Qubits,5,7,0.55,pegasus,16,2,,,1.0,0.05744884510058903,11.1,1.2333333333333334,2.0,10,10
M-5-N-10-pa-0.55-pe-1.00,LinearSearch With Reduced Qubits,5,7,0.55,pegasus,16,2,,,1.0,0.056997843290446285,11.1,1.2333333333333334,2.0,10,10
M-5-N-10-pa-0.65-pe-1.00,BinSearch,5,9,0.65,pegasus,16,2,,,1.0,0.05995928869815539,12.2,1.22,2.0,10,10
M-5-N-10-pa-0.65-pe-1.00,LinearSearch,5,9,0.65,pegasus,16,2,,,1.0,0.07715618039947,16.9,1.3,2.0,10,10
M-5-N-10-pa-0.65-pe-1.00,LinearSearch With Preprocessing,5,9,0.65,pegasus,16,2,,,1.0,0.07709912930731658,16.9,1.3,2.0,10,10
M-5-N-10-pa-0.65-pe-1.00,LinearSearch With Preprocessing and Reduced Qubits,5,9,0.65,pegasus,16,2,,,1.0,0.05964319331105794,12.2,1.22,2.0,10,10
M-5-N-10-pa-0.65-pe-1.00,LinearSearch With Reduced Qubits,5,9,0.65,pegasus,16,2,,,1.0,0.059630618290975636,12.2,1.22,2.0,10,10
M-5-N-10-pa-0.75-pe-1.00,BinSearch,5,8,0.75,pegasus,16,2,,,1.0,0.05734383890521708,11.0,1.2222222222222223,2.0,10,10
M-5-N-10-pa-0.75-pe-1.00,LinearSearch,5,8,0.75,pegasus,16,2,,,1.0,0.07826854619779622,16.1,1.3416666666666666,2.1,10,10
M-5-N-10-pa-0.75-pe-1.00,LinearSearch With Preprocessing,5,8,0.75,pegasus,16,2,,,1.0,0.07824303959496316,16.1,1.3416666666666666,2.1,10,10
M-5-N-10-pa-0.75-pe-1.00,LinearSearch With Preprocessing and Reduced Qubits,5,8,0.75,pegasus,16,2,,,1.0,0.0570797884895,11.0,1.2222222222222223,2.0,10,10
M-5-N-10-pa-0.75-pe-1.00,LinearSearch With Reduced Qubits,5,8,0.75,pegasus,16,2,,,1.0,0.05729466851917092,11.0,1.2222222222222223,2.0,10,10
M-5-N-25-pa-0.05-pe-1.00,BinSearch,5,10,0.05,pegasus,16,5,,,1.0,0.042437217303086014,6.0,1.2,2.0,10,10
M-5-N-25-pa-0.05-pe-1.00,LinearSearch,5,10,0.05,pegasus,16,2,,,1.0,0.04255404578871088,6.0,1.2,2.0,10,10
M-5-N-25-pa-0.05-pe-1.00,LinearSearch,5,10,0.05,pegasus,16,3,,,1.0,0.04241185741266232,6.0,1.2,2.0,10,10
M-5-N-25-pa-0.05-pe-1.00,LinearSearch,5,10,0.05,pegasus,16,4,,,1.0,0.04241607529111202,6.0,1.2,2.0,10,10
M-5-N-25-pa-0.05-pe-1.00,LinearSearch,5,10,0.05,pegasus,16,5,,,1.0,0.04262212589965196,6.0,1.2,2.0,10,10
M-5-N-25-pa-0.05-pe-1.00,LinearSearch With Preprocessing,5,10,0.05,pegasus,16,5,,,1.0,0.04239198309951458,6.0,1.2,2.0,10,10
M-5-N-25-pa-0.05-pe-1.00,LinearSearch With Preprocessing and Reduced Qubits,5,10,0.05,pegasus,16,5,,,1.0,0.04246097829309287,6.0,1.2,2.0,10,10
M-5-N-25-pa-0.05-pe-1.00,LinearSearch With Reduced Qubits,5,10,0.05,pegasus,16,2,,,1.0,0.042372856003930745,6.0,1.2,2.0,10,10
M-5-N-25-pa-0.05-pe-1.00,LinearSearch With Reduced Qubits,5,10,0.05,pegasus,16,3,,,1.0,0.042170662299031346,6.0,1.2,2.0,10,10
M-5-N-25-pa-0.05-pe-1.00,LinearSearch With Reduced Qubits,5,10,0.05,pegasus,16,4,,,1.0,0.04237513260450211,6.0,1.2,2.0,10,10
M-5-N-25-pa-0.05-pe-1.00,LinearSearch With Reduced Qubits,5,10,0.05,pegasus,16,5,,,1.0,0.04252927979687223,6.0,1.2,2.0,10,10
M-5-N-25-pa-0.15-pe-1.00,BinSearch,5,10,0.15,pegasus,16,5,,,1.0,0.04194406031747343,6.0,1.2,2.0,10,10
M-5-N-25-pa-0.15-pe-1.00,LinearSearch,5,10,0.15,pegasus,16,2,,,1.0,0.04202118320390577,6.0,1.2,2.0,10,10
M-5-N-25-pa-0.15-pe-1.00,LinearSearch,5,10,0.15,pegasus,16,3,,,1.0,0.041839383402839256,6.0,1.2,2.0,10,10
M-5-N-25-pa-0.15-pe-1.00,LinearSearch,5,10,0.15,pegasus,16,4,,,1.0,0.04187472690246063,6.0,1.2,2.0,10,10
M-5-N-25-pa-0.15-pe-1.00,LinearSearch,5,10,0.15,pegasus,16,5,,,1.0,0.04216570999706159,6.0,1.2,2.0,10,10
M-5-N-25-pa-0.15-pe-1.00,LinearSearch With Preprocessing,5,10,0.15,pegasus,16,5,,,1.0,0.04192244830192063,6.0,1.2,2.0,10,10
M-5-N-25-pa-0.15-pe-1.00,LinearSearch With Preprocessing and Reduced Qubits,5,10,0.15,pegasus,16,5,,,1.0,0.04207765969331371,6.0,1.2,2.0,10,10
M-5-N-25-pa-0.15-pe-1.00,LinearSearch With Reduced Qubits,5,10,0.15,pegasus,16,2,,,1.0,0.04178471220075148,6.0,1.2,2.0,10,10
M-5-N-25-pa-0.15-pe-1.00,LinearSearch With Reduced Qubits,5,10,0.15,pegasus,16,3,,,1.0,0.04191316160140554,6.0,1.2,2.0,10,10
M-5-N-25-pa-0.15-pe-1.00,LinearSearch With Reduced Qubits,5,10,0.15,pegasus,16,4,,,1.0,0.04218039349070747,6.0,1.2,2.0,10,10
M-5-N-25-pa-0.15-pe-1.00,LinearSearch With Reduced Qubits,5,10,0.15,pegasus,16,5,,,1.0,0.04227341000223528,6.0,1.2,2.0,10,10
M-5-N-25-pa-0.25-pe-1.00,BinSearch,5,12,0.25,pegasus,16,5,,,1.0,0.042363813886186055,6.0,1.2,2.0,10,10
M-5-N-25-pa-0.25-pe-1.00,LinearSearch,5,12,0.25,pegasus,16,2,,,1.0,0.0422200141998473,6.0,1.2,2.0,10,10
M-5-N-25-pa-0.25-pe-1.00,LinearSearch,5,12,0.25,pegasus,16,3,,,1.0,0.04263340689940373,6.0,1.2,2.0,10,10
M-5-N-25-pa-0.25-pe-1.00,LinearSearch,5,12,0.25,pegasus,16,4,,,1.0,0.04245174439856778,6.0,1.2,2.0,10,10
M-5-N-25-pa-0.25-pe-1.00,LinearSearch,5,12,0.25,pegasus,16,5,,,1.0,0.04243734558694993,6.0,1.2,2.0,10,10
M-5-N-25-pa-0.25-pe-1.00,LinearSearch With Preprocessing,5,12,0.25,pegasus,16,5,,,1.0,0.042041674093343265,6.0,1.2,2.0,10,10
M-5-N-25-pa-0.25-pe-1.00,LinearSearch With Preprocessing and Reduced Qubits,5,12,0.25,pegasus,16,5,,,1.0,0.04259113799780602,6.0,1.2,2.0,10,10
M-5-N-25-pa-0.25-pe-1.00,LinearSearch With Reduced Qubits,5,12,0.25,pegasus,16,2,,,1.0,0.04260116120567542,6.0,1.2,2.0,10,10
M-5-N-25-pa-0.25-pe-1.00,LinearSearch With Reduced Qubits,5,12,0.25,pegasus,16,3,,,1.0,0.04259117280598726,6.0,1.2,2.0,10,10
M-5-N-25-pa-0.25-pe-1.00,LinearSearch With Reduced Qubits,5,12,0.25,pegasus,16,4,,,1.0,0.04245544700534079,6.0,1.2,2.0,10,10
M-5-N-25-pa-0.25-pe-1.00,LinearSearch With Reduced Qubits,5,12,0.25,pegasus,16,5,,,1.0,0.04249494430841873,6.0,1.2,2.0,10,10
M-5-N-25-pa-0.35-pe-1.00,BinSearch,5,14,0.35,pegasus,16,4,,,1.0,0.04202278798911715,6.0,1.2,2.0,10,10
M-5-N-25-pa-0.35-pe-1.00,LinearSearch,5,14,0.35,pegasus,16,2,,,1.0,0.04210782691370693,6.0,1.2,2.0,10,10
M-5-N-25-pa-0.35-pe-1.00,LinearSearch,5,14,0.35,pegasus,16,3,,,1.0,0.042154420987935697,6.0,1.2,2.0,10,10
M-5-N-25-pa-0.35-pe-1.00,LinearSearch,5,14,0.35,pegasus,16,4,,,1.0,0.04198771299561481,6.0,1.2,2.0,10,10
M-5-N-25-pa-0.35-pe-1.00,LinearSearch With Preprocessing,5,14,0.35,pegasus,16,4,,,1.0,0.04223974389024074,6.0,1.2,2.0,10,10
M-5-N-25-pa-0.35-pe-1.00,LinearSearch With Preprocessing and Reduced Qubits,5,14,0.35,pegasus,16,4,,,1.0,0.04197516259737308,6.0,1.2,2.0,10,10
M-5-N-25-pa-0.35-pe-1.00,LinearSearch With Reduced Qubits,5,14,0.35,pegasus,16,2,,,1.0,0.041968532494502095,6.0,1.2,2.0,10,10
M-5-N-25-pa-0.35-pe-1.00,LinearSearch With Reduced Qubits,5,14,0.35,pegasus,16,3,,,1.0,0.04235243200091641,6.0,1.2,2.0,10,10
M-5-N-25-pa-0.35-pe-1.00,LinearSearch With Reduced Qubits,5,14,0.35,pegasus,16,4,,,1.0,0.04203206860111091,6.0,1.2,2.0,10,10
M-5-N-25-pa-0.45-pe-1.00,BinSearch,5,15,0.45,pegasus,16,4,,,1.0,0.044143145007546944,7.0,1.1666666666666667,2.0,10,10
M-5-N-25-pa-0.45-pe-1.00,LinearSearch,5,15,0.45,pegasus,16,2,,,1.0,0.044335022300947394,7.0,1.1666666666666667,2.0,10,10
M-5-N-25-pa-0.45-pe-1.00,LinearSearch,5,15,0.45,pegasus,16,3,,,1.0,0.04399920580326575,7.0,1.1666666666666667,2.0,10,10
M-5-N-25-pa-0.45-pe-1.00,LinearSearch,5,15,0.45,pegasus,16,4,,,1.0,0.0442015337059274,7.0,1.1666666666666667,2.0,10,10
M-5-N-25-pa-0.45-pe-1.00,LinearSearch With Preprocessing,5,15,0.45,pegasus,16,4,,,1.0,0.04423751279828133,7.0,1.1666666666666667,2.0,10,10
M-5-N-25-pa-0.45-pe-1.00,LinearSearch With Preprocessing and Reduced Qubits,5,15,0.45,pegasus,16,4,,,1.0,0.04405478271073657,7.0,1.1666666666666667,2.0,10,10
M-5-N-25-pa-0.45-pe-1.00,LinearSearch With Reduced Qubits,5,15,0.45,pegasus,16,2,,,1.0,0.0444289854902308,7.0,1.1666666666666667,2.0,10,10
M-5-N-25-pa-0.45-pe-1.00,LinearSearch With Reduced Qubits,5,15,0.45,pegasus,16,3,,,1.0,0.044116966897854534,7.0,1.1666666666666667,2.0,10,10
M-5-N-25-pa-0.45-pe-1.00,LinearSearch With Reduced Qubits,5,15,0.45,pegasus,16,4,,,1.0,0.04425622709677549,7.0,1.1666666666666667,2.0,10,10
M-5-N-25-pa-0.55-pe-1.00,BinSearch,5,20,0.55,pegasus,16,4,,,1.0,0.04386301069171164,7.0,1.1666666666666667,2.0,10,10
M-5-N-25-pa-0.55-pe-1.00,LinearSearch,5,20,0.55,pegasus,16,2,,,1.0,0.0440378049970604,7.0,1.1666666666666667,2.0,10,10
M-5-N-25-pa-0.55-pe-1.00,LinearSearch,5,20,0.55,pegasus,16,3,,,1.0,0.04407204220187846,7.0,1.1666666666666667,2.0,10,10
M-5-N-25-pa-0.55-pe-1.00,LinearSearch,5,20,0.55,pegasus,16,4,,,1.0,0.04408027000608849,7.0,1.1666666666666667,2.0,10,10
M-5-N-25-pa-0.55-pe-1.00,LinearSearch With Preprocessing,5,20,0.55,pegasus,16,4,,,1.0,0.04392704160418358,7.0,1.1666666666666667,2.0,10,10
M-5-N-25-pa-0.55-pe-1.00,LinearSearch With Preprocessing and Reduced Qubits,5,20,0.55,pegasus,16,4,,,1.0,0.04418173590674992,7.0,1.1666666666666667,2.0,10,10
M-5-N-25-pa-0.55-pe-1.00,LinearSearch With Reduced Qubits,5,20,0.55,pegasus,16,2,,,1.0,0.04407143919961524,7.0,1.1666666666666667,2.0,10,10
M-5-N-25-pa-0.55-pe-1.00,LinearSearch With Reduced Qubits,5,20,0.55,pegasus,16,3,,,1.0,0.0441217979008797,7.0,1.1666666666666667,2.0,10,10
M-5-N-25-pa-0.55-pe-1.00,LinearSearch With Reduced Qubits,5,20,0.55,pegasus,16,4,,,1.0,0.04406656260252926,7.0,1.1666666666666667,2.0,10,10
M-5-N-25-pa-0.65-pe-1.00,BinSearch,5,18,0.65,pegasus,16,3,,,1.0,0.04732623161398803,8.3,1.1857142857142857,2.0,10,10
M-5-N-25-pa-0.65-pe-1.00,LinearSearch,5,18,0.65,pegasus,16,2,,,1.0,0.04722851970000188,8.3,1.1857142857142857,2.0,10,10
M-5-N-25-pa-0.65-pe-1.00,LinearSearch,5,18,0.65,pegasus,16,3,,,1.0,0.04742688509286378,8.3,1.1857142857142857,2.0,10,10
M-5-N-25-pa-0.65-pe-1.00,LinearSearch With Preprocessing,5,18,0.65,pegasus,16,3,,,1.0,0.04742225920199413,8.3,1.1857142857142857,2.0,10,10
M-5-N-25-pa-0.65-pe-1.00,LinearSearch With Preprocessing and Reduced Qubits,5,18,0.65,pegasus,16,3,,,1.0,0.04710451600258234,8.3,1.1857142857142857,2.0,10,10
M-5-N-25-pa-0.65-pe-1.00,LinearSearch With Reduced Qubits,5,18,0.65,pegasus,16,2,,,1.0,0.04724614431033838,8.3,1.1857142857142857,2.0,10,10
M-5-N-25-pa-0.65-pe-1.00,LinearSearch With Reduced Qubits,5,18,0.65,pegasus,16,3,,,1.0,0.04736105300253255,8.3,1.1857142857142857,2.0,10,10
M-5-N-25-pa-0.75-pe-1.00,BinSearch,5,12,0.75,pegasus,16,2,,,1.0,0.05488451760611492,12.0,1.2,2.0,10,10
M-5-N-25-pa-0.75-pe-1.00,LinearSearch,5,12,0.75,pegasus,16,2,,,1.0,0.05465730900759806,12.0,1.2,2.0,10,10
M-5-N-25-pa-0.75-pe-1.00,LinearSearch With Preprocessing,5,12,0.75,pegasus,16,2,,,1.0,0.05481563170906151,12.0,1.2,2.0,10,10
M-5-N-25-pa-0.75-pe-1.00,LinearSearch With Preprocessing and Reduced Qubits,5,12,0.75,pegasus,16,2,,,1.0,0.05453139109886246,12.0,1.2,2.0,10,10
M-5-N-25-pa-0.75-pe-1.00,LinearSearch With Reduced Qubits,5,12,0.75,pegasus,16,2,,,1.0,0.05475446130149062,12.0,1.2,2.0,10,10
M-5-N-25-pa-0.85-pe-1.00,BinSearch,5,10,0.85,pegasus,16,2,,,1.0,0.06689581250539045,12.8,1.28,2.1,10,10
M-5-N-25-pa-0.85-pe-1.00,LinearSearch,5,10,0.85,pegasus,16,2,,,1.0,0.1026658474875148,21.1,1.4066666666666667,2.5,10,10
M-5-N-25-pa-0.85-pe-1.00,LinearSearch With Preprocessing,5,10,0.85,pegasus,16,2,,,1.0,0.10245532629778605,21.1,1.4066666666666667,2.5,10,10
M-5-N-25-pa-0.85-pe-1.00,LinearSearch With Preprocessing and Reduced Qubits,5,10,0.85,pegasus,16,2,,,1.0,0.06695265498710792,12.8,1.28,2.1,10,10
M-5-N-25-pa-0.85-pe-1.00,LinearSearch With Reduced Qubits,5,10,0.85,pegasus,16,2,,,1.0,0.06727334560127925,12.8,1.28,2.1,10,10
M-5-N-5-pa-0.05-pe-1.00,BinSearch,2,2,0.05,pegasus,16,2,,,1.0,0.03214850720833051,2.0,1.0,1.0,10,10
M-5-N-5-pa-0.05-pe-1.00,LinearSearch,2,2,0.05,pegasus,16,2,,,1.0,0.03230226911255153,2.0,1.0,1.0,10,10
M-5-N-5-pa-0.05-pe-1.00,LinearSearch With Preprocessing,2,2,0.05,pegasus,16,2,,,1.0,0.0320180603070184,2.0,1.0,1.0,10,10
M-5-N-5-pa-0.05-pe-1.00,LinearSearch With Preprocessing and Reduced Qubits,2,2,0.05,pegasus,16,2,,,1.0,0.03187767640338274,2.0,1.0,1.0,10,10
M-5-N-5-pa-0.05-pe-1.00,LinearSearch With Reduced Qubits,2,2,0.05,pegasus,16,2,,,1.0,0.03213330790749748,2.0,1.0,1.0,10,10
M-5-N-5-pa-0.15-pe-1.00,BinSearch,4,4,0.15,pegasus,16,4,,,1.0,0.03679297099588434,4.0,1.0,1.0,10,10
M-5-N-5-pa-0.15-pe-1.00,LinearSearch,4,4,0.15,pegasus,16,2,,,1.0,0.03659518981003198,4.0,1.0,1.0,10,10
M-5-N-5-pa-0.15-pe-1.00,LinearSearch,4,4,0.15,pegasus,16,3,,,1.0,0.03639112999662753,4.0,1.0,1.0,10,10
M-5-N-5-pa-0.15-pe-1.00,LinearSearch,4,4,0.15,pegasus,16,4,,,1.0,0.03679086080519477,4.0,1.0,1.0,10,10
M-5-N-5-pa-0.15-pe-1.00,LinearSearch With Preprocessing,4,4,0.15,pegasus,16,4,,,1.0,0.036825224594213016,4.0,1.0,1.0,10,10
M-5-N-5-pa-0.15-pe-1.00,LinearSearch With Preprocessing and Reduced Qubits,4,4,0.15,pegasus,16,4,,,1.0,0.03669013319886285,4.0,1.0,1.0,10,10
M-5-N-5-pa-0.15-pe-1.00,LinearSearch With Reduced Qubits,4,4,0.15,pegasus,16,2,,,1.0,0.03661982709891158,4.0,1.0,1.0,10,10
M-5-N-5-pa-0.15-pe-1.00,LinearSearch With Reduced Qubits,4,4,0.15,pegasus,16,3,,,1.0,0.03669571020291182,4.0,1.0,1.0,10,10
M-5-N-5-pa-0.15-pe-1.00,LinearSearch With Reduced Qubits,4,4,0.15,pegasus,16,4,,,1.0,0.03679949770448725,4.0,1.0,1.0,10,10
M-5-N-5-pa-0.25-pe-1.00,BinSearch,5,5,0.25,pegasus,16,4,,,1.0,0.044195330596994556,7.0,1.1666666666666667,2.0,10,10
M-5-N-5-pa-0.25-pe-1.00,LinearSearch,5,5,0.25,pegasus,16,2,,,1.0,0.043973096908302936,7.0,1.1666666666666667,2.0,10,10
M-5-N-5-pa-0.25-pe-1.00,LinearSearch,5,5,0.25,pegasus,16,3,,,1.0,0.04431310009676957,7.0,1.1666666666666667,2.0,10,10
M-5-N-5-pa-0.25-pe-1.00,LinearSearch,5,5,0.25,pegasus,16,4,,,1.0,0.04405002141720611,7.0,1.1666666666666667,2.0,10,10
M-5-N-5-pa-0.25-pe-1.00,LinearSearch With Preprocessing,5,5,0.25,pegasus,16,4,,,1.0,0.04402330769808027,7.0,1.1666666666666667,2.0,10,10
M-5-N-5-pa-0.25-pe-1.00,LinearSearch With Preprocessing and Reduced Qubits,5,5,0.25,pegasus,16,4,,,1.0,0.04421118518803265,7.0,1.1666666666666667,2.0,10,10
M-5-N-5-pa-0.25-pe-1.00,LinearSearch With Reduced Qubits,5,5,0.25,pegasus,16,2,,,1.0,0.044227912899805176,7.0,1.1666666666666667,2.0,10,10
M-5-N-5-pa-0.25-pe-1.00,LinearSearch With Reduced Qubits,5,5,0.25,pegasus,16,3,,,1.0,0.04430432100198228,7.0,1.1666666666666667,2.0,10,10
M-5-N-5-pa-0.25-pe-1.00,LinearSearch With Reduced Qubits,5,5,0.25,pegasus,16,4,,,1.0,0.04434964010142717,7.0,1.1666666666666667,2.0,10,10
M-5-N-5-pa-0.35-pe-1.00,BinSearch,5,5,0.35,pegasus,16,2,,,1.0,0.042410700209438754,6.0,1.2,2.0,10,10
M-5-N-5-pa-0.35-pe-1.00,LinearSearch,5,5,0.35,pegasus,16,2,,,1.0,0.04232171539333645,6.0,1.2,2.0,10,10
M-5-N-5-pa-0.35-pe-1.00,LinearSearch With Preprocessing,5,5,0.35,pegasus,16,2,,,1.0,0.04222698770463463,6.0,1.2,2.0,10,10
M-5-N-5-pa-0.35-pe-1.00,LinearSearch With Preprocessing and Reduced Qubits,5,5,0.35,pegasus,16,2,,,1.0,0.04213542810175564,6.0,1.2,2.0,10,10
M-5-N-5-pa-0.35-pe-1.00,LinearSearch With Reduced Qubits,5,5,0.35,pegasus,16,2,,,1.0,0.04223740110173818,6.0,1.2,2.0,10,10
M-5-N-5-pa-0.45-pe-1.00,BinSearch,4,4,0.45,pegasus,16,2,,,1.0,0.04071991531527596,5.2,1.04,1.2,10,10
M-5-N-5-pa-0.45-pe-1.00,LinearSearch,4,4,0.45,pegasus,16,2,,,1.0,0.040298519103089306,5.2,1.04,1.2,10,10
M-5-N-5-pa-0.45-pe-1.00,LinearSearch With Preprocessing,4,4,0.45,pegasus,16,2,,,1.0,0.04016312969033601,5.2,1.04,1.2,10,10
M-5-N-5-pa-0.45-pe-1.00,LinearSearch With Preprocessing and Reduced Qubits,4,4,0.45,pegasus,16,2,,,1.0,0.04031907469034192,5.2,1.04,1.2,10,10
M-5-N-5-pa-0.45-pe-1.00,LinearSearch With Reduced Qubits,4,4,0.45,pegasus,16,2,,,1.0,0.04040452291374091,5.2,1.04,1.2,10,10
M-5-N-50-pa-0.05-pe-1.00,BinSearch,5,8,0.05,pegasus,16,5,,,1.0,0.04279977930709715,6.0,1.2,2.0,10,10
M-5-N-50-pa-0.05-pe-1.00,LinearSearch,5,8,0.05,pegasus,16,2,,,1.0,0.04250396749121132,6.0,1.2,2.0,10,10
M-5-N-50-pa-0.05-pe-1.00,LinearSearch,5,8,0.05,pegasus,16,3,,,1.0,0.04247438699821937,6.0,1.2,2.0,10,10
M-5-N-50-pa-0.05-pe-1.00,LinearSearch,5,8,0.05,pegasus,16,4,,,1.0,0.04234750898904162,6.0,1.2,2.0,10,10
M-5-N-50-pa-0.05-pe-1.00,LinearSearch,5,8,0.05,pegasus,16,5,,,1.0,0.04240130808902901,6.0,1.2,2.0,10,10
M-5-N-50-pa-0.05-pe-1.00,LinearSearch With Preprocessing,5,8,0.05,pegasus,16,5,,,1.0,0.04250655181240285,6.0,1.2,2.0,10,10
M-5-N-50-pa-0.05-pe-1.00,LinearSearch With Preprocessing and Reduced Qubits,5,8,0.05,pegasus,16,5,,,1.0,0.04228463869076217,6.0,1.2,2.0,10,10
M-5-N-50-pa-0.05-pe-1.00,LinearSearch With Reduced Qubits,5,8,0.05,pegasus,16,2,,,1.0,0.042345345398643944,6.0,1.2,2.0,10,10
M-5-N-50-pa-0.05-pe-1.00,LinearSearch With Reduced Qubits,5,8,0.05,pegasus,16,3,,,1.0,0.042759461095556575,6.0,1.2,2.0,10,10
M-5-N-50-pa-0.05-pe-1.00,LinearSearch With Reduced Qubits,5,8,0.05,pegasus,16,4,,,1.0,0.04226074890466403,6.0,1.2,2.0,10,10
M-5-N-50-pa-0.05-pe-1.00,LinearSearch With Reduced Qubits,5,8,0.05,pegasus,16,5,,,1.0,0.04229758620494972,6.0,1.2,2.0,10,10
M-5-N-50-pa-0.15-pe-1.00,BinSearch,5,16,0.15,pegasus,16,5,,,1.0,0.04215306119876908,6.0,1.2,2.0,10,10
M-5-N-50-pa-0.15-pe-1.00,LinearSearch,5,16,0.15,pegasus,16,2,,,1.0,0.04226979609811675,6.0,1.2,2.0,10,10
M-5-N-50-pa-0.15-pe-1.00,LinearSearch,5,16,0.15,pegasus,16,3,,,1.0,0.0422799286083318,6.0,1.2,2.0,10,10
M-5-N-50-pa-0.15-pe-1.00,LinearSearch,5,16,0.15,pegasus,16,4,,,1.0,0.04228527671075421,6.0,1.2,2.0,10,10
M-5-N-50-pa-0.15-pe-1.00,LinearSearch,5,16,0.15,pegasus,16,5,,,1.0,0.042077472299570165,6.0,1.2,2.0,10,10
M-5-N-50-pa-0.15-pe-1.00,LinearSearch With Preprocessing,5,16,0.15,pegasus,16,5,,,1.0,0.042058497393736585,6.0,1.2,2.0,10,10
M-5-N-50-pa-0.15-pe-1.00,LinearSearch With Preprocessing and Reduced Qubits,5,16,0.15,pegasus,16,5,,,1.0,0.04187617780407888,6.0,1.2,2.0,10,10
M-5-N-50-pa-0.15-pe-1.00,LinearSearch With Reduced Qubits,5,16,0.15,pegasus,16,2,,,1.0,0.042196148110087914,6.0,1.2,2.0,10,10
M-5-N-50-pa-0.15-pe-1.00,LinearSearch With Reduced Qubits,5,16,0.15,pegasus,16,3,,,1.0,0.04180716180708255,6.0,1.2,2.0,10,10
M-5-N-50-pa-0.15-pe-1.00,LinearSearch With Reduced Qubits,5,16,0.15,pegasus,16,4,,,1.0,0.04232100069639269,6.0,1.2,2.0,10,10
M-5-N-50-pa-0.15-pe-1.00,LinearSearch With Reduced Qubits,5,16,0.15,pegasus,16,5,,,1.0,0.04216504879295821,6.0,1.2,2.0,10,10
M-5-N-50-pa-0.25-pe-1.00,BinSearch,5,19,0.25,pegasus,16,5,,,1.0,0.042485233495244704,6.0,1.2,2.0,10,10
M-5-N-50-pa-0.25-pe-1.00,LinearSearch,5,19,0.25,pegasus,16,2,,,1.0,0.04254858590429645,6.0,1.2,2.0,10,10
M-5-N-50-pa-0.25-pe-1.00,LinearSearch,5,19,0.25,pegasus,16,3,,,1.0,0.04227424600976515,6.0,1.2,2.0,10,10
M-5-N-50-pa-0.25-pe-1.00,LinearSearch,5,19,0.25,pegasus,16,4,,,1.0,0.042281123489374225,6.0,1.2,2.0,10,10
M-5-N-50-pa-0.25-pe-1.00,LinearSearch,5,19,0.25,pegasus,16,5,,,1.0,0.04241675689700055,6.0,1.2,2.0,10,10
M-5-N-50-pa-0.25-pe-1.00,LinearSearch With Preprocessing,5,19,0.25,pegasus,16,5,,,1.0,0.042321452480973645,6.0,1.2,2.0,10,10
M-5-N-50-pa-0.25-pe-1.00,LinearSearch With Preprocessing and Reduced Qubits,5,19,0.25,pegasus,16,5,,,1.0,0.04230064710718574,6.0,1.2,2.0,10,10
M-5-N-50-pa-0.25-pe-1.00,LinearSearch With Reduced Qubits,5,19,0.25,pegasus,16,2,,,1.0,0.04235151502070944,6.0,1.2,2.0,10,10
M-5-N-50-pa-0.25-pe-1.00,LinearSearch With Reduced Qubits,5,19,0.25,pegasus,16,3,,,1.0,0.04237066599889655,6.0,1.2,2.0,10,10
M-5-N-50-pa-0.25-pe-1.00,LinearSearch With Reduced Qubits,5,19,0.25,pegasus,16,4,,,1.0,0.04265422379248771,6.0,1.2,2.0,10,10
M-5-N-50-pa-0.25-pe-1.00,LinearSearch With Reduced Qubits,5,19,0.25,pegasus,16,5,,,1.0,0.04254380739293989,6.0,1.2,2.0,10,10
M-5-N-50-pa-0.35-pe-1.00,BinSearch,5,22,0.35,pegasus,16,5,,,1.0,0.042063633305951906,6.0,1.2,2.0,10,10
M-5-N-50-pa-0.35-pe-1.00,LinearSearch,5,22,0.35,pegasus,16,2,,,1.0,0.04213048860547129,6.0,1.2,2.0,10,10
M-5-N-50-pa-0.35-pe-1.00,LinearSearch,5,22,0.35,pegasus,16,3,,,1.0,0.042242986394558056,6.0,1.2,2.0,10,10
M-5-N-50-pa-0.35-pe-1.00,LinearSearch,5,22,0.35,pegasus,16,4,,,1.0,0.04260628500487651,6.0,1.2,2.0,10,10
M-5-N-50-pa-0.35-pe-1.00,LinearSearch,5,22,0.35,pegasus,16,5,,,1.0,0.042282341094687544,6.0,1.2,2.0,10,10
M-5-N-50-pa-0.35-pe-1.00,LinearSearch With Preprocessing,5,22,0.35,pegasus,16,5,,,1.0,0.04217318388982672,6.0,1.2,2.0,10,10
M-5-N-50-pa-0.35-pe-1.00,LinearSearch With Preprocessing and Reduced Qubits,5,22,0.35,pegasus,16,5,,,1.0,0.04222286401200104,6.0,1.2,2.0,10,10
M-5-N-50-pa-0.35-pe-1.00,LinearSearch With Reduced Qubits,5,22,0.35,pegasus,16,2,,,1.0,0.042377071094233484,6.0,1.2,2.0,10,10
M-5-N-50-pa-0.35-pe-1.00,LinearSearch With Reduced Qubits,5,22,0.35,pegasus,16,3,,,1.0,0.04225855640834193,6.0,1.2,2.0,10,10
M-5-N-50-pa-0.35-pe-1.00,LinearSearch With Reduced Qubits,5,22,0.35,pegasus,16,4,,,1.0,0.04235373599804001,6.0,1.2,2.0,10,10
M-5-N-50-pa-0.35-pe-1.00,LinearSearch With Reduced Qubits,5,22,0.35,pegasus,16,5,,,1.0,0.04222478039446282,6.0,1.2,2.0,10,10
M-5-N-50-pa-0.45-pe-1.00,BinSearch,5,29,0.45,pegasus,16,5,,,1.0,0.04242995990207414,6.0,1.2,2.0,10,10
M-5-N-50-pa-0.45-pe-1.00,LinearSearch,5,29,0.45,pegasus,16,2,,,1.0,0.042431055806809996,6.0,1.2,2.0,10,10
M-5-N-50-pa-0.45-pe-1.00,LinearSearch,5,29,0.45,pegasus,16,3,,,1.0,0.042257335002068394,6.0,1.2,2.0,10,10
M-5-N-50-pa-0.45-pe-1.00,LinearSearch,5,29,0.45,pegasus,16,4,,,1.0,0.042616725096013344,6.0,1.2,2.0,10,10
M-5-N-50-pa-0.45-pe-1.00,LinearSearch,5,29,0.45,pegasus,16,5,,,1.0,0.04244423631462263,6.0,1.2,2.0,10,10
M-5-N-50-pa-0.45-pe-1.00,LinearSearch With Preprocessing,5,29,0.45,pegasus,16,5,,,1.0,0.042545091104693664,6.0,1.2,2.0,10,10
M-5-N-50-pa-0.45-pe-1.00,LinearSearch With Preprocessing and Reduced Qubits,5,29,0.45,pegasus,16,5,,,1.0,0.04241332640522155,6.0,1.2,2.0,10,10
M-5-N-50-pa-0.45-pe-1.00,LinearSearch With Reduced Qubits,5,29,0.45,pegasus,16,2,,,1.0,0.0425207407039124,6.0,1.2,2.0,10,10
M-5-N-50-pa-0.45-pe-1.00,LinearSearch With Reduced Qubits,5,29,0.45,pegasus,16,3,,,1.0,0.0427385610993951,6.0,1.2,2.0,10,10
M-5-N-50-pa-0.45-pe-1.00,LinearSearch With Reduced Qubits,5,29,0.45,pegasus,16,4,,,1.0,0.0422140996146481,6.0,1.2,2.0,10,10
M-5-N-50-pa-0.45-pe-1.00,LinearSearch With Reduced Qubits,5,29,0.45,pegasus,16,5,,,1.0,0.04243893460370595,6.0,1.2,2.0,10,10
M-5-N-50-pa-0.55-pe-1.00,BinSearch,5,24,0.55,pegasus,16,4,,,1.0,0.04241811480605969,6.0,1.2,2.0,10,10
M-5-N-50-pa-0.55-pe-1.00,LinearSearch,5,24,0.55,pegasus,16,2,,,1.0,0.0421719857899006,6.0,1.2,2.0,10,10
M-5-N-50-pa-0.55-pe-1.00,LinearSearch,5,24,0.55,pegasus,16,3,,,1.0,0.04237628019764083,6.0,1.2,2.0,10,10
M-5-N-50-pa-0.55-pe-1.00,LinearSearch,5,24,0.55,pegasus,16,4,,,1.0,0.04208474100450979,6.0,1.2,2.0,10,10
M-5-N-50-pa-0.55-pe-1.00,LinearSearch With Preprocessing,5,24,0.55,pegasus,16,4,,,1.0,0.04193952630157578,6.0,1.2,2.0,10,10
M-5-N-50-pa-0.55-pe-1.00,LinearSearch With Preprocessing and Reduced Qubits,5,24,0.55,pegasus,16,4,,,1.0,0.04246204218943597,6.0,1.2,2.0,10,10
M-5-N-50-pa-0.55-pe-1.00,LinearSearch With Reduced Qubits,5,24,0.55,pegasus,16,2,,,1.0,0.04205065189162264,6.0,1.2,2.0,10,10
M-5-N-50-pa-0.55-pe-1.00,LinearSearch With Reduced Qubits,5,24,0.55,pegasus,16,3,,,1.0,0.04242821179796004,6.0,1.2,2.0,10,10
M-5-N-50-pa-0.55-pe-1.00,LinearSearch With Reduced Qubits,5,24,0.55,pegasus,16,4,,,1.0,0.04230800859513688,6.0,1.2,2.0,10,10
M-5-N-50-pa-0.65-pe-1.00,BinSearch,5,23,0.65,pegasus,16,3,,,1.0,0.04260834938613695,6.0,1.2,2.0,10,10
M-5-N-50-pa-0.65-pe-1.00,LinearSearch,5,23,0.65,pegasus,16,2,,,1.0,0.04267569840303617,6.0,1.2,2.0,10,10
M-5-N-50-pa-0.65-pe-1.00,LinearSearch,5,23,0.65,pegasus,16,3,,,1.0,0.04237955480930391,6.0,1.2,2.0,10,10
M-5-N-50-pa-0.65-pe-1.00,LinearSearch With Preprocessing,5,23,0.65,pegasus,16,3,,,1.0,0.04229088869760738,6.0,1.2,2.0,10,10
M-5-N-50-pa-0.65-pe-1.00,LinearSearch With Preprocessing and Reduced Qubits,5,23,0.65,pegasus,16,3,,,1.0,0.04238551720627579,6.0,1.2,2.0,10,10
M-5-N-50-pa-0.65-pe-1.00,LinearSearch With Reduced Qubits,5,23,0.65,pegasus,16,2,,,1.0,0.042496794002363406,6.0,1.2,2.0,10,10
M-5-N-50-pa-0.65-pe-1.00,LinearSearch With Reduced Qubits,5,23,0.65,pegasus,16,3,,,1.0,0.042241263098549045,6.0,1.2,2.0,10,10
M-5-N-50-pa-0.75-pe-1.00,BinSearch,5,14,0.75,pegasus,16,2,,,1.0,0.05059473178116601,9.7,1.2125,2.0,10,10
M-5-N-50-pa-0.75-pe-1.00,LinearSearch,5,14,0.75,pegasus,16,2,,,1.0,0.05081056139897548,9.7,1.2125,2.0,10,10
M-5-N-50-pa-0.75-pe-1.00,LinearSearch With Preprocessing,5,14,0.75,pegasus,16,2,,,1.0,0.05066793679725373,9.7,1.2125,2.0,10,10
M-5-N-50-pa-0.75-pe-1.00,LinearSearch With Preprocessing and Reduced Qubits,5,14,0.75,pegasus,16,2,,,1.0,0.050663753907429,9.7,1.2125,2.0,10,10
M-5-N-50-pa-0.75-pe-1.00,LinearSearch With Reduced Qubits,5,14,0.75,pegasus,16,2,,,1.0,0.05078530189930456,9.7,1.2125,2.0,10,10
M-5-N-50-pa-0.85-pe-1.00,BinSearch,5,13,0.85,pegasus,16,2,,,1.0,0.05508746849372979,11.0,1.2222222222222223,2.0,10,10
M-5-N-50-pa-0.85-pe-1.00,LinearSearch,5,13,0.85,pegasus,16,2,,,1.0,0.06867302060127253,14.1,1.2818181818181817,2.0,10,10
M-5-N-50-pa-0.85-pe-1.00,LinearSearch With Preprocessing,5,13,0.85,pegasus,16,2,,,1.0,0.06854441281175236,14.1,1.2818181818181817,2.0,10,10
M-5-N-50-pa-0.85-pe-1.00,LinearSearch With Preprocessing and Reduced Qubits,5,13,0.85,pegasus,16,2,,,1.0,0.054796660796273454,11.0,1.2222222222222223,2.0,10,10
M-5-N-50-pa-0.85-pe-1.00,LinearSearch With Reduced Qubits,5,13,0.85,pegasus,16,2,,,1.0,0.05484294150373895,11.0,1.2222222222222223,2.0,10,10
M-5-N-50-pa-0.95-pe-1.00,BinSearch,5,7,0.95,pegasus,16,2,,,1.0,0.06349090439616699,12.0,1.3333333333333333,2.0,10,10
M-5-N-50-pa-0.95-pe-1.00,LinearSearch,5,7,0.95,pegasus,16,2,,,1.0,0.10161604378954503,19.1,1.4692307692307693,2.4,10,10
M-5-N-50-pa-0.95-pe-1.00,LinearSearch With Preprocessing,5,7,0.95,pegasus,16,2,,,1.0,0.10156176120508457,19.1,1.4692307692307693,2.4,10,10
M-5-N-50-pa-0.95-pe-1.00,LinearSearch With Preprocessing and Reduced Qubits,5,7,0.95,pegasus,16,2,,,1.0,0.06327384160249488,12.0,1.3333333333333333,2.0,10,10
M-5-N-50-pa-0.95-pe-1.00,LinearSearch With Reduced Qubits,5,7,0.95,pegasus,16,2,,,1.0,0.06339403109159317,12.0,1.3333333333333333,2.0,10,10
M-50-N-10-pa-0.05-pe-1.00,BinSearch,21,10,0.05,pegasus,16,8,,,1.0,1.447052065411117,83.8,2.5393939393939395,4.3,10,10
M-50-N-10-pa-0.05-pe-1.00,LinearSearch,21,10,0.05,pegasus,16,2,,,1.0,1.4568258294137195,83.8,2.5393939393939395,4.3,10,10
M-50-N-10-pa-0.05-pe-1.00,LinearSearch,21,10,0.05,pegasus,16,3,,,1.0,1.4032612969109324,83.8,2.5393939393939395,4.3,10,10
M-50-N-10-pa-0.05-pe-1.00,LinearSearch,21,10,0.05,pegasus,16,4,,,1.0,1.4081380484974944,83.8,2.5393939393939395,4.3,10,10
M-50-N-10-pa-0.05-pe-1.00,LinearSearch,21,10,0.05,pegasus,16,5,,,1.0,1.4056490355869755,83.8,2.5393939393939395,4.3,10,10
M-50-N-10-pa-0.05-pe-1.00,LinearSearch,21,10,0.05,pegasus,16,6,,,1.0,1.4064338361960835,83.8,2.5393939393939395,4.3,10,10
M-50-N-10-pa-0.05-pe-1.00,LinearSearch,21,10,0.05,pegasus,16,7,,,1.0,1.4043667042977177,83.8,2.5393939393939395,4.3,10,10
M-50-N-10-pa-0.05-pe-1.00,LinearSearch,21,10,0.05,pegasus,16,8,,,1.0,1.4042990605987142,83.8,2.5393939393939395,4.3,10,10
M-50-N-10-pa-0.05-pe-1.00,LinearSearch With Preprocessing,21,10,0.05,pegasus,16,8,,,1.0,1.4045566502027214,83.8,2.5393939393939395,4.3,10,10
M-50-N-10-pa-0.05-pe-1.00,LinearSearch With Preprocessing and Reduced Qubits,21,10,0.05,pegasus,16,8,,,1.0,1.40496595139266,83.8,2.5393939393939395,4.3,10,10
M-50-N-10-pa-0.05-pe-1.00,LinearSearch With Reduced Qubits,21,10,0.05,pegasus,16,2,,,1.0,1.2377492835046724,75.7,2.7035714285714283,4.0,10,10
M-50-N-10-pa-0.05-pe-1.00,LinearSearch With Reduced Qubits,21,10,0.05,pegasus,16,3,,,1.0,1.4007489812152927,83.8,2.5393939393939395,4.3,10,10
M-50-N-10-pa-0.05-pe-1.00,LinearSearch With Reduced Qubits,21,10,0.05,pegasus,16,4,,,1.0,1.408364596607862,83.8,2.5393939393939395,4.3,10,10
M-50-N-10-pa-0.05-pe-1.00,LinearSearch With Reduced Qubits,21,10,0.05,pegasus,16,5,,,1.0,1.4072494240070228,83.8,2.5393939393939395,4.3,10,10
M-50-N-10-pa-0.05-pe-1.00,LinearSearch With Reduced Qubits,21,10,0.05,pegasus,16,6,,,1.0,1.404714518302353,83.8,2.5393939393939395,4.3,10,10
M-50-N-10-pa-0.05-pe-1.00,LinearSearch With Reduced Qubits,21,10,0.05,pegasus,16,7,,,1.0,1.4045429625955876,83.8,2.5393939393939395,4.3,10,10
M-50-N-10-pa-0.05-pe-1.00,LinearSearch With Reduced Qubits,21,10,0.05,pegasus,16,8,,,1.0,1.4044032995007,83.8,2.5393939393939395,4.3,10,10
M-50-N-10-pa-0.15-pe-1.00,BinSearch,39,10,0.15,pegasus,16,3,,,1.0,12.494119800813497,299.4,5.074576271186441,8.2,10,10
M-50-N-10-pa-0.15-pe-1.00,BinSearch,39,10,0.15,pegasus,16,4,,,1.0,12.486532025207998,299.4,5.074576271186441,8.2,10,10
M-50-N-10-pa-0.15-pe-1.00,LinearSearch,39,10,0.15,pegasus,16,2,,,1.0,20.494900392997078,369.3,5.275714285714285,9.5,10,10
M-50-N-10-pa-0.15-pe-1.00,LinearSearch,39,10,0.15,pegasus,16,3,,,1.0,20.546134373894894,369.3,5.275714285714285,9.5,10,10
M-50-N-10-pa-0.15-pe-1.00,LinearSearch,39,10,0.15,pegasus,16,4,,,1.0,20.532731496915222,369.3,5.275714285714285,9.5,10,10
M-50-N-10-pa-0.15-pe-1.00,LinearSearch With Preprocessing,39,10,0.15,pegasus,16,3,,,1.0,20.504991080088075,369.3,5.275714285714285,9.5,10,10
M-50-N-10-pa-0.15-pe-1.00,LinearSearch With Preprocessing,39,10,0.15,pegasus,16,4,,,1.0,20.40848420249531,369.3,5.275714285714285,9.5,10,10
M-50-N-10-pa-0.15-pe-1.00,LinearSearch With Preprocessing and Reduced Qubits,39,10,0.15,pegasus,16,3,,,1.0,12.721723594411742,299.4,5.074576271186441,8.2,10,10
M-50-N-10-pa-0.15-pe-1.00,LinearSearch With Preprocessing and Reduced Qubits,39,10,0.15,pegasus,16,4,,,1.0,12.556847198685864,299.4,5.074576271186441,8.2,10,10
M-50-N-10-pa-0.15-pe-1.00,LinearSearch With Reduced Qubits,39,10,0.15,pegasus,16,2,,,1.0,8.328879749809857,259.7,5.3,7.8,10,10
M-50-N-10-pa-0.15-pe-1.00,LinearSearch With Reduced Qubits,39,10,0.15,pegasus,16,3,,,1.0,12.427883971383562,299.4,5.074576271186441,8.2,10,10
M-50-N-10-pa-0.15-pe-1.00,LinearSearch With Reduced Qubits,39,10,0.15,pegasus,16,4,,,1.0,12.471789674501633,299.4,5.074576271186441,8.2,10,10
M-50-N-10-pa-0.25-pe-1.00,BinSearch,47,10,0.25,pegasus,16,2,,,1.0,22.002490269689588,364.4,6.39298245614035,8.9,10,10
M-50-N-10-pa-0.25-pe-1.00,BinSearch,47,10,0.25,pegasus,16,3,,,1.0,26.35496199609479,436.1,6.508955223880596,9.7,10,10
M-50-N-10-pa-0.25-pe-1.00,LinearSearch,47,10,0.25,pegasus,16,2,,,1.0,30.358494496287314,618.4,7.1080459770114945,13.0,10,10
M-50-N-10-pa-0.25-pe-1.00,LinearSearch,47,10,0.25,pegasus,16,3,,,1.0,30.48085225659306,618.4,7.1080459770114945,13.0,10,10
M-50-N-10-pa-0.25-pe-1.00,LinearSearch With Preprocessing,47,10,0.25,pegasus,16,2,,,1.0,30.46218761759228,618.4,7.1080459770114945,13.0,10,10
M-50-N-10-pa-0.25-pe-1.00,LinearSearch With Preprocessing,47,10,0.25,pegasus,16,3,,,1.0,30.45120277350652,618.4,7.1080459770114945,13.0,10,10
M-50-N-10-pa-0.25-pe-1.00,LinearSearch With Preprocessing and Reduced Qubits,47,10,0.25,pegasus,16,2,,,1.0,22.101101769693194,364.6,6.396491228070175,8.9,10,10
M-50-N-10-pa-0.25-pe-1.00,LinearSearch With Preprocessing and Reduced Qubits,47,10,0.25,pegasus,16,3,,,1.0,26.23280881581013,437.1,6.523880597014926,9.7,10,10
M-50-N-10-pa-0.25-pe-1.00,LinearSearch With Reduced Qubits,47,10,0.25,pegasus,16,2,,,1.0,22.150646234909072,364.6,6.396491228070175,8.9,10,10
M-50-N-10-pa-0.25-pe-1.00,LinearSearch With Reduced Qubits,47,10,0.25,pegasus,16,3,,,1.0,26.23772112109582,436.1,6.508955223880596,9.7,10,10
M-50-N-10-pa-0.35-pe-1.00,BinSearch,49,10,0.35,pegasus,16,2,,,1.0,22.87499200309394,421.7,7.147457627118643,10.3,10,10
M-50-N-10-pa-0.35-pe-1.00,LinearSearch,49,10,0.35,pegasus,16,2,,,1.0,31.605708583991508,836.2,8.895744680851063,16.5,10,10
M-50-N-10-pa-0.35-pe-1.00,LinearSearch With Preprocessing,49,10,0.35,pegasus,16,2,,,1.0,31.315592670196203,836.2,8.895744680851063,16.5,10,10
M-50-N-10-pa-0.35-pe-1.00,LinearSearch With Preprocessing and Reduced Qubits,49,10,0.35,pegasus,16,2,,,1.0,22.870930261700416,421.7,7.147457627118643,10.3,10,10
M-50-N-10-pa-0.35-pe-1.00,LinearSearch With Reduced Qubits,49,10,0.35,pegasus,16,2,,,1.0,22.867294215410947,421.7,7.147457627118643,10.3,10,10
M-50-N-10-pa-0.45-pe-1.00,BinSearch,50,10,0.45,pegasus,16,2,,,1.0,20.047239458619153,440.9,7.348333333333334,10.9,10,10
M-50-N-10-pa-0.45-pe-1.00,LinearSearch,50,10,0.45,pegasus,16,2,,,1.0,31.289600095304195,998.9,9.989,19.1,10,10
M-50-N-10-pa-0.45-pe-1.00,LinearSearch With Preprocessing,50,10,0.45,pegasus,16,2,,,1.0,31.324818869604496,998.9,9.989,19.1,10,10
M-50-N-10-pa-0.45-pe-1.00,LinearSearch With Preprocessing and Reduced Qubits,50,10,0.45,pegasus,16,2,,,1.0,20.146795871289214,440.9,7.348333333333334,10.9,10,10
M-50-N-10-pa-0.45-pe-1.00,LinearSearch With Reduced Qubits,50,10,0.45,pegasus,16,2,,,1.0,20.17921609059558,440.9,7.348333333333334,10.9,10,10
M-50-N-10-pa-0.55-pe-1.00,BinSearch,50,10,0.55,pegasus,16,2,,,1.0,20.728716782905394,425.0,7.083333333333333,9.9,10,10
M-50-N-10-pa-0.55-pe-1.00,LinearSearch,50,10,0.55,pegasus,16,2,,,1.0,31.656234370794845,1044.0,10.336633663366337,19.5,10,10
M-50-N-10-pa-0.55-pe-1.00,LinearSearch With Preprocessing,50,10,0.55,pegasus,16,2,,,1.0,31.60129688849556,1042.6,10.322772277227724,19.4,10,10
M-50-N-10-pa-0.55-pe-1.00,LinearSearch With Preprocessing and Reduced Qubits,50,10,0.55,pegasus,16,2,,,1.0,20.803496911592084,425.0,7.083333333333333,9.9,10,10
M-50-N-10-pa-0.55-pe-1.00,LinearSearch With Reduced Qubits,50,10,0.55,pegasus,16,2,,,1.0,20.763388359698002,425.0,7.083333333333333,9.9,10,10
M-50-N-10-pa-0.65-pe-1.00,BinSearch,50,10,0.65,pegasus,16,2,,,1.0,29.615899364306824,446.2,7.436666666666667,10.5,10,10
M-50-N-10-pa-0.65-pe-1.00,LinearSearch,50,10,0.65,pegasus,16,2,,,1.0,31.536729102401296,1168.4,11.127619047619046,22.6,10,10
M-50-N-10-pa-0.65-pe-1.00,LinearSearch With Preprocessing,50,10,0.65,pegasus,16,2,,,1.0,31.77234420781024,1191.5,11.347619047619046,23.0,10,10
M-50-N-10-pa-0.65-pe-1.00,LinearSearch With Preprocessing and Reduced Qubits,50,10,0.65,pegasus,16,2,,,1.0,29.626124572305706,446.2,7.436666666666667,10.5,10,10
M-50-N-10-pa-0.65-pe-1.00,LinearSearch With Reduced Qubits,50,10,0.65,pegasus,16,2,,,1.0,29.666130312293536,446.2,7.436666666666667,10.5,10,10
M-50-N-25-pa-0.05-pe-1.00,BinSearch,41,25,0.05,pegasus,16,11,,,1.0,15.304739155806601,308.6,4.538235294117647,8.3,10,10
M-50-N-25-pa-0.05-pe-1.00,LinearSearch,41,25,0.05,pegasus,16,2,,,1.0,15.299718555191067,308.6,4.538235294117647,8.3,10,10
M-50-N-25-pa-0.05-pe-1.00,LinearSearch,41,25,0.05,pegasus,16,3,,,1.0,15.33431873570662,308.6,4.538235294117647,8.3,10,10
M-50-N-25-pa-0.05-pe-1.00,LinearSearch,41,25,0.05,pegasus,16,4,,,1.0,15.287469943013274,308.6,4.538235294117647,8.3,10,10
M-50-N-25-pa-0.05-pe-1.00,LinearSearch,41,25,0.05,pegasus,16,5,,,1.0,15.287047491502017,308.6,4.538235294117647,8.3,10,10
M-50-N-25-pa-0.05-pe-1.00,LinearSearch,41,25,0.05,pegasus,16,6,,,1.0,15.285810283588944,308.6,4.538235294117647,8.3,10,10
M-50-N-25-pa-0.05-pe-1.00,LinearSearch,41,25,0.05,pegasus,16,7,,,1.0,15.3518003851932,308.6,4.538235294117647,8.3,10,10
M-50-N-25-pa-0.05-pe-1.00,LinearSearch,41,25,0.05,pegasus,16,8,,,1.0,15.312324068899034,308.6,4.538235294117647,8.3,10,10
M-50-N-25-pa-0.05-pe-1.00,LinearSearch,41,25,0.05,pegasus,16,9,,,1.0,15.340136456099572,308.6,4.538235294117647,8.3,10,10
M-50-N-25-pa-0.05-pe-1.00,LinearSearch,41,25,0.05,pegasus,16,10,,,1.0,15.315128088294296,308.6,4.538235294117647,8.3,10,10
M-50-N-25-pa-0.05-pe-1.00,LinearSearch,41,25,0.05,pegasus,16,11,,,1.0,15.316227631800576,308.6,4.538235294117647,8.3,10,10
M-50-N-25-pa-0.05-pe-1.00,LinearSearch With Preprocessing,41,25,0.05,pegasus,16,11,,,1.0,15.233981416502502,308.6,4.538235294117647,8.3,10,10
M-50-N-25-pa-0.05-pe-1.00,LinearSearch With Preprocessing and Reduced Qubits,41,25,0.05,pegasus,16,11,,,1.0,15.341536559618543,308.6,4.538235294117647,8.3,10,10
M-50-N-25-pa-0.05-pe-1.00,LinearSearch With Reduced Qubits,41,25,0.05,pegasus,16,2,,,1.0,10.057048591889906,267.3,4.689473684210526,7.8,10,10
M-50-N-25-pa-0.05-pe-1.00,LinearSearch With Reduced Qubits,41,25,0.05,pegasus,16,3,,,1.0,11.60661672129063,291.0,4.476923076923077,8.0,10,10
M-50-N-25-pa-0.05-pe-1.00,LinearSearch With Reduced Qubits,41,25,0.05,pegasus,16,4,,,1.0,11.639299231907353,291.0,4.476923076923077,8.0,10,10
M-50-N-25-pa-0.05-pe-1.00,LinearSearch With Reduced Qubits,41,25,0.05,pegasus,16,5,,,1.0,15.308432839094895,308.6,4.538235294117647,8.3,10,10
M-50-N-25-pa-0.05-pe-1.00,LinearSearch With Reduced Qubits,41,25,0.05,pegasus,16,6,,,1.0,15.383919337106637,308.6,4.538235294117647,8.3,10,10
M-50-N-25-pa-0.05-pe-1.00,LinearSearch With Reduced Qubits,41,25,0.05,pegasus,16,7,,,1.0,15.307571794110117,308.6,4.538235294117647,8.3,10,10
M-50-N-25-pa-0.05-pe-1.00,LinearSearch With Reduced Qubits,41,25,0.05,pegasus,16,8,,,1.0,15.344520386098884,308.6,4.538235294117647,8.3,10,10
M-50-N-25-pa-0.05-pe-1.00,LinearSearch With Reduced Qubits,41,25,0.05,pegasus,16,9,,,1.0,15.279242515697842,308.6,4.538235294117647,8.3,10,10
M-50-N-25-pa-0.05-pe-1.00,LinearSearch With Reduced Qubits,41,25,0.05,pegasus,16,10,,,1.0,15.359314883401385,308.6,4.538235294117647,8.3,10,10
M-50-N-25-pa-0.05-pe-1.00,LinearSearch With Reduced Qubits,41,25,0.05,pegasus,16,11,,,1.0,15.299973259691615,308.6,4.538235294117647,8.3,10,10
M-50-N-25-pa-0.15-pe-1.00,BinSearch,50,25,0.15,pegasus,16,6,,,1.0,31.31526506851078,924.4,7.833898305084746,18.5,10,10
M-50-N-25-pa-0.15-pe-1.00,BinSearch,50,25,0.15,pegasus,16,7,,,1.0,31.094280480599263,927.0,7.85593220338983,18.7,10,10
M-50-N-25-pa-0.15-pe-1.00,LinearSearch,50,25,0.15,pegasus,16,2,,,1.0,31.625084335397695,1021.9,8.046456692913386,19.9,10,10
M-50-N-25-pa-0.15-pe-1.00,LinearSearch,50,25,0.15,pegasus,16,3,,,1.0,31.599397473502904,1021.9,8.046456692913386,19.9,10,10
M-50-N-25-pa-0.15-pe-1.00,LinearSearch,50,25,0.15,pegasus,16,4,,,1.0,31.757063049194404,1021.9,8.046456692913386,19.9,10,10
M-50-N-25-pa-0.15-pe-1.00,LinearSearch,50,25,0.15,pegasus,16,5,,,1.0,31.509471587010193,1021.9,8.046456692913386,19.9,10,10
M-50-N-25-pa-0.15-pe-1.00,LinearSearch,50,25,0.15,pegasus,16,6,,,1.0,31.607437418209155,1021.9,8.046456692913386,19.9,10,10
M-50-N-25-pa-0.15-pe-1.00,LinearSearch,50,25,0.15,pegasus,16,7,,,1.0,31.701074885990238,1021.9,8.046456692913386,19.9,10,10
M-50-N-25-pa-0.15-pe-1.00,LinearSearch With Preprocessing,50,25,0.15,pegasus,16,5,,,1.0,31.518295082595433,1021.9,8.046456692913386,19.9,10,10
M-50-N-25-pa-0.15-pe-1.00,LinearSearch With Preprocessing,50,25,0.15,pegasus,16,6,,,1.0,31.919399122003234,1021.9,8.046456692913386,19.9,10,10
M-50-N-25-pa-0.15-pe-1.00,LinearSearch With Preprocessing,50,25,0.15,pegasus,16,7,,,1.0,31.77819466800429,1021.9,8.046456692913386,19.9,10,10
M-50-N-25-pa-0.15-pe-1.00,LinearSearch With Preprocessing and Reduced Qubits,50,25,0.15,pegasus,16,5,,,1.0,31.29383767118561,931.2,7.8915254237288135,18.8,10,10
M-50-N-25-pa-0.15-pe-1.00,LinearSearch With Preprocessing and Reduced Qubits,50,25,0.15,pegasus,16,6,,,1.0,31.5504875841958,927.0,7.85593220338983,18.7,10,10
M-50-N-25-pa-0.15-pe-1.00,LinearSearch With Preprocessing and Reduced Qubits,50,25,0.15,pegasus,16,7,,,1.0,31.370379176898858,927.0,7.85593220338983,18.7,10,10
M-50-N-25-pa-0.15-pe-1.00,LinearSearch With Reduced Qubits,50,25,0.15,pegasus,16,2,,,1.0,25.745500882796478,474.0,6.405405405405405,9.9,10,10
M-50-N-25-pa-0.15-pe-1.00,LinearSearch With Reduced Qubits,50,25,0.15,pegasus,16,3,,,1.0,29.942590903991366,656.6,6.7,12.5,10,10
M-50-N-25-pa-0.15-pe-1.00,LinearSearch With Reduced Qubits,50,25,0.15,pegasus,16,4,,,1.0,29.96385941420449,656.2,6.6959183673469385,12.5,10,10
M-50-N-25-pa-0.15-pe-1.00,LinearSearch With Reduced Qubits,50,25,0.15,pegasus,16,5,,,1.0,31.619316695205633,927.0,7.85593220338983,18.7,10,10
M-50-N-25-pa-0.15-pe-1.00,LinearSearch With Reduced Qubits,50,25,0.15,pegasus,16,6,,,1.0,31.51807080010185,927.0,7.85593220338983,18.7,10,10
M-50-N-25-pa-0.15-pe-1.00,LinearSearch With Reduced Qubits,50,25,0.15,pegasus,16,7,,,1.0,31.51602546420181,927.0,7.85593220338983,18.7,10,10
M-50-N-25-pa-0.25-pe-1.00,BinSearch,50,25,0.25,pegasus,16,3,,,1.0,31.16174238730455,778.5,7.784999999999999,14.1,10,10
M-50-N-25-pa-0.25-pe-1.00,BinSearch,50,25,0.25,pegasus,16,4,,,1.0,31.107355462608393,778.5,7.784999999999999,14.1,10,10
M-50-N-25-pa-0.25-pe-1.00,LinearSearch,50,25,0.25,pegasus,16,2,,,1.0,32.44230463929707,1608.0,10.791946308724832,30.1,10,10
M-50-N-25-pa-0.25-pe-1.00,LinearSearch,50,25,0.25,pegasus,16,3,,,1.0,32.40808241579798,1608.0,10.791946308724832,30.1,10,10
M-50-N-25-pa-0.25-pe-1.00,LinearSearch,50,25,0.25,pegasus,16,4,,,1.0,32.40796261609648,1608.0,10.791946308724832,30.1,10,10
M-50-N-25-pa-0.25-pe-1.00,LinearSearch With Preprocessing,50,25,0.25,pegasus,16,3,,,1.0,32.43215606448939,1608.0,10.791946308724832,30.1,10,10
M-50-N-25-pa-0.25-pe-1.00,LinearSearch With Preprocessing,50,25,0.25,pegasus,16,4,,,1.0,32.396851826203054,1608.0,10.791946308724832,30.1,10,10
M-50-N-25-pa-0.25-pe-1.00,LinearSearch With Preprocessing and Reduced Qubits,50,25,0.25,pegasus,16,3,,,1.0,31.207221641106297,778.5,7.784999999999999,14.1,10,10
M-50-N-25-pa-0.25-pe-1.00,LinearSearch With Preprocessing and Reduced Qubits,50,25,0.25,pegasus,16,4,,,1.0,31.33094005919411,778.5,7.784999999999999,14.1,10,10
M-50-N-25-pa-0.25-pe-1.00,LinearSearch With Reduced Qubits,50,25,0.25,pegasus,16,2,,,1.0,28.223747932189145,530.7,7.0760000000000005,10.7,10,10
M-50-N-25-pa-0.25-pe-1.00,LinearSearch With Reduced Qubits,50,25,0.25,pegasus,16,3,,,1.0,31.331799019291065,778.5,7.784999999999999,14.1,10,10
M-50-N-25-pa-0.25-pe-1.00,LinearSearch With Reduced Qubits,50,25,0.25,pegasus,16,4,,,1.0,31.14969467030023,778.5,7.784999999999999,14.1,10,10
M-50-N-25-pa-0.35-pe-1.00,BinSearch,50,25,0.35,pegasus,16,2,,,1.0,29.54651643320103,548.8,7.317333333333333,10.8,10,10
M-50-N-25-pa-0.35-pe-1.00,BinSearch,50,25,0.35,pegasus,16,3,,,1.0,31.12700002770871,872.8,8.728,16.7,10,10
M-50-N-25-pa-0.35-pe-1.00,LinearSearch,50,25,0.35,pegasus,16,2,,,1.0,32.51976345939329,2137.3,12.798203592814371,38.0,10,10
M-50-N-25-pa-0.35-pe-1.00,LinearSearch,50,25,0.35,pegasus,16,3,,,1.0,32.606083826813844,2137.3,12.798203592814371,38.0,10,10
M-50-N-25-pa-0.35-pe-1.00,LinearSearch With Preprocessing,50,25,0.35,pegasus,16,2,,,1.0,32.59945655200863,2137.3,12.798203592814371,38.0,10,10
M-50-N-25-pa-0.35-pe-1.00,LinearSearch With Preprocessing,50,25,0.35,pegasus,16,3,,,1.0,32.655532882892295,2137.3,12.798203592814371,38.0,10,10
M-50-N-25-pa-0.35-pe-1.00,LinearSearch With Preprocessing and Reduced Qubits,50,25,0.35,pegasus,16,2,,,1.0,29.737410576693946,548.8,7.317333333333333,10.8,10,10
M-50-N-25-pa-0.35-pe-1.00,LinearSearch With Preprocessing and Reduced Qubits,50,25,0.35,pegasus,16,3,,,1.0,31.255904615990584,872.8,8.728,16.7,10,10
M-50-N-25-pa-0.35-pe-1.00,LinearSearch With Reduced Qubits,50,25,0.35,pegasus,16,2,,,1.0,29.636547427298503,548.8,7.317333333333333,10.8,10,10
M-50-N-25-pa-0.35-pe-1.00,LinearSearch With Reduced Qubits,50,25,0.35,pegasus,16,3,,,1.0,31.256750190688763,872.8,8.728,16.7,10,10
M-50-N-25-pa-0.45-pe-1.00,BinSearch,50,25,0.45,pegasus,16,2,,,1.0,30.001267847802957,580.1,7.734666666666667,11.7,10,10
M-50-N-25-pa-0.45-pe-1.00,BinSearch,50,25,0.45,pegasus,16,3,,,1.0,31.417955023498507,963.9,9.639,18.0,10,10
M-50-N-25-pa-0.45-pe-1.00,LinearSearch,50,25,0.45,pegasus,16,2,,,1.0,33.46266624350683,2421.6,13.837714285714288,39.2,10,10
M-50-N-25-pa-0.45-pe-1.00,LinearSearch,50,25,0.45,pegasus,16,3,,,1.0,33.38662731899531,2421.6,13.837714285714288,39.2,10,10
M-50-N-25-pa-0.45-pe-1.00,LinearSearch With Preprocessing,50,25,0.45,pegasus,16,2,,,1.0,33.43642378029763,2421.6,13.837714285714288,39.2,10,10
M-50-N-25-pa-0.45-pe-1.00,LinearSearch With Preprocessing,50,25,0.45,pegasus,16,3,,,1.0,33.47108087099623,2421.6,13.837714285714288,39.2,10,10
M-50-N-25-pa-0.45-pe-1.00,LinearSearch With Preprocessing and Reduced Qubits,50,25,0.45,pegasus,16,2,,,1.0,30.06849022479728,580.1,7.734666666666667,11.7,10,10
M-50-N-25-pa-0.45-pe-1.00,LinearSearch With Preprocessing and Reduced Qubits,50,25,0.45,pegasus,16,3,,,1.0,31.456106572807766,963.9,9.639,18.0,10,10
M-50-N-25-pa-0.45-pe-1.00,LinearSearch With Reduced Qubits,50,25,0.45,pegasus,16,2,,,1.0,30.147712104202945,580.1,7.734666666666667,11.7,10,10
M-50-N-25-pa-0.45-pe-1.00,LinearSearch With Reduced Qubits,50,25,0.45,pegasus,16,3,,,1.0,31.42906651601079,959.9,9.599,17.9,10,10
M-50-N-25-pa-0.55-pe-1.00,BinSearch,50,25,0.55,pegasus,16,2,,,1.0,28.881098522403043,579.1,7.721333333333332,12.1,10,10
M-50-N-25-pa-0.55-pe-1.00,LinearSearch,50,25,0.55,pegasus,16,2,,,1.0,31.89703866470372,2640.4,14.83370786516854,45.6,10,10
M-50-N-25-pa-0.55-pe-1.00,LinearSearch With Preprocessing,50,25,0.55,pegasus,16,2,,,1.0,32.506959260103756,2638.4,14.822471910112359,45.5,10,10
M-50-N-25-pa-0.55-pe-1.00,LinearSearch With Preprocessing and Reduced Qubits,50,25,0.55,pegasus,16,2,,,1.0,28.922983564896278,581.2,7.749333333333334,12.2,10,10
M-50-N-25-pa-0.55-pe-1.00,LinearSearch With Reduced Qubits,50,25,0.55,pegasus,16,2,,,1.0,28.73912021841388,579.1,7.721333333333332,12.1,10,10
M-50-N-25-pa-0.65-pe-1.00,BinSearch,50,25,0.65,pegasus,16,2,,,1.0,28.131678279704648,581.2,7.749333333333334,11.9,10,10
M-50-N-25-pa-0.65-pe-1.00,LinearSearch,50,25,0.65,pegasus,16,2,,,0.8,34.314416173496284,3041.375,16.351478494623656,51.125,10,10
M-50-N-25-pa-0.65-pe-1.00,LinearSearch With Preprocessing,50,25,0.65,pegasus,16,2,,,0.8,34.166718414594655,3041.375,16.351478494623656,51.125,10,10
M-50-N-25-pa-0.65-pe-1.00,LinearSearch With Preprocessing and Reduced Qubits,50,25,0.65,pegasus,16,2,,,1.0,28.330550614814275,581.2,7.749333333333334,11.9,10,10
M-50-N-25-pa-0.65-pe-1.00,LinearSearch With Reduced Qubits,50,25,0.65,pegasus,16,2,,,1.0,28.297026054601883,581.2,7.749333333333334,11.9,10,10
M-50-N-25-pa-0.75-pe-1.00,BinSearch,50,25,0.75,pegasus,16,2,,,1.0,30.044688007503282,583.7,7.782666666666667,11.9,10,10
M-50-N-25-pa-0.75-pe-1.00,LinearSearch,50,25,0.75,pegasus,16,2,,,0.7,36.1572173964174,3194.285714285714,16.051687006460874,56.857142857142854,10,10
M-50-N-25-pa-0.75-pe-1.00,LinearSearch With Preprocessing,50,25,0.75,pegasus,16,2,,,0.7,36.23050712870899,3194.285714285714,16.051687006460874,56.857142857142854,10,10
M-50-N-25-pa-0.75-pe-1.00,LinearSearch With Preprocessing and Reduced Qubits,50,25,0.75,pegasus,16,2,,,1.0,30.245028849388472,583.7,7.782666666666667,11.9,10,10
M-50-N-25-pa-0.75-pe-1.00,LinearSearch With Reduced Qubits,50,25,0.75,pegasus,16,2,,,1.0,30.129167267505544,583.7,7.782666666666667,11.9,10,10
M-50-N-5-pa-0.05-pe-1.00,BinSearch,15,5,0.05,pegasus,16,3,,,1.0,0.44469841780955904,47.1,2.1409090909090907,3.1,10,10
M-50-N-5-pa-0.05-pe-1.00,LinearSearch,15,5,0.05,pegasus,16,2,,,1.0,0.5465253709990066,53.5,2.2291666666666665,3.5,10,10
M-50-N-5-pa-0.05-pe-1.00,LinearSearch,15,5,0.05,pegasus,16,3,,,1.0,0.5467917526024394,53.5,2.2291666666666665,3.5,10,10
M-50-N-5-pa-0.05-pe-1.00,LinearSearch With Preprocessing,15,5,0.05,pegasus,16,3,,,1.0,0.5461621028021909,53.5,2.2291666666666665,3.5,10,10
M-50-N-5-pa-0.05-pe-1.00,LinearSearch With Preprocessing and Reduced Qubits,15,5,0.05,pegasus,16,3,,,1.0,0.44528233250021004,47.1,2.1409090909090907,3.1,10,10
M-50-N-5-pa-0.05-pe-1.00,LinearSearch With Reduced Qubits,15,5,0.05,pegasus,16,2,,,1.0,0.43875886499299666,41.5,2.18421052631579,3.0,10,10
M-50-N-5-pa-0.05-pe-1.00,LinearSearch With Reduced Qubits,15,5,0.05,pegasus,16,3,,,1.0,0.44439080500160344,47.1,2.1409090909090907,3.1,10,10
M-50-N-5-pa-0.15-pe-1.00,BinSearch,34,5,0.15,pegasus,16,3,,,1.0,6.455697679001605,202.8,4.609090909090909,6.9,10,10
M-50-N-5-pa-0.15-pe-1.00,LinearSearch,34,5,0.15,pegasus,16,2,,,1.0,8.116432475106558,245.5,4.909999999999999,7.6,10,10
M-50-N-5-pa-0.15-pe-1.00,LinearSearch,34,5,0.15,pegasus,16,3,,,1.0,8.098797648702748,245.5,4.909999999999999,7.6,10,10
M-50-N-5-pa-0.15-pe-1.00,LinearSearch With Preprocessing,34,5,0.15,pegasus,16,3,,,1.0,8.109741575893713,245.5,4.909999999999999,7.6,10,10
M-50-N-5-pa-0.15-pe-1.00,LinearSearch With Preprocessing and Reduced Qubits,34,5,0.15,pegasus,16,3,,,1.0,6.469588539202232,202.8,4.609090909090909,6.9,10,10
M-50-N-5-pa-0.15-pe-1.00,LinearSearch With Reduced Qubits,34,5,0.15,pegasus,16,2,,,1.0,5.304665103601292,182.2,4.671794871794871,6.6,10,10
M-50-N-5-pa-0.15-pe-1.00,LinearSearch With Reduced Qubits,34,5,0.15,pegasus,16,3,,,1.0,6.462481095799012,202.8,4.609090909090909,6.9,10,10
M-50-N-5-pa-0.25-pe-1.00,BinSearch,39,5,0.25,pegasus,16,2,,,1.0,9.554449664196,240.5,5.465909090909092,7.5,10,10
M-50-N-5-pa-0.25-pe-1.00,LinearSearch,39,5,0.25,pegasus,16,2,,,1.0,24.807281021593372,342.4,5.706666666666667,8.6,10,10
M-50-N-5-pa-0.25-pe-1.00,LinearSearch With Preprocessing,39,5,0.25,pegasus,16,2,,,1.0,24.87441207189695,342.4,5.706666666666667,8.6,10,10
M-50-N-5-pa-0.25-pe-1.00,LinearSearch With Preprocessing and Reduced Qubits,39,5,0.25,pegasus,16,2,,,1.0,9.531941166898468,240.5,5.465909090909092,7.5,10,10
M-50-N-5-pa-0.25-pe-1.00,LinearSearch With Reduced Qubits,39,5,0.25,pegasus,16,2,,,1.0,9.490060352097498,240.5,5.465909090909092,7.5,10,10
M-50-N-50-pa-0.05-pe-1.00,BinSearch,45,48,0.05,pegasus,16,20,,,1.0,18.483283061004478,352.9,4.768918918918919,9.4,10,10
M-50-N-50-pa-0.05-pe-1.00,LinearSearch,45,48,0.05,pegasus,16,2,,,1.0,18.460469000291777,352.9,4.768918918918919,9.4,10,10
M-50-N-50-pa-0.05-pe-1.00,LinearSearch,45,48,0.05,pegasus,16,3,,,1.0,18.448661187815013,352.9,4.768918918918919,9.4,10,10
M-50-N-50-pa-0.05-pe-1.00,LinearSearch,45,48,0.05,pegasus,16,4,,,1.0,18.441274201084163,352.9,4.768918918918919,9.4,10,10
M-50-N-50-pa-0.05-pe-1.00,LinearSearch,45,48,0.05,pegasus,16,5,,,1.0,18.448706134909298,352.9,4.768918918918919,9.4,10,10
M-50-N-50-pa-0.05-pe-1.00,LinearSearch,45,48,0.05,pegasus,16,6,,,1.0,18.54714250569814,352.9,4.768918918918919,9.4,10,10
M-50-N-50-pa-0.05-pe-1.00,LinearSearch,45,48,0.05,pegasus,16,7,,,1.0,18.468893151287922,352.9,4.768918918918919,9.4,10,10
M-50-N-50-pa-0.05-pe-1.00,LinearSearch,45,48,0.05,pegasus,16,8,,,1.0,18.469359065510798,352.9,4.768918918918919,9.4,10,10
M-50-N-50-pa-0.05-pe-1.00,LinearSearch,45,48,0.05,pegasus,16,9,,,1.0,18.533582751092034,352.9,4.768918918918919,9.4,10,10
M-50-N-50-pa-0.05-pe-1.00,LinearSearch,45,48,0.05,pegasus,16,10,,,1.0,18.473734477098333,352.9,4.768918918918919,9.4,10,10
M-50-N-50-pa-0.05-pe-1.00,LinearSearch,45,48,0.05,pegasus,16,11,,,1.0,18.492600813502214,352.9,4.768918918918919,9.4,10,10
M-50-N-50-pa-0.05-pe-1.00,LinearSearch,45,48,0.05,pegasus,16,12,,,1.0,18.487191297399114,352.9,4.768918918918919,9.4,10,10
M-50-N-50-pa-0.05-pe-1.00,LinearSearch,45,48,0.05,pegasus,16,13,,,1.0,18.492574447498193,352.9,4.768918918918919,9.4,10,10
M-50-N-50-pa-0.05-pe-1.00,LinearSearch,45,48,0.05,pegasus,16,14,,,1.0,18.474090605106902,352.9,4.768918918918919,9.4,10,10
M-50-N-50-pa-0.05-pe-1.00,LinearSearch,45,48,0.05,pegasus,16,15,,,1.0,18.426059295592133,352.9,4.768918918918919,9.4,10,10
M-50-N-50-pa-0.05-pe-1.00,LinearSearch,45,48,0.05,pegasus,16,16,,,1.0,18.53416460680892,352.9,4.768918918918919,9.4,10,10
M-50-N-50-pa-0.05-pe-1.00,LinearSearch,45,48,0.05,pegasus,16,17,,,1.0,18.568212987296285,352.9,4.768918918918919,9.4,10,10
M-50-N-50-pa-0.05-pe-1.00,LinearSearch,45,48,0.05,pegasus,16,18,,,1.0,18.54799662180012,352.9,4.768918918918919,9.4,10,10
M-50-N-50-pa-0.05-pe-1.00,LinearSearch,45,48,0.05,pegasus,16,19,,,1.0,18.595292937906926,352.9,4.768918918918919,9.4,10,10
M-50-N-50-pa-0.05-pe-1.00,LinearSearch,45,48,0.05,pegasus,16,20,,,1.0,18.549268034205305,352.9,4.768918918918919,9.4,10,10
M-50-N-50-pa-0.05-pe-1.00,LinearSearch With Preprocessing,45,48,0.05,pegasus,16,20,,,1.0,19.428276266291505,352.9,4.768918918918919,9.4,10,10
M-50-N-50-pa-0.05-pe-1.00,LinearSearch With Preprocessing and Reduced Qubits,45,48,0.05,pegasus,16,20,,,1.0,19.10202110980172,352.9,4.768918918918919,9.4,10,10
M-50-N-50-pa-0.05-pe-1.00,LinearSearch With Reduced Qubits,45,48,0.05,pegasus,16,2,,,1.0,16.774728515994504,314.3,4.988888888888889,8.4,10,10
M-50-N-50-pa-0.05-pe-1.00,LinearSearch With Reduced Qubits,45,48,0.05,pegasus,16,3,,,1.0,17.799588462599786,353.0,4.835616438356164,9.5,10,10
M-50-N-50-pa-0.05-pe-1.00,LinearSearch With Reduced Qubits,45,48,0.05,pegasus,16,4,,,1.0,18.44562044230406,352.9,4.8342465753424655,9.5,10,10
M-50-N-50-pa-0.05-pe-1.00,LinearSearch With Reduced Qubits,45,48,0.05,pegasus,16,5,,,1.0,18.54988577181357,352.9,4.768918918918919,9.4,10,10
M-50-N-50-pa-0.05-pe-1.00,LinearSearch With Reduced Qubits,45,48,0.05,pegasus,16,6,,,1.0,19.32915357958409,352.9,4.768918918918919,9.4,10,10
M-50-N-50-pa-0.05-pe-1.00,LinearSearch With Reduced Qubits,45,48,0.05,pegasus,16,7,,,1.0,18.48149717199849,352.9,4.768918918918919,9.4,10,10
M-50-N-50-pa-0.05-pe-1.00,LinearSearch With Reduced Qubits,45,48,0.05,pegasus,16,8,,,1.0,19.316032673593146,352.9,4.768918918918919,9.4,10,10
M-50-N-50-pa-0.05-pe-1.00,LinearSearch With Reduced Qubits,45,48,0.05,pegasus,16,9,,,1.0,18.404276369279252,352.9,4.768918918918919,9.4,10,10
M-50-N-50-pa-0.05-pe-1.00,LinearSearch With Reduced Qubits,45,48,0.05,pegasus,16,10,,,1.0,19.306770613102707,352.9,4.768918918918919,9.4,10,10
M-50-N-50-pa-0.05-pe-1.00,LinearSearch With Reduced Qubits,45,48,0.05,pegasus,16,11,,,1.0,18.53424949370092,352.9,4.768918918918919,9.4,10,10
M-50-N-50-pa-0.05-pe-1.00,LinearSearch With Reduced Qubits,45,48,0.05,pegasus,16,12,,,1.0,19.263476759812328,352.9,4.768918918918919,9.4,10,10
M-50-N-50-pa-0.05-pe-1.00,LinearSearch With Reduced Qubits,45,48,0.05,pegasus,16,13,,,1.0,18.543247789185262,352.9,4.768918918918919,9.4,10,10
M-50-N-50-pa-0.05-pe-1.00,LinearSearch With Reduced Qubits,45,48,0.05,pegasus,16,14,,,1.0,19.121173358702798,352.9,4.768918918918919,9.4,10,10
M-50-N-50-pa-0.05-pe-1.00,LinearSearch With Reduced Qubits,45,48,0.05,pegasus,16,15,,,1.0,18.425236603501254,352.9,4.768918918918919,9.4,10,10
M-50-N-50-pa-0.05-pe-1.00,LinearSearch With Reduced Qubits,45,48,0.05,pegasus,16,16,,,1.0,18.91898981591221,352.9,4.768918918918919,9.4,10,10
M-50-N-50-pa-0.05-pe-1.00,LinearSearch With Reduced Qubits,45,48,0.05,pegasus,16,17,,,1.0,18.576828541996655,352.9,4.768918918918919,9.4,10,10
M-50-N-50-pa-0.05-pe-1.00,LinearSearch With Reduced Qubits,45,48,0.05,pegasus,16,18,,,1.0,18.851074234681438,352.9,4.768918918918919,9.4,10,10
M-50-N-50-pa-0.05-pe-1.00,LinearSearch With Reduced Qubits,45,48,0.05,pegasus,16,19,,,1.0,18.519465047004633,352.9,4.768918918918919,9.4,10,10
M-50-N-50-pa-0.05-pe-1.00,LinearSearch With Reduced Qubits,45,48,0.05,pegasus,16,20,,,1.0,18.92119309359696,352.9,4.768918918918919,9.4,10,10
M-50-N-50-pa-0.15-pe-1.00,BinSearch,50,50,0.15,pegasus,16,7,,,1.0,32.95403564839508,1805.5,9.306701030927835,34.8,10,10
M-50-N-50-pa-0.15-pe-1.00,BinSearch,50,50,0.15,pegasus,16,8,,,1.0,33.360101929778466,1805.5,9.306701030927835,34.8,10,10
M-50-N-50-pa-0.15-pe-1.00,BinSearch,50,50,0.15,pegasus,16,9,,,1.0,33.21239803819917,2066.0,10.029126213592232,39.6,10,10
M-50-N-50-pa-0.15-pe-1.00,LinearSearch,50,50,0.15,pegasus,16,2,,,1.0,32.94268166672555,2066.0,10.029126213592232,39.6,10,10
M-50-N-50-pa-0.15-pe-1.00,LinearSearch,50,50,0.15,pegasus,16,3,,,1.0,33.211768269899764,2066.0,10.029126213592232,39.6,10,10
M-50-N-50-pa-0.15-pe-1.00,LinearSearch,50,50,0.15,pegasus,16,4,,,1.0,33.755517055897506,2053.8,9.96990291262136,39.5,10,10
M-50-N-50-pa-0.15-pe-1.00,LinearSearch,50,50,0.15,pegasus,16,5,,,1.0,33.7960459221038,2053.8,9.96990291262136,39.5,10,10
M-50-N-50-pa-0.15-pe-1.00,LinearSearch,50,50,0.15,pegasus,16,6,,,1.0,33.158278478204736,2066.0,10.029126213592232,39.6,10,10
M-50-N-50-pa-0.15-pe-1.00,LinearSearch,50,50,0.15,pegasus,16,7,,,1.0,33.841133565007475,2053.8,9.96990291262136,39.5,10,10
M-50-N-50-pa-0.15-pe-1.00,LinearSearch,50,50,0.15,pegasus,16,8,,,1.0,33.631040749000384,2053.8,9.96990291262136,39.5,10,10
M-50-N-50-pa-0.15-pe-1.00,LinearSearch,50,50,0.15,pegasus,16,9,,,1.0,33.18786353739561,2066.0,10.029126213592232,39.6,10,10
M-50-N-50-pa-0.15-pe-1.00,LinearSearch With Preprocessing,50,50,0.15,pegasus,16,5,,,1.0,32.81045755809173,2066.0,10.029126213592232,39.6,10,10
M-50-N-50-pa-0.15-pe-1.00,LinearSearch With Preprocessing,50,50,0.15,pegasus,16,6,,,1.0,33.36935214669793,2066.0,10.029126213592232,39.6,10,10
M-50-N-50-pa-0.15-pe-1.00,LinearSearch With Preprocessing,50,50,0.15,pegasus,16,7,,,1.0,33.22225291859358,2066.0,10.029126213592232,39.6,10,10
M-50-N-50-pa-0.15-pe-1.00,LinearSearch With Preprocessing,50,50,0.15,pegasus,16,8,,,1.0,33.07187713879394,2066.0,10.029126213592232,39.6,10,10
M-50-N-50-pa-0.15-pe-1.00,LinearSearch With Preprocessing,50,50,0.15,pegasus,16,9,,,1.0,33.02985974389594,2066.0,10.029126213592232,39.6,10,10
M-50-N-50-pa-0.15-pe-1.00,LinearSearch With Preprocessing and Reduced Qubits,50,50,0.15,pegasus,16,5,,,1.0,33.4023386484012,1808.3,9.321134020618556,34.7,10,10
M-50-N-50-pa-0.15-pe-1.00,LinearSearch With Preprocessing and Reduced Qubits,50,50,0.15,pegasus,16,6,,,1.0,33.38565735059092,1805.5,9.306701030927835,34.8,10,10
M-50-N-50-pa-0.15-pe-1.00,LinearSearch With Preprocessing and Reduced Qubits,50,50,0.15,pegasus,16,7,,,1.0,33.362782204599355,1805.5,9.306701030927835,34.8,10,10
M-50-N-50-pa-0.15-pe-1.00,LinearSearch With Preprocessing and Reduced Qubits,50,50,0.15,pegasus,16,8,,,1.0,33.30196447010967,1805.5,9.306701030927835,34.8,10,10
M-50-N-50-pa-0.15-pe-1.00,LinearSearch With Preprocessing and Reduced Qubits,50,50,0.15,pegasus,16,9,,,1.0,33.72448129521217,2053.8,9.96990291262136,39.5,10,10
M-50-N-50-pa-0.15-pe-1.00,LinearSearch With Reduced Qubits,50,50,0.15,pegasus,16,2,,,1.0,31.191099663998465,655.6,6.556,11.4,10,10
M-50-N-50-pa-0.15-pe-1.00,LinearSearch With Reduced Qubits,50,50,0.15,pegasus,16,3,,,1.0,31.8902398985927,1297.3,8.648666666666667,26.0,10,10
M-50-N-50-pa-0.15-pe-1.00,LinearSearch With Reduced Qubits,50,50,0.15,pegasus,16,4,,,1.0,31.68217650439474,1297.3,8.648666666666667,26.0,10,10
M-50-N-50-pa-0.15-pe-1.00,LinearSearch With Reduced Qubits,50,50,0.15,pegasus,16,5,,,1.0,33.29605427989736,1805.5,9.306701030927835,34.8,10,10
M-50-N-50-pa-0.15-pe-1.00,LinearSearch With Reduced Qubits,50,50,0.15,pegasus,16,6,,,1.0,33.24305378849967,1805.5,9.306701030927835,34.8,10,10
M-50-N-50-pa-0.15-pe-1.00,LinearSearch With Reduced Qubits,50,50,0.15,pegasus,16,7,,,1.0,33.39735347990063,1805.5,9.306701030927835,34.8,10,10
M-50-N-50-pa-0.15-pe-1.00,LinearSearch With Reduced Qubits,50,50,0.15,pegasus,16,8,,,1.0,33.19147632758832,1805.5,9.306701030927835,34.8,10,10
M-50-N-50-pa-0.15-pe-1.00,LinearSearch With Reduced Qubits,50,50,0.15,pegasus,16,9,,,1.0,33.73759809281328,2053.8,9.96990291262136,39.5,10,10
M-50-N-50-pa-0.25-pe-1.00,BinSearch,50,50,0.25,pegasus,16,4,,,1.0,32.23232068780926,1571.3,10.475333333333335,28.7,10,10
M-50-N-50-pa-0.25-pe-1.00,BinSearch,50,50,0.25,pegasus,16,5,,,1.0,32.57375779479626,2493.4,12.467,44.6,10,10
M-50-N-50-pa-0.25-pe-1.00,BinSearch,50,50,0.25,pegasus,16,6,,,1.0,32.42050617389032,2493.4,12.467,44.6,10,10
M-50-N-50-pa-0.25-pe-1.00,LinearSearch,50,50,0.25,pegasus,16,2,,,0.9,33.68073332700878,3293.0,13.331983805668017,58.22222222222222,10,10
M-50-N-50-pa-0.25-pe-1.00,LinearSearch,50,50,0.25,pegasus,16,3,,,0.9,33.1196860670927,3295.8888888888887,13.343679712100764,58.22222222222222,10,10
M-50-N-50-pa-0.25-pe-1.00,LinearSearch,50,50,0.25,pegasus,16,4,,,0.9,33.01642583630746,3295.8888888888887,13.343679712100764,58.22222222222222,10,10
M-50-N-50-pa-0.25-pe-1.00,LinearSearch,50,50,0.25,pegasus,16,5,,,0.9,32.98247995839338,3295.8888888888887,13.343679712100764,58.22222222222222,10,10
M-50-N-50-pa-0.25-pe-1.00,LinearSearch,50,50,0.25,pegasus,16,6,,,0.9,32.99570238609449,3295.8888888888887,13.343679712100764,58.22222222222222,10,10
M-50-N-50-pa-0.25-pe-1.00,LinearSearch With Preprocessing,50,50,0.25,pegasus,16,3,,,0.9,34.34816988070379,3280.3333333333335,13.280701754385966,58.22222222222222,10,10
M-50-N-50-pa-0.25-pe-1.00,LinearSearch With Preprocessing,50,50,0.25,pegasus,16,4,,,0.9,32.81575245809508,3295.8888888888887,13.343679712100764,58.22222222222222,10,10
M-50-N-50-pa-0.25-pe-1.00,LinearSearch With Preprocessing,50,50,0.25,pegasus,16,5,,,0.9,32.973937803902665,3295.8888888888887,13.343679712100764,58.22222222222222,10,10
M-50-N-50-pa-0.25-pe-1.00,LinearSearch With Preprocessing,50,50,0.25,pegasus,16,6,,,0.9,33.01208555610501,3295.8888888888887,13.343679712100764,58.22222222222222,10,10
M-50-N-50-pa-0.25-pe-1.00,LinearSearch With Preprocessing and Reduced Qubits,50,50,0.25,pegasus,16,3,,,1.0,32.03108175310772,1565.7,10.438,28.4,10,10
M-50-N-50-pa-0.25-pe-1.00,LinearSearch With Preprocessing and Reduced Qubits,50,50,0.25,pegasus,16,4,,,1.0,32.18493975650053,1567.5,10.45,28.5,10,10
M-50-N-50-pa-0.25-pe-1.00,LinearSearch With Preprocessing and Reduced Qubits,50,50,0.25,pegasus,16,5,,,1.0,32.85923506971449,2489.8,12.449000000000002,44.6,10,10
M-50-N-50-pa-0.25-pe-1.00,LinearSearch With Preprocessing and Reduced Qubits,50,50,0.25,pegasus,16,6,,,1.0,32.50325981290662,2493.4,12.467,44.6,10,10
M-50-N-50-pa-0.25-pe-1.00,LinearSearch With Reduced Qubits,50,50,0.25,pegasus,16,2,,,1.0,30.28422423369484,794.5,7.945,13.9,10,10
M-50-N-50-pa-0.25-pe-1.00,LinearSearch With Reduced Qubits,50,50,0.25,pegasus,16,3,,,1.0,31.965789047192082,1567.5,10.45,28.5,10,10
M-50-N-50-pa-0.25-pe-1.00,LinearSearch With Reduced Qubits,50,50,0.25,pegasus,16,4,,,1.0,31.950864727096633,1567.5,10.45,28.5,10,10
M-50-N-50-pa-0.25-pe-1.00,LinearSearch With Reduced Qubits,50,50,0.25,pegasus,16,5,,,1.0,32.999295061599696,2489.8,12.449000000000002,44.6,10,10
M-50-N-50-pa-0.25-pe-1.00,LinearSearch With Reduced Qubits,50,50,0.25,pegasus,16,6,,,1.0,32.7904530655127,2489.8,12.449000000000002,44.6,10,10
M-50-N-50-pa-0.35-pe-1.00,BinSearch,50,50,0.35,pegasus,16,3,,,1.0,31.947176605393178,1755.4,11.702666666666667,31.3,10,10
M-50-N-50-pa-0.35-pe-1.00,BinSearch,50,50,0.35,pegasus,16,4,,,1.0,31.879398444708205,1755.4,11.702666666666667,31.3,10,10
M-50-N-50-pa-0.35-pe-1.00,LinearSearch,50,50,0.35,pegasus,16,2,,,0.0,37.21104296140256,,,,10,10
M-50-N-50-pa-0.35-pe-1.00,LinearSearch,50,50,0.35,pegasus,16,3,,,0.0,37.262108361604625,,,,10,10
M-50-N-50-pa-0.35-pe-1.00,LinearSearch,50,50,0.35,pegasus,16,4,,,0.0,37.85938964060042,,,,10,10
M-50-N-50-pa-0.35-pe-1.00,LinearSearch With Preprocessing,50,50,0.35,pegasus,16,2,,,0.0,37.83163228590856,,,,10,10
M-50-N-50-pa-0.35-pe-1.00,LinearSearch With Preprocessing,50,50,0.35,pegasus,16,3,,,0.0,37.72195355850854,,,,10,10
M-50-N-50-pa-0.35-pe-1.00,LinearSearch With Preprocessing,50,50,0.35,pegasus,16,4,,,0.0,37.97920132199069,,,,10,10
M-50-N-50-pa-0.35-pe-1.00,LinearSearch With Preprocessing and Reduced Qubits,50,50,0.35,pegasus,16,2,,,1.0,31.15891320979572,871.9,8.719,15.5,10,10
M-50-N-50-pa-0.35-pe-1.00,LinearSearch With Preprocessing and Reduced Qubits,50,50,0.35,pegasus,16,3,,,1.0,31.622188149602152,1755.4,11.702666666666667,31.3,10,10
M-50-N-50-pa-0.35-pe-1.00,LinearSearch With Preprocessing and Reduced Qubits,50,50,0.35,pegasus,16,4,,,1.0,31.7714153531997,1755.4,11.702666666666667,31.3,10,10
M-50-N-50-pa-0.35-pe-1.00,LinearSearch With Reduced Qubits,50,50,0.35,pegasus,16,2,,,1.0,31.044257723394548,871.9,8.719,15.5,10,10
M-50-N-50-pa-0.35-pe-1.00,LinearSearch With Reduced Qubits,50,50,0.35,pegasus,16,3,,,1.0,32.00980795369833,1755.4,11.702666666666667,31.3,10,10
M-50-N-50-pa-0.35-pe-1.00,LinearSearch With Reduced Qubits,50,50,0.35,pegasus,16,4,,,1.0,31.69723242120235,1755.4,11.702666666666667,31.3,10,10
M-50-N-50-pa-0.45-pe-1.00,BinSearch,50,50,0.45,pegasus,16,2,,,1.0,31.291956373513678,829.8,8.298,15.2,10,10
M-50-N-50-pa-0.45-pe-1.00,BinSearch,50,50,0.45,pegasus,16,3,,,1.0,32.2565632902144,1682.1,11.214,28.3,10,10
M-50-N-50-pa-0.45-pe-1.00,LinearSearch,50,50,0.45,pegasus,16,2,,,0.0,45.33782635280513,,,,10,10
M-50-N-50-pa-0.45-pe-1.00,LinearSearch,50,50,0.45,pegasus,16,3,,,0.0,45.273991481302076,,,,10,10
M-50-N-50-pa-0.45-pe-1.00,LinearSearch With Preprocessing,50,50,0.45,pegasus,16,2,,,0.0,46.43131580870249,,,,10,10
M-50-N-50-pa-0.45-pe-1.00,LinearSearch With Preprocessing,50,50,0.45,pegasus,16,3,,,0.0,46.48516395019833,,,,10,10
M-50-N-50-pa-0.45-pe-1.00,LinearSearch With Preprocessing and Reduced Qubits,50,50,0.45,pegasus,16,2,,,1.0,31.57757374420762,829.8,8.298,15.2,10,10
M-50-N-50-pa-0.45-pe-1.00,LinearSearch With Preprocessing and Reduced Qubits,50,50,0.45,pegasus,16,3,,,1.0,31.91450399760506,1682.1,11.214,28.3,10,10
M-50-N-50-pa-0.45-pe-1.00,LinearSearch With Reduced Qubits,50,50,0.45,pegasus,16,2,,,1.0,31.37279629971017,829.8,8.298,15.2,10,10
M-50-N-50-pa-0.45-pe-1.00,LinearSearch With Reduced Qubits,50,50,0.45,pegasus,16,3,,,1.0,32.08160675590625,1682.1,11.214,28.3,10,10
M-50-N-50-pa-0.55-pe-1.00,BinSearch,50,50,0.55,pegasus,16,2,,,1.0,31.260073738195935,873.8,8.738,15.5,10,10
M-50-N-50-pa-0.55-pe-1.00,BinSearch,50,50,0.55,pegasus,16,3,,,1.0,32.51874665489886,1782.8,11.885333333333334,29.7,10,10
M-50-N-50-pa-0.55-pe-1.00,LinearSearch,50,50,0.55,pegasus,16,2,,,0.0,40.47840020919684,,,,10,10
M-50-N-50-pa-0.55-pe-1.00,LinearSearch,50,50,0.55,pegasus,16,3,,,0.0,40.439405177795564,,,,10,10
M-50-N-50-pa-0.55-pe-1.00,LinearSearch With Preprocessing,50,50,0.55,pegasus,16,2,,,0.0,40.42037874127855,,,,10,10
M-50-N-50-pa-0.55-pe-1.00,LinearSearch With Preprocessing,50,50,0.55,pegasus,16,3,,,0.0,40.43958485450712,,,,10,10
M-50-N-50-pa-0.55-pe-1.00,LinearSearch With Preprocessing and Reduced Qubits,50,50,0.55,pegasus,16,2,,,1.0,31.153251935599837,873.8,8.738,15.5,10,10
M-50-N-50-pa-0.55-pe-1.00,LinearSearch With Preprocessing and Reduced Qubits,50,50,0.55,pegasus,16,3,,,1.0,32.41349303398747,1782.8,11.885333333333334,29.7,10,10
M-50-N-50-pa-0.55-pe-1.00,LinearSearch With Reduced Qubits,50,50,0.55,pegasus,16,2,,,1.0,31.53768266098923,873.8,8.738,15.5,10,10
M-50-N-50-pa-0.55-pe-1.00,LinearSearch With Reduced Qubits,50,50,0.55,pegasus,16,3,,,1.0,32.539448059606364,1782.8,11.885333333333334,29.7,10,10
M-50-N-50-pa-0.65-pe-1.00,BinSearch,50,50,0.65,pegasus,16,2,,,1.0,31.378351432905767,897.0,8.97,16.5,10,10
M-50-N-50-pa-0.65-pe-1.00,BinSearch,50,50,0.65,pegasus,16,3,,,1.0,33.73853844770347,1860.3,12.402,32.4,10,10
M-50-N-50-pa-0.65-pe-1.00,LinearSearch,50,50,0.65,pegasus,16,2,,,0.0,44.79617463499308,,,,10,10
M-50-N-50-pa-0.65-pe-1.00,LinearSearch,50,50,0.65,pegasus,16,3,,,0.0,44.738261075806804,,,,10,10
M-50-N-50-pa-0.65-pe-1.00,LinearSearch With Preprocessing,50,50,0.65,pegasus,16,2,,,0.0,44.67329143649549,,,,10,10
M-50-N-50-pa-0.65-pe-1.00,LinearSearch With Preprocessing,50,50,0.65,pegasus,16,3,,,0.0,44.71394784090226,,,,10,10
M-50-N-50-pa-0.65-pe-1.00,LinearSearch With Preprocessing and Reduced Qubits,50,50,0.65,pegasus,16,2,,,1.0,31.435717361897694,897.8,8.978,16.5,10,10
M-50-N-50-pa-0.65-pe-1.00,LinearSearch With Preprocessing and Reduced Qubits,50,50,0.65,pegasus,16,3,,,1.0,33.5686545126955,1860.3,12.402,32.4,10,10
M-50-N-50-pa-0.65-pe-1.00,LinearSearch With Reduced Qubits,50,50,0.65,pegasus,16,2,,,1.0,31.642666270706105,896.6,8.966,16.5,10,10
M-50-N-50-pa-0.65-pe-1.00,LinearSearch With Reduced Qubits,50,50,0.65,pegasus,16,3,,,1.0,33.62201379499747,1860.3,12.402,32.4,10,10
M-50-N-50-pa-0.75-pe-1.00,BinSearch,50,50,0.75,pegasus,16,2,,,1.0,31.23251339191338,920.3,9.203,17.4,10,10
M-50-N-50-pa-0.75-pe-1.00,LinearSearch,50,50,0.75,pegasus,16,2,,,0.0,50.402997543895616,,,,10,10
M-50-N-50-pa-0.75-pe-1.00,LinearSearch With Preprocessing,50,50,0.75,pegasus,16,2,,,0.0,50.45833740590024,,,,10,10
M-50-N-50-pa-0.75-pe-1.00,LinearSearch With Preprocessing and Reduced Qubits,50,50,0.75,pegasus,16,2,,,1.0,31.468401895317946,920.3,9.203,17.4,10,10
M-50-N-50-pa-0.75-pe-1.00,LinearSearch With Reduced Qubits,50,50,0.75,pegasus,16,2,,,1.0,31.389359046396567,920.3,9.203,17.4,10,10
M-50-N-50-pa-0.85-pe-1.00,BinSearch,50,50,0.85,pegasus,16,2,,,1.0,32.19526513480232,851.0,8.683673469387756,15.9,10,10
M-50-N-50-pa-0.85-pe-1.00,LinearSearch,50,50,0.85,pegasus,16,2,,,0.0,51.23919646330178,,,,10,10
M-50-N-50-pa-0.85-pe-1.00,LinearSearch With Preprocessing,50,50,0.85,pegasus,16,2,,,0.0,51.22038607639843,,,,10,10
M-50-N-50-pa-0.85-pe-1.00,LinearSearch With Preprocessing and Reduced Qubits,50,50,0.85,pegasus,16,2,,,1.0,31.960095996200106,851.0,8.683673469387756,15.9,10,10
M-50-N-50-pa-0.85-pe-1.00,LinearSearch With Reduced Qubits,50,50,0.85,pegasus,16,2,,,1.0,31.194582182809246,851.0,8.683673469387756,15.9,10,10
