problem_id,algorithm,universe_size,num_test_cases,num_qubits,num_couplers,total_true_mhs,total_found_mhs,global_found_ratio,runtime_seconds,seed
M-5-N-10-pa-0.05-pe-1.00,CardinalitySweep,5,5,5,10,1,1,1.0,0.5713138580322266,1337
M-5-N-10-pa-0.05-pe-1.00,RecursivePUBO,5,5,5,10,1,1,1.0,0.2990148067474365,1337
M-5-N-10-pa-0.05-pe-1.00,RecursivePUBO With Preprocessing,5,5,5,10,1,1,1.0,0.1523213386535644,1337
M-5-N-10-pa-0.05-pe-1.00,RecursivePUBO With Adaptive Qubits,5,5,5,10,1,1,1.0,0.2981581687927246,1337
M-5-N-10-pa-0.05-pe-1.00,RecursivePUBO With Preprocessing and Adaptive Qubits,5,5,5,10,1,1,1.0,0.1527793407440185,1337
M-5-N-5-pa-0.85-pe-1.00,CardinalitySweep,5,4,6,10,5,5,1.0,0.1631832122802734,1337
M-5-N-5-pa-0.85-pe-1.00,RecursivePUBO,5,4,6,10,5,5,1.0,0.1668860912322998,1337
M-5-N-5-pa-0.85-pe-1.00,RecursivePUBO With Preprocessing,5,4,6,10,5,5,1.0,0.1631460189819336,1337
M-5-N-5-pa-0.85-pe-1.00,RecursivePUBO With Adaptive Qubits,5,4,6,10,5,5,1.0,0.1622908115386963,1337
M-5-N-5-pa-0.85-pe-1.00,RecursivePUBO With Preprocessing and Adaptive Qubits,5,4,6,10,5,5,1.0,0.163299560546875,1337
M-5-N-25-pa-0.75-pe-1.00,CardinalitySweep,5,12,10,20,3,3,1.0,0.8768250942230225,1337
M-5-N-25-pa-0.75-pe-1.00,RecursivePUBO,5,12,12,26,3,3,1.0,0.9236345291137696,1337
M-5-N-25-pa-0.75-pe-1.00,RecursivePUBO With Preprocessing,5,12,12,26,3,3,1.0,0.9244894981384276,1337
M-5-N-25-pa-0.75-pe-1.00,RecursivePUBO With Adaptive Qubits,5,12,12,26,3,3,1.0,0.9169678688049316,1337
M-5-N-25-pa-0.75-pe-1.00,RecursivePUBO With Preprocessing and Adaptive Qubits,5,12,12,26,3,3,1.0,0.9122359752655028,1337
M-5-N-10-pa-0.35-pe-1.00,CardinalitySweep,5,9,6,12,2,2,1.0,0.1669478416442871,1337
M-5-N-10-pa-0.35-pe-1.00,RecursivePUBO,5,9,6,12,2,2,1.0,0.4882256984710693,1337
M-5-N-10-pa-0.35-pe-1.00,RecursivePUBO With Preprocessing,5,9,6,12,2,2,1.0,0.1642436981201172,1337
M-5-N-10-pa-0.35-pe-1.00,RecursivePUBO With Adaptive Qubits,5,9,6,12,2,2,1.0,0.4792525768280029,1337
M-5-N-10-pa-0.35-pe-1.00,RecursivePUBO With Preprocessing and Adaptive Qubits,5,9,6,12,2,2,1.0,0.1651692390441894,1337
M-5-N-50-pa-0.65-pe-1.00,CardinalitySweep,5,23,5,10,1,1,1.0,0.1478931903839111,1337
M-5-N-50-pa-0.65-pe-1.00,RecursivePUBO,5,23,5,10,1,1,1.0,0.2979261875152588,1337
M-5-N-50-pa-0.65-pe-1.00,RecursivePUBO With Preprocessing,5,23,5,10,1,1,1.0,0.1481976509094238,1337
M-5-N-50-pa-0.65-pe-1.00,RecursivePUBO With Adaptive Qubits,5,23,5,10,1,1,1.0,0.3009061813354492,1337
M-5-N-50-pa-0.65-pe-1.00,RecursivePUBO With Preprocessing and Adaptive Qubits,5,23,5,10,1,1,1.0,0.1500613689422607,1337
M-5-N-50-pa-0.45-pe-1.00,CardinalitySweep,5,29,5,10,1,1,1.0,0.1534955501556396,1337
M-5-N-50-pa-0.45-pe-1.00,RecursivePUBO,5,29,5,10,1,1,1.0,0.5847578048706055,1337
M-5-N-50-pa-0.45-pe-1.00,RecursivePUBO With Preprocessing,5,29,5,10,1,1,1.0,0.1553847789764404,1337
M-5-N-50-pa-0.45-pe-1.00,RecursivePUBO With Adaptive Qubits,5,29,5,10,1,1,1.0,0.5897414684295654,1337
M-5-N-50-pa-0.45-pe-1.00,RecursivePUBO With Preprocessing and Adaptive Qubits,5,29,5,10,1,1,1.0,0.1551315784454345,1337
M-5-N-25-pa-0.25-pe-1.00,CardinalitySweep,5,12,5,10,1,1,1.0,0.1552746295928955,1337
M-5-N-25-pa-0.25-pe-1.00,RecursivePUBO,5,12,5,10,1,1,1.0,0.58856201171875,1337
M-5-N-25-pa-0.25-pe-1.00,RecursivePUBO With Preprocessing,5,12,5,10,1,1,1.0,0.1516022682189941,1337
M-5-N-25-pa-0.25-pe-1.00,RecursivePUBO With Adaptive Qubits,5,12,5,10,1,1,1.0,0.5910563468933105,1337
M-5-N-25-pa-0.25-pe-1.00,RecursivePUBO With Preprocessing and Adaptive Qubits,5,12,5,10,1,1,1.0,0.1532418727874755,1337
M-5-N-50-pa-0.05-pe-1.00,CardinalitySweep,5,8,5,10,1,1,1.0,0.1577284336090088,1337
M-5-N-50-pa-0.05-pe-1.00,RecursivePUBO,5,8,5,10,1,1,1.0,0.5961353778839111,1337
M-5-N-50-pa-0.05-pe-1.00,RecursivePUBO With Preprocessing,5,8,5,10,1,1,1.0,0.1566970348358154,1337
M-5-N-50-pa-0.05-pe-1.00,RecursivePUBO With Adaptive Qubits,5,8,5,10,1,1,1.0,0.5943117141723633,1337
M-5-N-50-pa-0.05-pe-1.00,RecursivePUBO With Preprocessing and Adaptive Qubits,5,8,5,10,1,1,1.0,0.150923490524292,1337
M-5-N-25-pa-0.05-pe-1.00,CardinalitySweep,5,10,5,10,1,1,1.0,0.1558725833892822,1337
M-5-N-25-pa-0.05-pe-1.00,RecursivePUBO,5,10,5,10,1,1,1.0,0.5866212844848633,1337
M-5-N-25-pa-0.05-pe-1.00,RecursivePUBO With Preprocessing,5,10,5,10,1,1,1.0,0.1553738117218017,1337
M-5-N-25-pa-0.05-pe-1.00,RecursivePUBO With Adaptive Qubits,5,10,5,10,1,1,1.0,0.583040714263916,1337
M-5-N-25-pa-0.05-pe-1.00,RecursivePUBO With Preprocessing and Adaptive Qubits,5,10,5,10,1,1,1.0,0.1512048244476318,1337
M-5-N-5-pa-0.75-pe-1.00,CardinalitySweep,5,5,9,22,6,6,1.0,0.4296956062316894,1337
M-5-N-5-pa-0.75-pe-1.00,RecursivePUBO,5,5,9,22,6,6,1.0,0.4218409061431885,1337
M-5-N-5-pa-0.75-pe-1.00,RecursivePUBO With Preprocessing,5,5,9,22,6,6,1.0,0.4156713485717773,1337
M-5-N-5-pa-0.75-pe-1.00,RecursivePUBO With Adaptive Qubits,5,5,9,22,6,6,1.0,0.3856992721557617,1337
M-5-N-5-pa-0.75-pe-1.00,RecursivePUBO With Preprocessing and Adaptive Qubits,5,5,9,22,6,6,1.0,0.4000420570373535,1337
M-5-N-25-pa-0.85-pe-1.00,CardinalitySweep,5,10,15,47,7,7,1.0,1.1575000286102295,1337
M-5-N-25-pa-0.85-pe-1.00,RecursivePUBO,5,10,16,50,7,7,1.0,1.1642096042633057,1337
M-5-N-25-pa-0.85-pe-1.00,RecursivePUBO With Preprocessing,5,10,16,50,7,7,1.0,1.1705825328826904,1337
M-5-N-25-pa-0.85-pe-1.00,RecursivePUBO With Adaptive Qubits,5,10,16,50,7,7,1.0,1.1010289192199707,1337
M-5-N-25-pa-0.85-pe-1.00,RecursivePUBO With Preprocessing and Adaptive Qubits,5,10,16,50,7,7,1.0,1.1038799285888672,1337
M-5-N-50-pa-0.55-pe-1.00,CardinalitySweep,5,24,5,10,1,1,1.0,0.155153751373291,1337
M-5-N-50-pa-0.55-pe-1.00,RecursivePUBO,5,24,5,10,1,1,1.0,0.4469950199127197,1337
M-5-N-50-pa-0.55-pe-1.00,RecursivePUBO With Preprocessing,5,24,5,10,1,1,1.0,0.1572597026824951,1337
M-5-N-50-pa-0.55-pe-1.00,RecursivePUBO With Adaptive Qubits,5,24,5,10,1,1,1.0,0.4430561065673828,1337
M-5-N-50-pa-0.55-pe-1.00,RecursivePUBO With Preprocessing and Adaptive Qubits,5,24,5,10,1,1,1.0,0.1520514488220214,1337
M-5-N-50-pa-0.35-pe-1.00,CardinalitySweep,5,22,5,10,1,1,1.0,0.1581981182098388,1337
M-5-N-50-pa-0.35-pe-1.00,RecursivePUBO,5,22,5,10,1,1,1.0,0.5878064632415771,1337
M-5-N-50-pa-0.35-pe-1.00,RecursivePUBO With Preprocessing,5,22,5,10,1,1,1.0,0.1595485210418701,1337
M-5-N-50-pa-0.35-pe-1.00,RecursivePUBO With Adaptive Qubits,5,22,5,10,1,1,1.0,0.5894558429718018,1337
M-5-N-50-pa-0.35-pe-1.00,RecursivePUBO With Preprocessing and Adaptive Qubits,5,22,5,10,1,1,1.0,0.1502599716186523,1337
M-5-N-5-pa-0.95-pe-1.00,CardinalitySweep,5,1,1,0,5,5,1.0,0.0002107620239257,1337
M-5-N-5-pa-0.95-pe-1.00,RecursivePUBO,5,1,1,0,5,5,1.0,0.0001277923583984,1337
M-5-N-5-pa-0.95-pe-1.00,RecursivePUBO With Preprocessing,5,1,1,0,5,5,1.0,0.0001149177551269,1337
M-5-N-5-pa-0.95-pe-1.00,RecursivePUBO With Adaptive Qubits,5,1,1,0,5,5,1.0,0.0001125335693359,1337
M-5-N-5-pa-0.95-pe-1.00,RecursivePUBO With Preprocessing and Adaptive Qubits,5,1,1,0,5,5,1.0,0.0001115798950195,1337
M-5-N-5-pa-0.35-pe-1.00,CardinalitySweep,5,5,5,10,1,1,1.0,0.1515238285064697,1337
M-5-N-5-pa-0.35-pe-1.00,RecursivePUBO,5,5,5,10,1,1,1.0,0.1488733291625976,1337
M-5-N-5-pa-0.35-pe-1.00,RecursivePUBO With Preprocessing,5,5,5,10,1,1,1.0,0.1548130512237548,1337
M-5-N-5-pa-0.35-pe-1.00,RecursivePUBO With Adaptive Qubits,5,5,5,10,1,1,1.0,0.1498215198516845,1337
M-5-N-5-pa-0.35-pe-1.00,RecursivePUBO With Preprocessing and Adaptive Qubits,5,5,5,10,1,1,1.0,0.1492748260498047,1337
M-5-N-50-pa-0.25-pe-1.00,CardinalitySweep,5,19,5,10,1,1,1.0,0.1553871631622314,1337
M-5-N-50-pa-0.25-pe-1.00,RecursivePUBO,5,19,5,10,1,1,1.0,0.5887284278869629,1337
M-5-N-50-pa-0.25-pe-1.00,RecursivePUBO With Preprocessing,5,19,5,10,1,1,1.0,0.1563572883605957,1337
M-5-N-50-pa-0.25-pe-1.00,RecursivePUBO With Adaptive Qubits,5,19,5,10,1,1,1.0,0.5924115180969238,1337
M-5-N-50-pa-0.25-pe-1.00,RecursivePUBO With Preprocessing and Adaptive Qubits,5,19,5,10,1,1,1.0,0.1517412662506103,1337
M-5-N-50-pa-0.95-pe-1.00,CardinalitySweep,5,7,13,44,9,9,1.0,0.7831008434295654,1337
M-5-N-50-pa-0.95-pe-1.00,RecursivePUBO,5,7,13,44,9,9,1.0,0.7900044918060303,1337
M-5-N-50-pa-0.95-pe-1.00,RecursivePUBO With Preprocessing,5,7,13,44,9,9,1.0,0.7933950424194336,1337
M-5-N-50-pa-0.95-pe-1.00,RecursivePUBO With Adaptive Qubits,5,7,13,44,9,9,1.0,0.7377798557281494,1337
M-5-N-50-pa-0.95-pe-1.00,RecursivePUBO With Preprocessing and Adaptive Qubits,5,7,13,44,9,9,1.0,0.7416343688964844,1337
M-5-N-50-pa-0.15-pe-1.00,CardinalitySweep,5,16,5,10,1,1,1.0,0.1537485122680664,1337
M-5-N-50-pa-0.15-pe-1.00,RecursivePUBO,5,16,5,10,1,1,1.0,0.5746030807495117,1337
M-5-N-50-pa-0.15-pe-1.00,RecursivePUBO With Preprocessing,5,16,5,10,1,1,1.0,0.1548817157745361,1337
M-5-N-50-pa-0.15-pe-1.00,RecursivePUBO With Adaptive Qubits,5,16,5,10,1,1,1.0,0.5924069881439209,1337
M-5-N-50-pa-0.15-pe-1.00,RecursivePUBO With Preprocessing and Adaptive Qubits,5,16,5,10,1,1,1.0,0.1552233695983886,1337
M-5-N-10-pa-0.45-pe-1.00,CardinalitySweep,5,10,9,18,2,2,1.0,0.6197447776794434,1337
M-5-N-10-pa-0.45-pe-1.00,RecursivePUBO,5,10,11,24,2,2,1.0,0.8621768951416016,1337
M-5-N-10-pa-0.45-pe-1.00,RecursivePUBO With Preprocessing,5,10,11,24,2,2,1.0,0.6623461246490479,1337
M-5-N-10-pa-0.45-pe-1.00,RecursivePUBO With Adaptive Qubits,5,10,11,24,2,2,1.0,0.8549997806549072,1337
M-5-N-10-pa-0.45-pe-1.00,RecursivePUBO With Preprocessing and Adaptive Qubits,5,10,11,24,2,2,1.0,0.6564664840698242,1337
M-5-N-50-pa-0.75-pe-1.00,CardinalitySweep,5,14,8,16,4,4,1.0,0.380159854888916,1337
M-5-N-50-pa-0.75-pe-1.00,RecursivePUBO,5,14,8,16,4,4,1.0,0.3774452209472656,1337
M-5-N-50-pa-0.75-pe-1.00,RecursivePUBO With Preprocessing,5,14,8,16,4,4,1.0,0.3771822452545166,1337
M-5-N-50-pa-0.75-pe-1.00,RecursivePUBO With Adaptive Qubits,5,14,8,16,4,4,1.0,0.3882756233215332,1337
M-5-N-50-pa-0.75-pe-1.00,RecursivePUBO With Preprocessing and Adaptive Qubits,5,14,8,16,4,4,1.0,0.3758752346038818,1337
M-5-N-5-pa-0.45-pe-1.00,CardinalitySweep,4,4,5,8,2,2,1.0,0.155513048171997,1337
M-5-N-5-pa-0.45-pe-1.00,RecursivePUBO,4,4,5,8,2,2,1.0,0.1447401046752929,1337
M-5-N-5-pa-0.45-pe-1.00,RecursivePUBO With Preprocessing,4,4,5,8,2,2,1.0,0.1486530303955078,1337
M-5-N-5-pa-0.45-pe-1.00,RecursivePUBO With Adaptive Qubits,4,4,5,8,2,2,1.0,0.1524450778961181,1337
M-5-N-5-pa-0.45-pe-1.00,RecursivePUBO With Preprocessing and Adaptive Qubits,4,4,5,8,2,2,1.0,0.1475367546081543,1337
M-5-N-5-pa-0.05-pe-1.00,CardinalitySweep,2,2,2,1,1,1,1.0,0.1189243793487548,1337
M-5-N-5-pa-0.05-pe-1.00,RecursivePUBO,2,2,2,1,1,1,1.0,0.1182460784912109,1337
M-5-N-5-pa-0.05-pe-1.00,RecursivePUBO With Preprocessing,2,2,2,1,1,1,1.0,0.1258530616760254,1337
M-5-N-5-pa-0.05-pe-1.00,RecursivePUBO With Adaptive Qubits,2,2,2,1,1,1,1.0,0.115541934967041,1337
M-5-N-5-pa-0.05-pe-1.00,RecursivePUBO With Preprocessing and Adaptive Qubits,2,2,2,1,1,1,1.0,0.119255781173706,1337
M-5-N-10-pa-0.55-pe-1.00,CardinalitySweep,5,7,11,28,5,5,1.0,0.7000937461853027,1337
M-5-N-10-pa-0.55-pe-1.00,RecursivePUBO,5,7,14,37,5,5,1.0,0.739694356918335,1337
M-5-N-10-pa-0.55-pe-1.00,RecursivePUBO With Preprocessing,5,7,14,37,5,5,1.0,0.7546095848083496,1337
M-5-N-10-pa-0.55-pe-1.00,RecursivePUBO With Adaptive Qubits,5,7,14,37,5,5,1.0,0.7154474258422852,1337
M-5-N-10-pa-0.55-pe-1.00,RecursivePUBO With Preprocessing and Adaptive Qubits,5,7,14,37,5,5,1.0,0.7243359088897705,1337
M-5-N-10-pa-0.75-pe-1.00,CardinalitySweep,5,8,12,33,5,5,1.0,0.7493124008178711,1337
M-5-N-10-pa-0.75-pe-1.00,RecursivePUBO,5,8,13,36,5,5,1.0,0.7673430442810059,1337
M-5-N-10-pa-0.75-pe-1.00,RecursivePUBO With Preprocessing,5,8,13,36,5,5,1.0,0.7470285892486572,1337
M-5-N-10-pa-0.75-pe-1.00,RecursivePUBO With Adaptive Qubits,5,8,13,36,5,5,1.0,0.7181172370910645,1337
M-5-N-10-pa-0.75-pe-1.00,RecursivePUBO With Preprocessing and Adaptive Qubits,5,8,13,36,5,5,1.0,0.7143008708953857,1337
M-5-N-5-pa-0.55-pe-1.00,CardinalitySweep,4,3,4,5,3,3,1.0,0.1371216773986816,1337
M-5-N-5-pa-0.55-pe-1.00,RecursivePUBO,4,3,4,5,3,3,1.0,0.1405055522918701,1337
M-5-N-5-pa-0.55-pe-1.00,RecursivePUBO With Preprocessing,4,3,4,5,3,3,1.0,0.1350359916687011,1337
M-5-N-5-pa-0.55-pe-1.00,RecursivePUBO With Adaptive Qubits,4,3,4,5,3,3,1.0,0.1394214630126953,1337
M-5-N-5-pa-0.55-pe-1.00,RecursivePUBO With Preprocessing and Adaptive Qubits,4,3,4,5,3,3,1.0,0.1421520709991455,1337
M-5-N-25-pa-0.35-pe-1.00,CardinalitySweep,5,14,5,10,1,1,1.0,0.1588444709777832,1337
M-5-N-25-pa-0.35-pe-1.00,RecursivePUBO,5,14,5,10,1,1,1.0,0.4427869319915771,1337
M-5-N-25-pa-0.35-pe-1.00,RecursivePUBO With Preprocessing,5,14,5,10,1,1,1.0,0.1576197147369384,1337
M-5-N-25-pa-0.35-pe-1.00,RecursivePUBO With Adaptive Qubits,5,14,5,10,1,1,1.0,0.4643580913543701,1337
M-5-N-25-pa-0.35-pe-1.00,RecursivePUBO With Preprocessing and Adaptive Qubits,5,14,5,10,1,1,1.0,0.1567835807800293,1337
M-5-N-25-pa-0.65-pe-1.00,CardinalitySweep,5,18,7,14,2,2,1.0,0.3604774475097656,1337
M-5-N-25-pa-0.65-pe-1.00,RecursivePUBO,5,18,8,17,2,2,1.0,0.5435030460357666,1337
M-5-N-25-pa-0.65-pe-1.00,RecursivePUBO With Preprocessing,5,18,8,17,2,2,1.0,0.3725605010986328,1337
M-5-N-25-pa-0.65-pe-1.00,RecursivePUBO With Adaptive Qubits,5,18,8,17,2,2,1.0,0.5498440265655518,1337
M-5-N-25-pa-0.65-pe-1.00,RecursivePUBO With Preprocessing and Adaptive Qubits,5,18,8,17,2,2,1.0,0.3792846202850342,1337
M-5-N-50-pa-0.85-pe-1.00,CardinalitySweep,5,13,11,28,4,4,1.0,0.7176918983459473,1337
M-5-N-50-pa-0.85-pe-1.00,RecursivePUBO,5,13,12,31,4,4,1.0,0.7100198268890381,1337
M-5-N-50-pa-0.85-pe-1.00,RecursivePUBO With Preprocessing,5,13,12,31,4,4,1.0,0.7250368595123291,1337
M-5-N-50-pa-0.85-pe-1.00,RecursivePUBO With Adaptive Qubits,5,13,12,31,4,4,1.0,0.6953465938568115,1337
M-5-N-50-pa-0.85-pe-1.00,RecursivePUBO With Preprocessing and Adaptive Qubits,5,13,12,31,4,4,1.0,0.6980745792388916,1337
M-5-N-5-pa-0.15-pe-1.00,CardinalitySweep,4,4,4,6,1,1,1.0,0.1451747417449951,1337
M-5-N-5-pa-0.15-pe-1.00,RecursivePUBO,4,4,4,6,1,1,1.0,0.404029369354248,1337
M-5-N-5-pa-0.15-pe-1.00,RecursivePUBO With Preprocessing,4,4,4,6,1,1,1.0,0.1427862644195556,1337
M-5-N-5-pa-0.15-pe-1.00,RecursivePUBO With Adaptive Qubits,4,4,4,6,1,1,1.0,0.4026024341583252,1337
M-5-N-5-pa-0.15-pe-1.00,RecursivePUBO With Preprocessing and Adaptive Qubits,4,4,4,6,1,1,1.0,0.1441707611083984,1337
M-5-N-10-pa-0.65-pe-1.00,CardinalitySweep,5,9,13,35,5,5,1.0,1.0342063903808594,1337
M-5-N-10-pa-0.65-pe-1.00,RecursivePUBO,5,9,16,44,5,5,1.0,1.116889715194702,1337
M-5-N-10-pa-0.65-pe-1.00,RecursivePUBO With Preprocessing,5,9,16,44,5,5,1.0,1.1233434677124023,1337
M-5-N-10-pa-0.65-pe-1.00,RecursivePUBO With Adaptive Qubits,5,9,16,44,5,5,1.0,1.0765888690948486,1337
M-5-N-10-pa-0.65-pe-1.00,RecursivePUBO With Preprocessing and Adaptive Qubits,5,9,16,44,5,5,1.0,1.066659927368164,1337
M-5-N-25-pa-0.95-pe-1.00,CardinalitySweep,5,4,6,9,5,5,1.0,0.3299183845520019,1337
M-5-N-25-pa-0.95-pe-1.00,RecursivePUBO,5,4,6,9,5,5,1.0,0.3366868495941162,1337
M-5-N-25-pa-0.95-pe-1.00,RecursivePUBO With Preprocessing,5,4,6,9,5,5,1.0,0.3327720165252685,1337
M-5-N-25-pa-0.95-pe-1.00,RecursivePUBO With Adaptive Qubits,5,4,6,9,5,5,1.0,0.3327887058258056,1337
M-5-N-25-pa-0.95-pe-1.00,RecursivePUBO With Preprocessing and Adaptive Qubits,5,4,6,9,5,5,1.0,0.3350563049316406,1337
M-5-N-25-pa-0.55-pe-1.00,CardinalitySweep,5,20,6,12,2,2,1.0,0.1684279441833496,1337
M-5-N-25-pa-0.55-pe-1.00,RecursivePUBO,5,20,6,12,2,2,1.0,0.4816789627075195,1337
M-5-N-25-pa-0.55-pe-1.00,RecursivePUBO With Preprocessing,5,20,6,12,2,2,1.0,0.1670527458190918,1337
M-5-N-25-pa-0.55-pe-1.00,RecursivePUBO With Adaptive Qubits,5,20,6,12,2,2,1.0,0.4830944538116455,1337
M-5-N-25-pa-0.55-pe-1.00,RecursivePUBO With Preprocessing and Adaptive Qubits,5,20,6,12,2,2,1.0,0.1695783138275146,1337
M-5-N-10-pa-0.25-pe-1.00,CardinalitySweep,4,6,4,6,1,1,1.0,0.1376628875732422,1337
M-5-N-10-pa-0.25-pe-1.00,RecursivePUBO,4,6,4,6,1,1,1.0,0.280116319656372,1337
M-5-N-10-pa-0.25-pe-1.00,RecursivePUBO With Preprocessing,4,6,4,6,1,1,1.0,0.1391096115112304,1337
M-5-N-10-pa-0.25-pe-1.00,RecursivePUBO With Adaptive Qubits,4,6,4,6,1,1,1.0,0.2680623531341553,1337
M-5-N-10-pa-0.25-pe-1.00,RecursivePUBO With Preprocessing and Adaptive Qubits,4,6,4,6,1,1,1.0,0.1375782489776611,1337
M-5-N-10-pa-0.15-pe-1.00,CardinalitySweep,4,5,4,6,1,1,1.0,0.1421382427215576,1337
M-5-N-10-pa-0.15-pe-1.00,RecursivePUBO,4,5,4,6,1,1,1.0,0.3983373641967773,1337
M-5-N-10-pa-0.15-pe-1.00,RecursivePUBO With Preprocessing,4,5,4,6,1,1,1.0,0.1390166282653808,1337
M-5-N-10-pa-0.15-pe-1.00,RecursivePUBO With Adaptive Qubits,4,5,4,6,1,1,1.0,0.4016320705413818,1337
M-5-N-10-pa-0.15-pe-1.00,RecursivePUBO With Preprocessing and Adaptive Qubits,4,5,4,6,1,1,1.0,0.142824649810791,1337
M-5-N-10-pa-0.85-pe-1.00,CardinalitySweep,5,6,4,6,2,2,1.0,0.1362254619598388,1337
M-5-N-10-pa-0.85-pe-1.00,RecursivePUBO,5,6,4,6,2,2,1.0,0.1358802318572998,1337
M-5-N-10-pa-0.85-pe-1.00,RecursivePUBO With Preprocessing,5,6,4,6,2,2,1.0,0.1419687271118164,1337
M-5-N-10-pa-0.85-pe-1.00,RecursivePUBO With Adaptive Qubits,5,6,4,6,2,2,1.0,0.1375849246978759,1337
M-5-N-10-pa-0.85-pe-1.00,RecursivePUBO With Preprocessing and Adaptive Qubits,5,6,4,6,2,2,1.0,0.1348471641540527,1337
M-5-N-10-pa-0.95-pe-1.00,CardinalitySweep,5,2,1,0,4,4,1.0,0.0001673698425292,1337
M-5-N-10-pa-0.95-pe-1.00,RecursivePUBO,5,2,1,0,4,4,1.0,0.0001094341278076,1337
M-5-N-10-pa-0.95-pe-1.00,RecursivePUBO With Preprocessing,5,2,1,0,4,4,1.0,9.72747802734375e-05,1337
M-5-N-10-pa-0.95-pe-1.00,RecursivePUBO With Adaptive Qubits,5,2,1,0,4,4,1.0,9.489059448242188e-05,1337
M-5-N-10-pa-0.95-pe-1.00,RecursivePUBO With Preprocessing and Adaptive Qubits,5,2,1,0,4,4,1.0,9.465217590332033e-05,1337
M-5-N-25-pa-0.15-pe-1.00,CardinalitySweep,5,10,5,10,1,1,1.0,0.1562185287475586,1337
M-5-N-25-pa-0.15-pe-1.00,RecursivePUBO,5,10,5,10,1,1,1.0,0.6074068546295166,1337
M-5-N-25-pa-0.15-pe-1.00,RecursivePUBO With Preprocessing,5,10,5,10,1,1,1.0,0.1500914096832275,1337
M-5-N-25-pa-0.15-pe-1.00,RecursivePUBO With Adaptive Qubits,5,10,5,10,1,1,1.0,0.5859639644622803,1337
M-5-N-25-pa-0.15-pe-1.00,RecursivePUBO With Preprocessing and Adaptive Qubits,5,10,5,10,1,1,1.0,0.1541924476623535,1337
M-5-N-25-pa-0.45-pe-1.00,CardinalitySweep,5,15,6,12,2,2,1.0,0.1657252311706543,1337
M-5-N-25-pa-0.45-pe-1.00,RecursivePUBO,5,15,6,12,2,2,1.0,0.4789600372314453,1337
M-5-N-25-pa-0.45-pe-1.00,RecursivePUBO With Preprocessing,5,15,6,12,2,2,1.0,0.1636281013488769,1337
M-5-N-25-pa-0.45-pe-1.00,RecursivePUBO With Adaptive Qubits,5,15,6,12,2,2,1.0,0.4836330413818359,1337
M-5-N-25-pa-0.45-pe-1.00,RecursivePUBO With Preprocessing and Adaptive Qubits,5,15,6,12,2,2,1.0,0.1654627323150634,1337
M-5-N-5-pa-0.65-pe-1.00,CardinalitySweep,5,4,3,3,3,3,1.0,0.1303160190582275,1337
M-5-N-5-pa-0.65-pe-1.00,RecursivePUBO,5,4,3,3,3,3,1.0,0.1279439926147461,1337
M-5-N-5-pa-0.65-pe-1.00,RecursivePUBO With Preprocessing,5,4,3,3,3,3,1.0,0.1243262290954589,1337
M-5-N-5-pa-0.65-pe-1.00,RecursivePUBO With Adaptive Qubits,5,4,3,3,3,3,1.0,0.1265783309936523,1337
M-5-N-5-pa-0.65-pe-1.00,RecursivePUBO With Preprocessing and Adaptive Qubits,5,4,3,3,3,3,1.0,0.1258947849273681,1337
M-5-N-5-pa-0.25-pe-1.00,CardinalitySweep,5,5,6,12,2,2,1.0,0.1652328968048095,1337
M-5-N-5-pa-0.25-pe-1.00,RecursivePUBO,5,5,6,12,2,2,1.0,0.5093069076538086,1337
M-5-N-5-pa-0.25-pe-1.00,RecursivePUBO With Preprocessing,5,5,6,12,2,2,1.0,0.1671490669250488,1337
M-5-N-5-pa-0.25-pe-1.00,RecursivePUBO With Adaptive Qubits,5,5,6,12,2,2,1.0,0.4776840209960937,1337
M-5-N-5-pa-0.25-pe-1.00,RecursivePUBO With Preprocessing and Adaptive Qubits,5,5,6,12,2,2,1.0,0.166090726852417,1337
M-10-N-5-pa-0.15-pe-1.00,CardinalitySweep,8,5,11,37,3,3,1.0,0.4830195903778076,1337
M-10-N-5-pa-0.15-pe-1.00,RecursivePUBO,8,5,12,40,3,3,1.0,0.736515998840332,1337
M-10-N-5-pa-0.15-pe-1.00,RecursivePUBO With Preprocessing,8,5,12,40,3,3,1.0,0.488610029220581,1337
M-10-N-5-pa-0.15-pe-1.00,RecursivePUBO With Adaptive Qubits,8,5,12,40,3,3,1.0,0.722754716873169,1337
M-10-N-5-pa-0.15-pe-1.00,RecursivePUBO With Preprocessing and Adaptive Qubits,8,5,12,40,3,3,1.0,0.4978573322296142,1337
M-10-N-50-pa-0.75-pe-1.00,CardinalitySweep,10,48,39,227,42,42,1.0,6.296418905258179,1337
M-10-N-50-pa-0.75-pe-1.00,RecursivePUBO,10,48,78,370,42,42,1.0,9.172206163406372,1337
M-10-N-50-pa-0.75-pe-1.00,RecursivePUBO With Preprocessing,10,48,78,370,42,42,1.0,9.18310046195984,1337
M-10-N-50-pa-0.75-pe-1.00,RecursivePUBO With Adaptive Qubits,10,48,78,370,42,42,1.0,8.638992547988892,1337
M-10-N-50-pa-0.75-pe-1.00,RecursivePUBO With Preprocessing and Adaptive Qubits,10,48,78,370,42,42,1.0,8.694863557815552,1337
M-10-N-5-pa-0.55-pe-1.00,CardinalitySweep,10,5,20,102,20,20,1.0,1.19415020942688,1337
M-10-N-5-pa-0.55-pe-1.00,RecursivePUBO,10,5,28,128,20,20,1.0,1.2390270233154297,1337
M-10-N-5-pa-0.55-pe-1.00,RecursivePUBO With Preprocessing,10,5,28,128,20,20,1.0,1.2445402145385742,1337
M-10-N-5-pa-0.55-pe-1.00,RecursivePUBO With Adaptive Qubits,10,5,26,113,20,20,1.0,1.1110389232635498,1337
M-10-N-5-pa-0.55-pe-1.00,RecursivePUBO With Preprocessing and Adaptive Qubits,10,5,26,113,20,20,1.0,1.0985774993896484,1337
M-10-N-50-pa-0.15-pe-1.00,CardinalitySweep,10,36,10,45,1,1,1.0,0.229663610458374,1337
M-10-N-50-pa-0.15-pe-1.00,RecursivePUBO,10,36,10,45,1,1,1.0,1.9234414100646973,1337
M-10-N-50-pa-0.15-pe-1.00,RecursivePUBO With Preprocessing,10,36,10,45,1,1,1.0,0.2315723896026611,1337
M-10-N-50-pa-0.15-pe-1.00,RecursivePUBO With Adaptive Qubits,10,36,10,45,1,1,1.0,1.92962908744812,1337
M-10-N-50-pa-0.15-pe-1.00,RecursivePUBO With Preprocessing and Adaptive Qubits,10,36,10,45,1,1,1.0,0.2268979549407959,1337
M-10-N-10-pa-0.15-pe-1.00,CardinalitySweep,10,9,15,58,8,8,1.0,0.9001095294952393,1337
M-10-N-10-pa-0.15-pe-1.00,RecursivePUBO,10,9,32,114,8,8,1.0,1.7338149547576904,1337
M-10-N-10-pa-0.15-pe-1.00,RecursivePUBO With Preprocessing,10,9,32,114,8,8,1.0,1.1226251125335691,1337
M-10-N-10-pa-0.15-pe-1.00,RecursivePUBO With Adaptive Qubits,10,9,32,114,8,8,1.0,1.714585781097412,1337
M-10-N-10-pa-0.15-pe-1.00,RecursivePUBO With Preprocessing and Adaptive Qubits,10,9,32,114,8,8,1.0,1.1323623657226562,1337
M-10-N-50-pa-0.05-pe-1.00,CardinalitySweep,10,22,10,45,1,1,1.0,0.2326831817626953,1337
M-10-N-50-pa-0.05-pe-1.00,RecursivePUBO,10,22,10,45,1,1,1.0,2.217918157577514,1337
M-10-N-50-pa-0.05-pe-1.00,RecursivePUBO With Preprocessing,10,22,10,45,1,1,1.0,0.2280385494232177,1337
M-10-N-50-pa-0.05-pe-1.00,RecursivePUBO With Adaptive Qubits,10,22,10,45,1,1,1.0,2.217665672302246,1337
M-10-N-50-pa-0.05-pe-1.00,RecursivePUBO With Preprocessing and Adaptive Qubits,10,22,10,45,1,1,1.0,0.2301306724548339,1337
M-10-N-25-pa-0.95-pe-1.00,CardinalitySweep,10,7,20,96,18,18,1.0,1.4951183795928955,1337
M-10-N-25-pa-0.95-pe-1.00,RecursivePUBO,10,7,20,96,18,18,1.0,1.4682562351226809,1337
M-10-N-25-pa-0.95-pe-1.00,RecursivePUBO With Preprocessing,10,7,20,96,18,18,1.0,1.47767972946167,1337
M-10-N-25-pa-0.95-pe-1.00,RecursivePUBO With Adaptive Qubits,10,7,20,96,18,18,1.0,1.2327628135681152,1337
M-10-N-25-pa-0.95-pe-1.00,RecursivePUBO With Preprocessing and Adaptive Qubits,10,7,20,96,18,18,1.0,1.2336277961730957,1337
M-10-N-50-pa-0.45-pe-1.00,CardinalitySweep,10,46,42,180,27,27,1.0,5.435503244400024,1337
M-10-N-50-pa-0.45-pe-1.00,RecursivePUBO,10,46,84,326,27,27,1.0,8.584229469299316,1337
M-10-N-50-pa-0.45-pe-1.00,RecursivePUBO With Preprocessing,10,46,84,326,27,27,1.0,7.8759765625,1337
M-10-N-50-pa-0.45-pe-1.00,RecursivePUBO With Adaptive Qubits,10,46,84,326,27,27,1.0,8.324923515319824,1337
M-10-N-50-pa-0.45-pe-1.00,RecursivePUBO With Preprocessing and Adaptive Qubits,10,46,84,326,27,27,1.0,7.836566925048828,1337
M-10-N-5-pa-0.65-pe-1.00,CardinalitySweep,10,5,16,80,12,12,1.0,0.6542553901672363,1337
M-10-N-5-pa-0.65-pe-1.00,RecursivePUBO,10,5,16,80,12,12,1.0,0.654534101486206,1337
M-10-N-5-pa-0.65-pe-1.00,RecursivePUBO With Preprocessing,10,5,16,80,12,12,1.0,0.6479396820068359,1337
M-10-N-5-pa-0.65-pe-1.00,RecursivePUBO With Adaptive Qubits,10,5,14,64,12,12,1.0,0.5731308460235596,1337
M-10-N-5-pa-0.65-pe-1.00,RecursivePUBO With Preprocessing and Adaptive Qubits,10,5,14,64,12,12,1.0,0.5630543231964111,1337
M-10-N-50-pa-0.35-pe-1.00,CardinalitySweep,10,46,22,72,7,7,1.0,2.2916626930236816,1337
M-10-N-50-pa-0.35-pe-1.00,RecursivePUBO,10,46,42,136,7,7,1.0,4.278913736343384,1337
M-10-N-50-pa-0.35-pe-1.00,RecursivePUBO With Preprocessing,10,46,42,136,7,7,1.0,3.107135057449341,1337
M-10-N-50-pa-0.35-pe-1.00,RecursivePUBO With Adaptive Qubits,10,46,42,136,7,7,1.0,4.243136405944824,1337
M-10-N-50-pa-0.35-pe-1.00,RecursivePUBO With Preprocessing and Adaptive Qubits,10,46,42,136,7,7,1.0,3.104485988616944,1337
M-10-N-25-pa-0.85-pe-1.00,CardinalitySweep,10,21,37,267,29,29,1.0,5.682360410690308,1337
M-10-N-25-pa-0.85-pe-1.00,RecursivePUBO,10,21,41,279,29,29,1.0,5.70178747177124,1337
M-10-N-25-pa-0.85-pe-1.00,RecursivePUBO With Preprocessing,10,21,41,279,29,29,1.0,5.705467939376831,1337
M-10-N-25-pa-0.85-pe-1.00,RecursivePUBO With Adaptive Qubits,10,21,41,279,29,29,1.0,5.179958581924439,1337
M-10-N-25-pa-0.85-pe-1.00,RecursivePUBO With Preprocessing and Adaptive Qubits,10,21,41,279,29,29,1.0,5.148224592208862,1337
M-10-N-10-pa-0.75-pe-1.00,CardinalitySweep,10,10,31,216,29,29,1.0,3.672857999801636,1337
M-10-N-10-pa-0.75-pe-1.00,RecursivePUBO,10,10,34,225,29,29,1.0,3.536255359649658,1337
M-10-N-10-pa-0.75-pe-1.00,RecursivePUBO With Preprocessing,10,10,34,225,29,29,1.0,3.488167524337769,1337
M-10-N-10-pa-0.75-pe-1.00,RecursivePUBO With Adaptive Qubits,10,10,34,225,29,29,1.0,3.099902391433716,1337
M-10-N-10-pa-0.75-pe-1.00,RecursivePUBO With Preprocessing and Adaptive Qubits,10,10,34,225,29,29,1.0,3.117910623550415,1337
M-10-N-25-pa-0.25-pe-1.00,CardinalitySweep,10,24,13,51,3,3,1.0,0.5378642082214355,1337
M-10-N-25-pa-0.25-pe-1.00,RecursivePUBO,10,24,22,79,3,3,1.0,1.7588822841644287,1337
M-10-N-25-pa-0.25-pe-1.00,RecursivePUBO With Preprocessing,10,24,22,79,3,3,1.0,0.667827844619751,1337
M-10-N-25-pa-0.25-pe-1.00,RecursivePUBO With Adaptive Qubits,10,24,22,79,3,3,1.0,1.7594730854034424,1337
M-10-N-25-pa-0.25-pe-1.00,RecursivePUBO With Preprocessing and Adaptive Qubits,10,24,22,79,3,3,1.0,0.6632819175720215,1337
M-10-N-50-pa-0.95-pe-1.00,CardinalitySweep,10,16,33,261,38,38,1.0,3.995227575302124,1337
M-10-N-50-pa-0.95-pe-1.00,RecursivePUBO,10,16,33,261,38,38,1.0,3.7832844257354736,1337
M-10-N-50-pa-0.95-pe-1.00,RecursivePUBO With Preprocessing,10,16,33,261,38,38,1.0,3.7709059715271,1337
M-10-N-50-pa-0.95-pe-1.00,RecursivePUBO With Adaptive Qubits,10,16,31,237,38,38,1.0,3.0463292598724365,1337
M-10-N-50-pa-0.95-pe-1.00,RecursivePUBO With Preprocessing and Adaptive Qubits,10,16,31,237,38,38,1.0,3.0309276580810547,1337
M-10-N-5-pa-0.25-pe-1.00,CardinalitySweep,7,5,9,25,4,4,1.0,0.2018601894378662,1337
M-10-N-5-pa-0.25-pe-1.00,RecursivePUBO,7,5,9,25,4,4,1.0,0.8275995254516602,1337
M-10-N-5-pa-0.25-pe-1.00,RecursivePUBO With Preprocessing,7,5,9,25,4,4,1.0,0.2022459506988525,1337
M-10-N-5-pa-0.25-pe-1.00,RecursivePUBO With Adaptive Qubits,7,5,9,25,4,4,1.0,0.8235065937042236,1337
M-10-N-5-pa-0.25-pe-1.00,RecursivePUBO With Preprocessing and Adaptive Qubits,7,5,9,25,4,4,1.0,0.2120749950408935,1337
M-10-N-5-pa-0.75-pe-1.00,CardinalitySweep,10,5,22,118,18,18,1.0,1.6846318244934082,1337
M-10-N-5-pa-0.75-pe-1.00,RecursivePUBO,10,5,22,118,18,18,1.0,1.6411137580871582,1337
M-10-N-5-pa-0.75-pe-1.00,RecursivePUBO With Preprocessing,10,5,22,118,18,18,1.0,1.6449098587036133,1337
M-10-N-5-pa-0.75-pe-1.00,RecursivePUBO With Adaptive Qubits,10,5,22,118,18,18,1.0,1.387648344039917,1337
M-10-N-5-pa-0.75-pe-1.00,RecursivePUBO With Preprocessing and Adaptive Qubits,10,5,22,118,18,18,1.0,1.403726577758789,1337
M-10-N-5-pa-0.35-pe-1.00,CardinalitySweep,10,5,13,49,9,9,1.0,0.5415914058685303,1337
M-10-N-5-pa-0.35-pe-1.00,RecursivePUBO,10,5,13,49,9,9,1.0,0.5379414558410645,1337
M-10-N-5-pa-0.35-pe-1.00,RecursivePUBO With Preprocessing,10,5,13,49,9,9,1.0,0.5484087467193604,1337
M-10-N-5-pa-0.35-pe-1.00,RecursivePUBO With Adaptive Qubits,10,5,13,49,9,9,1.0,0.5225064754486084,1337
M-10-N-5-pa-0.35-pe-1.00,RecursivePUBO With Preprocessing and Adaptive Qubits,10,5,13,49,9,9,1.0,0.5326638221740723,1337
M-10-N-10-pa-0.55-pe-1.00,CardinalitySweep,10,10,33,177,30,30,1.0,4.722033739089966,1337
M-10-N-10-pa-0.55-pe-1.00,RecursivePUBO,10,10,62,276,30,30,1.0,6.492566823959351,1337
M-10-N-10-pa-0.55-pe-1.00,RecursivePUBO With Preprocessing,10,10,62,276,30,30,1.0,6.503005504608154,1337
M-10-N-10-pa-0.55-pe-1.00,RecursivePUBO With Adaptive Qubits,10,10,62,276,30,30,1.0,6.154078006744385,1337
M-10-N-10-pa-0.55-pe-1.00,RecursivePUBO With Preprocessing and Adaptive Qubits,10,10,62,276,30,30,1.0,6.120826244354248,1337
M-10-N-25-pa-0.35-pe-1.00,CardinalitySweep,10,25,12,52,3,3,1.0,0.2634251117706299,1337
M-10-N-25-pa-0.35-pe-1.00,RecursivePUBO,10,25,12,52,3,3,1.0,1.318120002746582,1337
M-10-N-25-pa-0.35-pe-1.00,RecursivePUBO With Preprocessing,10,25,12,52,3,3,1.0,0.2672562599182129,1337
M-10-N-25-pa-0.35-pe-1.00,RecursivePUBO With Adaptive Qubits,10,25,12,52,3,3,1.0,1.2947485446929932,1337
M-10-N-25-pa-0.35-pe-1.00,RecursivePUBO With Preprocessing and Adaptive Qubits,10,25,12,52,3,3,1.0,0.2574694156646728,1337
M-10-N-10-pa-0.35-pe-1.00,CardinalitySweep,10,10,19,79,10,10,1.0,1.467073678970337,1337
M-10-N-10-pa-0.35-pe-1.00,RecursivePUBO,10,10,35,129,10,10,1.0,2.237513542175293,1337
M-10-N-10-pa-0.35-pe-1.00,RecursivePUBO With Preprocessing,10,10,35,129,10,10,1.0,1.8951759338378904,1337
M-10-N-10-pa-0.35-pe-1.00,RecursivePUBO With Adaptive Qubits,10,10,35,129,10,10,1.0,2.190282106399536,1337
M-10-N-10-pa-0.35-pe-1.00,RecursivePUBO With Preprocessing and Adaptive Qubits,10,10,35,129,10,10,1.0,1.884807825088501,1337
M-10-N-50-pa-0.25-pe-1.00,CardinalitySweep,10,45,12,49,4,4,1.0,0.2544331550598144,1337
M-10-N-50-pa-0.25-pe-1.00,RecursivePUBO,10,45,12,49,4,4,1.0,1.9346163272857664,1337
M-10-N-50-pa-0.25-pe-1.00,RecursivePUBO With Preprocessing,10,45,12,49,4,4,1.0,0.2576069831848144,1337
M-10-N-50-pa-0.25-pe-1.00,RecursivePUBO With Adaptive Qubits,10,45,12,49,4,4,1.0,1.966611385345459,1337
M-10-N-50-pa-0.25-pe-1.00,RecursivePUBO With Preprocessing and Adaptive Qubits,10,45,12,49,4,4,1.0,0.2561726570129394,1337
M-10-N-25-pa-0.15-pe-1.00,CardinalitySweep,10,21,13,51,4,4,1.0,0.5444514751434326,1337
M-10-N-25-pa-0.15-pe-1.00,RecursivePUBO,10,21,22,79,4,4,1.0,2.008938789367676,1337
M-10-N-25-pa-0.15-pe-1.00,RecursivePUBO With Preprocessing,10,21,22,79,4,4,1.0,0.6559350490570068,1337
M-10-N-25-pa-0.15-pe-1.00,RecursivePUBO With Adaptive Qubits,10,21,22,79,4,4,1.0,2.0012543201446533,1337
M-10-N-25-pa-0.15-pe-1.00,RecursivePUBO With Preprocessing and Adaptive Qubits,10,21,22,79,4,4,1.0,0.6585536003112793,1337
M-10-N-50-pa-0.85-pe-1.00,CardinalitySweep,10,29,40,282,29,29,1.0,6.730161190032959,1337
M-10-N-50-pa-0.85-pe-1.00,RecursivePUBO,10,29,48,309,29,29,1.0,7.203350067138672,1337
M-10-N-50-pa-0.85-pe-1.00,RecursivePUBO With Preprocessing,10,29,48,309,29,29,1.0,7.21732497215271,1337
M-10-N-50-pa-0.85-pe-1.00,RecursivePUBO With Adaptive Qubits,10,29,48,309,29,29,1.0,6.550815343856812,1337
M-10-N-50-pa-0.85-pe-1.00,RecursivePUBO With Preprocessing and Adaptive Qubits,10,29,48,309,29,29,1.0,6.560360908508301,1337
M-10-N-25-pa-0.45-pe-1.00,CardinalitySweep,10,25,30,128,21,21,1.0,4.1472249031066895,1337
M-10-N-25-pa-0.45-pe-1.00,RecursivePUBO,10,25,72,262,21,21,1.0,7.344855308532715,1337
M-10-N-25-pa-0.45-pe-1.00,RecursivePUBO With Preprocessing,10,25,72,262,21,21,1.0,6.831681966781616,1337
M-10-N-25-pa-0.45-pe-1.00,RecursivePUBO With Adaptive Qubits,10,25,72,262,21,21,1.0,7.119066715240479,1337
M-10-N-25-pa-0.45-pe-1.00,RecursivePUBO With Preprocessing and Adaptive Qubits,10,25,72,262,21,21,1.0,6.806615591049194,1337
M-10-N-5-pa-0.85-pe-1.00,CardinalitySweep,10,3,6,13,9,9,1.0,0.160672903060913,1337
M-10-N-5-pa-0.85-pe-1.00,RecursivePUBO,10,3,6,13,9,9,1.0,0.1617281436920166,1337
M-10-N-5-pa-0.85-pe-1.00,RecursivePUBO With Preprocessing,10,3,6,13,9,9,1.0,0.1653354167938232,1337
M-10-N-5-pa-0.85-pe-1.00,RecursivePUBO With Adaptive Qubits,10,3,5,9,9,9,1.0,0.1532747745513916,1337
M-10-N-5-pa-0.85-pe-1.00,RecursivePUBO With Preprocessing and Adaptive Qubits,10,3,5,9,9,9,1.0,0.1491878032684326,1337
M-10-N-5-pa-0.05-pe-1.00,CardinalitySweep,6,5,7,17,2,2,1.0,0.1852724552154541,1337
M-10-N-5-pa-0.05-pe-1.00,RecursivePUBO,6,5,7,17,2,2,1.0,0.5348968505859375,1337
M-10-N-5-pa-0.05-pe-1.00,RecursivePUBO With Preprocessing,6,5,7,17,2,2,1.0,0.1824398040771484,1337
M-10-N-5-pa-0.05-pe-1.00,RecursivePUBO With Adaptive Qubits,6,5,7,17,2,2,1.0,0.5373516082763672,1337
M-10-N-5-pa-0.05-pe-1.00,RecursivePUBO With Preprocessing and Adaptive Qubits,6,5,7,17,2,2,1.0,0.1810865402221679,1337
M-10-N-10-pa-0.45-pe-1.00,CardinalitySweep,10,10,26,121,29,29,1.0,2.825415849685669,1337
M-10-N-10-pa-0.45-pe-1.00,RecursivePUBO,10,10,57,227,29,29,1.0,4.044803142547607,1337
M-10-N-10-pa-0.45-pe-1.00,RecursivePUBO With Preprocessing,10,10,57,227,29,29,1.0,4.088427305221558,1337
M-10-N-10-pa-0.45-pe-1.00,RecursivePUBO With Adaptive Qubits,10,10,57,227,29,29,1.0,3.892902612686157,1337
M-10-N-10-pa-0.45-pe-1.00,RecursivePUBO With Preprocessing and Adaptive Qubits,10,10,57,227,29,29,1.0,3.893912553787232,1337
M-10-N-10-pa-0.25-pe-1.00,CardinalitySweep,9,10,13,49,5,5,1.0,0.5396301746368408,1337
M-10-N-10-pa-0.25-pe-1.00,RecursivePUBO,9,10,20,71,5,5,1.0,1.4118483066558838,1337
M-10-N-10-pa-0.25-pe-1.00,RecursivePUBO With Preprocessing,9,10,20,71,5,5,1.0,0.625993013381958,1337
M-10-N-10-pa-0.25-pe-1.00,RecursivePUBO With Adaptive Qubits,9,10,20,71,5,5,1.0,1.4088430404663086,1337
M-10-N-10-pa-0.25-pe-1.00,RecursivePUBO With Preprocessing and Adaptive Qubits,9,10,20,71,5,5,1.0,0.6239843368530273,1337
M-10-N-50-pa-0.55-pe-1.00,CardinalitySweep,10,48,82,458,57,57,1.0,12.227232694625854,1337
M-10-N-50-pa-0.55-pe-1.00,RecursivePUBO,10,48,159,727,57,57,1.0,17.41290807723999,1337
M-10-N-50-pa-0.55-pe-1.00,RecursivePUBO With Preprocessing,10,48,159,727,57,57,1.0,17.401816368103027,1337
M-10-N-50-pa-0.55-pe-1.00,RecursivePUBO With Adaptive Qubits,10,48,159,727,57,57,1.0,16.193666458129883,1337
M-10-N-50-pa-0.55-pe-1.00,RecursivePUBO With Preprocessing and Adaptive Qubits,10,48,159,727,57,57,1.0,16.233651876449585,1337
M-10-N-10-pa-0.05-pe-1.00,CardinalitySweep,5,6,5,10,1,1,1.0,0.1549746990203857,1337
M-10-N-10-pa-0.05-pe-1.00,RecursivePUBO,5,6,5,10,1,1,1.0,0.5840001106262207,1337
M-10-N-10-pa-0.05-pe-1.00,RecursivePUBO With Preprocessing,5,6,5,10,1,1,1.0,0.1529672145843505,1337
M-10-N-10-pa-0.05-pe-1.00,RecursivePUBO With Adaptive Qubits,5,6,5,10,1,1,1.0,0.5762350559234619,1337
M-10-N-10-pa-0.05-pe-1.00,RecursivePUBO With Preprocessing and Adaptive Qubits,5,6,5,10,1,1,1.0,0.1543481349945068,1337
M-10-N-10-pa-0.65-pe-1.00,CardinalitySweep,10,10,28,156,27,27,1.0,3.139627695083618,1337
M-10-N-10-pa-0.65-pe-1.00,RecursivePUBO,10,10,46,218,27,27,1.0,3.805132389068604,1337
M-10-N-10-pa-0.65-pe-1.00,RecursivePUBO With Preprocessing,10,10,46,218,27,27,1.0,3.809004306793213,1337
M-10-N-10-pa-0.65-pe-1.00,RecursivePUBO With Adaptive Qubits,10,10,46,218,27,27,1.0,3.525399684906006,1337
M-10-N-10-pa-0.65-pe-1.00,RecursivePUBO With Preprocessing and Adaptive Qubits,10,10,46,218,27,27,1.0,3.5053417682647705,1337
M-10-N-5-pa-0.95-pe-1.00,CardinalitySweep,10,4,6,9,10,10,1.0,0.336097240447998,1337
M-10-N-5-pa-0.95-pe-1.00,RecursivePUBO,10,4,6,9,10,10,1.0,0.3356642723083496,1337
M-10-N-5-pa-0.95-pe-1.00,RecursivePUBO With Preprocessing,10,4,6,9,10,10,1.0,0.3377470970153808,1337
M-10-N-5-pa-0.95-pe-1.00,RecursivePUBO With Adaptive Qubits,10,4,6,9,10,10,1.0,0.3390657901763916,1337
M-10-N-5-pa-0.95-pe-1.00,RecursivePUBO With Preprocessing and Adaptive Qubits,10,4,6,9,10,10,1.0,0.3363323211669922,1337
M-10-N-10-pa-0.95-pe-1.00,CardinalitySweep,10,5,12,34,12,12,1.0,0.7268004417419434,1337
M-10-N-10-pa-0.95-pe-1.00,RecursivePUBO,10,5,12,34,12,12,1.0,0.737818717956543,1337
M-10-N-10-pa-0.95-pe-1.00,RecursivePUBO With Preprocessing,10,5,12,34,12,12,1.0,0.7512166500091553,1337
M-10-N-10-pa-0.95-pe-1.00,RecursivePUBO With Adaptive Qubits,10,5,12,34,12,12,1.0,0.6876323223114014,1337
M-10-N-10-pa-0.95-pe-1.00,RecursivePUBO With Preprocessing and Adaptive Qubits,10,5,12,34,12,12,1.0,0.6839165687561035,1337
M-10-N-25-pa-0.65-pe-1.00,CardinalitySweep,10,25,39,231,44,44,1.0,6.308584928512573,1337
M-10-N-25-pa-0.65-pe-1.00,RecursivePUBO,10,25,63,326,44,44,1.0,8.129773378372192,1337
M-10-N-25-pa-0.65-pe-1.00,RecursivePUBO With Preprocessing,10,25,63,326,44,44,1.0,8.14184856414795,1337
M-10-N-25-pa-0.65-pe-1.00,RecursivePUBO With Adaptive Qubits,10,25,63,326,44,44,1.0,7.619092464447021,1337
M-10-N-25-pa-0.65-pe-1.00,RecursivePUBO With Preprocessing and Adaptive Qubits,10,25,63,326,44,44,1.0,7.604586839675903,1337
M-10-N-25-pa-0.55-pe-1.00,CardinalitySweep,10,25,40,212,35,35,1.0,6.16637134552002,1337
M-10-N-25-pa-0.55-pe-1.00,RecursivePUBO,10,25,93,383,35,35,1.0,10.078694105148315,1337
M-10-N-25-pa-0.55-pe-1.00,RecursivePUBO With Preprocessing,10,25,93,383,35,35,1.0,10.10244607925415,1337
M-10-N-25-pa-0.55-pe-1.00,RecursivePUBO With Adaptive Qubits,10,25,93,383,35,35,1.0,9.66932773590088,1337
M-10-N-25-pa-0.55-pe-1.00,RecursivePUBO With Preprocessing and Adaptive Qubits,10,25,93,383,35,35,1.0,9.685924291610718,1337
M-10-N-10-pa-0.85-pe-1.00,CardinalitySweep,10,9,24,132,20,20,1.0,1.8073959350585935,1337
M-10-N-10-pa-0.85-pe-1.00,RecursivePUBO,10,9,25,136,20,20,1.0,1.7771029472351074,1337
M-10-N-10-pa-0.85-pe-1.00,RecursivePUBO With Preprocessing,10,9,25,136,20,20,1.0,1.7525615692138672,1337
M-10-N-10-pa-0.85-pe-1.00,RecursivePUBO With Adaptive Qubits,10,9,25,136,20,20,1.0,1.4940850734710691,1337
M-10-N-10-pa-0.85-pe-1.00,RecursivePUBO With Preprocessing and Adaptive Qubits,10,9,25,136,20,20,1.0,1.4818885326385498,1337
M-10-N-5-pa-0.45-pe-1.00,CardinalitySweep,9,5,20,89,13,13,1.0,1.5159692764282229,1337
M-10-N-5-pa-0.45-pe-1.00,RecursivePUBO,9,5,27,110,13,13,1.0,1.6448383331298828,1337
M-10-N-5-pa-0.45-pe-1.00,RecursivePUBO With Preprocessing,9,5,27,110,13,13,1.0,1.633718729019165,1337
M-10-N-5-pa-0.45-pe-1.00,RecursivePUBO With Adaptive Qubits,9,5,27,110,13,13,1.0,1.5203008651733398,1337
M-10-N-5-pa-0.45-pe-1.00,RecursivePUBO With Preprocessing and Adaptive Qubits,9,5,27,110,13,13,1.0,1.527397394180298,1337
M-10-N-50-pa-0.65-pe-1.00,CardinalitySweep,10,47,64,384,65,64,0.9846153846153848,9.899453401565552,1337
M-10-N-50-pa-0.65-pe-1.00,RecursivePUBO,10,47,127,615,65,65,1.0,14.689033269882202,1337
M-10-N-50-pa-0.65-pe-1.00,RecursivePUBO With Preprocessing,10,47,127,615,65,65,1.0,14.708635568618774,1337
M-10-N-50-pa-0.65-pe-1.00,RecursivePUBO With Adaptive Qubits,10,47,127,615,65,65,1.0,13.793856620788574,1337
M-10-N-50-pa-0.65-pe-1.00,RecursivePUBO With Preprocessing and Adaptive Qubits,10,47,127,615,65,65,1.0,13.79366946220398,1337
M-10-N-25-pa-0.75-pe-1.00,CardinalitySweep,10,22,49,339,38,38,1.0,8.157478332519531,1337
M-10-N-25-pa-0.75-pe-1.00,RecursivePUBO,10,22,67,405,38,38,1.0,9.350192546844482,1337
M-10-N-25-pa-0.75-pe-1.00,RecursivePUBO With Preprocessing,10,22,67,405,38,38,1.0,9.35545015335083,1337
M-10-N-25-pa-0.75-pe-1.00,RecursivePUBO With Adaptive Qubits,10,22,67,405,38,38,1.0,8.577750205993652,1337
M-10-N-25-pa-0.75-pe-1.00,RecursivePUBO With Preprocessing and Adaptive Qubits,10,22,67,405,38,38,1.0,8.481751680374146,1337
M-10-N-25-pa-0.05-pe-1.00,CardinalitySweep,9,11,9,36,1,1,1.0,0.219858169555664,1337
M-10-N-25-pa-0.05-pe-1.00,RecursivePUBO,9,11,9,36,1,1,1.0,1.7588186264038086,1337
M-10-N-25-pa-0.05-pe-1.00,RecursivePUBO With Preprocessing,9,11,9,36,1,1,1.0,0.2130391597747802,1337
M-10-N-25-pa-0.05-pe-1.00,RecursivePUBO With Adaptive Qubits,9,11,9,36,1,1,1.0,1.7604420185089111,1337
M-10-N-25-pa-0.05-pe-1.00,RecursivePUBO With Preprocessing and Adaptive Qubits,9,11,9,36,1,1,1.0,0.2166390419006347,1337
M-25-N-10-pa-0.75-pe-1.00,CardinalitySweep,25,10,62,887,194,155,0.7989690721649485,13.580197811126707,1337
M-25-N-10-pa-0.75-pe-1.00,RecursivePUBO,25,10,113,1088,194,194,1.0,17.50615358352661,1337
M-25-N-10-pa-0.75-pe-1.00,RecursivePUBO With Preprocessing,25,10,113,1088,194,194,1.0,17.44645404815674,1337
M-25-N-10-pa-0.75-pe-1.00,RecursivePUBO With Adaptive Qubits,25,10,112,1067,194,194,1.0,14.4953293800354,1337
M-25-N-10-pa-0.75-pe-1.00,RecursivePUBO With Preprocessing and Adaptive Qubits,25,10,112,1067,194,194,1.0,14.512994050979614,1337
M-25-N-50-pa-0.35-pe-1.00,CardinalitySweep,25,50,182,1840,10784,113,0.0104784866468842,79.14505815505981,1337
M-25-N-50-pa-0.35-pe-1.00,RecursivePUBO,25,50,448,2690,10784,89,0.0082529673590504,145.55098748207092,1337
M-25-N-50-pa-0.35-pe-1.00,RecursivePUBO With Preprocessing,25,50,447,2689,10784,91,0.0084384272997032,141.81251549720764,1337
M-25-N-50-pa-0.35-pe-1.00,RecursivePUBO With Adaptive Qubits,25,50,436,2655,10784,86,0.0079747774480712,137.03704857826233,1337
M-25-N-50-pa-0.35-pe-1.00,RecursivePUBO With Preprocessing and Adaptive Qubits,25,50,424,2621,10784,83,0.0076965875370919,132.45934987068176,1337
M-25-N-50-pa-0.15-pe-1.00,CardinalitySweep,25,49,59,451,494,332,0.6720647773279352,16.12520694732666,1337
M-25-N-50-pa-0.15-pe-1.00,RecursivePUBO,25,49,516,1922,494,102,0.2064777327935222,80.49381399154663,1337
M-25-N-50-pa-0.15-pe-1.00,RecursivePUBO With Preprocessing,25,49,524,1949,494,105,0.2125506072874494,73.92956137657166,1337
M-25-N-50-pa-0.15-pe-1.00,RecursivePUBO With Adaptive Qubits,25,49,490,1842,494,100,0.2024291497975708,77.76983785629272,1337
M-25-N-50-pa-0.15-pe-1.00,RecursivePUBO With Preprocessing and Adaptive Qubits,25,49,492,1847,494,99,0.2004048582995951,70.44065618515015,1337
M-25-N-25-pa-0.85-pe-1.00,CardinalitySweep,25,25,145,3105,241,107,0.4439834024896265,81.58974885940552,1337
M-25-N-25-pa-0.85-pe-1.00,RecursivePUBO,25,25,161,3155,241,107,0.4439834024896265,83.29504203796387,1337
M-25-N-25-pa-0.85-pe-1.00,RecursivePUBO With Preprocessing,25,25,165,3165,241,115,0.4771784232365145,84.30376052856445,1337
M-25-N-25-pa-0.85-pe-1.00,RecursivePUBO With Adaptive Qubits,25,25,187,3246,241,239,0.991701244813278,76.54842591285706,1337
M-25-N-25-pa-0.85-pe-1.00,RecursivePUBO With Preprocessing and Adaptive Qubits,25,25,186,3244,241,239,0.991701244813278,76.24769949913025,1337
M-25-N-25-pa-0.05-pe-1.00,CardinalitySweep,22,23,27,241,12,12,1.0,1.0988621711730957,1337
M-25-N-25-pa-0.05-pe-1.00,RecursivePUBO,22,23,117,522,12,12,1.0,11.6756272315979,1337
M-25-N-25-pa-0.05-pe-1.00,RecursivePUBO With Preprocessing,22,23,117,522,12,12,1.0,2.2596371173858643,1337
M-25-N-25-pa-0.05-pe-1.00,RecursivePUBO With Adaptive Qubits,22,23,117,522,12,12,1.0,11.718834400177002,1337
M-25-N-25-pa-0.05-pe-1.00,RecursivePUBO With Preprocessing and Adaptive Qubits,22,23,117,522,12,12,1.0,2.2765676975250244,1337
M-25-N-5-pa-0.65-pe-1.00,CardinalitySweep,25,5,42,537,156,149,0.9551282051282052,3.969285726547241,1337
M-25-N-5-pa-0.65-pe-1.00,RecursivePUBO,25,5,73,652,156,156,1.0,4.416982650756836,1337
M-25-N-5-pa-0.65-pe-1.00,RecursivePUBO With Preprocessing,25,5,73,652,156,156,1.0,4.508495330810547,1337
M-25-N-5-pa-0.65-pe-1.00,RecursivePUBO With Adaptive Qubits,25,5,68,568,156,156,1.0,3.627310037612915,1337
M-25-N-5-pa-0.65-pe-1.00,RecursivePUBO With Preprocessing and Adaptive Qubits,25,5,68,568,156,156,1.0,3.646146059036255,1337
M-25-N-50-pa-0.25-pe-1.00,CardinalitySweep,25,50,131,1127,5717,156,0.027287038656638,51.66667652130127,1337
M-25-N-50-pa-0.25-pe-1.00,RecursivePUBO,25,50,533,2389,5717,97,0.0169669407031659,145.58626651763916,1337
M-25-N-50-pa-0.25-pe-1.00,RecursivePUBO With Preprocessing,25,50,534,2385,5717,91,0.0159174392163722,138.0505006313324,1337
M-25-N-50-pa-0.25-pe-1.00,RecursivePUBO With Adaptive Qubits,25,50,554,2455,5717,102,0.0178415252754941,147.51206851005554,1337
M-25-N-50-pa-0.25-pe-1.00,RecursivePUBO With Preprocessing and Adaptive Qubits,25,50,586,2562,5717,110,0.0192408605912191,149.03682017326355,1337
M-25-N-5-pa-0.35-pe-1.00,CardinalitySweep,24,5,43,491,366,275,0.7513661202185792,3.922837495803833,1337
M-25-N-5-pa-0.35-pe-1.00,RecursivePUBO,24,5,255,1344,366,357,0.9754098360655736,7.864840984344482,1337
M-25-N-5-pa-0.35-pe-1.00,RecursivePUBO With Preprocessing,24,5,252,1332,366,355,0.9699453551912568,7.787125587463379,1337
M-25-N-5-pa-0.35-pe-1.00,RecursivePUBO With Adaptive Qubits,24,5,253,1302,366,364,0.994535519125683,7.179617643356323,1337
M-25-N-5-pa-0.35-pe-1.00,RecursivePUBO With Preprocessing and Adaptive Qubits,24,5,251,1294,366,361,0.9863387978142076,7.196233510971069,1337
M-25-N-5-pa-0.05-pe-1.00,CardinalitySweep,8,5,11,37,6,6,1.0,0.22906494140625,1337
M-25-N-5-pa-0.05-pe-1.00,RecursivePUBO,8,5,11,37,6,6,1.0,0.9595072269439696,1337
M-25-N-5-pa-0.05-pe-1.00,RecursivePUBO With Preprocessing,8,5,11,37,6,6,1.0,0.2422773838043213,1337
M-25-N-5-pa-0.05-pe-1.00,RecursivePUBO With Adaptive Qubits,8,5,11,37,6,6,1.0,0.9385807514190674,1337
M-25-N-5-pa-0.05-pe-1.00,RecursivePUBO With Preprocessing and Adaptive Qubits,8,5,11,37,6,6,1.0,0.236260175704956,1337
M-25-N-50-pa-0.95-pe-1.00,CardinalitySweep,25,32,98,1948,224,204,0.9107142857142856,33.45795941352844,1337
M-25-N-50-pa-0.95-pe-1.00,RecursivePUBO,25,32,98,1948,224,202,0.9017857142857144,33.0586621761322,1337
M-25-N-50-pa-0.95-pe-1.00,RecursivePUBO With Preprocessing,25,32,98,1948,224,195,0.8705357142857143,33.10740280151367,1337
M-25-N-50-pa-0.95-pe-1.00,RecursivePUBO With Adaptive Qubits,25,32,83,1579,224,224,1.0,24.59319257736206,1337
M-25-N-50-pa-0.95-pe-1.00,RecursivePUBO With Preprocessing and Adaptive Qubits,25,32,83,1579,224,224,1.0,24.538724899291992,1337
M-25-N-10-pa-0.95-pe-1.00,CardinalitySweep,25,9,40,388,70,70,1.0,5.136648178100586,1337
M-25-N-10-pa-0.95-pe-1.00,RecursivePUBO,25,9,40,388,70,70,1.0,4.698383092880249,1337
M-25-N-10-pa-0.95-pe-1.00,RecursivePUBO With Preprocessing,25,9,40,388,70,70,1.0,4.724332809448242,1337
M-25-N-10-pa-0.95-pe-1.00,RecursivePUBO With Adaptive Qubits,25,9,33,297,70,70,1.0,3.4590518474578857,1337
M-25-N-10-pa-0.95-pe-1.00,RecursivePUBO With Preprocessing and Adaptive Qubits,25,9,33,297,70,70,1.0,3.447012424468994,1337
M-25-N-25-pa-0.35-pe-1.00,CardinalitySweep,25,25,117,1259,2492,361,0.1448635634028892,56.03504800796509,1337
M-25-N-25-pa-0.35-pe-1.00,RecursivePUBO,25,25,502,2590,2492,261,0.1047351524879614,159.61303853988647,1337
M-25-N-25-pa-0.35-pe-1.00,RecursivePUBO With Preprocessing,25,25,471,2501,2492,255,0.1023274478330658,152.05147981643677,1337
M-25-N-25-pa-0.35-pe-1.00,RecursivePUBO With Adaptive Qubits,25,25,484,2557,2492,274,0.109951845906902,151.8816921710968,1337
M-25-N-25-pa-0.35-pe-1.00,RecursivePUBO With Preprocessing and Adaptive Qubits,25,25,464,2482,2492,255,0.1023274478330658,146.48721146583557,1337
M-25-N-10-pa-0.35-pe-1.00,CardinalitySweep,23,10,59,609,420,251,0.5976190476190476,11.557541131973268,1337
M-25-N-10-pa-0.35-pe-1.00,RecursivePUBO,23,10,362,1770,420,341,0.8119047619047619,34.828014850616455,1337
M-25-N-10-pa-0.35-pe-1.00,RecursivePUBO With Preprocessing,23,10,352,1732,420,332,0.7904761904761904,34.0422637462616,1337
M-25-N-10-pa-0.35-pe-1.00,RecursivePUBO With Adaptive Qubits,23,10,338,1679,420,321,0.7642857142857142,31.7292640209198,1337
M-25-N-10-pa-0.35-pe-1.00,RecursivePUBO With Preprocessing and Adaptive Qubits,23,10,364,1767,420,334,0.7952380952380952,33.3272020816803,1337
M-25-N-10-pa-0.25-pe-1.00,CardinalitySweep,24,10,52,461,837,306,0.3655913978494624,8.872654676437378,1337
M-25-N-10-pa-0.25-pe-1.00,RecursivePUBO,24,10,614,2459,837,383,0.4575866188769414,43.08616161346436,1337
M-25-N-10-pa-0.25-pe-1.00,RecursivePUBO With Preprocessing,24,10,621,2490,837,391,0.4671445639187574,42.77011823654175,1337
M-25-N-10-pa-0.25-pe-1.00,RecursivePUBO With Adaptive Qubits,24,10,610,2454,837,388,0.4635603345280765,42.66565465927124,1337
M-25-N-10-pa-0.25-pe-1.00,RecursivePUBO With Preprocessing and Adaptive Qubits,24,10,633,2531,837,397,0.4743130227001195,43.18169522285461,1337
M-25-N-10-pa-0.45-pe-1.00,CardinalitySweep,25,10,65,808,929,428,0.4607104413347686,13.240470170974731,1337
M-25-N-10-pa-0.45-pe-1.00,RecursivePUBO,25,10,461,2417,929,584,0.628632938643703,46.47829031944275,1337
M-25-N-10-pa-0.45-pe-1.00,RecursivePUBO With Preprocessing,25,10,481,2496,929,604,0.6501614639397201,47.82092571258545,1337
M-25-N-10-pa-0.45-pe-1.00,RecursivePUBO With Adaptive Qubits,25,10,501,2585,929,637,0.6856835306781486,47.60959339141846,1337
M-25-N-10-pa-0.45-pe-1.00,RecursivePUBO With Preprocessing and Adaptive Qubits,25,10,488,2525,929,614,0.6609257265877287,46.53873658180237,1337
M-25-N-50-pa-0.55-pe-1.00,CardinalitySweep,25,50,222,3304,5261,38,0.0072229614141798,113.88301348686218,1337
M-25-N-50-pa-0.55-pe-1.00,RecursivePUBO,25,50,268,3446,5261,23,0.0043717924348983,122.58905458450316,1337
M-25-N-50-pa-0.55-pe-1.00,RecursivePUBO With Preprocessing,25,50,273,3460,5261,27,0.0051321041627067,124.08690118789671,1337
M-25-N-50-pa-0.55-pe-1.00,RecursivePUBO With Adaptive Qubits,25,50,634,4848,5261,426,0.0809731990115947,219.999547958374,1337
M-25-N-50-pa-0.55-pe-1.00,RecursivePUBO With Preprocessing and Adaptive Qubits,25,50,611,4748,5261,385,0.0731800038015586,212.6845426559448,1337
M-25-N-5-pa-0.95-pe-1.00,CardinalitySweep,25,5,24,150,43,43,1.0,1.8600037097930908,1337
M-25-N-5-pa-0.95-pe-1.00,RecursivePUBO,25,5,25,153,43,43,1.0,1.7875113487243652,1337
M-25-N-5-pa-0.95-pe-1.00,RecursivePUBO With Preprocessing,25,5,25,153,43,43,1.0,1.7781438827514648,1337
M-25-N-5-pa-0.95-pe-1.00,RecursivePUBO With Adaptive Qubits,25,5,25,153,43,43,1.0,1.4917113780975342,1337
M-25-N-5-pa-0.95-pe-1.00,RecursivePUBO With Preprocessing and Adaptive Qubits,25,5,25,153,43,43,1.0,1.498584270477295,1337
M-25-N-25-pa-0.95-pe-1.00,CardinalitySweep,25,18,64,872,117,117,1.0,15.774877786636353,1337
M-25-N-25-pa-0.95-pe-1.00,RecursivePUBO,25,18,64,872,117,117,1.0,15.357537031173706,1337
M-25-N-25-pa-0.95-pe-1.00,RecursivePUBO With Preprocessing,25,18,64,872,117,117,1.0,15.293420791625977,1337
M-25-N-25-pa-0.95-pe-1.00,RecursivePUBO With Adaptive Qubits,25,18,64,872,117,117,1.0,12.837294340133669,1337
M-25-N-25-pa-0.95-pe-1.00,RecursivePUBO With Preprocessing and Adaptive Qubits,25,18,64,872,117,117,1.0,12.808809757232666,1337
M-25-N-5-pa-0.75-pe-1.00,CardinalitySweep,25,5,35,343,72,72,1.0,3.0866124629974365,1337
M-25-N-5-pa-0.75-pe-1.00,RecursivePUBO,25,5,35,343,72,72,1.0,2.83101487159729,1337
M-25-N-5-pa-0.75-pe-1.00,RecursivePUBO With Preprocessing,25,5,35,343,72,72,1.0,2.7956509590148926,1337
M-25-N-5-pa-0.75-pe-1.00,RecursivePUBO With Adaptive Qubits,25,5,30,276,72,72,1.0,2.066964864730835,1337
M-25-N-5-pa-0.75-pe-1.00,RecursivePUBO With Preprocessing and Adaptive Qubits,25,5,30,276,72,72,1.0,2.0773494243621826,1337
M-25-N-50-pa-0.65-pe-1.00,CardinalitySweep,25,50,239,4176,2426,28,0.0115416323165704,130.65477871894836,1337
M-25-N-50-pa-0.65-pe-1.00,RecursivePUBO,25,50,283,4311,2426,29,0.0119538334707337,138.7234547138214,1337
M-25-N-50-pa-0.65-pe-1.00,RecursivePUBO With Preprocessing,25,50,279,4298,2426,26,0.010717230008244,137.28920149803162,1337
M-25-N-50-pa-0.65-pe-1.00,RecursivePUBO With Adaptive Qubits,25,50,566,5401,2426,369,0.1521022258862324,205.47468519210813,1337
M-25-N-50-pa-0.65-pe-1.00,RecursivePUBO With Preprocessing and Adaptive Qubits,25,50,570,5421,2426,384,0.1582852431986809,206.80931782722476,1337
M-25-N-25-pa-0.75-pe-1.00,CardinalitySweep,25,25,132,2491,665,193,0.2902255639097744,65.42785143852234,1337
M-25-N-25-pa-0.75-pe-1.00,RecursivePUBO,25,25,276,3032,665,290,0.4360902255639097,101.06938338279724,1337
M-25-N-25-pa-0.75-pe-1.00,RecursivePUBO With Preprocessing,25,25,276,3042,665,303,0.4556390977443609,101.1619474887848,1337
M-25-N-25-pa-0.75-pe-1.00,RecursivePUBO With Adaptive Qubits,25,25,314,3299,665,487,0.7323308270676692,100.85990691184998,1337
M-25-N-25-pa-0.75-pe-1.00,RecursivePUBO With Preprocessing and Adaptive Qubits,25,25,306,3277,665,481,0.7233082706766917,99.15735101699828,1337
M-25-N-25-pa-0.45-pe-1.00,CardinalitySweep,25,25,118,1434,3484,327,0.093857634902411,58.90027070045471,1337
M-25-N-25-pa-0.45-pe-1.00,RecursivePUBO,25,25,449,2617,3484,283,0.0812284730195178,150.76372981071472,1337
M-25-N-25-pa-0.45-pe-1.00,RecursivePUBO With Preprocessing,25,25,459,2647,3484,286,0.0820895522388059,153.21434617042542,1337
M-25-N-25-pa-0.45-pe-1.00,RecursivePUBO With Adaptive Qubits,25,25,505,2843,3484,359,0.1030424799081515,163.30796885490415,1337
M-25-N-25-pa-0.45-pe-1.00,RecursivePUBO With Preprocessing and Adaptive Qubits,25,25,486,2789,3484,348,0.0998851894374282,158.0150020122528,1337
M-25-N-10-pa-0.65-pe-1.00,CardinalitySweep,25,10,68,1059,355,216,0.6084507042253521,15.131612539291382,1337
M-25-N-10-pa-0.65-pe-1.00,RecursivePUBO,25,10,218,1638,355,337,0.9492957746478872,28.15163493156433,1337
M-25-N-10-pa-0.65-pe-1.00,RecursivePUBO With Preprocessing,25,10,220,1648,355,340,0.9577464788732394,28.27523708343506,1337
M-25-N-10-pa-0.65-pe-1.00,RecursivePUBO With Adaptive Qubits,25,10,222,1605,355,346,0.9746478873239436,25.150938749313354,1337
M-25-N-10-pa-0.65-pe-1.00,RecursivePUBO With Preprocessing and Adaptive Qubits,25,10,220,1600,355,347,0.9774647887323944,24.975500345230103,1337
M-25-N-5-pa-0.45-pe-1.00,CardinalitySweep,25,5,45,586,186,147,0.7903225806451613,4.284106254577637,1337
M-25-N-5-pa-0.45-pe-1.00,RecursivePUBO,25,5,114,849,186,186,1.0,5.675793170928955,1337
M-25-N-5-pa-0.45-pe-1.00,RecursivePUBO With Preprocessing,25,5,114,849,186,186,1.0,5.612910985946655,1337
M-25-N-5-pa-0.45-pe-1.00,RecursivePUBO With Adaptive Qubits,25,5,109,770,186,186,1.0,4.777297735214233,1337
M-25-N-5-pa-0.45-pe-1.00,RecursivePUBO With Preprocessing and Adaptive Qubits,25,5,109,770,186,186,1.0,4.779661655426025,1337
M-25-N-25-pa-0.65-pe-1.00,CardinalitySweep,25,25,137,2340,1210,213,0.1760330578512396,75.40349817276001,1337
M-25-N-25-pa-0.65-pe-1.00,RecursivePUBO,25,25,282,2884,1210,243,0.2008264462809917,116.60606455802916,1337
M-25-N-25-pa-0.65-pe-1.00,RecursivePUBO With Preprocessing,25,25,279,2857,1210,230,0.1900826446280991,115.21553206443788,1337
M-25-N-25-pa-0.65-pe-1.00,RecursivePUBO With Adaptive Qubits,25,25,405,3420,1210,455,0.3760330578512397,144.52174520492554,1337
M-25-N-25-pa-0.65-pe-1.00,RecursivePUBO With Preprocessing and Adaptive Qubits,25,25,415,3462,1210,476,0.3933884297520661,147.30062055587769,1337
M-25-N-25-pa-0.55-pe-1.00,CardinalitySweep,25,25,125,1902,1896,254,0.1339662447257384,64.39845609664917,1337
M-25-N-25-pa-0.55-pe-1.00,RecursivePUBO,25,25,331,2643,1896,250,0.1318565400843881,119.44981622695924,1337
M-25-N-25-pa-0.55-pe-1.00,RecursivePUBO With Preprocessing,25,25,342,2669,1896,254,0.1339662447257384,122.93928503990172,1337
M-25-N-25-pa-0.55-pe-1.00,RecursivePUBO With Adaptive Qubits,25,25,537,3504,1896,527,0.2779535864978903,171.8430848121643,1337
M-25-N-25-pa-0.55-pe-1.00,RecursivePUBO With Preprocessing and Adaptive Qubits,25,25,571,3617,1896,547,0.2885021097046413,180.9686257839203,1337
M-25-N-5-pa-0.25-pe-1.00,CardinalitySweep,16,5,31,243,60,60,1.0,2.6507840156555176,1337
M-25-N-5-pa-0.25-pe-1.00,RecursivePUBO,16,5,60,350,60,60,1.0,3.265574216842652,1337
M-25-N-5-pa-0.25-pe-1.00,RecursivePUBO With Preprocessing,16,5,60,350,60,60,1.0,3.261514902114868,1337
M-25-N-5-pa-0.25-pe-1.00,RecursivePUBO With Adaptive Qubits,16,5,59,338,60,60,1.0,2.8791425228118896,1337
M-25-N-5-pa-0.25-pe-1.00,RecursivePUBO With Preprocessing and Adaptive Qubits,16,5,59,338,60,60,1.0,2.9275965690612797,1337
M-25-N-10-pa-0.85-pe-1.00,CardinalitySweep,25,10,68,1191,205,191,0.9317073170731708,13.692241430282593,1337
M-25-N-10-pa-0.85-pe-1.00,RecursivePUBO,25,10,84,1249,205,204,0.9951219512195122,13.800508975982666,1337
M-25-N-10-pa-0.85-pe-1.00,RecursivePUBO With Preprocessing,25,10,84,1249,205,202,0.9853658536585366,13.867326259613035,1337
M-25-N-10-pa-0.85-pe-1.00,RecursivePUBO With Adaptive Qubits,25,10,76,1064,205,205,1.0,9.893209218978882,1337
M-25-N-10-pa-0.85-pe-1.00,RecursivePUBO With Preprocessing and Adaptive Qubits,25,10,76,1064,205,205,1.0,9.923110723495483,1337
M-25-N-50-pa-0.75-pe-1.00,CardinalitySweep,25,50,243,4736,1236,26,0.0210355987055016,135.40972638130188,1337
M-25-N-50-pa-0.75-pe-1.00,RecursivePUBO,25,50,267,4810,1236,24,0.0194174757281553,137.9433135986328,1337
M-25-N-50-pa-0.75-pe-1.00,RecursivePUBO With Preprocessing,25,50,266,4805,1236,23,0.0186084142394822,137.70194363594055,1337
M-25-N-50-pa-0.75-pe-1.00,RecursivePUBO With Adaptive Qubits,25,50,462,5692,1236,491,0.3972491909385113,178.90688943862915,1337
M-25-N-50-pa-0.75-pe-1.00,RecursivePUBO With Preprocessing and Adaptive Qubits,25,50,467,5699,1236,484,0.3915857605177993,180.19886422157288,1337
M-25-N-25-pa-0.15-pe-1.00,CardinalitySweep,24,25,48,376,119,102,0.8571428571428571,9.32870316505432,1337
M-25-N-25-pa-0.15-pe-1.00,RecursivePUBO,24,25,370,1405,119,72,0.6050420168067226,38.16439628601074,1337
M-25-N-25-pa-0.15-pe-1.00,RecursivePUBO With Preprocessing,24,25,357,1365,119,71,0.5966386554621849,33.07019782066345,1337
M-25-N-25-pa-0.15-pe-1.00,RecursivePUBO With Adaptive Qubits,24,25,395,1490,119,82,0.6890756302521008,39.60705828666687,1337
M-25-N-25-pa-0.15-pe-1.00,RecursivePUBO With Preprocessing and Adaptive Qubits,24,25,357,1364,119,70,0.5882352941176471,32.99013829231262,1337
M-25-N-50-pa-0.45-pe-1.00,CardinalitySweep,25,50,224,2962,6456,41,0.0063506815365551,109.07027626037598,1337
M-25-N-50-pa-0.45-pe-1.00,RecursivePUBO,25,50,291,3171,6456,32,0.0049566294919454,123.07732033729552,1337
M-25-N-50-pa-0.45-pe-1.00,RecursivePUBO With Preprocessing,25,50,278,3134,6456,30,0.0046468401486988,119.64117407798769,1337
M-25-N-50-pa-0.45-pe-1.00,RecursivePUBO With Adaptive Qubits,25,50,402,3586,6456,150,0.0232342007434944,145.35177421569824,1337
M-25-N-50-pa-0.45-pe-1.00,RecursivePUBO With Preprocessing and Adaptive Qubits,25,50,403,3580,6456,143,0.0221499380421313,145.55484080314636,1337
M-25-N-5-pa-0.55-pe-1.00,CardinalitySweep,25,5,43,535,178,154,0.8651685393258427,4.019010305404663,1337
M-25-N-5-pa-0.55-pe-1.00,RecursivePUBO,25,5,106,773,178,178,1.0,5.281012296676636,1337
M-25-N-5-pa-0.55-pe-1.00,RecursivePUBO With Preprocessing,25,5,106,773,178,178,1.0,5.264854192733765,1337
M-25-N-5-pa-0.55-pe-1.00,RecursivePUBO With Adaptive Qubits,25,5,101,695,178,178,1.0,4.508069276809692,1337
M-25-N-5-pa-0.55-pe-1.00,RecursivePUBO With Preprocessing and Adaptive Qubits,25,5,101,695,178,178,1.0,4.480610132217407,1337
M-25-N-25-pa-0.25-pe-1.00,CardinalitySweep,25,25,99,910,5238,567,0.1082474226804123,43.11315417289734,1337
M-25-N-25-pa-0.25-pe-1.00,RecursivePUBO,25,25,867,3472,5238,332,0.0633829705994654,227.99037790298465,1337
M-25-N-25-pa-0.25-pe-1.00,RecursivePUBO With Preprocessing,25,25,886,3557,5238,355,0.0677739595265368,231.9452555179596,1337
M-25-N-25-pa-0.25-pe-1.00,RecursivePUBO With Adaptive Qubits,25,25,841,3399,5238,333,0.063573883161512,221.4234004020691,1337
M-25-N-25-pa-0.25-pe-1.00,RecursivePUBO With Preprocessing and Adaptive Qubits,25,25,909,3615,5238,352,0.0672012218403971,234.04721212387085,1337
M-25-N-5-pa-0.15-pe-1.00,CardinalitySweep,21,5,35,311,316,272,0.8607594936708861,2.3024702072143555,1337
M-25-N-5-pa-0.15-pe-1.00,RecursivePUBO,21,5,172,924,316,303,0.9588607594936708,4.88076114654541,1337
M-25-N-5-pa-0.15-pe-1.00,RecursivePUBO With Preprocessing,21,5,172,924,316,299,0.9462025316455696,4.206210374832153,1337
M-25-N-5-pa-0.15-pe-1.00,RecursivePUBO With Adaptive Qubits,21,5,171,912,316,300,0.9493670886075948,4.434816598892212,1337
M-25-N-5-pa-0.15-pe-1.00,RecursivePUBO With Preprocessing and Adaptive Qubits,21,5,171,912,316,307,0.971518987341772,3.970804691314697,1337
M-25-N-10-pa-0.15-pe-1.00,CardinalitySweep,20,10,38,297,186,154,0.8279569892473119,4.855063199996948,1337
M-25-N-10-pa-0.15-pe-1.00,RecursivePUBO,20,10,207,944,186,152,0.8172043010752689,12.77818727493286,1337
M-25-N-10-pa-0.15-pe-1.00,RecursivePUBO With Preprocessing,20,10,196,907,186,148,0.7956989247311828,11.03698182106018,1337
M-25-N-10-pa-0.15-pe-1.00,RecursivePUBO With Adaptive Qubits,20,10,207,946,186,154,0.8279569892473119,12.436923265457152,1337
M-25-N-10-pa-0.15-pe-1.00,RecursivePUBO With Preprocessing and Adaptive Qubits,20,10,210,959,186,158,0.8494623655913979,11.362728595733644,1337
M-25-N-5-pa-0.85-pe-1.00,CardinalitySweep,25,5,28,243,58,58,1.0,1.8407883644104004,1337
M-25-N-5-pa-0.85-pe-1.00,RecursivePUBO,25,5,30,249,58,58,1.0,1.7389838695526123,1337
M-25-N-5-pa-0.85-pe-1.00,RecursivePUBO With Preprocessing,25,5,30,249,58,58,1.0,1.7448649406433103,1337
M-25-N-5-pa-0.85-pe-1.00,RecursivePUBO With Adaptive Qubits,25,5,24,175,58,58,1.0,1.3147783279418943,1337
M-25-N-5-pa-0.85-pe-1.00,RecursivePUBO With Preprocessing and Adaptive Qubits,25,5,24,175,58,58,1.0,1.3065555095672607,1337
M-25-N-10-pa-0.55-pe-1.00,CardinalitySweep,25,10,65,860,801,437,0.5455680399500624,13.514034271240234,1337
M-25-N-10-pa-0.55-pe-1.00,RecursivePUBO,25,10,371,2153,801,553,0.6903870162297129,39.74879717826843,1337
M-25-N-10-pa-0.55-pe-1.00,RecursivePUBO With Preprocessing,25,10,389,2218,801,566,0.7066167290886392,41.07900428771973,1337
M-25-N-10-pa-0.55-pe-1.00,RecursivePUBO With Adaptive Qubits,25,10,393,2263,801,596,0.7440699126092385,39.23572254180908,1337
M-25-N-10-pa-0.55-pe-1.00,RecursivePUBO With Preprocessing and Adaptive Qubits,25,10,399,2291,801,606,0.7565543071161048,39.83386945724487,1337
M-25-N-50-pa-0.85-pe-1.00,CardinalitySweep,25,50,225,4865,499,26,0.0521042084168336,129.19479393959045,1337
M-25-N-50-pa-0.85-pe-1.00,RecursivePUBO,25,50,239,4907,499,20,0.0400801603206412,129.08757328987122,1337
M-25-N-50-pa-0.85-pe-1.00,RecursivePUBO With Preprocessing,25,50,240,4910,499,23,0.0460921843687374,129.3047058582306,1337
M-25-N-50-pa-0.85-pe-1.00,RecursivePUBO With Adaptive Qubits,25,50,343,5374,499,384,0.7695390781563126,139.0879843235016,1337
M-25-N-50-pa-0.85-pe-1.00,RecursivePUBO With Preprocessing and Adaptive Qubits,25,50,336,5326,499,350,0.7014028056112225,136.4127492904663,1337
M-25-N-10-pa-0.05-pe-1.00,CardinalitySweep,12,9,17,76,8,8,1.0,0.9970302581787108,1337
M-25-N-10-pa-0.05-pe-1.00,RecursivePUBO,12,9,33,124,8,8,1.0,2.733368396759033,1337
M-25-N-10-pa-0.05-pe-1.00,RecursivePUBO With Preprocessing,12,9,33,124,8,8,1.0,1.403620958328247,1337
M-25-N-10-pa-0.05-pe-1.00,RecursivePUBO With Adaptive Qubits,12,9,33,124,8,8,1.0,2.757678508758545,1337
M-25-N-10-pa-0.05-pe-1.00,RecursivePUBO With Preprocessing and Adaptive Qubits,12,9,33,124,8,8,1.0,1.4339618682861328,1337
M-25-N-50-pa-0.05-pe-1.00,CardinalitySweep,24,37,29,289,8,8,1.0,1.208784103393555,1337
M-25-N-50-pa-0.05-pe-1.00,RecursivePUBO,24,37,78,443,8,8,1.0,12.858054876327516,1337
M-25-N-50-pa-0.05-pe-1.00,RecursivePUBO With Preprocessing,24,37,78,443,8,8,1.0,1.8586077690124512,1337
M-25-N-50-pa-0.05-pe-1.00,RecursivePUBO With Adaptive Qubits,24,37,78,443,8,8,1.0,12.853572845458984,1337
M-25-N-50-pa-0.05-pe-1.00,RecursivePUBO With Preprocessing and Adaptive Qubits,24,37,78,443,8,8,1.0,1.889761209487915,1337
M-50-N-50-pa-0.25-pe-1.00,CardinalitySweep,50,50,247,3905,12474369,96,7.6957800430627e-06,417.9996509552002,1337
M-50-N-50-pa-0.25-pe-1.00,RecursivePUBO,50,50,516,4758,12474369,72,5.771835032297024e-06,561.6240446567535,1337
M-50-N-50-pa-0.25-pe-1.00,RecursivePUBO With Preprocessing,50,50,574,4928,12474369,77,6.172656909539873e-06,580.7854027748108,1337
M-50-N-50-pa-0.25-pe-1.00,RecursivePUBO With Adaptive Qubits,50,50,612,5050,12474369,86,6.8941362885770015e-06,592.3616726398468,1337
M-50-N-50-pa-0.25-pe-1.00,RecursivePUBO With Preprocessing and Adaptive Qubits,50,50,595,4997,12474369,82,6.5734787867827226e-06,578.8564882278442,1337
M-50-N-5-pa-0.05-pe-1.00,CardinalitySweep,15,5,24,153,63,63,1.0,12.01430344581604,1337
M-50-N-5-pa-0.05-pe-1.00,RecursivePUBO,15,5,48,240,63,63,1.0,16.177124977111816,1337
M-50-N-5-pa-0.05-pe-1.00,RecursivePUBO With Preprocessing,15,5,48,240,63,63,1.0,12.302395820617676,1337
M-50-N-5-pa-0.05-pe-1.00,RecursivePUBO With Adaptive Qubits,15,5,48,240,63,63,1.0,16.05776357650757,1337
M-50-N-5-pa-0.05-pe-1.00,RecursivePUBO With Preprocessing and Adaptive Qubits,15,5,48,240,63,63,1.0,12.313024520874023,1337
M-50-N-50-pa-0.55-pe-1.00,CardinalitySweep,50,50,305,8919,150825,8,5.3041604508536384e-05,580.7942714691162,1337
M-50-N-50-pa-0.55-pe-1.00,RecursivePUBO,50,50,326,8982,150825,10,6.630200563567048e-05,586.6103022098541,1337
M-50-N-50-pa-0.55-pe-1.00,RecursivePUBO With Preprocessing,50,50,329,8992,150825,12,7.956240676280457e-05,587.9110124111176,1337
M-50-N-50-pa-0.55-pe-1.00,RecursivePUBO With Adaptive Qubits,50,50,1148,11738,150825,592,0.0039250787336316,998.6984491348268,1337
M-50-N-50-pa-0.55-pe-1.00,RecursivePUBO With Preprocessing and Adaptive Qubits,50,50,1161,11815,150825,625,0.0041438753522294,1008.637975692749,1337
M-50-N-5-pa-0.85-pe-1.00,CardinalitySweep,50,5,49,779,206,206,1.0,18.87133526802063,1337
M-50-N-5-pa-0.85-pe-1.00,RecursivePUBO,50,5,51,787,206,206,1.0,18.440324783325195,1337
M-50-N-5-pa-0.85-pe-1.00,RecursivePUBO With Preprocessing,50,5,51,787,206,206,1.0,18.535163640975952,1337
M-50-N-5-pa-0.85-pe-1.00,RecursivePUBO With Adaptive Qubits,50,5,42,590,206,206,1.0,17.192111253738403,1337
M-50-N-5-pa-0.85-pe-1.00,RecursivePUBO With Preprocessing and Adaptive Qubits,50,5,42,590,206,206,1.0,17.14565896987915,1337
M-50-N-50-pa-0.85-pe-1.00,CardinalitySweep,50,50,338,14269,3271,2,0.0006114338122898,680.9030311107635,1337
M-50-N-50-pa-0.85-pe-1.00,RecursivePUBO,50,50,339,14272,3271,2,0.0006114338122898,675.924770116806,1337
M-50-N-50-pa-0.85-pe-1.00,RecursivePUBO With Preprocessing,50,50,340,14275,3271,2,0.0006114338122898,673.3680164813995,1337
M-50-N-50-pa-0.85-pe-1.00,RecursivePUBO With Adaptive Qubits,50,50,544,14942,3271,709,0.216753286456741,717.3922502994537,1337
M-50-N-50-pa-0.85-pe-1.00,RecursivePUBO With Preprocessing and Adaptive Qubits,50,50,551,14979,3271,722,0.2207276062366248,724.2451250553131,1337
M-50-N-5-pa-0.65-pe-1.00,CardinalitySweep,48,5,67,1531,738,401,0.5433604336043361,21.032970905303955,1337
M-50-N-5-pa-0.65-pe-1.00,RecursivePUBO,48,5,229,2250,738,723,0.9796747967479674,24.849088191986084,1337
M-50-N-5-pa-0.65-pe-1.00,RecursivePUBO With Preprocessing,48,5,229,2256,738,729,0.9878048780487804,24.80736517906189,1337
M-50-N-5-pa-0.65-pe-1.00,RecursivePUBO With Adaptive Qubits,48,5,216,1955,738,718,0.97289972899729,22.806571006774902,1337
M-50-N-5-pa-0.65-pe-1.00,RecursivePUBO With Preprocessing and Adaptive Qubits,48,5,218,1969,738,729,0.9878048780487804,22.8256938457489,1337
M-50-N-25-pa-0.55-pe-1.00,CardinalitySweep,50,25,178,5061,40246,143,0.0035531481389454,208.0737862586975,1337
M-50-N-25-pa-0.55-pe-1.00,RecursivePUBO,50,25,353,5601,40246,152,0.003776772846991,258.1433844566345,1337
M-50-N-25-pa-0.55-pe-1.00,RecursivePUBO With Preprocessing,50,25,350,5593,40246,148,0.0036773840878596,254.91804361343384,1337
M-50-N-25-pa-0.55-pe-1.00,RecursivePUBO With Adaptive Qubits,50,25,721,6719,40246,438,0.0108830691248819,321.2723550796509,1337
M-50-N-25-pa-0.55-pe-1.00,RecursivePUBO With Preprocessing and Adaptive Qubits,50,25,722,6729,40246,445,0.0110569994533618,320.68492007255554,1337
M-50-N-5-pa-0.25-pe-1.00,CardinalitySweep,39,5,60,1060,1161,451,0.3884582256675279,19.80808568000793,1337
M-50-N-5-pa-0.25-pe-1.00,RecursivePUBO,39,5,398,2653,1161,804,0.6925064599483204,25.852091312408447,1337
M-50-N-5-pa-0.25-pe-1.00,RecursivePUBO With Preprocessing,39,5,394,2637,1161,797,0.6864771748492678,25.79855442047119,1337
M-50-N-5-pa-0.25-pe-1.00,RecursivePUBO With Adaptive Qubits,39,5,396,2559,1161,801,0.689922480620155,24.356685400009155,1337
M-50-N-5-pa-0.25-pe-1.00,RecursivePUBO With Preprocessing and Adaptive Qubits,39,5,398,2578,1161,812,0.6993970714900948,24.6145293712616,1337
M-50-N-25-pa-0.05-pe-1.00,CardinalitySweep,41,25,68,931,6096,385,0.0631561679790026,45.27992105484009,1337
M-50-N-25-pa-0.05-pe-1.00,RecursivePUBO,41,25,1049,4022,6096,161,0.0264107611548556,161.20211625099182,1337
M-50-N-25-pa-0.05-pe-1.00,RecursivePUBO With Preprocessing,41,25,1049,4031,6096,168,0.0275590551181102,118.37759685516356,1337
M-50-N-25-pa-0.05-pe-1.00,RecursivePUBO With Adaptive Qubits,41,25,1024,3949,6096,163,0.0267388451443569,158.64534187316897,1337
M-50-N-25-pa-0.05-pe-1.00,RecursivePUBO With Preprocessing and Adaptive Qubits,41,25,1056,4043,6096,161,0.0264107611548556,117.961181640625,1337
M-50-N-10-pa-0.05-pe-1.00,CardinalitySweep,21,10,33,249,228,228,1.0,8.374003171920776,1337
M-50-N-10-pa-0.05-pe-1.00,RecursivePUBO,21,10,665,2335,228,228,1.0,39.88199996948242,1337
M-50-N-10-pa-0.05-pe-1.00,RecursivePUBO With Preprocessing,21,10,665,2335,228,228,1.0,14.88375973701477,1337
M-50-N-10-pa-0.05-pe-1.00,RecursivePUBO With Adaptive Qubits,21,10,665,2335,228,228,1.0,39.908692598342896,1337
M-50-N-10-pa-0.05-pe-1.00,RecursivePUBO With Preprocessing and Adaptive Qubits,21,10,665,2335,228,228,1.0,14.85634183883667,1337
M-50-N-10-pa-0.55-pe-1.00,CardinalitySweep,50,10,101,2737,6655,676,0.1015777610818933,57.764495849609375,1337
M-50-N-10-pa-0.55-pe-1.00,RecursivePUBO,50,10,609,4730,6655,1022,0.1535687453042825,103.1742823123932,1337
M-50-N-10-pa-0.55-pe-1.00,RecursivePUBO With Preprocessing,50,10,608,4721,6655,1031,0.1549211119459053,103.2418339252472,1337
M-50-N-10-pa-0.55-pe-1.00,RecursivePUBO With Adaptive Qubits,50,10,699,4789,6655,1184,0.1779113448534936,99.93762230873108,1337
M-50-N-10-pa-0.55-pe-1.00,RecursivePUBO With Preprocessing and Adaptive Qubits,50,10,693,4790,6655,1195,0.179564237415477,99.3962423801422,1337
M-50-N-50-pa-0.05-pe-1.00,CardinalitySweep,45,48,74,1095,3628,635,0.1750275633958103,52.49571394920349,1337
M-50-N-50-pa-0.05-pe-1.00,RecursivePUBO,45,48,2607,8954,3628,273,0.0752480705622932,366.4175446033478,1337
M-50-N-50-pa-0.05-pe-1.00,RecursivePUBO With Preprocessing,45,48,2649,9081,3628,274,0.0755237045203969,278.97178626060486,1337
M-50-N-50-pa-0.05-pe-1.00,RecursivePUBO With Adaptive Qubits,45,48,2723,9319,3628,290,0.0799338478500551,378.0695872306824,1337
M-50-N-50-pa-0.05-pe-1.00,RecursivePUBO With Preprocessing and Adaptive Qubits,45,48,2682,9190,3628,284,0.0782800441014333,283.20293951034546,1337
M-50-N-50-pa-0.65-pe-1.00,CardinalitySweep,50,50,321,10489,60583,7,0.0001155439644784,606.659547328949,1337
M-50-N-50-pa-0.65-pe-1.00,RecursivePUBO,50,50,324,10498,60583,2,3.301256127956687e-05,601.3785486221313,1337
M-50-N-50-pa-0.65-pe-1.00,RecursivePUBO With Preprocessing,50,50,336,10534,60583,8,0.0001320502451182,605.3176946640015,1337
M-50-N-50-pa-0.65-pe-1.00,RecursivePUBO With Adaptive Qubits,50,50,971,12646,60583,471,0.0077744581813379,944.4030654430388,1337
M-50-N-50-pa-0.65-pe-1.00,RecursivePUBO With Preprocessing and Adaptive Qubits,50,50,974,12611,60583,441,0.0072792697621444,948.6712794303894,1337
M-50-N-50-pa-0.95-pe-1.00,CardinalitySweep,50,41,224,8836,871,37,0.0424799081515499,306.2177665233612,1337
M-50-N-50-pa-0.95-pe-1.00,RecursivePUBO,50,41,224,8836,871,32,0.0367393800229621,306.0083465576172,1337
M-50-N-50-pa-0.95-pe-1.00,RecursivePUBO With Preprocessing,50,41,224,8836,871,34,0.0390355912743972,305.5846419334412,1337
M-50-N-50-pa-0.95-pe-1.00,RecursivePUBO With Adaptive Qubits,50,41,194,7446,871,781,0.8966704936854191,253.21107292175293,1337
M-50-N-50-pa-0.95-pe-1.00,RecursivePUBO With Preprocessing and Adaptive Qubits,50,41,194,7446,871,774,0.8886337543053962,252.99586272239685,1337
M-50-N-50-pa-0.35-pe-1.00,CardinalitySweep,50,50,287,5930,2427808,31,1.2768719766966743e-05,493.097841501236,1337
M-50-N-50-pa-0.35-pe-1.00,RecursivePUBO,50,50,415,6318,2427808,36,1.4828190697122672e-05,571.1742551326752,1337
M-50-N-50-pa-0.35-pe-1.00,RecursivePUBO With Preprocessing,50,50,399,6267,2427808,30,1.235682558093556e-05,549.7532694339752,1337
M-50-N-50-pa-0.35-pe-1.00,RecursivePUBO With Adaptive Qubits,50,50,405,6290,2427808,35,1.4416296511091486e-05,528.5929861068726,1337
M-50-N-50-pa-0.35-pe-1.00,RecursivePUBO With Preprocessing and Adaptive Qubits,50,50,406,6290,2427808,34,1.40044023250603e-05,529.1175575256348,1337
M-50-N-10-pa-0.65-pe-1.00,CardinalitySweep,50,10,105,3163,2963,443,0.149510631117111,60.167025566101074,1337
M-50-N-10-pa-0.65-pe-1.00,RecursivePUBO,50,10,470,4533,2963,935,0.315558555518056,92.70617699623108,1337
M-50-N-10-pa-0.65-pe-1.00,RecursivePUBO With Preprocessing,50,10,451,4458,2963,876,0.2956463044211947,91.1472098827362,1337
M-50-N-10-pa-0.65-pe-1.00,RecursivePUBO With Adaptive Qubits,50,10,554,4429,2963,1224,0.4130948363145461,89.44500184059143,1337
M-50-N-10-pa-0.65-pe-1.00,RecursivePUBO With Preprocessing and Adaptive Qubits,50,10,538,4384,2963,1206,0.4070199122510968,88.33387541770935,1337
M-50-N-10-pa-0.25-pe-1.00,CardinalitySweep,47,10,87,1609,25672,916,0.0356808974758491,48.8156259059906,1337
M-50-N-10-pa-0.25-pe-1.00,RecursivePUBO,47,10,1044,5185,25672,1005,0.0391477095668432,117.65681004524232,1337
M-50-N-10-pa-0.25-pe-1.00,RecursivePUBO With Preprocessing,47,10,1078,5282,25672,1008,0.0392645684013711,120.17485070228577,1337
M-50-N-10-pa-0.25-pe-1.00,RecursivePUBO With Adaptive Qubits,47,10,1118,5409,25672,1023,0.0398488625740105,120.12432837486269,1337
M-50-N-10-pa-0.25-pe-1.00,RecursivePUBO With Preprocessing and Adaptive Qubits,47,10,1078,5292,25672,1019,0.03969305079464,117.82544732093812,1337
M-50-N-25-pa-0.45-pe-1.00,CardinalitySweep,50,25,175,4355,128411,212,0.0016509489062463,190.0032069683075,1337
M-50-N-25-pa-0.45-pe-1.00,RecursivePUBO,50,25,410,5102,128411,160,0.0012459991745255,252.01255583763125,1337
M-50-N-25-pa-0.45-pe-1.00,RecursivePUBO With Preprocessing,50,25,448,5238,128411,199,0.0015497114733161,261.9057369232178,1337
M-50-N-25-pa-0.45-pe-1.00,RecursivePUBO With Adaptive Qubits,50,25,670,5994,128411,370,0.0028813730910903,299.7817528247833,1337
M-50-N-25-pa-0.45-pe-1.00,RecursivePUBO With Preprocessing and Adaptive Qubits,50,25,658,5929,128411,345,0.0026866857200707,297.54524087905884,1337
M-50-N-5-pa-0.45-pe-1.00,CardinalitySweep,48,5,71,1671,1229,443,0.3604556550040683,21.373759269714355,1337
M-50-N-5-pa-0.45-pe-1.00,RecursivePUBO,48,5,371,3117,1229,1023,0.8323840520748577,28.76501488685608,1337
M-50-N-5-pa-0.45-pe-1.00,RecursivePUBO With Preprocessing,48,5,370,3122,1229,1030,0.8380797396257119,28.796383380889893,1337
M-50-N-5-pa-0.45-pe-1.00,RecursivePUBO With Adaptive Qubits,48,5,367,2912,1229,1047,0.8519121236777868,26.85362315177917,1337
M-50-N-5-pa-0.45-pe-1.00,RecursivePUBO With Preprocessing and Adaptive Qubits,48,5,369,2914,1229,1045,0.8502847843775427,27.058578491210938,1337
M-50-N-5-pa-0.55-pe-1.00,CardinalitySweep,48,5,70,1690,1027,423,0.4118792599805258,21.25462365150452,1337
M-50-N-5-pa-0.55-pe-1.00,RecursivePUBO,48,5,278,2727,1027,914,0.8899707887049659,25.6855309009552,1337
M-50-N-5-pa-0.55-pe-1.00,RecursivePUBO With Preprocessing,48,5,287,2769,1027,929,0.904576436222006,25.8675594329834,1337
M-50-N-5-pa-0.55-pe-1.00,RecursivePUBO With Adaptive Qubits,48,5,267,2441,1027,920,0.8958130477117819,23.676095008850098,1337
M-50-N-5-pa-0.55-pe-1.00,RecursivePUBO With Preprocessing and Adaptive Qubits,48,5,273,2457,1027,921,0.8967867575462513,23.731281042099,1337
M-50-N-5-pa-0.35-pe-1.00,CardinalitySweep,44,5,65,1342,1480,587,0.3966216216216216,20.494381427764893,1337
M-50-N-5-pa-0.35-pe-1.00,RecursivePUBO,44,5,418,3008,1480,988,0.6675675675675675,28.67885971069336,1337
M-50-N-5-pa-0.35-pe-1.00,RecursivePUBO With Preprocessing,44,5,437,3095,1480,1025,0.6925675675675675,29.05042004585266,1337
M-50-N-5-pa-0.35-pe-1.00,RecursivePUBO With Adaptive Qubits,44,5,412,2875,1480,1005,0.6790540540540541,26.96621417999268,1337
M-50-N-5-pa-0.35-pe-1.00,RecursivePUBO With Preprocessing and Adaptive Qubits,44,5,421,2907,1480,1017,0.6871621621621622,27.155675649642944,1337
M-50-N-25-pa-0.95-pe-1.00,CardinalitySweep,50,21,119,2996,398,220,0.5527638190954773,109.0763819217682,1337
M-50-N-25-pa-0.95-pe-1.00,RecursivePUBO,50,21,119,2996,398,224,0.5628140703517588,109.0463798046112,1337
M-50-N-25-pa-0.95-pe-1.00,RecursivePUBO With Preprocessing,50,21,119,2996,398,213,0.535175879396985,109.20254349708556,1337
M-50-N-25-pa-0.95-pe-1.00,RecursivePUBO With Adaptive Qubits,50,21,119,2996,398,397,0.9974874371859296,97.45243048667908,1337
M-50-N-25-pa-0.95-pe-1.00,RecursivePUBO With Preprocessing and Adaptive Qubits,50,21,119,2996,398,395,0.992462311557789,97.48924040794373,1337
M-50-N-25-pa-0.25-pe-1.00,CardinalitySweep,50,25,149,2613,1080958,747,0.000691053676461,158.79003739356995,1337
M-50-N-25-pa-0.25-pe-1.00,RecursivePUBO,50,25,901,5103,1080958,355,0.0003284123897505,337.951655626297,1337
M-50-N-25-pa-0.25-pe-1.00,RecursivePUBO With Preprocessing,50,25,800,4779,1080958,319,0.0002951085981138,310.7636079788208,1337
M-50-N-25-pa-0.25-pe-1.00,RecursivePUBO With Adaptive Qubits,50,25,854,4960,1080958,341,0.0003154609152251,323.5039327144623,1337
M-50-N-25-pa-0.25-pe-1.00,RecursivePUBO With Preprocessing and Adaptive Qubits,50,25,828,4872,1080958,332,0.000307134967316,312.6312758922577,1337
M-50-N-25-pa-0.75-pe-1.00,CardinalitySweep,50,25,199,7234,4916,76,0.0154597233523189,232.40949654579163,1337
M-50-N-25-pa-0.75-pe-1.00,RecursivePUBO,50,25,246,7376,4916,69,0.0140358014646053,239.5237128734589,1337
M-50-N-25-pa-0.75-pe-1.00,RecursivePUBO With Preprocessing,50,25,238,7352,4916,60,0.0122050447518307,236.81692624092105,1337
M-50-N-25-pa-0.75-pe-1.00,RecursivePUBO With Adaptive Qubits,50,25,493,7317,4916,735,0.1495117982099267,278.7413697242737,1337
M-50-N-25-pa-0.75-pe-1.00,RecursivePUBO With Preprocessing and Adaptive Qubits,50,25,481,7259,4916,705,0.1434092758340114,275.3892865180969,1337
M-50-N-50-pa-0.75-pe-1.00,CardinalitySweep,50,50,347,13030,15290,4,0.0002616088947024,679.1810352802277,1337
M-50-N-50-pa-0.75-pe-1.00,RecursivePUBO,50,50,350,13039,15290,3,0.0001962066710268,673.1386668682098,1337
M-50-N-50-pa-0.75-pe-1.00,RecursivePUBO With Preprocessing,50,50,356,13057,15290,9,0.0005886200130804,676.2796173095703,1337
M-50-N-50-pa-0.75-pe-1.00,RecursivePUBO With Adaptive Qubits,50,50,819,14724,15290,759,0.0496402877697841,910.7449264526368,1337
M-50-N-50-pa-0.75-pe-1.00,RecursivePUBO With Preprocessing and Adaptive Qubits,50,50,818,14710,15290,743,0.0485938521909744,913.3713116645812,1337
M-50-N-10-pa-0.35-pe-1.00,CardinalitySweep,49,10,94,2045,13697,754,0.0550485507775425,52.51252222061157,1337
M-50-N-10-pa-0.35-pe-1.00,RecursivePUBO,49,10,1096,5718,13697,1055,0.0770241658757392,126.46990656852722,1337
M-50-N-10-pa-0.35-pe-1.00,RecursivePUBO With Preprocessing,49,10,1073,5646,13697,1052,0.0768051398116375,124.72726631164552,1337
M-50-N-10-pa-0.35-pe-1.00,RecursivePUBO With Adaptive Qubits,49,10,1154,5849,13697,1132,0.0826458348543476,126.0543270111084,1337
M-50-N-10-pa-0.35-pe-1.00,RecursivePUBO With Preprocessing and Adaptive Qubits,49,10,1144,5829,13697,1142,0.0833759217346864,125.34206962585448,1337
M-50-N-5-pa-0.95-pe-1.00,CardinalitySweep,50,5,32,305,98,98,1.0,16.613693237304688,1337
M-50-N-5-pa-0.95-pe-1.00,RecursivePUBO,50,5,32,305,98,98,1.0,16.40139603614807,1337
M-50-N-5-pa-0.95-pe-1.00,RecursivePUBO With Preprocessing,50,5,32,305,98,98,1.0,16.444926261901855,1337
M-50-N-5-pa-0.95-pe-1.00,RecursivePUBO With Adaptive Qubits,50,5,28,249,98,98,1.0,15.875152349472046,1337
M-50-N-5-pa-0.95-pe-1.00,RecursivePUBO With Preprocessing and Adaptive Qubits,50,5,28,249,98,98,1.0,15.835362911224363,1337
M-50-N-10-pa-0.45-pe-1.00,CardinalitySweep,50,10,100,2510,11898,804,0.0675743822491174,54.777979373931885,1337
M-50-N-10-pa-0.45-pe-1.00,RecursivePUBO,50,10,737,4962,11898,1104,0.0927887039838628,108.16711854934692,1337
M-50-N-10-pa-0.45-pe-1.00,RecursivePUBO With Preprocessing,50,10,769,5056,11898,1108,0.0931248949403261,110.45400285720824,1337
M-50-N-10-pa-0.45-pe-1.00,RecursivePUBO With Adaptive Qubits,50,10,822,5037,11898,1201,0.1009413346780971,109.12225723266602,1337
M-50-N-10-pa-0.45-pe-1.00,RecursivePUBO With Preprocessing and Adaptive Qubits,50,10,874,5222,11898,1241,0.1043032442427298,112.89022779464722,1337
M-50-N-10-pa-0.95-pe-1.00,CardinalitySweep,50,9,44,542,137,137,1.0,26.651068449020386,1337
M-50-N-10-pa-0.95-pe-1.00,RecursivePUBO,50,9,44,542,137,137,1.0,26.026015758514404,1337
M-50-N-10-pa-0.95-pe-1.00,RecursivePUBO With Preprocessing,50,9,44,542,137,137,1.0,26.07243275642395,1337
M-50-N-10-pa-0.95-pe-1.00,RecursivePUBO With Adaptive Qubits,50,9,37,426,137,137,1.0,24.9450798034668,1337
M-50-N-10-pa-0.95-pe-1.00,RecursivePUBO With Preprocessing and Adaptive Qubits,50,9,37,426,137,137,1.0,24.861307382583615,1337
M-50-N-50-pa-0.15-pe-1.00,CardinalitySweep,50,50,206,2603,13977897,253,1.8100004600119747e-05,346.263956785202,1337
M-50-N-50-pa-0.15-pe-1.00,RecursivePUBO,50,50,1370,6190,13977897,156,1.1160477144737868e-05,866.4296128749847,1337
M-50-N-50-pa-0.15-pe-1.00,RecursivePUBO With Preprocessing,50,50,1303,5980,13977897,146,1.0445061943152106e-05,820.4805641174316,1337
M-50-N-50-pa-0.15-pe-1.00,RecursivePUBO With Adaptive Qubits,50,50,1450,6439,13977897,168,1.201897538664078e-05,890.0291576385498,1337
M-50-N-50-pa-0.15-pe-1.00,RecursivePUBO With Preprocessing and Adaptive Qubits,50,50,1361,6152,13977897,151,1.0802769543944988e-05,840.97975897789,1337
M-50-N-25-pa-0.85-pe-1.00,CardinalitySweep,50,25,197,7522,1192,73,0.061241610738255,238.84816670417783,1337
M-50-N-25-pa-0.85-pe-1.00,RecursivePUBO,50,25,199,7528,1192,58,0.0486577181208053,232.78674030303955,1337
M-50-N-25-pa-0.85-pe-1.00,RecursivePUBO With Preprocessing,50,25,203,7540,1192,72,0.0604026845637583,232.54455041885376,1337
M-50-N-25-pa-0.85-pe-1.00,RecursivePUBO With Adaptive Qubits,50,25,277,6738,1192,748,0.62751677852349,220.9133129119873,1337
M-50-N-25-pa-0.85-pe-1.00,RecursivePUBO With Preprocessing and Adaptive Qubits,50,25,273,6722,1192,752,0.6308724832214765,219.53065013885495,1337
M-50-N-5-pa-0.15-pe-1.00,CardinalitySweep,34,5,50,715,4336,706,0.1628228782287822,14.376938581466677,1337
M-50-N-5-pa-0.15-pe-1.00,RecursivePUBO,34,5,429,2268,4336,1067,0.2460793357933579,23.42802762985229,1337
M-50-N-5-pa-0.15-pe-1.00,RecursivePUBO With Preprocessing,34,5,425,2259,4336,1070,0.2467712177121771,18.724385023117065,1337
M-50-N-5-pa-0.15-pe-1.00,RecursivePUBO With Adaptive Qubits,34,5,426,2240,4336,1077,0.2483856088560885,23.103347301483154,1337
M-50-N-5-pa-0.15-pe-1.00,RecursivePUBO With Preprocessing and Adaptive Qubits,34,5,425,2246,4336,1100,0.253690036900369,18.519190311431885,1337
M-50-N-25-pa-0.35-pe-1.00,CardinalitySweep,50,25,167,3586,369577,375,0.0010146735321732,180.19148755073547,1337
M-50-N-25-pa-0.35-pe-1.00,RecursivePUBO,50,25,707,5340,369577,290,0.0007846808648806,313.0236053466797,1337
M-50-N-25-pa-0.35-pe-1.00,RecursivePUBO With Preprocessing,50,25,679,5263,369577,280,0.0007576229040227,306.16309905052185,1337
M-50-N-25-pa-0.35-pe-1.00,RecursivePUBO With Adaptive Qubits,50,25,663,5219,369577,292,0.0007900924570522,291.5079894065857,1337
M-50-N-25-pa-0.35-pe-1.00,RecursivePUBO With Preprocessing and Adaptive Qubits,50,25,660,5233,369577,309,0.0008360909905107,292.80729579925537,1337
M-50-N-25-pa-0.15-pe-1.00,CardinalitySweep,50,25,127,1937,2481817,1391,0.0005604764573697,126.042724609375,1337
M-50-N-25-pa-0.15-pe-1.00,RecursivePUBO,50,25,2474,9268,2481817,493,0.0001986447832374,552.63006067276,1337
M-50-N-25-pa-0.15-pe-1.00,RecursivePUBO With Preprocessing,50,25,2479,9297,2481817,498,0.0002006594362114,536.3457894325256,1337
M-50-N-25-pa-0.15-pe-1.00,RecursivePUBO With Adaptive Qubits,50,25,2755,10157,2481817,544,0.0002191942435723,605.1858162879944,1337
M-50-N-25-pa-0.15-pe-1.00,RecursivePUBO With Preprocessing and Adaptive Qubits,50,25,2527,9430,2481817,502,0.0002022711585906,542.936208486557,1337
M-50-N-10-pa-0.75-pe-1.00,CardinalitySweep,50,10,101,2979,1203,401,0.3333333333333333,58.705528020858765,1337
M-50-N-10-pa-0.75-pe-1.00,RecursivePUBO,50,10,281,3654,1203,682,0.5669160432252701,74.81295108795166,1337
M-50-N-10-pa-0.75-pe-1.00,RecursivePUBO With Preprocessing,50,10,274,3600,1203,636,0.5286783042394015,74.00918912887573,1337
M-50-N-10-pa-0.75-pe-1.00,RecursivePUBO With Adaptive Qubits,50,10,330,3363,1203,953,0.7921862011637573,70.20900630950928,1337
M-50-N-10-pa-0.75-pe-1.00,RecursivePUBO With Preprocessing and Adaptive Qubits,50,10,321,3346,1203,951,0.7905236907730673,69.3901572227478,1337
M-50-N-5-pa-0.75-pe-1.00,CardinalitySweep,50,5,67,1561,842,438,0.5201900237529691,21.157776832580566,1337
M-50-N-5-pa-0.75-pe-1.00,RecursivePUBO,50,5,247,2400,842,815,0.9679334916864608,25.343597650527958,1337
M-50-N-5-pa-0.75-pe-1.00,RecursivePUBO With Preprocessing,50,5,246,2396,842,815,0.9679334916864608,25.329922914505005,1337
M-50-N-5-pa-0.75-pe-1.00,RecursivePUBO With Adaptive Qubits,50,5,233,2100,842,820,0.973871733966746,23.288205862045288,1337
M-50-N-5-pa-0.75-pe-1.00,RecursivePUBO With Preprocessing and Adaptive Qubits,50,5,238,2116,842,825,0.9798099762470308,23.10406732559204,1337
M-50-N-25-pa-0.65-pe-1.00,CardinalitySweep,50,25,186,5905,16514,138,0.0083565459610027,217.59788870811465,1337
M-50-N-25-pa-0.65-pe-1.00,RecursivePUBO,50,25,296,6249,16514,129,0.0078115538331112,246.0736691951752,1337
M-50-N-25-pa-0.65-pe-1.00,RecursivePUBO With Preprocessing,50,25,304,6274,16514,142,0.0085987646845101,248.97589540481567,1337
M-50-N-25-pa-0.65-pe-1.00,RecursivePUBO With Adaptive Qubits,50,25,524,6634,16514,415,0.0251301925638851,279.0950012207031,1337
M-50-N-25-pa-0.65-pe-1.00,RecursivePUBO With Preprocessing and Adaptive Qubits,50,25,542,6700,16514,440,0.0266440595858059,284.1254069805145,1337
M-50-N-10-pa-0.15-pe-1.00,CardinalitySweep,39,10,70,1006,10501,700,0.0666603180649462,39.92772483825684,1337
M-50-N-10-pa-0.15-pe-1.00,RecursivePUBO,39,10,1050,4366,10501,556,0.0529473383487286,96.2243320941925,1337
M-50-N-10-pa-0.15-pe-1.00,RecursivePUBO With Preprocessing,39,10,1120,4592,10501,581,0.0553280639939053,93.64656567573547,1337
M-50-N-10-pa-0.15-pe-1.00,RecursivePUBO With Adaptive Qubits,39,10,1074,4439,10501,559,0.0532330254261498,95.79264783859252,1337
M-50-N-10-pa-0.15-pe-1.00,RecursivePUBO With Preprocessing and Adaptive Qubits,39,10,1056,4394,10501,563,0.0536139415293781,90.6844789981842,1337
M-50-N-10-pa-0.85-pe-1.00,CardinalitySweep,50,10,107,3517,919,423,0.4602829162132753,60.93797659873962,1337
M-50-N-10-pa-0.85-pe-1.00,RecursivePUBO,50,10,147,3639,919,474,0.515778019586507,62.97390365600586,1337
M-50-N-10-pa-0.85-pe-1.00,RecursivePUBO With Preprocessing,50,10,149,3651,919,496,0.5397170837867247,63.20879578590393,1337
M-50-N-10-pa-0.85-pe-1.00,RecursivePUBO With Adaptive Qubits,50,10,179,2992,919,823,0.8955386289445049,56.49473476409912,1337
M-50-N-10-pa-0.85-pe-1.00,RecursivePUBO With Preprocessing and Adaptive Qubits,50,10,184,3008,919,820,0.8922742110990207,57.0114004611969,1337
M-50-N-50-pa-0.45-pe-1.00,CardinalitySweep,50,50,300,7425,614442,11,1.790242203495204e-05,529.0696883201599,1337
M-50-N-50-pa-0.45-pe-1.00,RecursivePUBO,50,50,336,7533,614442,12,1.9529914947220407e-05,546.5091383457184,1337
M-50-N-50-pa-0.45-pe-1.00,RecursivePUBO With Preprocessing,50,50,335,7531,614442,12,1.9529914947220407e-05,546.283629655838,1337
M-50-N-50-pa-0.45-pe-1.00,RecursivePUBO With Adaptive Qubits,50,50,422,7802,614442,63,0.0001025320534729,575.9383854866028,1337
M-50-N-50-pa-0.45-pe-1.00,RecursivePUBO With Preprocessing and Adaptive Qubits,50,50,441,7866,614442,79,0.0001285719400692,587.1708703041077,1337
M-5-N-10-pa-0.05-pe-1.00,CardinalitySweep,5,5,5,10,1,1,1.0,0.2469091415405273,42
M-5-N-10-pa-0.05-pe-1.00,RecursivePUBO,5,5,5,10,1,1,1.0,0.2968511581420898,42
M-5-N-10-pa-0.05-pe-1.00,RecursivePUBO With Preprocessing,5,5,5,10,1,1,1.0,0.1489169597625732,42
M-5-N-10-pa-0.05-pe-1.00,RecursivePUBO With Adaptive Qubits,5,5,5,10,1,1,1.0,0.2925236225128174,42
M-5-N-10-pa-0.05-pe-1.00,RecursivePUBO With Preprocessing and Adaptive Qubits,5,5,5,10,1,1,1.0,0.149752140045166,42
M-5-N-5-pa-0.85-pe-1.00,CardinalitySweep,5,4,6,10,5,5,1.0,0.1661794185638427,42
M-5-N-5-pa-0.85-pe-1.00,RecursivePUBO,5,4,6,10,5,5,1.0,0.1604690551757812,42
M-5-N-5-pa-0.85-pe-1.00,RecursivePUBO With Preprocessing,5,4,6,10,5,5,1.0,0.1603257656097412,42
M-5-N-5-pa-0.85-pe-1.00,RecursivePUBO With Adaptive Qubits,5,4,6,10,5,5,1.0,0.1586616039276123,42
M-5-N-5-pa-0.85-pe-1.00,RecursivePUBO With Preprocessing and Adaptive Qubits,5,4,6,10,5,5,1.0,0.1589064598083496,42
M-5-N-25-pa-0.75-pe-1.00,CardinalitySweep,5,12,10,20,3,3,1.0,0.8575608730316162,42
M-5-N-25-pa-0.75-pe-1.00,RecursivePUBO,5,12,12,26,3,3,1.0,0.8942418098449707,42
M-5-N-25-pa-0.75-pe-1.00,RecursivePUBO With Preprocessing,5,12,12,26,3,3,1.0,0.9035508632659912,42
M-5-N-25-pa-0.75-pe-1.00,RecursivePUBO With Adaptive Qubits,5,12,12,26,3,3,1.0,0.9049413204193116,42
M-5-N-25-pa-0.75-pe-1.00,RecursivePUBO With Preprocessing and Adaptive Qubits,5,12,12,26,3,3,1.0,0.8976783752441406,42
M-5-N-10-pa-0.35-pe-1.00,CardinalitySweep,5,9,6,12,2,2,1.0,0.1613993644714355,42
M-5-N-10-pa-0.35-pe-1.00,RecursivePUBO,5,9,6,12,2,2,1.0,0.4665684700012207,42
M-5-N-10-pa-0.35-pe-1.00,RecursivePUBO With Preprocessing,5,9,6,12,2,2,1.0,0.1627805233001709,42
M-5-N-10-pa-0.35-pe-1.00,RecursivePUBO With Adaptive Qubits,5,9,6,12,2,2,1.0,0.4662725925445556,42
M-5-N-10-pa-0.35-pe-1.00,RecursivePUBO With Preprocessing and Adaptive Qubits,5,9,6,12,2,2,1.0,0.1652369499206543,42
M-5-N-50-pa-0.65-pe-1.00,CardinalitySweep,5,23,5,10,1,1,1.0,0.1430487632751464,42
M-5-N-50-pa-0.65-pe-1.00,RecursivePUBO,5,23,5,10,1,1,1.0,0.2865188121795654,42
M-5-N-50-pa-0.65-pe-1.00,RecursivePUBO With Preprocessing,5,23,5,10,1,1,1.0,0.1470539569854736,42
M-5-N-50-pa-0.65-pe-1.00,RecursivePUBO With Adaptive Qubits,5,23,5,10,1,1,1.0,0.2818429470062256,42
M-5-N-50-pa-0.65-pe-1.00,RecursivePUBO With Preprocessing and Adaptive Qubits,5,23,5,10,1,1,1.0,0.14790940284729,42
M-5-N-50-pa-0.45-pe-1.00,CardinalitySweep,5,29,5,10,1,1,1.0,0.1454131603240966,42
M-5-N-50-pa-0.45-pe-1.00,RecursivePUBO,5,29,5,10,1,1,1.0,0.574948787689209,42
M-5-N-50-pa-0.45-pe-1.00,RecursivePUBO With Preprocessing,5,29,5,10,1,1,1.0,0.1510436534881591,42
M-5-N-50-pa-0.45-pe-1.00,RecursivePUBO With Adaptive Qubits,5,29,5,10,1,1,1.0,0.5735604763031006,42
M-5-N-50-pa-0.45-pe-1.00,RecursivePUBO With Preprocessing and Adaptive Qubits,5,29,5,10,1,1,1.0,0.1488745212554931,42
M-5-N-25-pa-0.25-pe-1.00,CardinalitySweep,5,12,5,10,1,1,1.0,0.1461997032165527,42
M-5-N-25-pa-0.25-pe-1.00,RecursivePUBO,5,12,5,10,1,1,1.0,0.5631153583526611,42
M-5-N-25-pa-0.25-pe-1.00,RecursivePUBO With Preprocessing,5,12,5,10,1,1,1.0,0.1627540588378906,42
M-5-N-25-pa-0.25-pe-1.00,RecursivePUBO With Adaptive Qubits,5,12,5,10,1,1,1.0,0.5733540058135986,42
M-5-N-25-pa-0.25-pe-1.00,RecursivePUBO With Preprocessing and Adaptive Qubits,5,12,5,10,1,1,1.0,0.1495699882507324,42
M-5-N-50-pa-0.05-pe-1.00,CardinalitySweep,5,8,5,10,1,1,1.0,0.1498548984527588,42
M-5-N-50-pa-0.05-pe-1.00,RecursivePUBO,5,8,5,10,1,1,1.0,0.5749344825744629,42
M-5-N-50-pa-0.05-pe-1.00,RecursivePUBO With Preprocessing,5,8,5,10,1,1,1.0,0.1486649513244629,42
M-5-N-50-pa-0.05-pe-1.00,RecursivePUBO With Adaptive Qubits,5,8,5,10,1,1,1.0,0.5756561756134033,42
M-5-N-50-pa-0.05-pe-1.00,RecursivePUBO With Preprocessing and Adaptive Qubits,5,8,5,10,1,1,1.0,0.154083251953125,42
M-5-N-25-pa-0.05-pe-1.00,CardinalitySweep,5,10,5,10,1,1,1.0,0.1478335857391357,42
M-5-N-25-pa-0.05-pe-1.00,RecursivePUBO,5,10,5,10,1,1,1.0,0.580862283706665,42
M-5-N-25-pa-0.05-pe-1.00,RecursivePUBO With Preprocessing,5,10,5,10,1,1,1.0,0.1468620300292968,42
M-5-N-25-pa-0.05-pe-1.00,RecursivePUBO With Adaptive Qubits,5,10,5,10,1,1,1.0,0.5790870189666748,42
M-5-N-25-pa-0.05-pe-1.00,RecursivePUBO With Preprocessing and Adaptive Qubits,5,10,5,10,1,1,1.0,0.1529855728149414,42
M-5-N-5-pa-0.75-pe-1.00,CardinalitySweep,5,5,9,22,6,6,1.0,0.4105448722839355,42
M-5-N-5-pa-0.75-pe-1.00,RecursivePUBO,5,5,9,22,6,6,1.0,0.4108281135559082,42
M-5-N-5-pa-0.75-pe-1.00,RecursivePUBO With Preprocessing,5,5,9,22,6,6,1.0,0.4131734371185303,42
M-5-N-5-pa-0.75-pe-1.00,RecursivePUBO With Adaptive Qubits,5,5,9,22,6,6,1.0,0.3857991695404053,42
M-5-N-5-pa-0.75-pe-1.00,RecursivePUBO With Preprocessing and Adaptive Qubits,5,5,9,22,6,6,1.0,0.3850104808807373,42
M-5-N-25-pa-0.85-pe-1.00,CardinalitySweep,5,10,15,47,7,7,1.0,1.136582374572754,42
M-5-N-25-pa-0.85-pe-1.00,RecursivePUBO,5,10,16,50,7,7,1.0,1.1505184173583984,42
M-5-N-25-pa-0.85-pe-1.00,RecursivePUBO With Preprocessing,5,10,16,50,7,7,1.0,1.1477375030517578,42
M-5-N-25-pa-0.85-pe-1.00,RecursivePUBO With Adaptive Qubits,5,10,16,50,7,7,1.0,1.085153579711914,42
M-5-N-25-pa-0.85-pe-1.00,RecursivePUBO With Preprocessing and Adaptive Qubits,5,10,16,50,7,7,1.0,1.0824635028839111,42
M-5-N-50-pa-0.55-pe-1.00,CardinalitySweep,5,24,5,10,1,1,1.0,0.1506996154785156,42
M-5-N-50-pa-0.55-pe-1.00,RecursivePUBO,5,24,5,10,1,1,1.0,0.4401392936706543,42
M-5-N-50-pa-0.55-pe-1.00,RecursivePUBO With Preprocessing,5,24,5,10,1,1,1.0,0.1505360603332519,42
M-5-N-50-pa-0.55-pe-1.00,RecursivePUBO With Adaptive Qubits,5,24,5,10,1,1,1.0,0.4342904090881347,42
M-5-N-50-pa-0.55-pe-1.00,RecursivePUBO With Preprocessing and Adaptive Qubits,5,24,5,10,1,1,1.0,0.1439051628112793,42
M-5-N-50-pa-0.35-pe-1.00,CardinalitySweep,5,22,5,10,1,1,1.0,0.1513524055480957,42
M-5-N-50-pa-0.35-pe-1.00,RecursivePUBO,5,22,5,10,1,1,1.0,0.5757138729095459,42
M-5-N-50-pa-0.35-pe-1.00,RecursivePUBO With Preprocessing,5,22,5,10,1,1,1.0,0.15187668800354,42
M-5-N-50-pa-0.35-pe-1.00,RecursivePUBO With Adaptive Qubits,5,22,5,10,1,1,1.0,0.569589376449585,42
M-5-N-50-pa-0.35-pe-1.00,RecursivePUBO With Preprocessing and Adaptive Qubits,5,22,5,10,1,1,1.0,0.1494343280792236,42
M-5-N-5-pa-0.95-pe-1.00,CardinalitySweep,5,1,1,0,5,5,1.0,0.0001695156097412,42
M-5-N-5-pa-0.95-pe-1.00,RecursivePUBO,5,1,1,0,5,5,1.0,0.0001122951507568,42
M-5-N-5-pa-0.95-pe-1.00,RecursivePUBO With Preprocessing,5,1,1,0,5,5,1.0,9.942054748535156e-05,42
M-5-N-5-pa-0.95-pe-1.00,RecursivePUBO With Adaptive Qubits,5,1,1,0,5,5,1.0,9.560585021972656e-05,42
M-5-N-5-pa-0.95-pe-1.00,RecursivePUBO With Preprocessing and Adaptive Qubits,5,1,1,0,5,5,1.0,9.34600830078125e-05,42
M-5-N-5-pa-0.35-pe-1.00,CardinalitySweep,5,5,5,10,1,1,1.0,0.1511766910552978,42
M-5-N-5-pa-0.35-pe-1.00,RecursivePUBO,5,5,5,10,1,1,1.0,0.1497895717620849,42
M-5-N-5-pa-0.35-pe-1.00,RecursivePUBO With Preprocessing,5,5,5,10,1,1,1.0,0.149289846420288,42
M-5-N-5-pa-0.35-pe-1.00,RecursivePUBO With Adaptive Qubits,5,5,5,10,1,1,1.0,0.1482253074645996,42
M-5-N-5-pa-0.35-pe-1.00,RecursivePUBO With Preprocessing and Adaptive Qubits,5,5,5,10,1,1,1.0,0.1500856876373291,42
M-5-N-50-pa-0.25-pe-1.00,CardinalitySweep,5,19,5,10,1,1,1.0,0.151383638381958,42
M-5-N-50-pa-0.25-pe-1.00,RecursivePUBO,5,19,5,10,1,1,1.0,0.5774388313293457,42
M-5-N-50-pa-0.25-pe-1.00,RecursivePUBO With Preprocessing,5,19,5,10,1,1,1.0,0.1536526679992675,42
M-5-N-50-pa-0.25-pe-1.00,RecursivePUBO With Adaptive Qubits,5,19,5,10,1,1,1.0,0.5844471454620361,42
M-5-N-50-pa-0.25-pe-1.00,RecursivePUBO With Preprocessing and Adaptive Qubits,5,19,5,10,1,1,1.0,0.1515448093414306,42
M-5-N-50-pa-0.95-pe-1.00,CardinalitySweep,5,7,13,44,9,9,1.0,0.7715311050415039,42
M-5-N-50-pa-0.95-pe-1.00,RecursivePUBO,5,7,13,44,9,9,1.0,0.7818963527679443,42
M-5-N-50-pa-0.95-pe-1.00,RecursivePUBO With Preprocessing,5,7,13,44,9,9,1.0,0.7780320644378662,42
M-5-N-50-pa-0.95-pe-1.00,RecursivePUBO With Adaptive Qubits,5,7,13,44,9,9,1.0,0.7330958843231201,42
M-5-N-50-pa-0.95-pe-1.00,RecursivePUBO With Preprocessing and Adaptive Qubits,5,7,13,44,9,9,1.0,0.7144694328308105,42
M-5-N-50-pa-0.15-pe-1.00,CardinalitySweep,5,16,5,10,1,1,1.0,0.1529541015625,42
M-5-N-50-pa-0.15-pe-1.00,RecursivePUBO,5,16,5,10,1,1,1.0,0.5707278251647949,42
M-5-N-50-pa-0.15-pe-1.00,RecursivePUBO With Preprocessing,5,16,5,10,1,1,1.0,0.1594471931457519,42
M-5-N-50-pa-0.15-pe-1.00,RecursivePUBO With Adaptive Qubits,5,16,5,10,1,1,1.0,0.5812077522277832,42
M-5-N-50-pa-0.15-pe-1.00,RecursivePUBO With Preprocessing and Adaptive Qubits,5,16,5,10,1,1,1.0,0.15787935256958,42
M-5-N-10-pa-0.45-pe-1.00,CardinalitySweep,5,10,9,18,2,2,1.0,0.6055877208709717,42
M-5-N-10-pa-0.45-pe-1.00,RecursivePUBO,5,10,11,24,2,2,1.0,0.8476235866546631,42
M-5-N-10-pa-0.45-pe-1.00,RecursivePUBO With Preprocessing,5,10,11,24,2,2,1.0,0.6568377017974854,42
M-5-N-10-pa-0.45-pe-1.00,RecursivePUBO With Adaptive Qubits,5,10,11,24,2,2,1.0,0.8456532955169678,42
M-5-N-10-pa-0.45-pe-1.00,RecursivePUBO With Preprocessing and Adaptive Qubits,5,10,11,24,2,2,1.0,0.6516528129577637,42
M-5-N-50-pa-0.75-pe-1.00,CardinalitySweep,5,14,8,16,4,4,1.0,0.3750929832458496,42
M-5-N-50-pa-0.75-pe-1.00,RecursivePUBO,5,14,8,16,4,4,1.0,0.3699138164520263,42
M-5-N-50-pa-0.75-pe-1.00,RecursivePUBO With Preprocessing,5,14,8,16,4,4,1.0,0.3695800304412842,42
M-5-N-50-pa-0.75-pe-1.00,RecursivePUBO With Adaptive Qubits,5,14,8,16,4,4,1.0,0.3781585693359375,42
M-5-N-50-pa-0.75-pe-1.00,RecursivePUBO With Preprocessing and Adaptive Qubits,5,14,8,16,4,4,1.0,0.3759036064147949,42
M-5-N-5-pa-0.45-pe-1.00,CardinalitySweep,4,4,5,8,2,2,1.0,0.143571138381958,42
M-5-N-5-pa-0.45-pe-1.00,RecursivePUBO,4,4,5,8,2,2,1.0,0.1432163715362548,42
M-5-N-5-pa-0.45-pe-1.00,RecursivePUBO With Preprocessing,4,4,5,8,2,2,1.0,0.1441502571105957,42
M-5-N-5-pa-0.45-pe-1.00,RecursivePUBO With Adaptive Qubits,4,4,5,8,2,2,1.0,0.1463227272033691,42
M-5-N-5-pa-0.45-pe-1.00,RecursivePUBO With Preprocessing and Adaptive Qubits,4,4,5,8,2,2,1.0,0.1498286724090576,42
M-5-N-5-pa-0.05-pe-1.00,CardinalitySweep,2,2,2,1,1,1,1.0,0.1173040866851806,42
M-5-N-5-pa-0.05-pe-1.00,RecursivePUBO,2,2,2,1,1,1,1.0,0.1118226051330566,42
M-5-N-5-pa-0.05-pe-1.00,RecursivePUBO With Preprocessing,2,2,2,1,1,1,1.0,0.1102125644683837,42
M-5-N-5-pa-0.05-pe-1.00,RecursivePUBO With Adaptive Qubits,2,2,2,1,1,1,1.0,0.1130251884460449,42
M-5-N-5-pa-0.05-pe-1.00,RecursivePUBO With Preprocessing and Adaptive Qubits,2,2,2,1,1,1,1.0,0.1144106388092041,42
M-5-N-10-pa-0.55-pe-1.00,CardinalitySweep,5,7,11,28,5,5,1.0,0.6893470287322998,42
M-5-N-10-pa-0.55-pe-1.00,RecursivePUBO,5,7,14,37,5,5,1.0,0.7345092296600342,42
M-5-N-10-pa-0.55-pe-1.00,RecursivePUBO With Preprocessing,5,7,14,37,5,5,1.0,0.7304403781890869,42
M-5-N-10-pa-0.55-pe-1.00,RecursivePUBO With Adaptive Qubits,5,7,14,37,5,5,1.0,0.6972360610961914,42
M-5-N-10-pa-0.55-pe-1.00,RecursivePUBO With Preprocessing and Adaptive Qubits,5,7,14,37,5,5,1.0,0.6978473663330078,42
M-5-N-10-pa-0.75-pe-1.00,CardinalitySweep,5,8,12,33,5,5,1.0,0.7382347583770752,42
M-5-N-10-pa-0.75-pe-1.00,RecursivePUBO,5,8,13,36,5,5,1.0,0.7457575798034668,42
M-5-N-10-pa-0.75-pe-1.00,RecursivePUBO With Preprocessing,5,8,13,36,5,5,1.0,0.7478079795837402,42
M-5-N-10-pa-0.75-pe-1.00,RecursivePUBO With Adaptive Qubits,5,8,13,36,5,5,1.0,0.7038052082061768,42
M-5-N-10-pa-0.75-pe-1.00,RecursivePUBO With Preprocessing and Adaptive Qubits,5,8,13,36,5,5,1.0,0.7071003913879395,42
M-5-N-5-pa-0.55-pe-1.00,CardinalitySweep,4,3,4,5,3,3,1.0,0.1376779079437255,42
M-5-N-5-pa-0.55-pe-1.00,RecursivePUBO,4,3,4,5,3,3,1.0,0.1314916610717773,42
M-5-N-5-pa-0.55-pe-1.00,RecursivePUBO With Preprocessing,4,3,4,5,3,3,1.0,0.1380980014801025,42
M-5-N-5-pa-0.55-pe-1.00,RecursivePUBO With Adaptive Qubits,4,3,4,5,3,3,1.0,0.1348598003387451,42
M-5-N-5-pa-0.55-pe-1.00,RecursivePUBO With Preprocessing and Adaptive Qubits,4,3,4,5,3,3,1.0,0.1357619762420654,42
M-5-N-25-pa-0.35-pe-1.00,CardinalitySweep,5,14,5,10,1,1,1.0,0.1510002613067627,42
M-5-N-25-pa-0.35-pe-1.00,RecursivePUBO,5,14,5,10,1,1,1.0,0.4373316764831543,42
M-5-N-25-pa-0.35-pe-1.00,RecursivePUBO With Preprocessing,5,14,5,10,1,1,1.0,0.1495790481567382,42
M-5-N-25-pa-0.35-pe-1.00,RecursivePUBO With Adaptive Qubits,5,14,5,10,1,1,1.0,0.4379029273986816,42
M-5-N-25-pa-0.35-pe-1.00,RecursivePUBO With Preprocessing and Adaptive Qubits,5,14,5,10,1,1,1.0,0.1508665084838867,42
M-5-N-25-pa-0.65-pe-1.00,CardinalitySweep,5,18,7,14,2,2,1.0,0.356454849243164,42
M-5-N-25-pa-0.65-pe-1.00,RecursivePUBO,5,18,8,17,2,2,1.0,0.5372202396392822,42
M-5-N-25-pa-0.65-pe-1.00,RecursivePUBO With Preprocessing,5,18,8,17,2,2,1.0,0.3687951564788818,42
M-5-N-25-pa-0.65-pe-1.00,RecursivePUBO With Adaptive Qubits,5,18,8,17,2,2,1.0,0.5306777954101562,42
M-5-N-25-pa-0.65-pe-1.00,RecursivePUBO With Preprocessing and Adaptive Qubits,5,18,8,17,2,2,1.0,0.3644948005676269,42
M-5-N-50-pa-0.85-pe-1.00,CardinalitySweep,5,13,11,28,4,4,1.0,0.7012946605682373,42
M-5-N-50-pa-0.85-pe-1.00,RecursivePUBO,5,13,12,31,4,4,1.0,0.702564001083374,42
M-5-N-50-pa-0.85-pe-1.00,RecursivePUBO With Preprocessing,5,13,12,31,4,4,1.0,0.7008888721466064,42
M-5-N-50-pa-0.85-pe-1.00,RecursivePUBO With Adaptive Qubits,5,13,12,31,4,4,1.0,0.677260160446167,42
M-5-N-50-pa-0.85-pe-1.00,RecursivePUBO With Preprocessing and Adaptive Qubits,5,13,12,31,4,4,1.0,0.6823530197143555,42
M-5-N-5-pa-0.15-pe-1.00,CardinalitySweep,4,4,4,6,1,1,1.0,0.1378748416900634,42
M-5-N-5-pa-0.15-pe-1.00,RecursivePUBO,4,4,4,6,1,1,1.0,0.3863322734832763,42
M-5-N-5-pa-0.15-pe-1.00,RecursivePUBO With Preprocessing,4,4,4,6,1,1,1.0,0.1450915336608886,42
M-5-N-5-pa-0.15-pe-1.00,RecursivePUBO With Adaptive Qubits,4,4,4,6,1,1,1.0,0.3939714431762695,42
M-5-N-5-pa-0.15-pe-1.00,RecursivePUBO With Preprocessing and Adaptive Qubits,4,4,4,6,1,1,1.0,0.1470515727996826,42
M-5-N-10-pa-0.65-pe-1.00,CardinalitySweep,5,9,13,35,5,5,1.0,1.0314364433288574,42
M-5-N-10-pa-0.65-pe-1.00,RecursivePUBO,5,9,16,44,5,5,1.0,1.0924642086029053,42
M-5-N-10-pa-0.65-pe-1.00,RecursivePUBO With Preprocessing,5,9,16,44,5,5,1.0,1.091834306716919,42
M-5-N-10-pa-0.65-pe-1.00,RecursivePUBO With Adaptive Qubits,5,9,16,44,5,5,1.0,1.047166109085083,42
M-5-N-10-pa-0.65-pe-1.00,RecursivePUBO With Preprocessing and Adaptive Qubits,5,9,16,44,5,5,1.0,1.0519256591796875,42
M-5-N-25-pa-0.95-pe-1.00,CardinalitySweep,5,4,6,9,5,5,1.0,0.3301680088043213,42
M-5-N-25-pa-0.95-pe-1.00,RecursivePUBO,5,4,6,9,5,5,1.0,0.3268394470214844,42
M-5-N-25-pa-0.95-pe-1.00,RecursivePUBO With Preprocessing,5,4,6,9,5,5,1.0,0.3281545639038086,42
M-5-N-25-pa-0.95-pe-1.00,RecursivePUBO With Adaptive Qubits,5,4,6,9,5,5,1.0,0.3310413360595703,42
M-5-N-25-pa-0.95-pe-1.00,RecursivePUBO With Preprocessing and Adaptive Qubits,5,4,6,9,5,5,1.0,0.3296222686767578,42
M-5-N-25-pa-0.55-pe-1.00,CardinalitySweep,5,20,6,12,2,2,1.0,0.1606912612915039,42
M-5-N-25-pa-0.55-pe-1.00,RecursivePUBO,5,20,6,12,2,2,1.0,0.4748561382293701,42
M-5-N-25-pa-0.55-pe-1.00,RecursivePUBO With Preprocessing,5,20,6,12,2,2,1.0,0.1607491970062255,42
M-5-N-25-pa-0.55-pe-1.00,RecursivePUBO With Adaptive Qubits,5,20,6,12,2,2,1.0,0.4711651802062988,42
M-5-N-25-pa-0.55-pe-1.00,RecursivePUBO With Preprocessing and Adaptive Qubits,5,20,6,12,2,2,1.0,0.1612985134124755,42
M-5-N-10-pa-0.25-pe-1.00,CardinalitySweep,4,6,4,6,1,1,1.0,0.1384978294372558,42
M-5-N-10-pa-0.25-pe-1.00,RecursivePUBO,4,6,4,6,1,1,1.0,0.2640860080718994,42
M-5-N-10-pa-0.25-pe-1.00,RecursivePUBO With Preprocessing,4,6,4,6,1,1,1.0,0.1399409770965576,42
M-5-N-10-pa-0.25-pe-1.00,RecursivePUBO With Adaptive Qubits,4,6,4,6,1,1,1.0,0.2677974700927734,42
M-5-N-10-pa-0.25-pe-1.00,RecursivePUBO With Preprocessing and Adaptive Qubits,4,6,4,6,1,1,1.0,0.1378118991851806,42
M-5-N-10-pa-0.15-pe-1.00,CardinalitySweep,4,5,4,6,1,1,1.0,0.1409423351287841,42
M-5-N-10-pa-0.15-pe-1.00,RecursivePUBO,4,5,4,6,1,1,1.0,0.3926079273223877,42
M-5-N-10-pa-0.15-pe-1.00,RecursivePUBO With Preprocessing,4,5,4,6,1,1,1.0,0.1392593383789062,42
M-5-N-10-pa-0.15-pe-1.00,RecursivePUBO With Adaptive Qubits,4,5,4,6,1,1,1.0,0.3903932571411133,42
M-5-N-10-pa-0.15-pe-1.00,RecursivePUBO With Preprocessing and Adaptive Qubits,4,5,4,6,1,1,1.0,0.1367864608764648,42
M-5-N-10-pa-0.85-pe-1.00,CardinalitySweep,5,6,4,6,2,2,1.0,0.1352412700653076,42
M-5-N-10-pa-0.85-pe-1.00,RecursivePUBO,5,6,4,6,2,2,1.0,0.1496205329895019,42
M-5-N-10-pa-0.85-pe-1.00,RecursivePUBO With Preprocessing,5,6,4,6,2,2,1.0,0.1299691200256347,42
M-5-N-10-pa-0.85-pe-1.00,RecursivePUBO With Adaptive Qubits,5,6,4,6,2,2,1.0,0.1435084342956543,42
M-5-N-10-pa-0.85-pe-1.00,RecursivePUBO With Preprocessing and Adaptive Qubits,5,6,4,6,2,2,1.0,0.1377675533294677,42
M-5-N-10-pa-0.95-pe-1.00,CardinalitySweep,5,2,1,0,4,4,1.0,0.0001623630523681,42
M-5-N-10-pa-0.95-pe-1.00,RecursivePUBO,5,2,1,0,4,4,1.0,0.0001120567321777,42
M-5-N-10-pa-0.95-pe-1.00,RecursivePUBO With Preprocessing,5,2,1,0,4,4,1.0,9.822845458984376e-05,42
M-5-N-10-pa-0.95-pe-1.00,RecursivePUBO With Adaptive Qubits,5,2,1,0,4,4,1.0,9.632110595703124e-05,42
M-5-N-10-pa-0.95-pe-1.00,RecursivePUBO With Preprocessing and Adaptive Qubits,5,2,1,0,4,4,1.0,9.34600830078125e-05,42
M-5-N-25-pa-0.15-pe-1.00,CardinalitySweep,5,10,5,10,1,1,1.0,0.1470479965209961,42
M-5-N-25-pa-0.15-pe-1.00,RecursivePUBO,5,10,5,10,1,1,1.0,0.5784633159637451,42
M-5-N-25-pa-0.15-pe-1.00,RecursivePUBO With Preprocessing,5,10,5,10,1,1,1.0,0.1534640789031982,42
M-5-N-25-pa-0.15-pe-1.00,RecursivePUBO With Adaptive Qubits,5,10,5,10,1,1,1.0,0.5684945583343506,42
M-5-N-25-pa-0.15-pe-1.00,RecursivePUBO With Preprocessing and Adaptive Qubits,5,10,5,10,1,1,1.0,0.1508114337921142,42
M-5-N-25-pa-0.45-pe-1.00,CardinalitySweep,5,15,6,12,2,2,1.0,0.1704895496368408,42
M-5-N-25-pa-0.45-pe-1.00,RecursivePUBO,5,15,6,12,2,2,1.0,0.4761886596679687,42
M-5-N-25-pa-0.45-pe-1.00,RecursivePUBO With Preprocessing,5,15,6,12,2,2,1.0,0.159975528717041,42
M-5-N-25-pa-0.45-pe-1.00,RecursivePUBO With Adaptive Qubits,5,15,6,12,2,2,1.0,0.4719691276550293,42
M-5-N-25-pa-0.45-pe-1.00,RecursivePUBO With Preprocessing and Adaptive Qubits,5,15,6,12,2,2,1.0,0.1631579399108886,42
M-5-N-5-pa-0.65-pe-1.00,CardinalitySweep,5,4,3,3,3,3,1.0,0.1251163482666015,42
M-5-N-5-pa-0.65-pe-1.00,RecursivePUBO,5,4,3,3,3,3,1.0,0.123246431350708,42
M-5-N-5-pa-0.65-pe-1.00,RecursivePUBO With Preprocessing,5,4,3,3,3,3,1.0,0.1242194175720214,42
M-5-N-5-pa-0.65-pe-1.00,RecursivePUBO With Adaptive Qubits,5,4,3,3,3,3,1.0,0.1160612106323242,42
M-5-N-5-pa-0.65-pe-1.00,RecursivePUBO With Preprocessing and Adaptive Qubits,5,4,3,3,3,3,1.0,0.1230535507202148,42
M-5-N-5-pa-0.25-pe-1.00,CardinalitySweep,5,5,6,12,2,2,1.0,0.1624648571014404,42
M-5-N-5-pa-0.25-pe-1.00,RecursivePUBO,5,5,6,12,2,2,1.0,0.4709334373474121,42
M-5-N-5-pa-0.25-pe-1.00,RecursivePUBO With Preprocessing,5,5,6,12,2,2,1.0,0.1633915901184082,42
M-5-N-5-pa-0.25-pe-1.00,RecursivePUBO With Adaptive Qubits,5,5,6,12,2,2,1.0,0.4769067764282226,42
M-5-N-5-pa-0.25-pe-1.00,RecursivePUBO With Preprocessing and Adaptive Qubits,5,5,6,12,2,2,1.0,0.1647047996520996,42
M-10-N-5-pa-0.15-pe-1.00,CardinalitySweep,8,5,11,37,3,3,1.0,0.4650905132293701,42
M-10-N-5-pa-0.15-pe-1.00,RecursivePUBO,8,5,12,40,3,3,1.0,0.7191064357757568,42
M-10-N-5-pa-0.15-pe-1.00,RecursivePUBO With Preprocessing,8,5,12,40,3,3,1.0,0.4829933643341064,42
M-10-N-5-pa-0.15-pe-1.00,RecursivePUBO With Adaptive Qubits,8,5,12,40,3,3,1.0,0.7018013000488281,42
M-10-N-5-pa-0.15-pe-1.00,RecursivePUBO With Preprocessing and Adaptive Qubits,8,5,12,40,3,3,1.0,0.4866969585418701,42
M-10-N-50-pa-0.75-pe-1.00,CardinalitySweep,10,48,39,227,42,42,1.0,6.164862155914307,42
M-10-N-50-pa-0.75-pe-1.00,RecursivePUBO,10,48,78,370,42,42,1.0,9.036322593688965,42
M-10-N-50-pa-0.75-pe-1.00,RecursivePUBO With Preprocessing,10,48,78,370,42,42,1.0,9.047382831573486,42
M-10-N-50-pa-0.75-pe-1.00,RecursivePUBO With Adaptive Qubits,10,48,78,370,42,42,1.0,8.567882537841797,42
M-10-N-50-pa-0.75-pe-1.00,RecursivePUBO With Preprocessing and Adaptive Qubits,10,48,78,370,42,42,1.0,8.543100833892822,42
M-10-N-5-pa-0.55-pe-1.00,CardinalitySweep,10,5,20,102,20,20,1.0,1.1724369525909424,42
M-10-N-5-pa-0.55-pe-1.00,RecursivePUBO,10,5,28,128,20,20,1.0,1.2303330898284912,42
M-10-N-5-pa-0.55-pe-1.00,RecursivePUBO With Preprocessing,10,5,28,128,20,20,1.0,1.2284729480743408,42
M-10-N-5-pa-0.55-pe-1.00,RecursivePUBO With Adaptive Qubits,10,5,26,113,20,20,1.0,1.0846288204193115,42
M-10-N-5-pa-0.55-pe-1.00,RecursivePUBO With Preprocessing and Adaptive Qubits,10,5,26,113,20,20,1.0,1.0899412631988523,42
M-10-N-50-pa-0.15-pe-1.00,CardinalitySweep,10,36,10,45,1,1,1.0,0.2217352390289306,42
M-10-N-50-pa-0.15-pe-1.00,RecursivePUBO,10,36,10,45,1,1,1.0,1.8951845169067385,42
M-10-N-50-pa-0.15-pe-1.00,RecursivePUBO With Preprocessing,10,36,10,45,1,1,1.0,0.2251703739166259,42
M-10-N-50-pa-0.15-pe-1.00,RecursivePUBO With Adaptive Qubits,10,36,10,45,1,1,1.0,1.9018526077270508,42
M-10-N-50-pa-0.15-pe-1.00,RecursivePUBO With Preprocessing and Adaptive Qubits,10,36,10,45,1,1,1.0,0.2262060642242431,42
M-10-N-10-pa-0.15-pe-1.00,CardinalitySweep,10,9,15,58,8,8,1.0,0.8848345279693604,42
M-10-N-10-pa-0.15-pe-1.00,RecursivePUBO,10,9,32,114,8,8,1.0,1.695173263549805,42
M-10-N-10-pa-0.15-pe-1.00,RecursivePUBO With Preprocessing,10,9,32,114,8,8,1.0,1.109769344329834,42
M-10-N-10-pa-0.15-pe-1.00,RecursivePUBO With Adaptive Qubits,10,9,32,114,8,8,1.0,1.6989986896514893,42
M-10-N-10-pa-0.15-pe-1.00,RecursivePUBO With Preprocessing and Adaptive Qubits,10,9,32,114,8,8,1.0,1.114807367324829,42
M-10-N-50-pa-0.05-pe-1.00,CardinalitySweep,10,22,10,45,1,1,1.0,0.2259516716003418,42
M-10-N-50-pa-0.05-pe-1.00,RecursivePUBO,10,22,10,45,1,1,1.0,2.1789708137512207,42
M-10-N-50-pa-0.05-pe-1.00,RecursivePUBO With Preprocessing,10,22,10,45,1,1,1.0,0.2222681045532226,42
M-10-N-50-pa-0.05-pe-1.00,RecursivePUBO With Adaptive Qubits,10,22,10,45,1,1,1.0,2.17989182472229,42
M-10-N-50-pa-0.05-pe-1.00,RecursivePUBO With Preprocessing and Adaptive Qubits,10,22,10,45,1,1,1.0,0.226863145828247,42
M-10-N-25-pa-0.95-pe-1.00,CardinalitySweep,10,7,20,96,18,18,1.0,1.4812343120574951,42
M-10-N-25-pa-0.95-pe-1.00,RecursivePUBO,10,7,20,96,18,18,1.0,1.4529297351837158,42
M-10-N-25-pa-0.95-pe-1.00,RecursivePUBO With Preprocessing,10,7,20,96,18,18,1.0,1.4531803131103516,42
M-10-N-25-pa-0.95-pe-1.00,RecursivePUBO With Adaptive Qubits,10,7,20,96,18,18,1.0,1.2142713069915771,42
M-10-N-25-pa-0.95-pe-1.00,RecursivePUBO With Preprocessing and Adaptive Qubits,10,7,20,96,18,18,1.0,1.2060205936431885,42
M-10-N-50-pa-0.45-pe-1.00,CardinalitySweep,10,46,42,180,27,27,1.0,5.405925989151001,42
M-10-N-50-pa-0.45-pe-1.00,RecursivePUBO,10,46,84,326,27,27,1.0,8.466189622879028,42
M-10-N-50-pa-0.45-pe-1.00,RecursivePUBO With Preprocessing,10,46,84,326,27,27,1.0,7.750939607620239,42
M-10-N-50-pa-0.45-pe-1.00,RecursivePUBO With Adaptive Qubits,10,46,84,326,27,27,1.0,8.200573921203613,42
M-10-N-50-pa-0.45-pe-1.00,RecursivePUBO With Preprocessing and Adaptive Qubits,10,46,84,326,27,27,1.0,7.7300124168396,42
M-10-N-5-pa-0.65-pe-1.00,CardinalitySweep,10,5,16,80,12,12,1.0,0.6518919467926025,42
M-10-N-5-pa-0.65-pe-1.00,RecursivePUBO,10,5,16,80,12,12,1.0,0.650261640548706,42
M-10-N-5-pa-0.65-pe-1.00,RecursivePUBO With Preprocessing,10,5,16,80,12,12,1.0,0.6470887660980225,42
M-10-N-5-pa-0.65-pe-1.00,RecursivePUBO With Adaptive Qubits,10,5,14,64,12,12,1.0,0.5576107501983643,42
M-10-N-5-pa-0.65-pe-1.00,RecursivePUBO With Preprocessing and Adaptive Qubits,10,5,14,64,12,12,1.0,0.5639081001281738,42
M-10-N-50-pa-0.35-pe-1.00,CardinalitySweep,10,46,22,72,7,7,1.0,2.2778985500335693,42
M-10-N-50-pa-0.35-pe-1.00,RecursivePUBO,10,46,42,136,7,7,1.0,4.229718208312988,42
M-10-N-50-pa-0.35-pe-1.00,RecursivePUBO With Preprocessing,10,46,42,136,7,7,1.0,3.093212366104126,42
M-10-N-50-pa-0.35-pe-1.00,RecursivePUBO With Adaptive Qubits,10,46,42,136,7,7,1.0,4.183236598968506,42
M-10-N-50-pa-0.35-pe-1.00,RecursivePUBO With Preprocessing and Adaptive Qubits,10,46,42,136,7,7,1.0,3.081974983215332,42
M-10-N-25-pa-0.85-pe-1.00,CardinalitySweep,10,21,37,267,29,29,1.0,5.653031587600708,42
M-10-N-25-pa-0.85-pe-1.00,RecursivePUBO,10,21,41,279,29,29,1.0,5.661454200744629,42
M-10-N-25-pa-0.85-pe-1.00,RecursivePUBO With Preprocessing,10,21,41,279,29,29,1.0,5.6272053718566895,42
M-10-N-25-pa-0.85-pe-1.00,RecursivePUBO With Adaptive Qubits,10,21,41,279,29,29,1.0,5.099261522293091,42
M-10-N-25-pa-0.85-pe-1.00,RecursivePUBO With Preprocessing and Adaptive Qubits,10,21,41,279,29,29,1.0,5.103204011917114,42
M-10-N-10-pa-0.75-pe-1.00,CardinalitySweep,10,10,31,216,29,29,1.0,3.5871901512146,42
M-10-N-10-pa-0.75-pe-1.00,RecursivePUBO,10,10,34,225,29,29,1.0,3.478863000869751,42
M-10-N-10-pa-0.75-pe-1.00,RecursivePUBO With Preprocessing,10,10,34,225,29,29,1.0,3.4948863983154297,42
M-10-N-10-pa-0.75-pe-1.00,RecursivePUBO With Adaptive Qubits,10,10,34,225,29,29,1.0,3.107213258743286,42
M-10-N-10-pa-0.75-pe-1.00,RecursivePUBO With Preprocessing and Adaptive Qubits,10,10,34,225,29,29,1.0,3.086294889450073,42
M-10-N-25-pa-0.25-pe-1.00,CardinalitySweep,10,24,13,51,3,3,1.0,0.5315442085266113,42
M-10-N-25-pa-0.25-pe-1.00,RecursivePUBO,10,24,22,79,3,3,1.0,1.746251344680786,42
M-10-N-25-pa-0.25-pe-1.00,RecursivePUBO With Preprocessing,10,24,22,79,3,3,1.0,0.6488215923309326,42
M-10-N-25-pa-0.25-pe-1.00,RecursivePUBO With Adaptive Qubits,10,24,22,79,3,3,1.0,1.7259440422058103,42
M-10-N-25-pa-0.25-pe-1.00,RecursivePUBO With Preprocessing and Adaptive Qubits,10,24,22,79,3,3,1.0,0.6479542255401611,42
M-10-N-50-pa-0.95-pe-1.00,CardinalitySweep,10,16,33,261,38,38,1.0,3.992374897003174,42
M-10-N-50-pa-0.95-pe-1.00,RecursivePUBO,10,16,33,261,38,38,1.0,3.7554917335510254,42
M-10-N-50-pa-0.95-pe-1.00,RecursivePUBO With Preprocessing,10,16,33,261,38,38,1.0,3.736207485198975,42
M-10-N-50-pa-0.95-pe-1.00,RecursivePUBO With Adaptive Qubits,10,16,31,237,38,38,1.0,3.046930313110352,42
M-10-N-50-pa-0.95-pe-1.00,RecursivePUBO With Preprocessing and Adaptive Qubits,10,16,31,237,38,38,1.0,3.030545949935913,42
M-10-N-5-pa-0.25-pe-1.00,CardinalitySweep,7,5,9,25,4,4,1.0,0.208066701889038,42
M-10-N-5-pa-0.25-pe-1.00,RecursivePUBO,7,5,9,25,4,4,1.0,0.8140549659729004,42
M-10-N-5-pa-0.25-pe-1.00,RecursivePUBO With Preprocessing,7,5,9,25,4,4,1.0,0.2119102478027343,42
M-10-N-5-pa-0.25-pe-1.00,RecursivePUBO With Adaptive Qubits,7,5,9,25,4,4,1.0,0.8203742504119873,42
M-10-N-5-pa-0.25-pe-1.00,RecursivePUBO With Preprocessing and Adaptive Qubits,7,5,9,25,4,4,1.0,0.2048535346984863,42
M-10-N-5-pa-0.75-pe-1.00,CardinalitySweep,10,5,22,118,18,18,1.0,1.6439087390899658,42
M-10-N-5-pa-0.75-pe-1.00,RecursivePUBO,10,5,22,118,18,18,1.0,1.624373435974121,42
M-10-N-5-pa-0.75-pe-1.00,RecursivePUBO With Preprocessing,10,5,22,118,18,18,1.0,1.6195225715637207,42
M-10-N-5-pa-0.75-pe-1.00,RecursivePUBO With Adaptive Qubits,10,5,22,118,18,18,1.0,1.375128984451294,42
M-10-N-5-pa-0.75-pe-1.00,RecursivePUBO With Preprocessing and Adaptive Qubits,10,5,22,118,18,18,1.0,1.3965911865234375,42
M-10-N-5-pa-0.35-pe-1.00,CardinalitySweep,10,5,13,49,9,9,1.0,0.537560224533081,42
M-10-N-5-pa-0.35-pe-1.00,RecursivePUBO,10,5,13,49,9,9,1.0,0.5374763011932373,42
M-10-N-5-pa-0.35-pe-1.00,RecursivePUBO With Preprocessing,10,5,13,49,9,9,1.0,0.5349476337432861,42
M-10-N-5-pa-0.35-pe-1.00,RecursivePUBO With Adaptive Qubits,10,5,13,49,9,9,1.0,0.5247993469238281,42
M-10-N-5-pa-0.35-pe-1.00,RecursivePUBO With Preprocessing and Adaptive Qubits,10,5,13,49,9,9,1.0,0.5252776145935059,42
M-10-N-10-pa-0.55-pe-1.00,CardinalitySweep,10,10,33,177,30,30,1.0,4.673906326293945,42
M-10-N-10-pa-0.55-pe-1.00,RecursivePUBO,10,10,62,276,30,30,1.0,6.4791436195373535,42
M-10-N-10-pa-0.55-pe-1.00,RecursivePUBO With Preprocessing,10,10,62,276,30,30,1.0,6.498358726501465,42
M-10-N-10-pa-0.55-pe-1.00,RecursivePUBO With Adaptive Qubits,10,10,62,276,30,30,1.0,6.077081203460693,42
M-10-N-10-pa-0.55-pe-1.00,RecursivePUBO With Preprocessing and Adaptive Qubits,10,10,62,276,30,30,1.0,6.065932989120483,42
M-10-N-25-pa-0.35-pe-1.00,CardinalitySweep,10,25,12,52,3,3,1.0,0.255429744720459,42
M-10-N-25-pa-0.35-pe-1.00,RecursivePUBO,10,25,12,52,3,3,1.0,1.316950798034668,42
M-10-N-25-pa-0.35-pe-1.00,RecursivePUBO With Preprocessing,10,25,12,52,3,3,1.0,0.2605252265930176,42
M-10-N-25-pa-0.35-pe-1.00,RecursivePUBO With Adaptive Qubits,10,25,12,52,3,3,1.0,1.2821605205535889,42
M-10-N-25-pa-0.35-pe-1.00,RecursivePUBO With Preprocessing and Adaptive Qubits,10,25,12,52,3,3,1.0,0.2589874267578125,42
M-10-N-10-pa-0.35-pe-1.00,CardinalitySweep,10,10,19,79,10,10,1.0,1.4487740993499756,42
M-10-N-10-pa-0.35-pe-1.00,RecursivePUBO,10,10,35,129,10,10,1.0,2.2198588848114014,42
M-10-N-10-pa-0.35-pe-1.00,RecursivePUBO With Preprocessing,10,10,35,129,10,10,1.0,1.8831169605255127,42
M-10-N-10-pa-0.35-pe-1.00,RecursivePUBO With Adaptive Qubits,10,10,35,129,10,10,1.0,2.1561279296875,42
M-10-N-10-pa-0.35-pe-1.00,RecursivePUBO With Preprocessing and Adaptive Qubits,10,10,35,129,10,10,1.0,1.856668472290039,42
M-10-N-50-pa-0.25-pe-1.00,CardinalitySweep,10,45,12,49,4,4,1.0,0.2537281513214111,42
M-10-N-50-pa-0.25-pe-1.00,RecursivePUBO,10,45,12,49,4,4,1.0,1.897542715072632,42
M-10-N-50-pa-0.25-pe-1.00,RecursivePUBO With Preprocessing,10,45,12,49,4,4,1.0,0.2546956539154053,42
M-10-N-50-pa-0.25-pe-1.00,RecursivePUBO With Adaptive Qubits,10,45,12,49,4,4,1.0,1.9125614166259768,42
M-10-N-50-pa-0.25-pe-1.00,RecursivePUBO With Preprocessing and Adaptive Qubits,10,45,12,49,4,4,1.0,0.2569911479949951,42
M-10-N-25-pa-0.15-pe-1.00,CardinalitySweep,10,21,13,51,4,4,1.0,0.5383415222167969,42
M-10-N-25-pa-0.15-pe-1.00,RecursivePUBO,10,21,22,79,4,4,1.0,1.9838459491729736,42
M-10-N-25-pa-0.15-pe-1.00,RecursivePUBO With Preprocessing,10,21,22,79,4,4,1.0,0.6433587074279785,42
M-10-N-25-pa-0.15-pe-1.00,RecursivePUBO With Adaptive Qubits,10,21,22,79,4,4,1.0,1.9905979633331297,42
M-10-N-25-pa-0.15-pe-1.00,RecursivePUBO With Preprocessing and Adaptive Qubits,10,21,22,79,4,4,1.0,0.6467747688293457,42
M-10-N-50-pa-0.85-pe-1.00,CardinalitySweep,10,29,40,282,29,29,1.0,6.699233770370483,42
M-10-N-50-pa-0.85-pe-1.00,RecursivePUBO,10,29,48,309,29,29,1.0,7.132692813873291,42
M-10-N-50-pa-0.85-pe-1.00,RecursivePUBO With Preprocessing,10,29,48,309,29,29,1.0,7.117102861404419,42
M-10-N-50-pa-0.85-pe-1.00,RecursivePUBO With Adaptive Qubits,10,29,48,309,29,29,1.0,6.527875661849976,42
M-10-N-50-pa-0.85-pe-1.00,RecursivePUBO With Preprocessing and Adaptive Qubits,10,29,48,309,29,29,1.0,6.5211021900177,42
M-10-N-25-pa-0.45-pe-1.00,CardinalitySweep,10,25,30,128,21,21,1.0,4.119002819061279,42
M-10-N-25-pa-0.45-pe-1.00,RecursivePUBO,10,25,72,262,21,21,1.0,7.310658931732178,42
M-10-N-25-pa-0.45-pe-1.00,RecursivePUBO With Preprocessing,10,25,72,262,21,21,1.0,6.779592275619507,42
M-10-N-25-pa-0.45-pe-1.00,RecursivePUBO With Adaptive Qubits,10,25,72,262,21,21,1.0,7.125895023345947,42
M-10-N-25-pa-0.45-pe-1.00,RecursivePUBO With Preprocessing and Adaptive Qubits,10,25,72,262,21,21,1.0,6.74433708190918,42
M-10-N-5-pa-0.85-pe-1.00,CardinalitySweep,10,3,6,13,9,9,1.0,0.160118818283081,42
M-10-N-5-pa-0.85-pe-1.00,RecursivePUBO,10,3,6,13,9,9,1.0,0.1622872352600097,42
M-10-N-5-pa-0.85-pe-1.00,RecursivePUBO With Preprocessing,10,3,6,13,9,9,1.0,0.1591188907623291,42
M-10-N-5-pa-0.85-pe-1.00,RecursivePUBO With Adaptive Qubits,10,3,5,9,9,9,1.0,0.1437890529632568,42
M-10-N-5-pa-0.85-pe-1.00,RecursivePUBO With Preprocessing and Adaptive Qubits,10,3,5,9,9,9,1.0,0.1476697921752929,42
M-10-N-5-pa-0.05-pe-1.00,CardinalitySweep,6,5,7,17,2,2,1.0,0.1805086135864257,42
M-10-N-5-pa-0.05-pe-1.00,RecursivePUBO,6,5,7,17,2,2,1.0,0.5297489166259766,42
M-10-N-5-pa-0.05-pe-1.00,RecursivePUBO With Preprocessing,6,5,7,17,2,2,1.0,0.1824572086334228,42
M-10-N-5-pa-0.05-pe-1.00,RecursivePUBO With Adaptive Qubits,6,5,7,17,2,2,1.0,0.5341141223907471,42
M-10-N-5-pa-0.05-pe-1.00,RecursivePUBO With Preprocessing and Adaptive Qubits,6,5,7,17,2,2,1.0,0.1814162731170654,42
M-10-N-10-pa-0.45-pe-1.00,CardinalitySweep,10,10,26,121,29,29,1.0,2.823610305786133,42
M-10-N-10-pa-0.45-pe-1.00,RecursivePUBO,10,10,57,227,29,29,1.0,4.046982765197754,42
M-10-N-10-pa-0.45-pe-1.00,RecursivePUBO With Preprocessing,10,10,57,227,29,29,1.0,4.047934532165527,42
M-10-N-10-pa-0.45-pe-1.00,RecursivePUBO With Adaptive Qubits,10,10,57,227,29,29,1.0,3.8568737506866455,42
M-10-N-10-pa-0.45-pe-1.00,RecursivePUBO With Preprocessing and Adaptive Qubits,10,10,57,227,29,29,1.0,3.8795902729034415,42
M-10-N-10-pa-0.25-pe-1.00,CardinalitySweep,9,10,13,49,5,5,1.0,0.5280282497406006,42
M-10-N-10-pa-0.25-pe-1.00,RecursivePUBO,9,10,20,71,5,5,1.0,1.4122679233551023,42
M-10-N-10-pa-0.25-pe-1.00,RecursivePUBO With Preprocessing,9,10,20,71,5,5,1.0,0.6157996654510498,42
M-10-N-10-pa-0.25-pe-1.00,RecursivePUBO With Adaptive Qubits,9,10,20,71,5,5,1.0,1.4243042469024658,42
M-10-N-10-pa-0.25-pe-1.00,RecursivePUBO With Preprocessing and Adaptive Qubits,9,10,20,71,5,5,1.0,0.6198678016662598,42
M-10-N-50-pa-0.55-pe-1.00,CardinalitySweep,10,48,82,458,57,57,1.0,12.01173210144043,42
M-10-N-50-pa-0.55-pe-1.00,RecursivePUBO,10,48,159,727,57,57,1.0,17.23557186126709,42
M-10-N-50-pa-0.55-pe-1.00,RecursivePUBO With Preprocessing,10,48,159,727,57,57,1.0,17.138366222381592,42
M-10-N-50-pa-0.55-pe-1.00,RecursivePUBO With Adaptive Qubits,10,48,159,727,57,57,1.0,16.04478693008423,42
M-10-N-50-pa-0.55-pe-1.00,RecursivePUBO With Preprocessing and Adaptive Qubits,10,48,159,727,57,57,1.0,16.05871057510376,42
M-10-N-10-pa-0.05-pe-1.00,CardinalitySweep,5,6,5,10,1,1,1.0,0.1535308361053466,42
M-10-N-10-pa-0.05-pe-1.00,RecursivePUBO,5,6,5,10,1,1,1.0,0.5742285251617432,42
M-10-N-10-pa-0.05-pe-1.00,RecursivePUBO With Preprocessing,5,6,5,10,1,1,1.0,0.1495258808135986,42
M-10-N-10-pa-0.05-pe-1.00,RecursivePUBO With Adaptive Qubits,5,6,5,10,1,1,1.0,0.5894520282745361,42
M-10-N-10-pa-0.05-pe-1.00,RecursivePUBO With Preprocessing and Adaptive Qubits,5,6,5,10,1,1,1.0,0.1549725532531738,42
M-10-N-10-pa-0.65-pe-1.00,CardinalitySweep,10,10,28,156,27,27,1.0,3.1445536613464355,42
M-10-N-10-pa-0.65-pe-1.00,RecursivePUBO,10,10,46,218,27,27,1.0,3.758070945739746,42
M-10-N-10-pa-0.65-pe-1.00,RecursivePUBO With Preprocessing,10,10,46,218,27,27,1.0,3.8004188537597656,42
M-10-N-10-pa-0.65-pe-1.00,RecursivePUBO With Adaptive Qubits,10,10,46,218,27,27,1.0,3.504427194595337,42
M-10-N-10-pa-0.65-pe-1.00,RecursivePUBO With Preprocessing and Adaptive Qubits,10,10,46,218,27,27,1.0,3.5290462970733643,42
M-10-N-5-pa-0.95-pe-1.00,CardinalitySweep,10,4,6,9,10,10,1.0,0.3303759098052978,42
M-10-N-5-pa-0.95-pe-1.00,RecursivePUBO,10,4,6,9,10,10,1.0,0.3322873115539551,42
M-10-N-5-pa-0.95-pe-1.00,RecursivePUBO With Preprocessing,10,4,6,9,10,10,1.0,0.327472448348999,42
M-10-N-5-pa-0.95-pe-1.00,RecursivePUBO With Adaptive Qubits,10,4,6,9,10,10,1.0,0.3329088687896728,42
M-10-N-5-pa-0.95-pe-1.00,RecursivePUBO With Preprocessing and Adaptive Qubits,10,4,6,9,10,10,1.0,0.325993537902832,42
M-10-N-10-pa-0.95-pe-1.00,CardinalitySweep,10,5,12,34,12,12,1.0,0.7225360870361328,42
M-10-N-10-pa-0.95-pe-1.00,RecursivePUBO,10,5,12,34,12,12,1.0,0.7253894805908203,42
M-10-N-10-pa-0.95-pe-1.00,RecursivePUBO With Preprocessing,10,5,12,34,12,12,1.0,0.7371103763580322,42
M-10-N-10-pa-0.95-pe-1.00,RecursivePUBO With Adaptive Qubits,10,5,12,34,12,12,1.0,0.6771621704101562,42
M-10-N-10-pa-0.95-pe-1.00,RecursivePUBO With Preprocessing and Adaptive Qubits,10,5,12,34,12,12,1.0,0.6785407066345215,42
M-10-N-25-pa-0.65-pe-1.00,CardinalitySweep,10,25,39,231,44,44,1.0,6.27122950553894,42
M-10-N-25-pa-0.65-pe-1.00,RecursivePUBO,10,25,63,326,44,44,1.0,8.087409496307373,42
M-10-N-25-pa-0.65-pe-1.00,RecursivePUBO With Preprocessing,10,25,63,326,44,44,1.0,8.142639636993408,42
M-10-N-25-pa-0.65-pe-1.00,RecursivePUBO With Adaptive Qubits,10,25,63,326,44,44,1.0,7.509879350662231,42
M-10-N-25-pa-0.65-pe-1.00,RecursivePUBO With Preprocessing and Adaptive Qubits,10,25,63,326,44,44,1.0,7.551305294036865,42
M-10-N-25-pa-0.55-pe-1.00,CardinalitySweep,10,25,40,212,35,35,1.0,6.104570150375366,42
M-10-N-25-pa-0.55-pe-1.00,RecursivePUBO,10,25,93,383,35,35,1.0,10.025219440460203,42
M-10-N-25-pa-0.55-pe-1.00,RecursivePUBO With Preprocessing,10,25,93,383,35,35,1.0,9.970433950424194,42
M-10-N-25-pa-0.55-pe-1.00,RecursivePUBO With Adaptive Qubits,10,25,93,383,35,35,1.0,9.59737467765808,42
M-10-N-25-pa-0.55-pe-1.00,RecursivePUBO With Preprocessing and Adaptive Qubits,10,25,93,383,35,35,1.0,9.578505992889404,42
M-10-N-10-pa-0.85-pe-1.00,CardinalitySweep,10,9,24,132,20,20,1.0,1.790884256362915,42
M-10-N-10-pa-0.85-pe-1.00,RecursivePUBO,10,9,25,136,20,20,1.0,1.7490217685699463,42
M-10-N-10-pa-0.85-pe-1.00,RecursivePUBO With Preprocessing,10,9,25,136,20,20,1.0,1.7453348636627195,42
M-10-N-10-pa-0.85-pe-1.00,RecursivePUBO With Adaptive Qubits,10,9,25,136,20,20,1.0,1.4795889854431152,42
M-10-N-10-pa-0.85-pe-1.00,RecursivePUBO With Preprocessing and Adaptive Qubits,10,9,25,136,20,20,1.0,1.4730010032653809,42
M-10-N-5-pa-0.45-pe-1.00,CardinalitySweep,9,5,20,89,13,13,1.0,1.5192105770111084,42
M-10-N-5-pa-0.45-pe-1.00,RecursivePUBO,9,5,27,110,13,13,1.0,1.624844312667847,42
M-10-N-5-pa-0.45-pe-1.00,RecursivePUBO With Preprocessing,9,5,27,110,13,13,1.0,1.6294443607330322,42
M-10-N-5-pa-0.45-pe-1.00,RecursivePUBO With Adaptive Qubits,9,5,27,110,13,13,1.0,1.5237419605255127,42
M-10-N-5-pa-0.45-pe-1.00,RecursivePUBO With Preprocessing and Adaptive Qubits,9,5,27,110,13,13,1.0,1.518343210220337,42
M-10-N-50-pa-0.65-pe-1.00,CardinalitySweep,10,47,64,384,65,65,1.0,9.795090436935425,42
M-10-N-50-pa-0.65-pe-1.00,RecursivePUBO,10,47,127,615,65,65,1.0,14.57335877418518,42
M-10-N-50-pa-0.65-pe-1.00,RecursivePUBO With Preprocessing,10,47,127,615,65,65,1.0,14.640852689743042,42
M-10-N-50-pa-0.65-pe-1.00,RecursivePUBO With Adaptive Qubits,10,47,127,615,65,65,1.0,13.644405126571655,42
M-10-N-50-pa-0.65-pe-1.00,RecursivePUBO With Preprocessing and Adaptive Qubits,10,47,127,615,65,65,1.0,13.680009841918944,42
M-10-N-25-pa-0.75-pe-1.00,CardinalitySweep,10,22,49,339,38,38,1.0,8.074424266815186,42
M-10-N-25-pa-0.75-pe-1.00,RecursivePUBO,10,22,67,405,38,38,1.0,9.311872959136965,42
M-10-N-25-pa-0.75-pe-1.00,RecursivePUBO With Preprocessing,10,22,67,405,38,38,1.0,9.348071813583374,42
M-10-N-25-pa-0.75-pe-1.00,RecursivePUBO With Adaptive Qubits,10,22,67,405,38,38,1.0,8.459810733795166,42
M-10-N-25-pa-0.75-pe-1.00,RecursivePUBO With Preprocessing and Adaptive Qubits,10,22,67,405,38,38,1.0,8.508015394210815,42
M-10-N-25-pa-0.05-pe-1.00,CardinalitySweep,9,11,9,36,1,1,1.0,0.203622817993164,42
M-10-N-25-pa-0.05-pe-1.00,RecursivePUBO,9,11,9,36,1,1,1.0,1.7554600238800049,42
M-10-N-25-pa-0.05-pe-1.00,RecursivePUBO With Preprocessing,9,11,9,36,1,1,1.0,0.2155132293701172,42
M-10-N-25-pa-0.05-pe-1.00,RecursivePUBO With Adaptive Qubits,9,11,9,36,1,1,1.0,1.7553222179412842,42
M-10-N-25-pa-0.05-pe-1.00,RecursivePUBO With Preprocessing and Adaptive Qubits,9,11,9,36,1,1,1.0,0.2124733924865722,42
M-25-N-10-pa-0.75-pe-1.00,CardinalitySweep,25,10,62,887,194,155,0.7989690721649485,13.446994304656982,42
M-25-N-10-pa-0.75-pe-1.00,RecursivePUBO,25,10,113,1088,194,194,1.0,17.428515434265137,42
M-25-N-10-pa-0.75-pe-1.00,RecursivePUBO With Preprocessing,25,10,113,1088,194,194,1.0,17.395522356033325,42
M-25-N-10-pa-0.75-pe-1.00,RecursivePUBO With Adaptive Qubits,25,10,112,1067,194,194,1.0,14.47650384902954,42
M-25-N-10-pa-0.75-pe-1.00,RecursivePUBO With Preprocessing and Adaptive Qubits,25,10,112,1067,194,194,1.0,14.477310419082642,42
M-25-N-50-pa-0.35-pe-1.00,CardinalitySweep,25,50,182,1840,10784,118,0.0109421364985163,79.03593468666077,42
M-25-N-50-pa-0.35-pe-1.00,RecursivePUBO,25,50,430,2640,10784,85,0.0078820474777448,140.12185978889465,42
M-25-N-50-pa-0.35-pe-1.00,RecursivePUBO With Preprocessing,25,50,411,2577,10784,79,0.0073256676557863,133.32941007614136,42
M-25-N-50-pa-0.35-pe-1.00,RecursivePUBO With Adaptive Qubits,25,50,432,2647,10784,90,0.0083456973293768,135.60105276107788,42
M-25-N-50-pa-0.35-pe-1.00,RecursivePUBO With Preprocessing and Adaptive Qubits,25,50,458,2724,10784,93,0.008623887240356,141.16407752037048,42
M-25-N-50-pa-0.15-pe-1.00,CardinalitySweep,25,49,59,451,494,312,0.631578947368421,15.994504690170288,42
M-25-N-50-pa-0.15-pe-1.00,RecursivePUBO,25,49,481,1812,494,97,0.1963562753036437,76.0467882156372,42
M-25-N-50-pa-0.15-pe-1.00,RecursivePUBO With Preprocessing,25,49,516,1925,494,105,0.2125506072874494,72.97183060646057,42
M-25-N-50-pa-0.15-pe-1.00,RecursivePUBO With Adaptive Qubits,25,49,522,1944,494,106,0.2145748987854251,80.83410477638245,42
M-25-N-50-pa-0.15-pe-1.00,RecursivePUBO With Preprocessing and Adaptive Qubits,25,49,476,1798,494,98,0.1983805668016194,68.195148229599,42
M-25-N-25-pa-0.85-pe-1.00,CardinalitySweep,25,25,145,3105,241,99,0.4107883817427386,81.25951266288757,42
M-25-N-25-pa-0.85-pe-1.00,RecursivePUBO,25,25,160,3150,241,101,0.4190871369294606,82.78825736045837,42
M-25-N-25-pa-0.85-pe-1.00,RecursivePUBO With Preprocessing,25,25,161,3158,241,107,0.4439834024896265,83.27141952514648,42
M-25-N-25-pa-0.85-pe-1.00,RecursivePUBO With Adaptive Qubits,25,25,187,3246,241,239,0.991701244813278,76.27978754043579,42
M-25-N-25-pa-0.85-pe-1.00,RecursivePUBO With Preprocessing and Adaptive Qubits,25,25,187,3244,241,237,0.983402489626556,76.22931122779846,42
M-25-N-25-pa-0.05-pe-1.00,CardinalitySweep,22,23,27,241,12,12,1.0,1.1042914390563965,42
M-25-N-25-pa-0.05-pe-1.00,RecursivePUBO,22,23,117,522,12,12,1.0,11.65110993385315,42
M-25-N-25-pa-0.05-pe-1.00,RecursivePUBO With Preprocessing,22,23,117,522,12,12,1.0,2.239692211151123,42
M-25-N-25-pa-0.05-pe-1.00,RecursivePUBO With Adaptive Qubits,22,23,117,522,12,12,1.0,11.634187936782835,42
M-25-N-25-pa-0.05-pe-1.00,RecursivePUBO With Preprocessing and Adaptive Qubits,22,23,117,522,12,12,1.0,2.2371339797973637,42
M-25-N-5-pa-0.65-pe-1.00,CardinalitySweep,25,5,42,537,156,146,0.935897435897436,4.0141282081604,42
M-25-N-5-pa-0.65-pe-1.00,RecursivePUBO,25,5,73,652,156,156,1.0,4.48505425453186,42
M-25-N-5-pa-0.65-pe-1.00,RecursivePUBO With Preprocessing,25,5,73,652,156,156,1.0,4.46025013923645,42
M-25-N-5-pa-0.65-pe-1.00,RecursivePUBO With Adaptive Qubits,25,5,68,568,156,156,1.0,3.611062049865722,42
M-25-N-5-pa-0.65-pe-1.00,RecursivePUBO With Preprocessing and Adaptive Qubits,25,5,68,568,156,156,1.0,3.640616416931152,42
M-25-N-50-pa-0.25-pe-1.00,CardinalitySweep,25,50,131,1127,5717,150,0.0262375371698443,51.26130199432373,42
M-25-N-50-pa-0.25-pe-1.00,RecursivePUBO,25,50,546,2420,5717,92,0.0160923561308378,146.44291734695437,42
M-25-N-50-pa-0.25-pe-1.00,RecursivePUBO With Preprocessing,25,50,529,2368,5717,92,0.0160923561308378,136.22659277915955,42
M-25-N-50-pa-0.25-pe-1.00,RecursivePUBO With Adaptive Qubits,25,50,541,2417,5717,98,0.0171418576176316,144.60472106933594,42
M-25-N-50-pa-0.25-pe-1.00,RecursivePUBO With Preprocessing and Adaptive Qubits,25,50,540,2411,5717,96,0.0167920237887003,139.05496072769165,42
M-25-N-5-pa-0.35-pe-1.00,CardinalitySweep,24,5,43,491,366,271,0.7404371584699454,3.9228670597076416,42
M-25-N-5-pa-0.35-pe-1.00,RecursivePUBO,24,5,249,1318,366,348,0.9508196721311476,7.737931728363037,42
M-25-N-5-pa-0.35-pe-1.00,RecursivePUBO With Preprocessing,24,5,249,1327,366,358,0.9781420765027322,7.732993125915527,42
M-25-N-5-pa-0.35-pe-1.00,RecursivePUBO With Adaptive Qubits,24,5,244,1269,366,356,0.9726775956284152,7.087521553039551,42
M-25-N-5-pa-0.35-pe-1.00,RecursivePUBO With Preprocessing and Adaptive Qubits,24,5,250,1287,366,356,0.9726775956284152,7.2080771923065186,42
M-25-N-5-pa-0.05-pe-1.00,CardinalitySweep,8,5,11,37,6,6,1.0,0.2339122295379638,42
M-25-N-5-pa-0.05-pe-1.00,RecursivePUBO,8,5,11,37,6,6,1.0,0.9550814628601074,42
M-25-N-5-pa-0.05-pe-1.00,RecursivePUBO With Preprocessing,8,5,11,37,6,6,1.0,0.2345092296600341,42
M-25-N-5-pa-0.05-pe-1.00,RecursivePUBO With Adaptive Qubits,8,5,11,37,6,6,1.0,0.9286837577819824,42
M-25-N-5-pa-0.05-pe-1.00,RecursivePUBO With Preprocessing and Adaptive Qubits,8,5,11,37,6,6,1.0,0.2331433296203613,42
M-25-N-50-pa-0.95-pe-1.00,CardinalitySweep,25,32,98,1948,224,203,0.90625,33.308037757873535,42
M-25-N-50-pa-0.95-pe-1.00,RecursivePUBO,25,32,98,1948,224,205,0.9151785714285714,33.09474968910217,42
M-25-N-50-pa-0.95-pe-1.00,RecursivePUBO With Preprocessing,25,32,98,1948,224,207,0.9241071428571428,33.055065870285034,42
M-25-N-50-pa-0.95-pe-1.00,RecursivePUBO With Adaptive Qubits,25,32,83,1579,224,224,1.0,24.50454616546631,42
M-25-N-50-pa-0.95-pe-1.00,RecursivePUBO With Preprocessing and Adaptive Qubits,25,32,83,1579,224,224,1.0,24.43407964706421,42
M-25-N-10-pa-0.95-pe-1.00,CardinalitySweep,25,9,40,388,70,70,1.0,5.066911697387695,42
M-25-N-10-pa-0.95-pe-1.00,RecursivePUBO,25,9,40,388,70,70,1.0,4.745462417602539,42
M-25-N-10-pa-0.95-pe-1.00,RecursivePUBO With Preprocessing,25,9,40,388,70,70,1.0,4.716213226318359,42
M-25-N-10-pa-0.95-pe-1.00,RecursivePUBO With Adaptive Qubits,25,9,33,297,70,70,1.0,3.465815544128418,42
M-25-N-10-pa-0.95-pe-1.00,RecursivePUBO With Preprocessing and Adaptive Qubits,25,9,33,297,70,70,1.0,3.466053009033203,42
M-25-N-25-pa-0.35-pe-1.00,CardinalitySweep,25,25,117,1259,2492,361,0.1448635634028892,55.80264735221863,42
M-25-N-25-pa-0.35-pe-1.00,RecursivePUBO,25,25,507,2634,2492,282,0.1131621187800963,160.99034905433655,42
M-25-N-25-pa-0.35-pe-1.00,RecursivePUBO With Preprocessing,25,25,482,2533,2492,257,0.1031300160513643,153.90436959266663,42
M-25-N-25-pa-0.35-pe-1.00,RecursivePUBO With Adaptive Qubits,25,25,479,2531,2492,266,0.1067415730337078,150.1957938671112,42
M-25-N-25-pa-0.35-pe-1.00,RecursivePUBO With Preprocessing and Adaptive Qubits,25,25,469,2503,2492,265,0.1063402889245585,146.9135684967041,42
M-25-N-10-pa-0.35-pe-1.00,CardinalitySweep,23,10,59,609,420,253,0.6023809523809524,11.640160322189333,42
M-25-N-10-pa-0.35-pe-1.00,RecursivePUBO,23,10,366,1772,420,333,0.7928571428571428,34.954556703567505,42
M-25-N-10-pa-0.35-pe-1.00,RecursivePUBO With Preprocessing,23,10,353,1733,420,332,0.7904761904761904,34.052849531173706,42
M-25-N-10-pa-0.35-pe-1.00,RecursivePUBO With Adaptive Qubits,23,10,357,1740,420,328,0.780952380952381,32.764458656311035,42
M-25-N-10-pa-0.35-pe-1.00,RecursivePUBO With Preprocessing and Adaptive Qubits,23,10,343,1696,420,323,0.7690476190476191,31.905684232711792,42
M-25-N-10-pa-0.25-pe-1.00,CardinalitySweep,24,10,52,461,837,313,0.3739545997610514,8.801120281219482,42
M-25-N-10-pa-0.25-pe-1.00,RecursivePUBO,24,10,613,2464,837,393,0.4695340501792114,43.07245326042175,42
M-25-N-10-pa-0.25-pe-1.00,RecursivePUBO With Preprocessing,24,10,588,2367,837,371,0.4432497013142174,41.0174732208252,42
M-25-N-10-pa-0.25-pe-1.00,RecursivePUBO With Adaptive Qubits,24,10,602,2429,837,386,0.4611708482676224,42.18396615982056,42
M-25-N-10-pa-0.25-pe-1.00,RecursivePUBO With Preprocessing and Adaptive Qubits,24,10,575,2335,837,374,0.4468339307048984,40.19435691833496,42
M-25-N-10-pa-0.45-pe-1.00,CardinalitySweep,25,10,65,808,929,423,0.4553283100107642,13.153757095336914,42
M-25-N-10-pa-0.45-pe-1.00,RecursivePUBO,25,10,460,2413,929,580,0.6243272335844995,45.93798184394837,42
M-25-N-10-pa-0.45-pe-1.00,RecursivePUBO With Preprocessing,25,10,496,2537,929,602,0.6480086114101185,48.71960973739624,42
M-25-N-10-pa-0.45-pe-1.00,RecursivePUBO With Adaptive Qubits,25,10,497,2576,929,639,0.6878363832077503,46.953882455825806,42
M-25-N-10-pa-0.45-pe-1.00,RecursivePUBO With Preprocessing and Adaptive Qubits,25,10,491,2554,929,632,0.6803013993541442,46.52236771583557,42
M-25-N-50-pa-0.55-pe-1.00,CardinalitySweep,25,50,222,3304,5261,28,0.0053221820946588,113.87763047218324,42
M-25-N-50-pa-0.55-pe-1.00,RecursivePUBO,25,50,269,3449,5261,25,0.0047519482988025,122.7708225250244,42
M-25-N-50-pa-0.55-pe-1.00,RecursivePUBO With Preprocessing,25,50,282,3491,5261,32,0.0060824938224672,125.88489842414856,42
M-25-N-50-pa-0.55-pe-1.00,RecursivePUBO With Adaptive Qubits,25,50,593,4710,5261,396,0.0752708610530317,206.6842873096466,42
M-25-N-50-pa-0.55-pe-1.00,RecursivePUBO With Preprocessing and Adaptive Qubits,25,50,601,4735,5261,395,0.0750807831210796,209.2971811294556,42
M-25-N-5-pa-0.95-pe-1.00,CardinalitySweep,25,5,24,150,43,43,1.0,1.86142373085022,42
M-25-N-5-pa-0.95-pe-1.00,RecursivePUBO,25,5,25,153,43,43,1.0,1.76922869682312,42
M-25-N-5-pa-0.95-pe-1.00,RecursivePUBO With Preprocessing,25,5,25,153,43,43,1.0,1.7709338665008545,42
M-25-N-5-pa-0.95-pe-1.00,RecursivePUBO With Adaptive Qubits,25,5,25,153,43,43,1.0,1.4915940761566162,42
M-25-N-5-pa-0.95-pe-1.00,RecursivePUBO With Preprocessing and Adaptive Qubits,25,5,25,153,43,43,1.0,1.4976799488067627,42
M-25-N-25-pa-0.95-pe-1.00,CardinalitySweep,25,18,64,872,117,117,1.0,15.828799724578856,42
M-25-N-25-pa-0.95-pe-1.00,RecursivePUBO,25,18,64,872,117,117,1.0,15.263477563858032,42
M-25-N-25-pa-0.95-pe-1.00,RecursivePUBO With Preprocessing,25,18,64,872,117,117,1.0,15.228793621063232,42
M-25-N-25-pa-0.95-pe-1.00,RecursivePUBO With Adaptive Qubits,25,18,64,872,117,117,1.0,12.857712268829346,42
M-25-N-25-pa-0.95-pe-1.00,RecursivePUBO With Preprocessing and Adaptive Qubits,25,18,64,872,117,117,1.0,12.794402599334717,42
M-25-N-5-pa-0.75-pe-1.00,CardinalitySweep,25,5,35,343,72,72,1.0,3.0678625106811523,42
M-25-N-5-pa-0.75-pe-1.00,RecursivePUBO,25,5,35,343,72,72,1.0,2.802344799041748,42
M-25-N-5-pa-0.75-pe-1.00,RecursivePUBO With Preprocessing,25,5,35,343,72,72,1.0,2.8070976734161377,42
M-25-N-5-pa-0.75-pe-1.00,RecursivePUBO With Adaptive Qubits,25,5,30,276,72,72,1.0,2.0831403732299805,42
M-25-N-5-pa-0.75-pe-1.00,RecursivePUBO With Preprocessing and Adaptive Qubits,25,5,30,276,72,72,1.0,2.0721938610076904,42
M-25-N-50-pa-0.65-pe-1.00,CardinalitySweep,25,50,239,4176,2426,23,0.0094806265457543,130.11149287223816,42
M-25-N-50-pa-0.65-pe-1.00,RecursivePUBO,25,50,285,4318,2426,36,0.0148392415498763,138.5216019153595,42
M-25-N-50-pa-0.65-pe-1.00,RecursivePUBO With Preprocessing,25,50,276,4289,2426,28,0.0115416323165704,136.35035014152527,42
M-25-N-50-pa-0.65-pe-1.00,RecursivePUBO With Adaptive Qubits,25,50,590,5502,2426,406,0.167353668590272,211.655663728714,42
M-25-N-50-pa-0.65-pe-1.00,RecursivePUBO With Preprocessing and Adaptive Qubits,25,50,596,5532,2426,416,0.1714756801319043,213.8284089565277,42
M-25-N-25-pa-0.75-pe-1.00,CardinalitySweep,25,25,132,2491,665,176,0.2646616541353383,65.42917108535767,42
M-25-N-25-pa-0.75-pe-1.00,RecursivePUBO,25,25,279,3059,665,312,0.4691729323308271,101.68873405456544,42
M-25-N-25-pa-0.75-pe-1.00,RecursivePUBO With Preprocessing,25,25,272,3012,665,280,0.4210526315789473,99.38047623634338,42
M-25-N-25-pa-0.75-pe-1.00,RecursivePUBO With Adaptive Qubits,25,25,304,3256,665,462,0.6947368421052632,98.3613829612732,42
M-25-N-25-pa-0.75-pe-1.00,RecursivePUBO With Preprocessing and Adaptive Qubits,25,25,315,3296,665,481,0.7233082706766917,101.10291171073914,42
M-25-N-25-pa-0.45-pe-1.00,CardinalitySweep,25,25,118,1434,3484,339,0.0973019517795637,58.51870656013489,42
M-25-N-25-pa-0.45-pe-1.00,RecursivePUBO,25,25,453,2616,3484,278,0.0797933409873708,150.68402671813965,42
M-25-N-25-pa-0.45-pe-1.00,RecursivePUBO With Preprocessing,25,25,441,2576,3484,267,0.0766360505166475,147.45595598220825,42
M-25-N-25-pa-0.45-pe-1.00,RecursivePUBO With Adaptive Qubits,25,25,489,2779,3484,340,0.0975889781859931,158.36779856681824,42
M-25-N-25-pa-0.45-pe-1.00,RecursivePUBO With Preprocessing and Adaptive Qubits,25,25,478,2744,3484,337,0.0967278989667049,155.26180577278137,42
M-25-N-10-pa-0.65-pe-1.00,CardinalitySweep,25,10,68,1059,355,211,0.5943661971830986,15.04792594909668,42
M-25-N-10-pa-0.65-pe-1.00,RecursivePUBO,25,10,222,1660,355,346,0.9746478873239436,28.51898169517517,42
M-25-N-10-pa-0.65-pe-1.00,RecursivePUBO With Preprocessing,25,10,219,1643,355,338,0.952112676056338,28.11098027229309,42
M-25-N-10-pa-0.65-pe-1.00,RecursivePUBO With Adaptive Qubits,25,10,224,1611,355,347,0.9774647887323944,25.370481729507446,42
M-25-N-10-pa-0.65-pe-1.00,RecursivePUBO With Preprocessing and Adaptive Qubits,25,10,224,1612,355,348,0.9802816901408452,25.138720512390137,42
M-25-N-5-pa-0.45-pe-1.00,CardinalitySweep,25,5,45,586,186,146,0.7849462365591398,4.32474946975708,42
M-25-N-5-pa-0.45-pe-1.00,RecursivePUBO,25,5,114,849,186,186,1.0,5.575933456420898,42
M-25-N-5-pa-0.45-pe-1.00,RecursivePUBO With Preprocessing,25,5,113,845,186,185,0.9946236559139784,5.54990291595459,42
M-25-N-5-pa-0.45-pe-1.00,RecursivePUBO With Adaptive Qubits,25,5,109,770,186,186,1.0,4.766562461853027,42
M-25-N-5-pa-0.45-pe-1.00,RecursivePUBO With Preprocessing and Adaptive Qubits,25,5,108,765,186,184,0.989247311827957,4.760622262954712,42
M-25-N-25-pa-0.65-pe-1.00,CardinalitySweep,25,25,137,2340,1210,209,0.1727272727272727,75.3493595123291,42
M-25-N-25-pa-0.65-pe-1.00,RecursivePUBO,25,25,288,2900,1210,244,0.2016528925619834,117.64848256111144,42
M-25-N-25-pa-0.65-pe-1.00,RecursivePUBO With Preprocessing,25,25,290,2909,1210,252,0.2082644628099173,118.82521080970764,42
M-25-N-25-pa-0.65-pe-1.00,RecursivePUBO With Adaptive Qubits,25,25,396,3368,1210,435,0.359504132231405,141.47851586341858,42
M-25-N-25-pa-0.65-pe-1.00,RecursivePUBO With Preprocessing and Adaptive Qubits,25,25,409,3442,1210,464,0.3834710743801653,145.2791063785553,42
M-25-N-25-pa-0.55-pe-1.00,CardinalitySweep,25,25,125,1902,1896,250,0.1318565400843881,64.12101697921753,42
M-25-N-25-pa-0.55-pe-1.00,RecursivePUBO,25,25,328,2629,1896,252,0.1329113924050632,118.88604068756104,42
M-25-N-25-pa-0.55-pe-1.00,RecursivePUBO With Preprocessing,25,25,363,2749,1896,275,0.145042194092827,128.2938051223755,42
M-25-N-25-pa-0.55-pe-1.00,RecursivePUBO With Adaptive Qubits,25,25,541,3523,1896,542,0.2858649789029536,172.85703206062317,42
M-25-N-25-pa-0.55-pe-1.00,RecursivePUBO With Preprocessing and Adaptive Qubits,25,25,542,3544,1896,559,0.2948312236286919,173.86873078346252,42
M-25-N-5-pa-0.25-pe-1.00,CardinalitySweep,16,5,31,243,60,59,0.9833333333333332,2.655344247817993,42
M-25-N-5-pa-0.25-pe-1.00,RecursivePUBO,16,5,60,350,60,60,1.0,3.31388258934021,42
M-25-N-5-pa-0.25-pe-1.00,RecursivePUBO With Preprocessing,16,5,60,350,60,60,1.0,3.274971008300781,42
M-25-N-5-pa-0.25-pe-1.00,RecursivePUBO With Adaptive Qubits,16,5,59,338,60,60,1.0,2.8914520740509038,42
M-25-N-5-pa-0.25-pe-1.00,RecursivePUBO With Preprocessing and Adaptive Qubits,16,5,59,338,60,60,1.0,2.878760576248169,42
M-25-N-10-pa-0.85-pe-1.00,CardinalitySweep,25,10,68,1191,205,184,0.8975609756097561,13.618637084960938,42
M-25-N-10-pa-0.85-pe-1.00,RecursivePUBO,25,10,84,1249,205,204,0.9951219512195122,13.763501405715942,42
M-25-N-10-pa-0.85-pe-1.00,RecursivePUBO With Preprocessing,25,10,84,1249,205,205,1.0,13.695992469787598,42
M-25-N-10-pa-0.85-pe-1.00,RecursivePUBO With Adaptive Qubits,25,10,76,1064,205,205,1.0,9.906694889068604,42
M-25-N-10-pa-0.85-pe-1.00,RecursivePUBO With Preprocessing and Adaptive Qubits,25,10,76,1064,205,205,1.0,9.859352350234984,42
M-25-N-50-pa-0.75-pe-1.00,CardinalitySweep,25,50,243,4736,1236,25,0.0202265372168284,135.14878678321838,42
M-25-N-50-pa-0.75-pe-1.00,RecursivePUBO,25,50,280,4847,1236,37,0.0299352750809061,141.01458597183228,42
M-25-N-50-pa-0.75-pe-1.00,RecursivePUBO With Preprocessing,25,50,266,4807,1236,24,0.0194174757281553,137.4230194091797,42
M-25-N-50-pa-0.75-pe-1.00,RecursivePUBO With Adaptive Qubits,25,50,457,5665,1236,478,0.3867313915857605,176.77517938613892,42
M-25-N-50-pa-0.75-pe-1.00,RecursivePUBO With Preprocessing and Adaptive Qubits,25,50,472,5728,1236,500,0.4045307443365696,180.95715928077695,42
M-25-N-25-pa-0.15-pe-1.00,CardinalitySweep,24,25,48,376,119,97,0.8151260504201681,9.29639482498169,42
M-25-N-25-pa-0.15-pe-1.00,RecursivePUBO,24,25,356,1363,119,72,0.6050420168067226,37.38361668586731,42
M-25-N-25-pa-0.15-pe-1.00,RecursivePUBO With Preprocessing,24,25,392,1477,119,78,0.6554621848739496,35.006510972976685,42
M-25-N-25-pa-0.15-pe-1.00,RecursivePUBO With Adaptive Qubits,24,25,339,1307,119,67,0.5630252100840336,35.958011865615845,42
M-25-N-25-pa-0.15-pe-1.00,RecursivePUBO With Preprocessing and Adaptive Qubits,24,25,380,1439,119,76,0.6386554621848739,34.290118932724,42
M-25-N-50-pa-0.45-pe-1.00,CardinalitySweep,25,50,224,2962,6456,54,0.0083643122676579,108.96635222434998,42
M-25-N-50-pa-0.45-pe-1.00,RecursivePUBO,25,50,317,3255,6456,46,0.0071251548946716,129.98487973213196,42
M-25-N-50-pa-0.45-pe-1.00,RecursivePUBO With Preprocessing,25,50,299,3199,6456,39,0.0060408921933085,125.36301040649414,42
M-25-N-50-pa-0.45-pe-1.00,RecursivePUBO With Adaptive Qubits,25,50,403,3588,6456,149,0.0230793060718711,145.4465787410736,42
M-25-N-50-pa-0.45-pe-1.00,RecursivePUBO With Preprocessing and Adaptive Qubits,25,50,401,3575,6456,146,0.0226146220570012,144.16505479812622,42
M-25-N-5-pa-0.55-pe-1.00,CardinalitySweep,25,5,43,535,178,156,0.8764044943820225,4.05415678024292,42
M-25-N-5-pa-0.55-pe-1.00,RecursivePUBO,25,5,106,773,178,178,1.0,5.295449256896973,42
M-25-N-5-pa-0.55-pe-1.00,RecursivePUBO With Preprocessing,25,5,106,773,178,178,1.0,5.2983269691467285,42
M-25-N-5-pa-0.55-pe-1.00,RecursivePUBO With Adaptive Qubits,25,5,101,695,178,178,1.0,4.455949068069458,42
M-25-N-5-pa-0.55-pe-1.00,RecursivePUBO With Preprocessing and Adaptive Qubits,25,5,101,695,178,178,1.0,4.514069557189941,42
M-25-N-25-pa-0.25-pe-1.00,CardinalitySweep,25,25,99,910,5238,515,0.09831996945399,43.00482439994812,42
M-25-N-25-pa-0.25-pe-1.00,RecursivePUBO,25,25,864,3467,5238,331,0.0631920580374188,226.0091662406921,42
M-25-N-25-pa-0.25-pe-1.00,RecursivePUBO With Preprocessing,25,25,833,3375,5238,330,0.0630011454753722,218.4764368534088,42
M-25-N-25-pa-0.25-pe-1.00,RecursivePUBO With Adaptive Qubits,25,25,899,3591,5238,355,0.0677739595265368,232.8497657775879,42
M-25-N-25-pa-0.25-pe-1.00,RecursivePUBO With Preprocessing and Adaptive Qubits,25,25,841,3398,5238,330,0.0630011454753722,218.5944848060608,42
M-25-N-5-pa-0.15-pe-1.00,CardinalitySweep,21,5,35,311,316,279,0.8829113924050633,2.323479175567627,42
M-25-N-5-pa-0.15-pe-1.00,RecursivePUBO,21,5,172,924,316,300,0.9493670886075948,4.852050065994263,42
M-25-N-5-pa-0.15-pe-1.00,RecursivePUBO With Preprocessing,21,5,172,924,316,301,0.9525316455696202,4.166816711425781,42
M-25-N-5-pa-0.15-pe-1.00,RecursivePUBO With Adaptive Qubits,21,5,171,912,316,308,0.9746835443037974,4.451497554779053,42
M-25-N-5-pa-0.15-pe-1.00,RecursivePUBO With Preprocessing and Adaptive Qubits,21,5,171,912,316,303,0.9588607594936708,3.944614887237549,42
M-25-N-10-pa-0.15-pe-1.00,CardinalitySweep,20,10,38,297,186,153,0.8225806451612904,4.822474956512451,42
M-25-N-10-pa-0.15-pe-1.00,RecursivePUBO,20,10,205,938,186,152,0.8172043010752689,12.687432289123535,42
M-25-N-10-pa-0.15-pe-1.00,RecursivePUBO With Preprocessing,20,10,216,978,186,159,0.8548387096774194,11.53138780593872,42
M-25-N-10-pa-0.15-pe-1.00,RecursivePUBO With Adaptive Qubits,20,10,205,934,186,148,0.7956989247311828,12.519299030303957,42
M-25-N-10-pa-0.15-pe-1.00,RecursivePUBO With Preprocessing and Adaptive Qubits,20,10,209,953,186,155,0.8333333333333334,11.20667028427124,42
M-25-N-5-pa-0.85-pe-1.00,CardinalitySweep,25,5,28,243,58,58,1.0,1.8211727142333984,42
M-25-N-5-pa-0.85-pe-1.00,RecursivePUBO,25,5,30,249,58,58,1.0,1.7400145530700684,42
M-25-N-5-pa-0.85-pe-1.00,RecursivePUBO With Preprocessing,25,5,30,249,58,58,1.0,1.7464139461517334,42
M-25-N-5-pa-0.85-pe-1.00,RecursivePUBO With Adaptive Qubits,25,5,24,175,58,58,1.0,1.3138327598571775,42
M-25-N-5-pa-0.85-pe-1.00,RecursivePUBO With Preprocessing and Adaptive Qubits,25,5,24,175,58,58,1.0,1.3120994567871094,42
M-25-N-10-pa-0.55-pe-1.00,CardinalitySweep,25,10,65,860,801,439,0.5480649188514357,13.46694040298462,42
M-25-N-10-pa-0.55-pe-1.00,RecursivePUBO,25,10,379,2181,801,559,0.6978776529338327,40.25045323371887,42
M-25-N-10-pa-0.55-pe-1.00,RecursivePUBO With Preprocessing,25,10,390,2231,801,575,0.717852684144819,41.35847330093384,42
M-25-N-10-pa-0.55-pe-1.00,RecursivePUBO With Adaptive Qubits,25,10,387,2233,801,585,0.7303370786516854,38.99247884750366,42
M-25-N-10-pa-0.55-pe-1.00,RecursivePUBO With Preprocessing and Adaptive Qubits,25,10,402,2294,801,599,0.7478152309612984,40.13457202911377,42
M-25-N-50-pa-0.85-pe-1.00,CardinalitySweep,25,50,225,4865,499,14,0.0280561122244488,129.0330901145935,42
M-25-N-50-pa-0.85-pe-1.00,RecursivePUBO,25,50,239,4907,499,21,0.0420841683366733,129.18115782737732,42
M-25-N-50-pa-0.85-pe-1.00,RecursivePUBO With Preprocessing,25,50,235,4895,499,16,0.032064128256513,127.73340106010436,42
M-25-N-50-pa-0.85-pe-1.00,RecursivePUBO With Adaptive Qubits,25,50,334,5326,499,354,0.7094188376753507,136.02776908874512,42
M-25-N-50-pa-0.85-pe-1.00,RecursivePUBO With Preprocessing and Adaptive Qubits,25,50,339,5345,499,363,0.7274549098196392,137.40165281295776,42
M-25-N-10-pa-0.05-pe-1.00,CardinalitySweep,12,9,17,76,8,8,1.0,0.989222526550293,42
M-25-N-10-pa-0.05-pe-1.00,RecursivePUBO,12,9,33,124,8,8,1.0,2.7856507301330566,42
M-25-N-10-pa-0.05-pe-1.00,RecursivePUBO With Preprocessing,12,9,33,124,8,8,1.0,1.4264283180236816,42
M-25-N-10-pa-0.05-pe-1.00,RecursivePUBO With Adaptive Qubits,12,9,33,124,8,8,1.0,2.746877908706665,42
M-25-N-10-pa-0.05-pe-1.00,RecursivePUBO With Preprocessing and Adaptive Qubits,12,9,33,124,8,8,1.0,1.4220504760742188,42
M-25-N-50-pa-0.05-pe-1.00,CardinalitySweep,24,37,29,289,8,8,1.0,1.21046781539917,42
M-25-N-50-pa-0.05-pe-1.00,RecursivePUBO,24,37,78,443,8,8,1.0,12.799431085586548,42
M-25-N-50-pa-0.05-pe-1.00,RecursivePUBO With Preprocessing,24,37,78,443,8,8,1.0,1.885718584060669,42
M-25-N-50-pa-0.05-pe-1.00,RecursivePUBO With Adaptive Qubits,24,37,78,443,8,8,1.0,12.863831281661987,42
M-25-N-50-pa-0.05-pe-1.00,RecursivePUBO With Preprocessing and Adaptive Qubits,24,37,78,443,8,8,1.0,1.8719403743743896,42
M-50-N-50-pa-0.25-pe-1.00,CardinalitySweep,50,50,247,3905,12474369,120,9.619725053828372e-06,427.8641276359558,42
M-50-N-50-pa-0.25-pe-1.00,RecursivePUBO,50,50,626,5085,12474369,84,6.733807537679862e-06,619.5768990516663,42
M-50-N-50-pa-0.25-pe-1.00,RecursivePUBO With Preprocessing,50,50,570,4921,12474369,77,6.172656909539873e-06,584.3586885929108,42
M-50-N-50-pa-0.25-pe-1.00,RecursivePUBO With Adaptive Qubits,50,50,573,4931,12474369,81,6.493314411334153e-06,584.5889019966125,42
M-50-N-50-pa-0.25-pe-1.00,RecursivePUBO With Preprocessing and Adaptive Qubits,50,50,567,4910,12474369,77,6.172656909539873e-06,573.0709631443024,42
M-50-N-5-pa-0.05-pe-1.00,CardinalitySweep,15,5,24,153,63,63,1.0,12.801657915115356,42
M-50-N-5-pa-0.05-pe-1.00,RecursivePUBO,15,5,48,240,63,63,1.0,17.15686821937561,42
M-50-N-5-pa-0.05-pe-1.00,RecursivePUBO With Preprocessing,15,5,48,240,63,63,1.0,12.959763765335085,42
M-50-N-5-pa-0.05-pe-1.00,RecursivePUBO With Adaptive Qubits,15,5,48,240,63,63,1.0,17.009012460708618,42
M-50-N-5-pa-0.05-pe-1.00,RecursivePUBO With Preprocessing and Adaptive Qubits,15,5,48,240,63,63,1.0,12.867701530456545,42
M-50-N-50-pa-0.55-pe-1.00,CardinalitySweep,50,50,305,8919,150825,10,6.630200563567048e-05,585.4129889011383,42
M-50-N-50-pa-0.55-pe-1.00,RecursivePUBO,50,50,335,9010,150825,16,0.000106083209017,595.5146973133087,42
M-50-N-50-pa-0.55-pe-1.00,RecursivePUBO With Preprocessing,50,50,334,9006,150825,15,9.945300845350572e-05,596.0345809459686,42
M-50-N-50-pa-0.55-pe-1.00,RecursivePUBO With Adaptive Qubits,50,50,1168,11818,150825,610,0.0040444223437758,1013.589597940445,42
M-50-N-50-pa-0.55-pe-1.00,RecursivePUBO With Preprocessing and Adaptive Qubits,50,50,1132,11678,150825,575,0.003812365324051,996.8959529399872,42
M-50-N-5-pa-0.85-pe-1.00,CardinalitySweep,50,5,49,779,206,205,0.9951456310679612,19.742350101470947,42
M-50-N-5-pa-0.85-pe-1.00,RecursivePUBO,50,5,51,787,206,206,1.0,19.46007466316223,42
M-50-N-5-pa-0.85-pe-1.00,RecursivePUBO With Preprocessing,50,5,51,787,206,206,1.0,19.45057582855225,42
M-50-N-5-pa-0.85-pe-1.00,RecursivePUBO With Adaptive Qubits,50,5,42,590,206,206,1.0,18.1568922996521,42
M-50-N-5-pa-0.85-pe-1.00,RecursivePUBO With Preprocessing and Adaptive Qubits,50,5,42,590,206,206,1.0,18.18808913230896,42
M-50-N-50-pa-0.85-pe-1.00,CardinalitySweep,50,50,338,14269,3271,4,0.0012228676245796,686.0726270675659,42
M-50-N-50-pa-0.85-pe-1.00,RecursivePUBO,50,50,339,14272,3271,1,0.0003057169061449,682.803469657898,42
M-50-N-50-pa-0.85-pe-1.00,RecursivePUBO With Preprocessing,50,50,339,14272,3271,4,0.0012228676245796,683.9258019924164,42
M-50-N-50-pa-0.85-pe-1.00,RecursivePUBO With Adaptive Qubits,50,50,549,14972,3271,727,0.2222561907673494,730.0715796947479,42
M-50-N-50-pa-0.85-pe-1.00,RecursivePUBO With Preprocessing and Adaptive Qubits,50,50,548,14977,3271,736,0.2250076429226536,731.9176535606384,42
M-50-N-5-pa-0.65-pe-1.00,CardinalitySweep,48,5,67,1531,738,401,0.5433604336043361,21.9759418964386,42
M-50-N-5-pa-0.65-pe-1.00,RecursivePUBO,48,5,226,2246,738,725,0.9823848238482384,25.58865189552307,42
M-50-N-5-pa-0.65-pe-1.00,RecursivePUBO With Preprocessing,48,5,228,2251,738,727,0.9850948509485096,25.79554843902588,42
M-50-N-5-pa-0.65-pe-1.00,RecursivePUBO With Adaptive Qubits,48,5,218,1971,738,728,0.986449864498645,23.697516679763797,42
M-50-N-5-pa-0.65-pe-1.00,RecursivePUBO With Preprocessing and Adaptive Qubits,48,5,218,1965,738,722,0.978319783197832,23.74058699607849,42
M-50-N-25-pa-0.55-pe-1.00,CardinalitySweep,50,25,178,5061,40246,142,0.0035283009491626,213.1431279182434,42
M-50-N-25-pa-0.55-pe-1.00,RecursivePUBO,50,25,365,5633,40246,151,0.0037519256572081,266.7608642578125,42
M-50-N-25-pa-0.55-pe-1.00,RecursivePUBO With Preprocessing,50,25,364,5642,40246,154,0.0038264672265566,261.0447418689728,42
M-50-N-25-pa-0.55-pe-1.00,RecursivePUBO With Adaptive Qubits,50,25,677,6570,40246,394,0.0097897927744372,310.7515354156494,42
M-50-N-25-pa-0.55-pe-1.00,RecursivePUBO With Preprocessing and Adaptive Qubits,50,25,693,6645,40246,434,0.0107836803657506,316.0346257686615,42
M-50-N-5-pa-0.25-pe-1.00,CardinalitySweep,39,5,60,1060,1161,424,0.3652024117140396,20.73421335220337,42
M-50-N-5-pa-0.25-pe-1.00,RecursivePUBO,39,5,381,2580,1161,781,0.6726959517657192,26.69702386856079,42
M-50-N-5-pa-0.25-pe-1.00,RecursivePUBO With Preprocessing,39,5,396,2630,1161,788,0.6787252368647717,26.841005086898804,42
M-50-N-5-pa-0.25-pe-1.00,RecursivePUBO With Adaptive Qubits,39,5,392,2559,1161,811,0.6985357450473729,25.42639684677124,42
M-50-N-5-pa-0.25-pe-1.00,RecursivePUBO With Preprocessing and Adaptive Qubits,39,5,384,2529,1161,802,0.6907838070628768,25.33445906639099,42
M-50-N-25-pa-0.05-pe-1.00,CardinalitySweep,41,25,68,931,6096,364,0.0597112860892388,47.71388816833496,42
M-50-N-25-pa-0.05-pe-1.00,RecursivePUBO,41,25,981,3814,6096,155,0.0254265091863517,160.07193756103516,42
M-50-N-25-pa-0.05-pe-1.00,RecursivePUBO With Preprocessing,41,25,1014,3918,6096,160,0.0262467191601049,117.38215565681458,42
M-50-N-25-pa-0.05-pe-1.00,RecursivePUBO With Adaptive Qubits,41,25,974,3790,6096,153,0.0250984251968503,159.27784132957458,42
M-50-N-25-pa-0.05-pe-1.00,RecursivePUBO With Preprocessing and Adaptive Qubits,41,25,996,3862,6096,160,0.0262467191601049,116.45047855377196,42
M-50-N-10-pa-0.05-pe-1.00,CardinalitySweep,21,10,33,249,228,228,1.0,8.812185525894165,42
M-50-N-10-pa-0.05-pe-1.00,RecursivePUBO,21,10,665,2335,228,228,1.0,41.82000780105591,42
M-50-N-10-pa-0.05-pe-1.00,RecursivePUBO With Preprocessing,21,10,665,2335,228,228,1.0,15.26008939743042,42
M-50-N-10-pa-0.05-pe-1.00,RecursivePUBO With Adaptive Qubits,21,10,665,2335,228,228,1.0,41.62394404411316,42
M-50-N-10-pa-0.05-pe-1.00,RecursivePUBO With Preprocessing and Adaptive Qubits,21,10,665,2335,228,228,1.0,15.25645637512207,42
M-50-N-10-pa-0.55-pe-1.00,CardinalitySweep,50,10,101,2737,6655,626,0.0940646130728775,59.992844104766846,42
M-50-N-10-pa-0.55-pe-1.00,RecursivePUBO,50,10,587,4685,6655,1021,0.1534184823441021,103.07123160362244,42
M-50-N-10-pa-0.55-pe-1.00,RecursivePUBO With Preprocessing,50,10,596,4675,6655,1010,0.1517655897821187,103.92915940284728,42
M-50-N-10-pa-0.55-pe-1.00,RecursivePUBO With Adaptive Qubits,50,10,698,4764,6655,1170,0.1758076634109692,101.57321643829346,42
M-50-N-10-pa-0.55-pe-1.00,RecursivePUBO With Preprocessing and Adaptive Qubits,50,10,693,4763,6655,1176,0.176709241172051,100.82075905799866,42
M-50-N-50-pa-0.05-pe-1.00,CardinalitySweep,45,48,74,1095,3628,616,0.1697905181918412,54.94772529602051,42
M-50-N-50-pa-0.05-pe-1.00,RecursivePUBO,45,48,2670,9156,3628,286,0.0788313120176405,376.820152759552,42
M-50-N-50-pa-0.05-pe-1.00,RecursivePUBO With Preprocessing,45,48,2758,9421,3628,287,0.0791069459757442,290.53399991989136,42
M-50-N-50-pa-0.05-pe-1.00,RecursivePUBO With Adaptive Qubits,45,48,2688,9200,3628,276,0.0760749724366041,379.2595012187958,42
M-50-N-50-pa-0.05-pe-1.00,RecursivePUBO With Preprocessing and Adaptive Qubits,45,48,2778,9490,3628,296,0.0815876515986769,292.7027838230133,42
M-50-N-50-pa-0.65-pe-1.00,CardinalitySweep,50,50,321,10489,60583,5,8.253140319891719e-05,619.069061756134,42
M-50-N-50-pa-0.65-pe-1.00,RecursivePUBO,50,50,335,10531,60583,8,0.0001320502451182,615.353696346283,42
M-50-N-50-pa-0.65-pe-1.00,RecursivePUBO With Preprocessing,50,50,323,10495,60583,1,1.6506280639783436e-05,616.3959958553314,42
M-50-N-50-pa-0.65-pe-1.00,RecursivePUBO With Adaptive Qubits,50,50,958,12595,60583,455,0.0075103576911014,941.401449918747,42
M-50-N-50-pa-0.65-pe-1.00,RecursivePUBO With Preprocessing and Adaptive Qubits,50,50,980,12652,60583,466,0.007691926778139,952.1169962882996,42
M-50-N-50-pa-0.95-pe-1.00,CardinalitySweep,50,41,224,8836,871,32,0.0367393800229621,311.7188837528229,42
M-50-N-50-pa-0.95-pe-1.00,RecursivePUBO,50,41,224,8836,871,33,0.0378874856486796,311.32818508148193,42
M-50-N-50-pa-0.95-pe-1.00,RecursivePUBO With Preprocessing,50,41,224,8836,871,27,0.0309988518943742,310.64160227775574,42
M-50-N-50-pa-0.95-pe-1.00,RecursivePUBO With Adaptive Qubits,50,41,194,7446,871,775,0.8897818599311137,259.06239914894104,42
M-50-N-50-pa-0.95-pe-1.00,RecursivePUBO With Preprocessing and Adaptive Qubits,50,41,194,7446,871,769,0.8828932261768083,258.52864384651184,42
M-50-N-50-pa-0.35-pe-1.00,CardinalitySweep,50,50,287,5930,2427808,44,1.8123344185372154e-05,502.0528428554535,42
M-50-N-50-pa-0.35-pe-1.00,RecursivePUBO,50,50,371,6187,2427808,25,1.0297354650779631e-05,553.619122505188,42
M-50-N-50-pa-0.35-pe-1.00,RecursivePUBO With Preprocessing,50,50,375,6199,2427808,27,1.1121143022842004e-05,543.3318071365356,42
M-50-N-50-pa-0.35-pe-1.00,RecursivePUBO With Adaptive Qubits,50,50,420,6335,2427808,38,1.5651979069185042e-05,543.9971075057983,42
M-50-N-50-pa-0.35-pe-1.00,RecursivePUBO With Preprocessing and Adaptive Qubits,50,50,399,6270,2427808,32,1.318061395299793e-05,531.666720867157,42
M-50-N-10-pa-0.65-pe-1.00,CardinalitySweep,50,10,105,3163,2963,454,0.1532230847114411,62.44920468330383,42
M-50-N-10-pa-0.65-pe-1.00,RecursivePUBO,50,10,473,4533,2963,908,0.3064461694228822,94.05838465690611,42
M-50-N-10-pa-0.65-pe-1.00,RecursivePUBO With Preprocessing,50,10,475,4560,2963,943,0.3182585217684779,94.5063979625702,42
M-50-N-10-pa-0.65-pe-1.00,RecursivePUBO With Adaptive Qubits,50,10,527,4365,2963,1214,0.4097198785015187,89.05882024765015,42
M-50-N-10-pa-0.65-pe-1.00,RecursivePUBO With Preprocessing and Adaptive Qubits,50,10,546,4394,2963,1200,0.4049949375632805,90.1320025920868,42
M-50-N-10-pa-0.25-pe-1.00,CardinalitySweep,47,10,87,1609,25672,949,0.0369663446556559,50.89141750335693,42
M-50-N-10-pa-0.25-pe-1.00,RecursivePUBO,47,10,1074,5267,25672,1003,0.0390698036771579,120.71307063102722,42
M-50-N-10-pa-0.25-pe-1.00,RecursivePUBO With Preprocessing,47,10,1026,5110,25672,977,0.0380570271112496,117.09277987480164,42
M-50-N-10-pa-0.25-pe-1.00,RecursivePUBO With Adaptive Qubits,47,10,1068,5267,25672,1022,0.0398099096291679,118.24265456199646,42
M-50-N-10-pa-0.25-pe-1.00,RecursivePUBO With Preprocessing and Adaptive Qubits,47,10,1040,5145,25672,984,0.038329697725148,115.97666263580322,42
M-50-N-25-pa-0.45-pe-1.00,CardinalitySweep,50,25,175,4355,128411,225,0.0017521863391765,194.98034715652463,42
M-50-N-25-pa-0.45-pe-1.00,RecursivePUBO,50,25,443,5198,128411,177,0.0013783865868188,264.4102096557617,42
M-50-N-25-pa-0.45-pe-1.00,RecursivePUBO With Preprocessing,50,25,432,5169,128411,178,0.0013861740816596,261.5557379722595,42
M-50-N-25-pa-0.45-pe-1.00,RecursivePUBO With Adaptive Qubits,50,25,614,5803,128411,327,0.0025465108129365,289.3719172477722,42
M-50-N-25-pa-0.45-pe-1.00,RecursivePUBO With Preprocessing and Adaptive Qubits,50,25,658,5957,128411,367,0.0028580106065679,302.06503534317017,42
M-50-N-5-pa-0.45-pe-1.00,CardinalitySweep,48,5,71,1671,1229,453,0.3685923515052888,22.313445806503296,42
M-50-N-5-pa-0.45-pe-1.00,RecursivePUBO,48,5,376,3156,1229,1052,0.8559804719283971,29.675280570983887,42
M-50-N-5-pa-0.45-pe-1.00,RecursivePUBO With Preprocessing,48,5,373,3140,1229,1042,0.8478437754271766,29.67932677268982,42
M-50-N-5-pa-0.45-pe-1.00,RecursivePUBO With Adaptive Qubits,48,5,364,2907,1229,1048,0.8527257933279089,27.72244954109192,42
M-50-N-5-pa-0.45-pe-1.00,RecursivePUBO With Preprocessing and Adaptive Qubits,48,5,359,2879,1229,1030,0.8380797396257119,27.647558212280277,42
M-50-N-5-pa-0.55-pe-1.00,CardinalitySweep,48,5,70,1690,1027,434,0.4225900681596884,22.29282593727112,42
M-50-N-5-pa-0.55-pe-1.00,RecursivePUBO,48,5,287,2758,1027,920,0.8958130477117819,26.919955730438232,42
M-50-N-5-pa-0.55-pe-1.00,RecursivePUBO With Preprocessing,48,5,286,2762,1027,923,0.8987341772151899,26.715330839157104,42
M-50-N-5-pa-0.55-pe-1.00,RecursivePUBO With Adaptive Qubits,48,5,269,2444,1027,920,0.8958130477117819,24.678093910217285,42
M-50-N-5-pa-0.55-pe-1.00,RecursivePUBO With Preprocessing and Adaptive Qubits,48,5,273,2460,1027,924,0.8997078870496592,24.8333420753479,42
M-50-N-5-pa-0.35-pe-1.00,CardinalitySweep,44,5,65,1342,1480,607,0.4101351351351351,21.4458110332489,42
M-50-N-5-pa-0.35-pe-1.00,RecursivePUBO,44,5,424,3048,1480,1013,0.6844594594594594,29.71151614189148,42
M-50-N-5-pa-0.35-pe-1.00,RecursivePUBO With Preprocessing,44,5,421,3035,1480,1009,0.6817567567567567,29.628968238830566,42
M-50-N-5-pa-0.35-pe-1.00,RecursivePUBO With Adaptive Qubits,44,5,421,2894,1480,1006,0.6797297297297298,28.140320301055908,42
M-50-N-5-pa-0.35-pe-1.00,RecursivePUBO With Preprocessing and Adaptive Qubits,44,5,416,2879,1480,1000,0.6756756756756757,27.94486355781555,42
M-50-N-25-pa-0.95-pe-1.00,CardinalitySweep,50,21,119,2996,398,220,0.5527638190954773,113.15791010856628,42
M-50-N-25-pa-0.95-pe-1.00,RecursivePUBO,50,21,119,2996,398,228,0.5728643216080402,113.21271395683289,42
M-50-N-25-pa-0.95-pe-1.00,RecursivePUBO With Preprocessing,50,21,119,2996,398,246,0.6180904522613065,112.84658694267272,42
M-50-N-25-pa-0.95-pe-1.00,RecursivePUBO With Adaptive Qubits,50,21,119,2996,398,395,0.992462311557789,101.77163624763487,42
M-50-N-25-pa-0.95-pe-1.00,RecursivePUBO With Preprocessing and Adaptive Qubits,50,21,119,2996,398,395,0.992462311557789,101.64239692687988,42
M-50-N-25-pa-0.25-pe-1.00,CardinalitySweep,50,25,149,2613,1080958,774,0.0007160315201885,163.90552926063538,42
M-50-N-25-pa-0.25-pe-1.00,RecursivePUBO,50,25,760,4642,1080958,301,0.0002784567022955,312.53691482543945,42
M-50-N-25-pa-0.25-pe-1.00,RecursivePUBO With Preprocessing,50,25,774,4683,1080958,302,0.0002793818076187,307.73277616500854,42
M-50-N-25-pa-0.25-pe-1.00,RecursivePUBO With Adaptive Qubits,50,25,753,4650,1080958,321,0.0002969588087603,306.0433523654938,42
M-50-N-25-pa-0.25-pe-1.00,RecursivePUBO With Preprocessing and Adaptive Qubits,50,25,830,4867,1080958,322,0.0002978839140836,314.5564384460449,42
M-50-N-25-pa-0.75-pe-1.00,CardinalitySweep,50,25,199,7234,4916,58,0.0117982099267697,266.5124526023865,42
M-50-N-25-pa-0.75-pe-1.00,RecursivePUBO,50,25,243,7368,4916,80,0.016273393002441,244.2524175643921,42
M-50-N-25-pa-0.75-pe-1.00,RecursivePUBO With Preprocessing,50,25,239,7355,4916,69,0.0140358014646053,242.98245000839236,42
M-50-N-25-pa-0.75-pe-1.00,RecursivePUBO With Adaptive Qubits,50,25,512,7360,4916,743,0.1511391375101708,285.3664767742157,42
M-50-N-25-pa-0.75-pe-1.00,RecursivePUBO With Preprocessing and Adaptive Qubits,50,25,499,7317,4916,722,0.1468673718470301,281.82580757141113,42
M-50-N-50-pa-0.75-pe-1.00,CardinalitySweep,50,50,347,13030,15290,4,0.0002616088947024,689.2460193634033,42
M-50-N-50-pa-0.75-pe-1.00,RecursivePUBO,50,50,353,13048,15290,7,0.0004578155657292,677.810465335846,42
M-50-N-50-pa-0.75-pe-1.00,RecursivePUBO With Preprocessing,50,50,349,13036,15290,2,0.0001308044473512,681.056084394455,42
M-50-N-50-pa-0.75-pe-1.00,RecursivePUBO With Adaptive Qubits,50,50,796,14616,15290,705,0.0461085676913015,898.5490531921387,42
M-50-N-50-pa-0.75-pe-1.00,RecursivePUBO With Preprocessing and Adaptive Qubits,50,50,781,14606,15290,721,0.0471550032701111,896.6137254238129,42
M-50-N-10-pa-0.35-pe-1.00,CardinalitySweep,49,10,94,2045,13697,776,0.0566547419142878,54.85438585281372,42
M-50-N-10-pa-0.35-pe-1.00,RecursivePUBO,49,10,1056,5601,13697,1045,0.0762940789954004,125.00652837753296,42
M-50-N-10-pa-0.35-pe-1.00,RecursivePUBO With Preprocessing,49,10,1080,5657,13697,1045,0.0762940789954004,127.15840816497804,42
M-50-N-10-pa-0.35-pe-1.00,RecursivePUBO With Adaptive Qubits,49,10,1187,5945,13697,1146,0.0836679564868219,129.34992218017578,42
M-50-N-10-pa-0.35-pe-1.00,RecursivePUBO With Preprocessing and Adaptive Qubits,49,10,1097,5681,13697,1119,0.0816967219099072,123.85583519935608,42
M-50-N-5-pa-0.95-pe-1.00,CardinalitySweep,50,5,32,305,98,98,1.0,17.676021337509155,42
M-50-N-5-pa-0.95-pe-1.00,RecursivePUBO,50,5,32,305,98,98,1.0,17.452884912490845,42
M-50-N-5-pa-0.95-pe-1.00,RecursivePUBO With Preprocessing,50,5,32,305,98,98,1.0,17.456668615341187,42
M-50-N-5-pa-0.95-pe-1.00,RecursivePUBO With Adaptive Qubits,50,5,28,249,98,98,1.0,16.847527027130127,42
M-50-N-5-pa-0.95-pe-1.00,RecursivePUBO With Preprocessing and Adaptive Qubits,50,5,28,249,98,98,1.0,16.92775058746338,42
M-50-N-10-pa-0.45-pe-1.00,CardinalitySweep,50,10,100,2510,11898,826,0.0694234325096654,57.230486154556274,42
M-50-N-10-pa-0.45-pe-1.00,RecursivePUBO,50,10,740,4972,11898,1102,0.0926206085056312,109.85726571083067,42
M-50-N-10-pa-0.45-pe-1.00,RecursivePUBO With Preprocessing,50,10,746,4968,11898,1079,0.0906875105059673,110.17548298835754,42
M-50-N-10-pa-0.45-pe-1.00,RecursivePUBO With Adaptive Qubits,50,10,819,5015,11898,1164,0.0978315683308119,110.21475911140442,42
M-50-N-10-pa-0.45-pe-1.00,RecursivePUBO With Preprocessing and Adaptive Qubits,50,10,836,5084,11898,1208,0.1015296688519078,111.303448677063,42
M-50-N-10-pa-0.95-pe-1.00,CardinalitySweep,50,9,44,542,137,137,1.0,28.11816453933716,42
M-50-N-10-pa-0.95-pe-1.00,RecursivePUBO,50,9,44,542,137,137,1.0,27.65625810623169,42
M-50-N-10-pa-0.95-pe-1.00,RecursivePUBO With Preprocessing,50,9,44,542,137,137,1.0,27.58789825439453,42
M-50-N-10-pa-0.95-pe-1.00,RecursivePUBO With Adaptive Qubits,50,9,37,426,137,137,1.0,26.413278818130493,42
M-50-N-10-pa-0.95-pe-1.00,RecursivePUBO With Preprocessing and Adaptive Qubits,50,9,37,426,137,137,1.0,26.586177587509155,42
M-50-N-50-pa-0.15-pe-1.00,CardinalitySweep,50,50,206,2603,13977897,244,1.745613091869256e-05,357.8631944656372,42
M-50-N-50-pa-0.15-pe-1.00,RecursivePUBO,50,50,1420,6338,13977897,165,1.1804350826165052e-05,889.2257058620453,42
M-50-N-50-pa-0.15-pe-1.00,RecursivePUBO With Preprocessing,50,50,1530,6686,13977897,181,1.2949015148702269e-05,911.3808877468108,42
M-50-N-50-pa-0.15-pe-1.00,RecursivePUBO With Adaptive Qubits,50,50,1311,6003,13977897,148,1.0588144983469258e-05,847.3144631385803,42
M-50-N-50-pa-0.15-pe-1.00,RecursivePUBO With Preprocessing and Adaptive Qubits,50,50,1409,6315,13977897,164,1.1732809306006477e-05,860.9809954166412,42
M-50-N-25-pa-0.85-pe-1.00,CardinalitySweep,50,25,197,7522,1192,53,0.0444630872483221,239.1416459083557,42
M-50-N-25-pa-0.85-pe-1.00,RecursivePUBO,50,25,200,7531,1192,50,0.0419463087248322,235.01058959960935,42
M-50-N-25-pa-0.85-pe-1.00,RecursivePUBO With Preprocessing,50,25,205,7546,1192,65,0.0545302013422818,235.00205183029172,42
M-50-N-25-pa-0.85-pe-1.00,RecursivePUBO With Adaptive Qubits,50,25,279,6739,1192,762,0.639261744966443,223.1842963695526,42
M-50-N-25-pa-0.85-pe-1.00,RecursivePUBO With Preprocessing and Adaptive Qubits,50,25,273,6735,1192,774,0.6493288590604027,222.08584022521973,42
M-50-N-5-pa-0.15-pe-1.00,CardinalitySweep,34,5,50,715,4336,689,0.1589022140221402,14.534714460372925,42
M-50-N-5-pa-0.15-pe-1.00,RecursivePUBO,34,5,428,2271,4336,1107,0.2553044280442804,23.86909127235413,42
M-50-N-5-pa-0.15-pe-1.00,RecursivePUBO With Preprocessing,34,5,430,2263,4336,1050,0.2421586715867158,19.110215187072757,42
M-50-N-5-pa-0.15-pe-1.00,RecursivePUBO With Adaptive Qubits,34,5,428,2256,4336,1094,0.2523062730627306,23.3204357624054,42
M-50-N-5-pa-0.15-pe-1.00,RecursivePUBO With Preprocessing and Adaptive Qubits,34,5,428,2266,4336,1105,0.2548431734317343,18.773721933364868,42
M-50-N-25-pa-0.35-pe-1.00,CardinalitySweep,50,25,167,3586,369577,388,0.0010498488812886,183.3985447883606,42
M-50-N-25-pa-0.35-pe-1.00,RecursivePUBO,50,25,649,5157,369577,261,0.0007062127783925,300.18339920043945,42
M-50-N-25-pa-0.35-pe-1.00,RecursivePUBO With Preprocessing,50,25,610,5026,369577,238,0.0006439794684193,290.82416820526123,42
M-50-N-25-pa-0.35-pe-1.00,RecursivePUBO With Adaptive Qubits,50,25,655,5225,369577,313,0.0008469141748539,292.0761685371399,42
M-50-N-25-pa-0.35-pe-1.00,RecursivePUBO With Preprocessing and Adaptive Qubits,50,25,672,5275,369577,316,0.0008550315631113,295.96706199646,42
M-50-N-25-pa-0.15-pe-1.00,CardinalitySweep,50,25,127,1937,2481817,1351,0.0005443592335776,128.50318598747253,42
M-50-N-25-pa-0.15-pe-1.00,RecursivePUBO,50,25,2579,9611,2481817,510,0.000205494603349,573.4001040458679,42
M-50-N-25-pa-0.15-pe-1.00,RecursivePUBO With Preprocessing,50,25,2662,9868,2481817,533,0.0002147620070295,573.3842351436615,42
M-50-N-25-pa-0.15-pe-1.00,RecursivePUBO With Adaptive Qubits,50,25,2464,9259,2481817,501,0.0002018682279958,550.5610177516937,42
M-50-N-25-pa-0.15-pe-1.00,RecursivePUBO With Preprocessing and Adaptive Qubits,50,25,2361,8928,2481817,472,0.0001901832407465,513.4388313293457,42
M-50-N-10-pa-0.75-pe-1.00,CardinalitySweep,50,10,101,2979,1203,407,0.3383208645054031,60.374637842178345,42
M-50-N-10-pa-0.75-pe-1.00,RecursivePUBO,50,10,289,3666,1203,684,0.5685785536159601,76.63299083709717,42
M-50-N-10-pa-0.75-pe-1.00,RecursivePUBO With Preprocessing,50,10,283,3649,1203,677,0.5627597672485453,76.25829243659973,42
M-50-N-10-pa-0.75-pe-1.00,RecursivePUBO With Adaptive Qubits,50,10,330,3385,1203,970,0.8063175394846218,71.52756643295288,42
M-50-N-10-pa-0.75-pe-1.00,RecursivePUBO With Preprocessing and Adaptive Qubits,50,10,325,3357,1203,957,0.7955112219451371,71.04212689399719,42
M-50-N-5-pa-0.75-pe-1.00,CardinalitySweep,50,5,67,1561,842,429,0.5095011876484561,21.953653812408447,42
M-50-N-5-pa-0.75-pe-1.00,RecursivePUBO,50,5,246,2403,842,821,0.9750593824228028,26.151576042175293,42
M-50-N-5-pa-0.75-pe-1.00,RecursivePUBO With Preprocessing,50,5,245,2389,842,809,0.9608076009501187,25.94474935531616,42
M-50-N-5-pa-0.75-pe-1.00,RecursivePUBO With Adaptive Qubits,50,5,236,2107,842,820,0.973871733966746,23.980327367782596,42
M-50-N-5-pa-0.75-pe-1.00,RecursivePUBO With Preprocessing and Adaptive Qubits,50,5,236,2104,842,819,0.9726840855106887,23.875575065612797,42
M-50-N-25-pa-0.65-pe-1.00,CardinalitySweep,50,25,186,5905,16514,125,0.0075693351096039,221.91161179542544,42
M-50-N-25-pa-0.65-pe-1.00,RecursivePUBO,50,25,307,6283,16514,142,0.0085987646845101,252.67939066886905,42
M-50-N-25-pa-0.65-pe-1.00,RecursivePUBO With Preprocessing,50,25,296,6250,16514,125,0.0075693351096039,249.2684850692749,42
M-50-N-25-pa-0.65-pe-1.00,RecursivePUBO With Adaptive Qubits,50,25,483,6493,16514,395,0.0239190989463485,271.0002589225769,42
M-50-N-25-pa-0.65-pe-1.00,RecursivePUBO With Preprocessing and Adaptive Qubits,50,25,499,6554,16514,399,0.0241613176698558,274.70606684684753,42
M-50-N-10-pa-0.15-pe-1.00,CardinalitySweep,39,10,70,1006,10501,784,0.0746595562327397,41.65392017364502,42
M-50-N-10-pa-0.15-pe-1.00,RecursivePUBO,39,10,1056,4380,10501,549,0.0522807351680792,97.58703660964966,42
M-50-N-10-pa-0.15-pe-1.00,RecursivePUBO With Preprocessing,39,10,1068,4422,10501,557,0.0530425673745357,92.53947925567628,42
M-50-N-10-pa-0.15-pe-1.00,RecursivePUBO With Adaptive Qubits,39,10,1071,4443,10501,569,0.0541853156842205,97.68860507011414,42
M-50-N-10-pa-0.15-pe-1.00,RecursivePUBO With Preprocessing and Adaptive Qubits,39,10,1039,4326,10501,550,0.0523759641938863,91.38706231117249,42
M-50-N-10-pa-0.85-pe-1.00,CardinalitySweep,50,10,107,3517,919,419,0.455930359085963,62.66717767715454,42
M-50-N-10-pa-0.85-pe-1.00,RecursivePUBO,50,10,149,3647,919,477,0.5190424374319913,64.90364384651184,42
M-50-N-10-pa-0.85-pe-1.00,RecursivePUBO With Preprocessing,50,10,143,3632,919,470,0.5114254624591947,64.39842462539673,42
M-50-N-10-pa-0.85-pe-1.00,RecursivePUBO With Adaptive Qubits,50,10,179,2994,919,827,0.8998911860718172,58.306381702423096,42
M-50-N-10-pa-0.85-pe-1.00,RecursivePUBO With Preprocessing and Adaptive Qubits,50,10,180,2999,919,830,0.9031556039173014,58.40301299095154,42
M-50-N-50-pa-0.45-pe-1.00,CardinalitySweep,50,50,300,7425,614442,16,2.6039886596293878e-05,537.3496866226196,42
M-50-N-50-pa-0.45-pe-1.00,RecursivePUBO,50,50,372,7642,614442,25,4.068732280670918e-05,580.6959562301636,42
M-50-N-50-pa-0.45-pe-1.00,RecursivePUBO With Preprocessing,50,50,340,7545,614442,15,2.4412393684025503e-05,556.3560478687286,42
M-50-N-50-pa-0.45-pe-1.00,RecursivePUBO With Adaptive Qubits,50,50,428,7823,614442,67,0.0001090420251219,584.1945314407349,42
M-50-N-50-pa-0.45-pe-1.00,RecursivePUBO With Preprocessing and Adaptive Qubits,50,50,436,7854,614442,78,0.0001269444471569,591.799379825592,42
M-5-N-10-pa-0.05-pe-1.00,CardinalitySweep,5,5,5,10,1,1,1.0,0.5887088775634766,690
M-5-N-10-pa-0.05-pe-1.00,RecursivePUBO,5,5,5,10,1,1,1.0,0.3016877174377441,690
M-5-N-10-pa-0.05-pe-1.00,RecursivePUBO With Preprocessing,5,5,5,10,1,1,1.0,0.1542539596557617,690
M-5-N-10-pa-0.05-pe-1.00,RecursivePUBO With Adaptive Qubits,5,5,5,10,1,1,1.0,0.3121926784515381,690
M-5-N-10-pa-0.05-pe-1.00,RecursivePUBO With Preprocessing and Adaptive Qubits,5,5,5,10,1,1,1.0,0.1518981456756591,690
M-5-N-5-pa-0.85-pe-1.00,CardinalitySweep,5,4,6,10,5,5,1.0,0.1641676425933838,690
M-5-N-5-pa-0.85-pe-1.00,RecursivePUBO,5,4,6,10,5,5,1.0,0.1615135669708252,690
M-5-N-5-pa-0.85-pe-1.00,RecursivePUBO With Preprocessing,5,4,6,10,5,5,1.0,0.1639316082000732,690
M-5-N-5-pa-0.85-pe-1.00,RecursivePUBO With Adaptive Qubits,5,4,6,10,5,5,1.0,0.1647284030914306,690
M-5-N-5-pa-0.85-pe-1.00,RecursivePUBO With Preprocessing and Adaptive Qubits,5,4,6,10,5,5,1.0,0.1657814979553222,690
M-5-N-25-pa-0.75-pe-1.00,CardinalitySweep,5,12,10,20,3,3,1.0,0.8721508979797363,690
M-5-N-25-pa-0.75-pe-1.00,RecursivePUBO,5,12,12,26,3,3,1.0,0.907768487930298,690
M-5-N-25-pa-0.75-pe-1.00,RecursivePUBO With Preprocessing,5,12,12,26,3,3,1.0,0.926389217376709,690
M-5-N-25-pa-0.75-pe-1.00,RecursivePUBO With Adaptive Qubits,5,12,12,26,3,3,1.0,0.9166967868804932,690
M-5-N-25-pa-0.75-pe-1.00,RecursivePUBO With Preprocessing and Adaptive Qubits,5,12,12,26,3,3,1.0,0.94334077835083,690
M-5-N-10-pa-0.35-pe-1.00,CardinalitySweep,5,9,6,12,2,2,1.0,0.1861755847930908,690
M-5-N-10-pa-0.35-pe-1.00,RecursivePUBO,5,9,6,12,2,2,1.0,0.4888873100280761,690
M-5-N-10-pa-0.35-pe-1.00,RecursivePUBO With Preprocessing,5,9,6,12,2,2,1.0,0.1697094440460205,690
M-5-N-10-pa-0.35-pe-1.00,RecursivePUBO With Adaptive Qubits,5,9,6,12,2,2,1.0,0.5015432834625244,690
M-5-N-10-pa-0.35-pe-1.00,RecursivePUBO With Preprocessing and Adaptive Qubits,5,9,6,12,2,2,1.0,0.1683852672576904,690
M-5-N-50-pa-0.65-pe-1.00,CardinalitySweep,5,23,5,10,1,1,1.0,0.1526131629943847,690
M-5-N-50-pa-0.65-pe-1.00,RecursivePUBO,5,23,5,10,1,1,1.0,0.300046443939209,690
M-5-N-50-pa-0.65-pe-1.00,RecursivePUBO With Preprocessing,5,23,5,10,1,1,1.0,0.1573700904846191,690
M-5-N-50-pa-0.65-pe-1.00,RecursivePUBO With Adaptive Qubits,5,23,5,10,1,1,1.0,0.3047573566436767,690
M-5-N-50-pa-0.65-pe-1.00,RecursivePUBO With Preprocessing and Adaptive Qubits,5,23,5,10,1,1,1.0,0.1502974033355713,690
M-5-N-50-pa-0.45-pe-1.00,CardinalitySweep,5,29,5,10,1,1,1.0,0.1547279357910156,690
M-5-N-50-pa-0.45-pe-1.00,RecursivePUBO,5,29,5,10,1,1,1.0,0.6104795932769775,690
M-5-N-50-pa-0.45-pe-1.00,RecursivePUBO With Preprocessing,5,29,5,10,1,1,1.0,0.154383897781372,690
M-5-N-50-pa-0.45-pe-1.00,RecursivePUBO With Adaptive Qubits,5,29,5,10,1,1,1.0,0.5938680171966553,690
M-5-N-50-pa-0.45-pe-1.00,RecursivePUBO With Preprocessing and Adaptive Qubits,5,29,5,10,1,1,1.0,0.1547091007232666,690
M-5-N-25-pa-0.25-pe-1.00,CardinalitySweep,5,12,5,10,1,1,1.0,0.1550283432006836,690
M-5-N-25-pa-0.25-pe-1.00,RecursivePUBO,5,12,5,10,1,1,1.0,0.5945491790771484,690
M-5-N-25-pa-0.25-pe-1.00,RecursivePUBO With Preprocessing,5,12,5,10,1,1,1.0,0.1541352272033691,690
M-5-N-25-pa-0.25-pe-1.00,RecursivePUBO With Adaptive Qubits,5,12,5,10,1,1,1.0,0.6063809394836426,690
M-5-N-25-pa-0.25-pe-1.00,RecursivePUBO With Preprocessing and Adaptive Qubits,5,12,5,10,1,1,1.0,0.156421422958374,690
M-5-N-50-pa-0.05-pe-1.00,CardinalitySweep,5,8,5,10,1,1,1.0,0.1605560779571533,690
M-5-N-50-pa-0.05-pe-1.00,RecursivePUBO,5,8,5,10,1,1,1.0,0.5980806350708008,690
M-5-N-50-pa-0.05-pe-1.00,RecursivePUBO With Preprocessing,5,8,5,10,1,1,1.0,0.1605150699615478,690
M-5-N-50-pa-0.05-pe-1.00,RecursivePUBO With Adaptive Qubits,5,8,5,10,1,1,1.0,0.6121335029602051,690
M-5-N-50-pa-0.05-pe-1.00,RecursivePUBO With Preprocessing and Adaptive Qubits,5,8,5,10,1,1,1.0,0.1607913970947265,690
M-5-N-25-pa-0.05-pe-1.00,CardinalitySweep,5,10,5,10,1,1,1.0,0.15714693069458,690
M-5-N-25-pa-0.05-pe-1.00,RecursivePUBO,5,10,5,10,1,1,1.0,0.6003210544586182,690
M-5-N-25-pa-0.05-pe-1.00,RecursivePUBO With Preprocessing,5,10,5,10,1,1,1.0,0.1634950637817382,690
M-5-N-25-pa-0.05-pe-1.00,RecursivePUBO With Adaptive Qubits,5,10,5,10,1,1,1.0,0.6042633056640625,690
M-5-N-25-pa-0.05-pe-1.00,RecursivePUBO With Preprocessing and Adaptive Qubits,5,10,5,10,1,1,1.0,0.1580371856689453,690
M-5-N-5-pa-0.75-pe-1.00,CardinalitySweep,5,5,9,22,6,6,1.0,0.4203245639801025,690
M-5-N-5-pa-0.75-pe-1.00,RecursivePUBO,5,5,9,22,6,6,1.0,0.4153568744659424,690
M-5-N-5-pa-0.75-pe-1.00,RecursivePUBO With Preprocessing,5,5,9,22,6,6,1.0,0.4215431213378906,690
M-5-N-5-pa-0.75-pe-1.00,RecursivePUBO With Adaptive Qubits,5,5,9,22,6,6,1.0,0.3992199897766113,690
M-5-N-5-pa-0.75-pe-1.00,RecursivePUBO With Preprocessing and Adaptive Qubits,5,5,9,22,6,6,1.0,0.3933939933776855,690
M-5-N-25-pa-0.85-pe-1.00,CardinalitySweep,5,10,15,47,7,7,1.0,1.1414930820465088,690
M-5-N-25-pa-0.85-pe-1.00,RecursivePUBO,5,10,16,50,7,7,1.0,1.162055492401123,690
M-5-N-25-pa-0.85-pe-1.00,RecursivePUBO With Preprocessing,5,10,16,50,7,7,1.0,1.1741273403167725,690
M-5-N-25-pa-0.85-pe-1.00,RecursivePUBO With Adaptive Qubits,5,10,16,50,7,7,1.0,1.093069553375244,690
M-5-N-25-pa-0.85-pe-1.00,RecursivePUBO With Preprocessing and Adaptive Qubits,5,10,16,50,7,7,1.0,1.1044471263885498,690
M-5-N-50-pa-0.55-pe-1.00,CardinalitySweep,5,24,5,10,1,1,1.0,0.1535935401916504,690
M-5-N-50-pa-0.55-pe-1.00,RecursivePUBO,5,24,5,10,1,1,1.0,0.4505870342254638,690
M-5-N-50-pa-0.55-pe-1.00,RecursivePUBO With Preprocessing,5,24,5,10,1,1,1.0,0.1554055213928222,690
M-5-N-50-pa-0.55-pe-1.00,RecursivePUBO With Adaptive Qubits,5,24,5,10,1,1,1.0,0.4546563625335693,690
M-5-N-50-pa-0.55-pe-1.00,RecursivePUBO With Preprocessing and Adaptive Qubits,5,24,5,10,1,1,1.0,0.1617414951324463,690
M-5-N-50-pa-0.35-pe-1.00,CardinalitySweep,5,22,5,10,1,1,1.0,0.1591415405273437,690
M-5-N-50-pa-0.35-pe-1.00,RecursivePUBO,5,22,5,10,1,1,1.0,0.609161376953125,690
M-5-N-50-pa-0.35-pe-1.00,RecursivePUBO With Preprocessing,5,22,5,10,1,1,1.0,0.1606359481811523,690
M-5-N-50-pa-0.35-pe-1.00,RecursivePUBO With Adaptive Qubits,5,22,5,10,1,1,1.0,0.597306489944458,690
M-5-N-50-pa-0.35-pe-1.00,RecursivePUBO With Preprocessing and Adaptive Qubits,5,22,5,10,1,1,1.0,0.1552217006683349,690
M-5-N-5-pa-0.95-pe-1.00,CardinalitySweep,5,1,1,0,5,5,1.0,0.0001745223999023,690
M-5-N-5-pa-0.95-pe-1.00,RecursivePUBO,5,1,1,0,5,5,1.0,0.0001077651977539,690
M-5-N-5-pa-0.95-pe-1.00,RecursivePUBO With Preprocessing,5,1,1,0,5,5,1.0,9.250640869140624e-05,690
M-5-N-5-pa-0.95-pe-1.00,RecursivePUBO With Adaptive Qubits,5,1,1,0,5,5,1.0,8.749961853027344e-05,690
M-5-N-5-pa-0.95-pe-1.00,RecursivePUBO With Preprocessing and Adaptive Qubits,5,1,1,0,5,5,1.0,8.869171142578125e-05,690
M-5-N-5-pa-0.35-pe-1.00,CardinalitySweep,5,5,5,10,1,1,1.0,0.153782844543457,690
M-5-N-5-pa-0.35-pe-1.00,RecursivePUBO,5,5,5,10,1,1,1.0,0.1565346717834472,690
M-5-N-5-pa-0.35-pe-1.00,RecursivePUBO With Preprocessing,5,5,5,10,1,1,1.0,0.1511397361755371,690
M-5-N-5-pa-0.35-pe-1.00,RecursivePUBO With Adaptive Qubits,5,5,5,10,1,1,1.0,0.1540298461914062,690
M-5-N-5-pa-0.35-pe-1.00,RecursivePUBO With Preprocessing and Adaptive Qubits,5,5,5,10,1,1,1.0,0.1522004604339599,690
M-5-N-50-pa-0.25-pe-1.00,CardinalitySweep,5,19,5,10,1,1,1.0,0.153132677078247,690
M-5-N-50-pa-0.25-pe-1.00,RecursivePUBO,5,19,5,10,1,1,1.0,0.6064279079437256,690
M-5-N-50-pa-0.25-pe-1.00,RecursivePUBO With Preprocessing,5,19,5,10,1,1,1.0,0.1615924835205078,690
M-5-N-50-pa-0.25-pe-1.00,RecursivePUBO With Adaptive Qubits,5,19,5,10,1,1,1.0,0.5891380310058594,690
M-5-N-50-pa-0.25-pe-1.00,RecursivePUBO With Preprocessing and Adaptive Qubits,5,19,5,10,1,1,1.0,0.1585888862609863,690
M-5-N-50-pa-0.95-pe-1.00,CardinalitySweep,5,7,13,44,9,9,1.0,0.7877345085144043,690
M-5-N-50-pa-0.95-pe-1.00,RecursivePUBO,5,7,13,44,9,9,1.0,0.7927119731903076,690
M-5-N-50-pa-0.95-pe-1.00,RecursivePUBO With Preprocessing,5,7,13,44,9,9,1.0,0.795426607131958,690
M-5-N-50-pa-0.95-pe-1.00,RecursivePUBO With Adaptive Qubits,5,7,13,44,9,9,1.0,0.7425639629364014,690
M-5-N-50-pa-0.95-pe-1.00,RecursivePUBO With Preprocessing and Adaptive Qubits,5,7,13,44,9,9,1.0,0.7390720844268799,690
M-5-N-50-pa-0.15-pe-1.00,CardinalitySweep,5,16,5,10,1,1,1.0,0.1536998748779297,690
M-5-N-50-pa-0.15-pe-1.00,RecursivePUBO,5,16,5,10,1,1,1.0,0.6060686111450195,690
M-5-N-50-pa-0.15-pe-1.00,RecursivePUBO With Preprocessing,5,16,5,10,1,1,1.0,0.1553261280059814,690
M-5-N-50-pa-0.15-pe-1.00,RecursivePUBO With Adaptive Qubits,5,16,5,10,1,1,1.0,0.5861227512359619,690
M-5-N-50-pa-0.15-pe-1.00,RecursivePUBO With Preprocessing and Adaptive Qubits,5,16,5,10,1,1,1.0,0.1593778133392334,690
M-5-N-10-pa-0.45-pe-1.00,CardinalitySweep,5,10,9,18,2,2,1.0,0.6139438152313232,690
M-5-N-10-pa-0.45-pe-1.00,RecursivePUBO,5,10,11,24,2,2,1.0,0.8673741817474365,690
M-5-N-10-pa-0.45-pe-1.00,RecursivePUBO With Preprocessing,5,10,11,24,2,2,1.0,0.6634705066680908,690
M-5-N-10-pa-0.45-pe-1.00,RecursivePUBO With Adaptive Qubits,5,10,11,24,2,2,1.0,0.8611679077148438,690
M-5-N-10-pa-0.45-pe-1.00,RecursivePUBO With Preprocessing and Adaptive Qubits,5,10,11,24,2,2,1.0,0.6681349277496338,690
M-5-N-50-pa-0.75-pe-1.00,CardinalitySweep,5,14,8,16,4,4,1.0,0.3879299163818359,690
M-5-N-50-pa-0.75-pe-1.00,RecursivePUBO,5,14,8,16,4,4,1.0,0.380901575088501,690
M-5-N-50-pa-0.75-pe-1.00,RecursivePUBO With Preprocessing,5,14,8,16,4,4,1.0,0.3759002685546875,690
M-5-N-50-pa-0.75-pe-1.00,RecursivePUBO With Adaptive Qubits,5,14,8,16,4,4,1.0,0.3799576759338379,690
M-5-N-50-pa-0.75-pe-1.00,RecursivePUBO With Preprocessing and Adaptive Qubits,5,14,8,16,4,4,1.0,0.3726687431335449,690
M-5-N-5-pa-0.45-pe-1.00,CardinalitySweep,4,4,5,8,2,2,1.0,0.1470048427581787,690
M-5-N-5-pa-0.45-pe-1.00,RecursivePUBO,4,4,5,8,2,2,1.0,0.1510114669799804,690
M-5-N-5-pa-0.45-pe-1.00,RecursivePUBO With Preprocessing,4,4,5,8,2,2,1.0,0.1482429504394531,690
M-5-N-5-pa-0.45-pe-1.00,RecursivePUBO With Adaptive Qubits,4,4,5,8,2,2,1.0,0.150458812713623,690
M-5-N-5-pa-0.45-pe-1.00,RecursivePUBO With Preprocessing and Adaptive Qubits,4,4,5,8,2,2,1.0,0.1493055820465088,690
M-5-N-5-pa-0.05-pe-1.00,CardinalitySweep,2,2,2,1,1,1,1.0,0.1211130619049072,690
M-5-N-5-pa-0.05-pe-1.00,RecursivePUBO,2,2,2,1,1,1,1.0,0.1218972206115722,690
M-5-N-5-pa-0.05-pe-1.00,RecursivePUBO With Preprocessing,2,2,2,1,1,1,1.0,0.1238758563995361,690
M-5-N-5-pa-0.05-pe-1.00,RecursivePUBO With Adaptive Qubits,2,2,2,1,1,1,1.0,0.1257200241088867,690
M-5-N-5-pa-0.05-pe-1.00,RecursivePUBO With Preprocessing and Adaptive Qubits,2,2,2,1,1,1,1.0,0.1215431690216064,690
M-5-N-10-pa-0.55-pe-1.00,CardinalitySweep,5,7,11,28,5,5,1.0,0.7045984268188477,690
M-5-N-10-pa-0.55-pe-1.00,RecursivePUBO,5,7,14,37,5,5,1.0,0.7565186023712158,690
M-5-N-10-pa-0.55-pe-1.00,RecursivePUBO With Preprocessing,5,7,14,37,5,5,1.0,0.7442648410797119,690
M-5-N-10-pa-0.55-pe-1.00,RecursivePUBO With Adaptive Qubits,5,7,14,37,5,5,1.0,0.7037889957427979,690
M-5-N-10-pa-0.55-pe-1.00,RecursivePUBO With Preprocessing and Adaptive Qubits,5,7,14,37,5,5,1.0,0.7077126502990723,690
M-5-N-10-pa-0.75-pe-1.00,CardinalitySweep,5,8,12,33,5,5,1.0,0.7494323253631592,690
M-5-N-10-pa-0.75-pe-1.00,RecursivePUBO,5,8,13,36,5,5,1.0,0.7553818225860596,690
M-5-N-10-pa-0.75-pe-1.00,RecursivePUBO With Preprocessing,5,8,13,36,5,5,1.0,0.7556991577148438,690
M-5-N-10-pa-0.75-pe-1.00,RecursivePUBO With Adaptive Qubits,5,8,13,36,5,5,1.0,0.7240869998931885,690
M-5-N-10-pa-0.75-pe-1.00,RecursivePUBO With Preprocessing and Adaptive Qubits,5,8,13,36,5,5,1.0,0.7199809551239014,690
M-5-N-5-pa-0.55-pe-1.00,CardinalitySweep,4,3,4,5,3,3,1.0,0.1416890621185302,690
M-5-N-5-pa-0.55-pe-1.00,RecursivePUBO,4,3,4,5,3,3,1.0,0.1386520862579345,690
M-5-N-5-pa-0.55-pe-1.00,RecursivePUBO With Preprocessing,4,3,4,5,3,3,1.0,0.1392171382904052,690
M-5-N-5-pa-0.55-pe-1.00,RecursivePUBO With Adaptive Qubits,4,3,4,5,3,3,1.0,0.1433937549591064,690
M-5-N-5-pa-0.55-pe-1.00,RecursivePUBO With Preprocessing and Adaptive Qubits,4,3,4,5,3,3,1.0,0.1405098438262939,690
M-5-N-25-pa-0.35-pe-1.00,CardinalitySweep,5,14,5,10,1,1,1.0,0.1495566368103027,690
M-5-N-25-pa-0.35-pe-1.00,RecursivePUBO,5,14,5,10,1,1,1.0,0.4451844692230224,690
M-5-N-25-pa-0.35-pe-1.00,RecursivePUBO With Preprocessing,5,14,5,10,1,1,1.0,0.1553130149841308,690
M-5-N-25-pa-0.35-pe-1.00,RecursivePUBO With Adaptive Qubits,5,14,5,10,1,1,1.0,0.4454641342163086,690
M-5-N-25-pa-0.35-pe-1.00,RecursivePUBO With Preprocessing and Adaptive Qubits,5,14,5,10,1,1,1.0,0.1502480506896972,690
M-5-N-25-pa-0.65-pe-1.00,CardinalitySweep,5,18,7,14,2,2,1.0,0.3651003837585449,690
M-5-N-25-pa-0.65-pe-1.00,RecursivePUBO,5,18,8,17,2,2,1.0,0.5472867488861084,690
M-5-N-25-pa-0.65-pe-1.00,RecursivePUBO With Preprocessing,5,18,8,17,2,2,1.0,0.3627142906188965,690
M-5-N-25-pa-0.65-pe-1.00,RecursivePUBO With Adaptive Qubits,5,18,8,17,2,2,1.0,0.5504543781280518,690
M-5-N-25-pa-0.65-pe-1.00,RecursivePUBO With Preprocessing and Adaptive Qubits,5,18,8,17,2,2,1.0,0.3711538314819336,690
M-5-N-50-pa-0.85-pe-1.00,CardinalitySweep,5,13,11,28,4,4,1.0,0.704054594039917,690
M-5-N-50-pa-0.85-pe-1.00,RecursivePUBO,5,13,12,31,4,4,1.0,0.7091026306152344,690
M-5-N-50-pa-0.85-pe-1.00,RecursivePUBO With Preprocessing,5,13,12,31,4,4,1.0,0.7201428413391113,690
M-5-N-50-pa-0.85-pe-1.00,RecursivePUBO With Adaptive Qubits,5,13,12,31,4,4,1.0,0.6839649677276611,690
M-5-N-50-pa-0.85-pe-1.00,RecursivePUBO With Preprocessing and Adaptive Qubits,5,13,12,31,4,4,1.0,0.6902449131011963,690
M-5-N-5-pa-0.15-pe-1.00,CardinalitySweep,4,4,4,6,1,1,1.0,0.1407952308654785,690
M-5-N-5-pa-0.15-pe-1.00,RecursivePUBO,4,4,4,6,1,1,1.0,0.4079146385192871,690
M-5-N-5-pa-0.15-pe-1.00,RecursivePUBO With Preprocessing,4,4,4,6,1,1,1.0,0.1427705287933349,690
M-5-N-5-pa-0.15-pe-1.00,RecursivePUBO With Adaptive Qubits,4,4,4,6,1,1,1.0,0.409475564956665,690
M-5-N-5-pa-0.15-pe-1.00,RecursivePUBO With Preprocessing and Adaptive Qubits,4,4,4,6,1,1,1.0,0.1447467803955078,690
M-5-N-10-pa-0.65-pe-1.00,CardinalitySweep,5,9,13,35,5,5,1.0,1.0430362224578855,690
M-5-N-10-pa-0.65-pe-1.00,RecursivePUBO,5,9,16,44,5,5,1.0,1.1075539588928225,690
M-5-N-10-pa-0.65-pe-1.00,RecursivePUBO With Preprocessing,5,9,16,44,5,5,1.0,1.11499285697937,690
M-5-N-10-pa-0.65-pe-1.00,RecursivePUBO With Adaptive Qubits,5,9,16,44,5,5,1.0,1.0712590217590332,690
M-5-N-10-pa-0.65-pe-1.00,RecursivePUBO With Preprocessing and Adaptive Qubits,5,9,16,44,5,5,1.0,1.0711092948913574,690
M-5-N-25-pa-0.95-pe-1.00,CardinalitySweep,5,4,6,9,5,5,1.0,0.3359911441802978,690
M-5-N-25-pa-0.95-pe-1.00,RecursivePUBO,5,4,6,9,5,5,1.0,0.3380830287933349,690
M-5-N-25-pa-0.95-pe-1.00,RecursivePUBO With Preprocessing,5,4,6,9,5,5,1.0,0.3453364372253418,690
M-5-N-25-pa-0.95-pe-1.00,RecursivePUBO With Adaptive Qubits,5,4,6,9,5,5,1.0,0.3412888050079345,690
M-5-N-25-pa-0.95-pe-1.00,RecursivePUBO With Preprocessing and Adaptive Qubits,5,4,6,9,5,5,1.0,0.3355839252471924,690
M-5-N-25-pa-0.55-pe-1.00,CardinalitySweep,5,20,6,12,2,2,1.0,0.1691095829010009,690
M-5-N-25-pa-0.55-pe-1.00,RecursivePUBO,5,20,6,12,2,2,1.0,0.4829018115997314,690
M-5-N-25-pa-0.55-pe-1.00,RecursivePUBO With Preprocessing,5,20,6,12,2,2,1.0,0.1662483215332031,690
M-5-N-25-pa-0.55-pe-1.00,RecursivePUBO With Adaptive Qubits,5,20,6,12,2,2,1.0,0.4938194751739502,690
M-5-N-25-pa-0.55-pe-1.00,RecursivePUBO With Preprocessing and Adaptive Qubits,5,20,6,12,2,2,1.0,0.1688923835754394,690
M-5-N-10-pa-0.25-pe-1.00,CardinalitySweep,4,6,4,6,1,1,1.0,0.1463654041290283,690
M-5-N-10-pa-0.25-pe-1.00,RecursivePUBO,4,6,4,6,1,1,1.0,0.2828078269958496,690
M-5-N-10-pa-0.25-pe-1.00,RecursivePUBO With Preprocessing,4,6,4,6,1,1,1.0,0.1473469734191894,690
M-5-N-10-pa-0.25-pe-1.00,RecursivePUBO With Adaptive Qubits,4,6,4,6,1,1,1.0,0.2777411937713623,690
M-5-N-10-pa-0.25-pe-1.00,RecursivePUBO With Preprocessing and Adaptive Qubits,4,6,4,6,1,1,1.0,0.1448783874511718,690
M-5-N-10-pa-0.15-pe-1.00,CardinalitySweep,4,5,4,6,1,1,1.0,0.1426291465759277,690
M-5-N-10-pa-0.15-pe-1.00,RecursivePUBO,4,5,4,6,1,1,1.0,0.4159369468688965,690
M-5-N-10-pa-0.15-pe-1.00,RecursivePUBO With Preprocessing,4,5,4,6,1,1,1.0,0.1450464725494384,690
M-5-N-10-pa-0.15-pe-1.00,RecursivePUBO With Adaptive Qubits,4,5,4,6,1,1,1.0,0.4126954078674316,690
M-5-N-10-pa-0.15-pe-1.00,RecursivePUBO With Preprocessing and Adaptive Qubits,4,5,4,6,1,1,1.0,0.1446020603179931,690
M-5-N-10-pa-0.85-pe-1.00,CardinalitySweep,5,6,4,6,2,2,1.0,0.1431477069854736,690
M-5-N-10-pa-0.85-pe-1.00,RecursivePUBO,5,6,4,6,2,2,1.0,0.141721487045288,690
M-5-N-10-pa-0.85-pe-1.00,RecursivePUBO With Preprocessing,5,6,4,6,2,2,1.0,0.1403136253356933,690
M-5-N-10-pa-0.85-pe-1.00,RecursivePUBO With Adaptive Qubits,5,6,4,6,2,2,1.0,0.1406958103179931,690
M-5-N-10-pa-0.85-pe-1.00,RecursivePUBO With Preprocessing and Adaptive Qubits,5,6,4,6,2,2,1.0,0.1406128406524658,690
M-5-N-10-pa-0.95-pe-1.00,CardinalitySweep,5,2,1,0,4,4,1.0,0.0001769065856933,690
M-5-N-10-pa-0.95-pe-1.00,RecursivePUBO,5,2,1,0,4,4,1.0,0.0001087188720703,690
M-5-N-10-pa-0.95-pe-1.00,RecursivePUBO With Preprocessing,5,2,1,0,4,4,1.0,9.489059448242188e-05,690
M-5-N-10-pa-0.95-pe-1.00,RecursivePUBO With Adaptive Qubits,5,2,1,0,4,4,1.0,9.1552734375e-05,690
M-5-N-10-pa-0.95-pe-1.00,RecursivePUBO With Preprocessing and Adaptive Qubits,5,2,1,0,4,4,1.0,9.131431579589844e-05,690
M-5-N-25-pa-0.15-pe-1.00,CardinalitySweep,5,10,5,10,1,1,1.0,0.1548032760620117,690
M-5-N-25-pa-0.15-pe-1.00,RecursivePUBO,5,10,5,10,1,1,1.0,0.5937347412109375,690
M-5-N-25-pa-0.15-pe-1.00,RecursivePUBO With Preprocessing,5,10,5,10,1,1,1.0,0.153996467590332,690
M-5-N-25-pa-0.15-pe-1.00,RecursivePUBO With Adaptive Qubits,5,10,5,10,1,1,1.0,0.6026904582977295,690
M-5-N-25-pa-0.15-pe-1.00,RecursivePUBO With Preprocessing and Adaptive Qubits,5,10,5,10,1,1,1.0,0.1605794429779052,690
M-5-N-25-pa-0.45-pe-1.00,CardinalitySweep,5,15,6,12,2,2,1.0,0.1669924259185791,690
M-5-N-25-pa-0.45-pe-1.00,RecursivePUBO,5,15,6,12,2,2,1.0,0.4836788177490234,690
M-5-N-25-pa-0.45-pe-1.00,RecursivePUBO With Preprocessing,5,15,6,12,2,2,1.0,0.1679952144622802,690
M-5-N-25-pa-0.45-pe-1.00,RecursivePUBO With Adaptive Qubits,5,15,6,12,2,2,1.0,0.5258438587188721,690
M-5-N-25-pa-0.45-pe-1.00,RecursivePUBO With Preprocessing and Adaptive Qubits,5,15,6,12,2,2,1.0,0.1644678115844726,690
M-5-N-5-pa-0.65-pe-1.00,CardinalitySweep,5,4,3,3,3,3,1.0,0.1333706378936767,690
M-5-N-5-pa-0.65-pe-1.00,RecursivePUBO,5,4,3,3,3,3,1.0,0.1315279006958007,690
M-5-N-5-pa-0.65-pe-1.00,RecursivePUBO With Preprocessing,5,4,3,3,3,3,1.0,0.1316008567810058,690
M-5-N-5-pa-0.65-pe-1.00,RecursivePUBO With Adaptive Qubits,5,4,3,3,3,3,1.0,0.1315500736236572,690
M-5-N-5-pa-0.65-pe-1.00,RecursivePUBO With Preprocessing and Adaptive Qubits,5,4,3,3,3,3,1.0,0.1315524578094482,690
M-5-N-5-pa-0.25-pe-1.00,CardinalitySweep,5,5,6,12,2,2,1.0,0.1680426597595214,690
M-5-N-5-pa-0.25-pe-1.00,RecursivePUBO,5,5,6,12,2,2,1.0,0.4885647296905517,690
M-5-N-5-pa-0.25-pe-1.00,RecursivePUBO With Preprocessing,5,5,6,12,2,2,1.0,0.1674253940582275,690
M-5-N-5-pa-0.25-pe-1.00,RecursivePUBO With Adaptive Qubits,5,5,6,12,2,2,1.0,0.4841611385345459,690
M-5-N-5-pa-0.25-pe-1.00,RecursivePUBO With Preprocessing and Adaptive Qubits,5,5,6,12,2,2,1.0,0.1698598861694336,690
M-10-N-5-pa-0.15-pe-1.00,CardinalitySweep,8,5,11,37,3,3,1.0,0.4991128444671631,690
M-10-N-5-pa-0.15-pe-1.00,RecursivePUBO,8,5,12,40,3,3,1.0,0.7442936897277832,690
M-10-N-5-pa-0.15-pe-1.00,RecursivePUBO With Preprocessing,8,5,12,40,3,3,1.0,0.4924600124359131,690
M-10-N-5-pa-0.15-pe-1.00,RecursivePUBO With Adaptive Qubits,8,5,12,40,3,3,1.0,0.7159631252288818,690
M-10-N-5-pa-0.15-pe-1.00,RecursivePUBO With Preprocessing and Adaptive Qubits,8,5,12,40,3,3,1.0,0.499586820602417,690
M-10-N-50-pa-0.75-pe-1.00,CardinalitySweep,10,48,39,227,42,42,1.0,6.262722253799439,690
M-10-N-50-pa-0.75-pe-1.00,RecursivePUBO,10,48,78,370,42,42,1.0,9.21990203857422,690
M-10-N-50-pa-0.75-pe-1.00,RecursivePUBO With Preprocessing,10,48,78,370,42,42,1.0,9.137370824813845,690
M-10-N-50-pa-0.75-pe-1.00,RecursivePUBO With Adaptive Qubits,10,48,78,370,42,42,1.0,8.663967370986938,690
M-10-N-50-pa-0.75-pe-1.00,RecursivePUBO With Preprocessing and Adaptive Qubits,10,48,78,370,42,42,1.0,8.673535108566284,690
M-10-N-5-pa-0.55-pe-1.00,CardinalitySweep,10,5,20,102,20,20,1.0,1.1844050884246826,690
M-10-N-5-pa-0.55-pe-1.00,RecursivePUBO,10,5,28,128,20,20,1.0,1.2561028003692627,690
M-10-N-5-pa-0.55-pe-1.00,RecursivePUBO With Preprocessing,10,5,28,128,20,20,1.0,1.2400116920471191,690
M-10-N-5-pa-0.55-pe-1.00,RecursivePUBO With Adaptive Qubits,10,5,26,113,20,20,1.0,1.09753155708313,690
M-10-N-5-pa-0.55-pe-1.00,RecursivePUBO With Preprocessing and Adaptive Qubits,10,5,26,113,20,20,1.0,1.0991127490997314,690
M-10-N-50-pa-0.15-pe-1.00,CardinalitySweep,10,36,10,45,1,1,1.0,0.2264139652252197,690
M-10-N-50-pa-0.15-pe-1.00,RecursivePUBO,10,36,10,45,1,1,1.0,1.9240922927856443,690
M-10-N-50-pa-0.15-pe-1.00,RecursivePUBO With Preprocessing,10,36,10,45,1,1,1.0,0.2285516262054443,690
M-10-N-50-pa-0.15-pe-1.00,RecursivePUBO With Adaptive Qubits,10,36,10,45,1,1,1.0,1.9165594577789309,690
M-10-N-50-pa-0.15-pe-1.00,RecursivePUBO With Preprocessing and Adaptive Qubits,10,36,10,45,1,1,1.0,0.2293908596038818,690
M-10-N-10-pa-0.15-pe-1.00,CardinalitySweep,10,9,15,58,8,8,1.0,0.9017817974090576,690
M-10-N-10-pa-0.15-pe-1.00,RecursivePUBO,10,9,32,114,8,8,1.0,1.734255075454712,690
M-10-N-10-pa-0.15-pe-1.00,RecursivePUBO With Preprocessing,10,9,32,114,8,8,1.0,1.1192584037780762,690
M-10-N-10-pa-0.15-pe-1.00,RecursivePUBO With Adaptive Qubits,10,9,32,114,8,8,1.0,1.715013027191162,690
M-10-N-10-pa-0.15-pe-1.00,RecursivePUBO With Preprocessing and Adaptive Qubits,10,9,32,114,8,8,1.0,1.1203606128692627,690
M-10-N-50-pa-0.05-pe-1.00,CardinalitySweep,10,22,10,45,1,1,1.0,0.2250404357910156,690
M-10-N-50-pa-0.05-pe-1.00,RecursivePUBO,10,22,10,45,1,1,1.0,2.220471143722534,690
M-10-N-50-pa-0.05-pe-1.00,RecursivePUBO With Preprocessing,10,22,10,45,1,1,1.0,0.2267913818359375,690
M-10-N-50-pa-0.05-pe-1.00,RecursivePUBO With Adaptive Qubits,10,22,10,45,1,1,1.0,2.210174798965454,690
M-10-N-50-pa-0.05-pe-1.00,RecursivePUBO With Preprocessing and Adaptive Qubits,10,22,10,45,1,1,1.0,0.2265346050262451,690
M-10-N-25-pa-0.95-pe-1.00,CardinalitySweep,10,7,20,96,18,18,1.0,1.480710744857788,690
M-10-N-25-pa-0.95-pe-1.00,RecursivePUBO,10,7,20,96,18,18,1.0,1.4735372066497805,690
M-10-N-25-pa-0.95-pe-1.00,RecursivePUBO With Preprocessing,10,7,20,96,18,18,1.0,1.4763407707214355,690
M-10-N-25-pa-0.95-pe-1.00,RecursivePUBO With Adaptive Qubits,10,7,20,96,18,18,1.0,1.223686933517456,690
M-10-N-25-pa-0.95-pe-1.00,RecursivePUBO With Preprocessing and Adaptive Qubits,10,7,20,96,18,18,1.0,1.229879379272461,690
M-10-N-50-pa-0.45-pe-1.00,CardinalitySweep,10,46,42,180,27,27,1.0,5.430577278137207,690
M-10-N-50-pa-0.45-pe-1.00,RecursivePUBO,10,46,84,326,27,27,1.0,8.53646206855774,690
M-10-N-50-pa-0.45-pe-1.00,RecursivePUBO With Preprocessing,10,46,84,326,27,27,1.0,7.900108098983765,690
M-10-N-50-pa-0.45-pe-1.00,RecursivePUBO With Adaptive Qubits,10,46,84,326,27,27,1.0,8.276370525360107,690
M-10-N-50-pa-0.45-pe-1.00,RecursivePUBO With Preprocessing and Adaptive Qubits,10,46,84,326,27,27,1.0,7.828667879104614,690
M-10-N-5-pa-0.65-pe-1.00,CardinalitySweep,10,5,16,80,12,12,1.0,0.6586205959320068,690
M-10-N-5-pa-0.65-pe-1.00,RecursivePUBO,10,5,16,80,12,12,1.0,0.6548151969909668,690
M-10-N-5-pa-0.65-pe-1.00,RecursivePUBO With Preprocessing,10,5,16,80,12,12,1.0,0.6566298007965088,690
M-10-N-5-pa-0.65-pe-1.00,RecursivePUBO With Adaptive Qubits,10,5,14,64,12,12,1.0,0.5662143230438232,690
M-10-N-5-pa-0.65-pe-1.00,RecursivePUBO With Preprocessing and Adaptive Qubits,10,5,14,64,12,12,1.0,0.5598461627960205,690
M-10-N-50-pa-0.35-pe-1.00,CardinalitySweep,10,46,22,72,7,7,1.0,2.3114960193634038,690
M-10-N-50-pa-0.35-pe-1.00,RecursivePUBO,10,46,42,136,7,7,1.0,4.249612331390381,690
M-10-N-50-pa-0.35-pe-1.00,RecursivePUBO With Preprocessing,10,46,42,136,7,7,1.0,3.096506118774414,690
M-10-N-50-pa-0.35-pe-1.00,RecursivePUBO With Adaptive Qubits,10,46,42,136,7,7,1.0,4.2335615158081055,690
M-10-N-50-pa-0.35-pe-1.00,RecursivePUBO With Preprocessing and Adaptive Qubits,10,46,42,136,7,7,1.0,3.087991237640381,690
M-10-N-25-pa-0.85-pe-1.00,CardinalitySweep,10,21,37,267,29,29,1.0,5.69814920425415,690
M-10-N-25-pa-0.85-pe-1.00,RecursivePUBO,10,21,41,279,29,29,1.0,5.710495948791504,690
M-10-N-25-pa-0.85-pe-1.00,RecursivePUBO With Preprocessing,10,21,41,279,29,29,1.0,5.7151939868927,690
M-10-N-25-pa-0.85-pe-1.00,RecursivePUBO With Adaptive Qubits,10,21,41,279,29,29,1.0,5.131576776504517,690
M-10-N-25-pa-0.85-pe-1.00,RecursivePUBO With Preprocessing and Adaptive Qubits,10,21,41,279,29,29,1.0,5.183289527893066,690
M-10-N-10-pa-0.75-pe-1.00,CardinalitySweep,10,10,31,216,29,29,1.0,3.652629613876343,690
M-10-N-10-pa-0.75-pe-1.00,RecursivePUBO,10,10,34,225,29,29,1.0,3.5234737396240234,690
M-10-N-10-pa-0.75-pe-1.00,RecursivePUBO With Preprocessing,10,10,34,225,29,29,1.0,3.5045034885406494,690
M-10-N-10-pa-0.75-pe-1.00,RecursivePUBO With Adaptive Qubits,10,10,34,225,29,29,1.0,3.0963611602783203,690
M-10-N-10-pa-0.75-pe-1.00,RecursivePUBO With Preprocessing and Adaptive Qubits,10,10,34,225,29,29,1.0,3.106144905090332,690
M-10-N-25-pa-0.25-pe-1.00,CardinalitySweep,10,24,13,51,3,3,1.0,0.5379674434661865,690
M-10-N-25-pa-0.25-pe-1.00,RecursivePUBO,10,24,22,79,3,3,1.0,1.7544987201690674,690
M-10-N-25-pa-0.25-pe-1.00,RecursivePUBO With Preprocessing,10,24,22,79,3,3,1.0,0.6533143520355225,690
M-10-N-25-pa-0.25-pe-1.00,RecursivePUBO With Adaptive Qubits,10,24,22,79,3,3,1.0,1.7528038024902344,690
M-10-N-25-pa-0.25-pe-1.00,RecursivePUBO With Preprocessing and Adaptive Qubits,10,24,22,79,3,3,1.0,0.6548261642456055,690
M-10-N-50-pa-0.95-pe-1.00,CardinalitySweep,10,16,33,261,38,38,1.0,4.009623527526856,690
M-10-N-50-pa-0.95-pe-1.00,RecursivePUBO,10,16,33,261,38,38,1.0,3.779193162918091,690
M-10-N-50-pa-0.95-pe-1.00,RecursivePUBO With Preprocessing,10,16,33,261,38,38,1.0,3.779087066650391,690
M-10-N-50-pa-0.95-pe-1.00,RecursivePUBO With Adaptive Qubits,10,16,31,237,38,38,1.0,3.0304269790649414,690
M-10-N-50-pa-0.95-pe-1.00,RecursivePUBO With Preprocessing and Adaptive Qubits,10,16,31,237,38,38,1.0,3.040238618850708,690
M-10-N-5-pa-0.25-pe-1.00,CardinalitySweep,7,5,9,25,4,4,1.0,0.2062940597534179,690
M-10-N-5-pa-0.25-pe-1.00,RecursivePUBO,7,5,9,25,4,4,1.0,0.8237760066986084,690
M-10-N-5-pa-0.25-pe-1.00,RecursivePUBO With Preprocessing,7,5,9,25,4,4,1.0,0.2031538486480713,690
M-10-N-5-pa-0.25-pe-1.00,RecursivePUBO With Adaptive Qubits,7,5,9,25,4,4,1.0,0.8220925331115723,690
M-10-N-5-pa-0.25-pe-1.00,RecursivePUBO With Preprocessing and Adaptive Qubits,7,5,9,25,4,4,1.0,0.2149109840393066,690
M-10-N-5-pa-0.75-pe-1.00,CardinalitySweep,10,5,22,118,18,18,1.0,1.667987823486328,690
M-10-N-5-pa-0.75-pe-1.00,RecursivePUBO,10,5,22,118,18,18,1.0,1.6440191268920898,690
M-10-N-5-pa-0.75-pe-1.00,RecursivePUBO With Preprocessing,10,5,22,118,18,18,1.0,1.646592378616333,690
M-10-N-5-pa-0.75-pe-1.00,RecursivePUBO With Adaptive Qubits,10,5,22,118,18,18,1.0,1.3877215385437012,690
M-10-N-5-pa-0.75-pe-1.00,RecursivePUBO With Preprocessing and Adaptive Qubits,10,5,22,118,18,18,1.0,1.376314401626587,690
M-10-N-5-pa-0.35-pe-1.00,CardinalitySweep,10,5,13,49,9,9,1.0,0.5516505241394043,690
M-10-N-5-pa-0.35-pe-1.00,RecursivePUBO,10,5,13,49,9,9,1.0,0.5406148433685303,690
M-10-N-5-pa-0.35-pe-1.00,RecursivePUBO With Preprocessing,10,5,13,49,9,9,1.0,0.5389866828918457,690
M-10-N-5-pa-0.35-pe-1.00,RecursivePUBO With Adaptive Qubits,10,5,13,49,9,9,1.0,0.5285604000091553,690
M-10-N-5-pa-0.35-pe-1.00,RecursivePUBO With Preprocessing and Adaptive Qubits,10,5,13,49,9,9,1.0,0.5301811695098877,690
M-10-N-10-pa-0.55-pe-1.00,CardinalitySweep,10,10,33,177,30,30,1.0,4.723687648773193,690
M-10-N-10-pa-0.55-pe-1.00,RecursivePUBO,10,10,62,276,30,30,1.0,6.491634845733643,690
M-10-N-10-pa-0.55-pe-1.00,RecursivePUBO With Preprocessing,10,10,62,276,30,30,1.0,6.5157129764556885,690
M-10-N-10-pa-0.55-pe-1.00,RecursivePUBO With Adaptive Qubits,10,10,62,276,30,30,1.0,6.20611834526062,690
M-10-N-10-pa-0.55-pe-1.00,RecursivePUBO With Preprocessing and Adaptive Qubits,10,10,62,276,30,30,1.0,6.129410982131958,690
M-10-N-25-pa-0.35-pe-1.00,CardinalitySweep,10,25,12,52,3,3,1.0,0.2558224201202392,690
M-10-N-25-pa-0.35-pe-1.00,RecursivePUBO,10,25,12,52,3,3,1.0,1.308455467224121,690
M-10-N-25-pa-0.35-pe-1.00,RecursivePUBO With Preprocessing,10,25,12,52,3,3,1.0,0.2568345069885254,690
M-10-N-25-pa-0.35-pe-1.00,RecursivePUBO With Adaptive Qubits,10,25,12,52,3,3,1.0,1.2873964309692385,690
M-10-N-25-pa-0.35-pe-1.00,RecursivePUBO With Preprocessing and Adaptive Qubits,10,25,12,52,3,3,1.0,0.2552955150604248,690
M-10-N-10-pa-0.35-pe-1.00,CardinalitySweep,10,10,19,79,10,10,1.0,1.4508039951324463,690
M-10-N-10-pa-0.35-pe-1.00,RecursivePUBO,10,10,35,129,10,10,1.0,2.239112377166748,690
M-10-N-10-pa-0.35-pe-1.00,RecursivePUBO With Preprocessing,10,10,35,129,10,10,1.0,1.883580446243286,690
M-10-N-10-pa-0.35-pe-1.00,RecursivePUBO With Adaptive Qubits,10,10,35,129,10,10,1.0,2.169259548187256,690
M-10-N-10-pa-0.35-pe-1.00,RecursivePUBO With Preprocessing and Adaptive Qubits,10,10,35,129,10,10,1.0,1.8678011894226076,690
M-10-N-50-pa-0.25-pe-1.00,CardinalitySweep,10,45,12,49,4,4,1.0,0.2543423175811767,690
M-10-N-50-pa-0.25-pe-1.00,RecursivePUBO,10,45,12,49,4,4,1.0,1.9128122329711916,690
M-10-N-50-pa-0.25-pe-1.00,RecursivePUBO With Preprocessing,10,45,12,49,4,4,1.0,0.2552917003631592,690
M-10-N-50-pa-0.25-pe-1.00,RecursivePUBO With Adaptive Qubits,10,45,12,49,4,4,1.0,1.9244859218597408,690
M-10-N-50-pa-0.25-pe-1.00,RecursivePUBO With Preprocessing and Adaptive Qubits,10,45,12,49,4,4,1.0,0.2595946788787842,690
M-10-N-25-pa-0.15-pe-1.00,CardinalitySweep,10,21,13,51,4,4,1.0,0.5394413471221924,690
M-10-N-25-pa-0.15-pe-1.00,RecursivePUBO,10,21,22,79,4,4,1.0,2.0055606365203857,690
M-10-N-25-pa-0.15-pe-1.00,RecursivePUBO With Preprocessing,10,21,22,79,4,4,1.0,0.6493971347808838,690
M-10-N-25-pa-0.15-pe-1.00,RecursivePUBO With Adaptive Qubits,10,21,22,79,4,4,1.0,1.989832878112793,690
M-10-N-25-pa-0.15-pe-1.00,RecursivePUBO With Preprocessing and Adaptive Qubits,10,21,22,79,4,4,1.0,0.6551008224487305,690
M-10-N-50-pa-0.85-pe-1.00,CardinalitySweep,10,29,40,282,29,29,1.0,6.72133207321167,690
M-10-N-50-pa-0.85-pe-1.00,RecursivePUBO,10,29,48,309,29,29,1.0,7.197301864624023,690
M-10-N-50-pa-0.85-pe-1.00,RecursivePUBO With Preprocessing,10,29,48,309,29,29,1.0,7.195091962814331,690
M-10-N-50-pa-0.85-pe-1.00,RecursivePUBO With Adaptive Qubits,10,29,48,309,29,29,1.0,6.537038326263428,690
M-10-N-50-pa-0.85-pe-1.00,RecursivePUBO With Preprocessing and Adaptive Qubits,10,29,48,309,29,29,1.0,6.558656215667725,690
M-10-N-25-pa-0.45-pe-1.00,CardinalitySweep,10,25,30,128,21,21,1.0,4.128835201263428,690
M-10-N-25-pa-0.45-pe-1.00,RecursivePUBO,10,25,72,262,21,21,1.0,7.345864534378052,690
M-10-N-25-pa-0.45-pe-1.00,RecursivePUBO With Preprocessing,10,25,72,262,21,21,1.0,6.830997467041016,690
M-10-N-25-pa-0.45-pe-1.00,RecursivePUBO With Adaptive Qubits,10,25,72,262,21,21,1.0,7.153235197067261,690
M-10-N-25-pa-0.45-pe-1.00,RecursivePUBO With Preprocessing and Adaptive Qubits,10,25,72,262,21,21,1.0,6.790873527526856,690
M-10-N-5-pa-0.85-pe-1.00,CardinalitySweep,10,3,6,13,9,9,1.0,0.1632924079895019,690
M-10-N-5-pa-0.85-pe-1.00,RecursivePUBO,10,3,6,13,9,9,1.0,0.1626503467559814,690
M-10-N-5-pa-0.85-pe-1.00,RecursivePUBO With Preprocessing,10,3,6,13,9,9,1.0,0.162548542022705,690
M-10-N-5-pa-0.85-pe-1.00,RecursivePUBO With Adaptive Qubits,10,3,5,9,9,9,1.0,0.1484107971191406,690
M-10-N-5-pa-0.85-pe-1.00,RecursivePUBO With Preprocessing and Adaptive Qubits,10,3,5,9,9,9,1.0,0.1487460136413574,690
M-10-N-5-pa-0.05-pe-1.00,CardinalitySweep,6,5,7,17,2,2,1.0,0.1873602867126464,690
M-10-N-5-pa-0.05-pe-1.00,RecursivePUBO,6,5,7,17,2,2,1.0,0.5362205505371094,690
M-10-N-5-pa-0.05-pe-1.00,RecursivePUBO With Preprocessing,6,5,7,17,2,2,1.0,0.1803269386291504,690
M-10-N-5-pa-0.05-pe-1.00,RecursivePUBO With Adaptive Qubits,6,5,7,17,2,2,1.0,0.5366628170013428,690
M-10-N-5-pa-0.05-pe-1.00,RecursivePUBO With Preprocessing and Adaptive Qubits,6,5,7,17,2,2,1.0,0.1842899322509765,690
M-10-N-10-pa-0.45-pe-1.00,CardinalitySweep,10,10,26,121,29,29,1.0,2.832547664642334,690
M-10-N-10-pa-0.45-pe-1.00,RecursivePUBO,10,10,57,227,29,29,1.0,4.065458536148071,690
M-10-N-10-pa-0.45-pe-1.00,RecursivePUBO With Preprocessing,10,10,57,227,29,29,1.0,4.05457067489624,690
M-10-N-10-pa-0.45-pe-1.00,RecursivePUBO With Adaptive Qubits,10,10,57,227,29,29,1.0,3.873156070709229,690
M-10-N-10-pa-0.45-pe-1.00,RecursivePUBO With Preprocessing and Adaptive Qubits,10,10,57,227,29,29,1.0,3.88491153717041,690
M-10-N-10-pa-0.25-pe-1.00,CardinalitySweep,9,10,13,49,5,5,1.0,0.5384118556976318,690
M-10-N-10-pa-0.25-pe-1.00,RecursivePUBO,9,10,20,71,5,5,1.0,1.435706377029419,690
M-10-N-10-pa-0.25-pe-1.00,RecursivePUBO With Preprocessing,9,10,20,71,5,5,1.0,0.6263852119445801,690
M-10-N-10-pa-0.25-pe-1.00,RecursivePUBO With Adaptive Qubits,9,10,20,71,5,5,1.0,1.4222033023834229,690
M-10-N-10-pa-0.25-pe-1.00,RecursivePUBO With Preprocessing and Adaptive Qubits,9,10,20,71,5,5,1.0,0.6288435459136963,690
M-10-N-50-pa-0.55-pe-1.00,CardinalitySweep,10,48,82,458,57,57,1.0,12.26192045211792,690
M-10-N-50-pa-0.55-pe-1.00,RecursivePUBO,10,48,159,727,57,57,1.0,17.39837121963501,690
M-10-N-50-pa-0.55-pe-1.00,RecursivePUBO With Preprocessing,10,48,159,727,57,57,1.0,17.428268909454346,690
M-10-N-50-pa-0.55-pe-1.00,RecursivePUBO With Adaptive Qubits,10,48,159,727,57,57,1.0,16.234901428222656,690
M-10-N-50-pa-0.55-pe-1.00,RecursivePUBO With Preprocessing and Adaptive Qubits,10,48,159,727,57,57,1.0,16.230499505996704,690
M-10-N-10-pa-0.05-pe-1.00,CardinalitySweep,5,6,5,10,1,1,1.0,0.1540915966033935,690
M-10-N-10-pa-0.05-pe-1.00,RecursivePUBO,5,6,5,10,1,1,1.0,0.5889837741851807,690
M-10-N-10-pa-0.05-pe-1.00,RecursivePUBO With Preprocessing,5,6,5,10,1,1,1.0,0.1553626060485839,690
M-10-N-10-pa-0.05-pe-1.00,RecursivePUBO With Adaptive Qubits,5,6,5,10,1,1,1.0,0.6002688407897949,690
M-10-N-10-pa-0.05-pe-1.00,RecursivePUBO With Preprocessing and Adaptive Qubits,5,6,5,10,1,1,1.0,0.1605355739593505,690
M-10-N-10-pa-0.65-pe-1.00,CardinalitySweep,10,10,28,156,27,27,1.0,3.1582107543945312,690
M-10-N-10-pa-0.65-pe-1.00,RecursivePUBO,10,10,46,218,27,27,1.0,3.836053133010864,690
M-10-N-10-pa-0.65-pe-1.00,RecursivePUBO With Preprocessing,10,10,46,218,27,27,1.0,3.827350378036499,690
M-10-N-10-pa-0.65-pe-1.00,RecursivePUBO With Adaptive Qubits,10,10,46,218,27,27,1.0,3.5027809143066406,690
M-10-N-10-pa-0.65-pe-1.00,RecursivePUBO With Preprocessing and Adaptive Qubits,10,10,46,218,27,27,1.0,3.537670850753784,690
M-10-N-5-pa-0.95-pe-1.00,CardinalitySweep,10,4,6,9,10,10,1.0,0.3360693454742431,690
M-10-N-5-pa-0.95-pe-1.00,RecursivePUBO,10,4,6,9,10,10,1.0,0.3372385501861572,690
M-10-N-5-pa-0.95-pe-1.00,RecursivePUBO With Preprocessing,10,4,6,9,10,10,1.0,0.3340368270874023,690
M-10-N-5-pa-0.95-pe-1.00,RecursivePUBO With Adaptive Qubits,10,4,6,9,10,10,1.0,0.3394427299499511,690
M-10-N-5-pa-0.95-pe-1.00,RecursivePUBO With Preprocessing and Adaptive Qubits,10,4,6,9,10,10,1.0,0.3330585956573486,690
M-10-N-10-pa-0.95-pe-1.00,CardinalitySweep,10,5,12,34,12,12,1.0,0.7311463356018066,690
M-10-N-10-pa-0.95-pe-1.00,RecursivePUBO,10,5,12,34,12,12,1.0,0.7328178882598877,690
M-10-N-10-pa-0.95-pe-1.00,RecursivePUBO With Preprocessing,10,5,12,34,12,12,1.0,0.7366361618041992,690
M-10-N-10-pa-0.95-pe-1.00,RecursivePUBO With Adaptive Qubits,10,5,12,34,12,12,1.0,0.6888461112976074,690
M-10-N-10-pa-0.95-pe-1.00,RecursivePUBO With Preprocessing and Adaptive Qubits,10,5,12,34,12,12,1.0,0.6882829666137695,690
M-10-N-25-pa-0.65-pe-1.00,CardinalitySweep,10,25,39,231,44,44,1.0,6.325299978256226,690
M-10-N-25-pa-0.65-pe-1.00,RecursivePUBO,10,25,63,326,44,44,1.0,8.141698122024536,690
M-10-N-25-pa-0.65-pe-1.00,RecursivePUBO With Preprocessing,10,25,63,326,44,44,1.0,8.165188074111938,690
M-10-N-25-pa-0.65-pe-1.00,RecursivePUBO With Adaptive Qubits,10,25,63,326,44,44,1.0,7.619495153427124,690
M-10-N-25-pa-0.65-pe-1.00,RecursivePUBO With Preprocessing and Adaptive Qubits,10,25,63,326,44,44,1.0,7.579552888870239,690
M-10-N-25-pa-0.55-pe-1.00,CardinalitySweep,10,25,40,212,35,35,1.0,6.147314786911011,690
M-10-N-25-pa-0.55-pe-1.00,RecursivePUBO,10,25,93,383,35,35,1.0,10.132965803146362,690
M-10-N-25-pa-0.55-pe-1.00,RecursivePUBO With Preprocessing,10,25,93,383,35,35,1.0,10.041481733322144,690
M-10-N-25-pa-0.55-pe-1.00,RecursivePUBO With Adaptive Qubits,10,25,93,383,35,35,1.0,9.668258666992188,690
M-10-N-25-pa-0.55-pe-1.00,RecursivePUBO With Preprocessing and Adaptive Qubits,10,25,93,383,35,35,1.0,9.625600814819336,690
M-10-N-10-pa-0.85-pe-1.00,CardinalitySweep,10,9,24,132,20,20,1.0,1.802578449249268,690
M-10-N-10-pa-0.85-pe-1.00,RecursivePUBO,10,9,25,136,20,20,1.0,1.7711780071258545,690
M-10-N-10-pa-0.85-pe-1.00,RecursivePUBO With Preprocessing,10,9,25,136,20,20,1.0,1.7627112865447998,690
M-10-N-10-pa-0.85-pe-1.00,RecursivePUBO With Adaptive Qubits,10,9,25,136,20,20,1.0,1.4799249172210691,690
M-10-N-10-pa-0.85-pe-1.00,RecursivePUBO With Preprocessing and Adaptive Qubits,10,9,25,136,20,20,1.0,1.4938278198242188,690
M-10-N-5-pa-0.45-pe-1.00,CardinalitySweep,9,5,20,89,13,13,1.0,1.5414824485778809,690
M-10-N-5-pa-0.45-pe-1.00,RecursivePUBO,9,5,27,110,13,13,1.0,1.6389126777648926,690
M-10-N-5-pa-0.45-pe-1.00,RecursivePUBO With Preprocessing,9,5,27,110,13,13,1.0,1.6236705780029297,690
M-10-N-5-pa-0.45-pe-1.00,RecursivePUBO With Adaptive Qubits,9,5,27,110,13,13,1.0,1.523359298706055,690
M-10-N-5-pa-0.45-pe-1.00,RecursivePUBO With Preprocessing and Adaptive Qubits,9,5,27,110,13,13,1.0,1.520730972290039,690
M-10-N-50-pa-0.65-pe-1.00,CardinalitySweep,10,47,64,384,65,65,1.0,9.85689401626587,690
M-10-N-50-pa-0.65-pe-1.00,RecursivePUBO,10,47,127,615,65,65,1.0,14.74978733062744,690
M-10-N-50-pa-0.65-pe-1.00,RecursivePUBO With Preprocessing,10,47,127,615,65,65,1.0,14.731382369995115,690
M-10-N-50-pa-0.65-pe-1.00,RecursivePUBO With Adaptive Qubits,10,47,127,615,65,65,1.0,13.87485384941101,690
M-10-N-50-pa-0.65-pe-1.00,RecursivePUBO With Preprocessing and Adaptive Qubits,10,47,127,615,65,65,1.0,13.760486125946043,690
M-10-N-25-pa-0.75-pe-1.00,CardinalitySweep,10,22,49,339,38,38,1.0,8.16300082206726,690
M-10-N-25-pa-0.75-pe-1.00,RecursivePUBO,10,22,67,405,38,38,1.0,9.34622597694397,690
M-10-N-25-pa-0.75-pe-1.00,RecursivePUBO With Preprocessing,10,22,67,405,38,38,1.0,9.30659294128418,690
M-10-N-25-pa-0.75-pe-1.00,RecursivePUBO With Adaptive Qubits,10,22,67,405,38,38,1.0,8.499268531799316,690
M-10-N-25-pa-0.75-pe-1.00,RecursivePUBO With Preprocessing and Adaptive Qubits,10,22,67,405,38,38,1.0,8.545422315597534,690
M-10-N-25-pa-0.05-pe-1.00,CardinalitySweep,9,11,9,36,1,1,1.0,0.2143921852111816,690
M-10-N-25-pa-0.05-pe-1.00,RecursivePUBO,9,11,9,36,1,1,1.0,1.7556605339050293,690
M-10-N-25-pa-0.05-pe-1.00,RecursivePUBO With Preprocessing,9,11,9,36,1,1,1.0,0.2118165493011474,690
M-10-N-25-pa-0.05-pe-1.00,RecursivePUBO With Adaptive Qubits,9,11,9,36,1,1,1.0,1.7661235332489014,690
M-10-N-25-pa-0.05-pe-1.00,RecursivePUBO With Preprocessing and Adaptive Qubits,9,11,9,36,1,1,1.0,0.2137444019317627,690
M-25-N-10-pa-0.75-pe-1.00,CardinalitySweep,25,10,62,887,194,158,0.8144329896907216,13.639551401138306,690
M-25-N-10-pa-0.75-pe-1.00,RecursivePUBO,25,10,113,1088,194,194,1.0,17.51607346534729,690
M-25-N-10-pa-0.75-pe-1.00,RecursivePUBO With Preprocessing,25,10,113,1088,194,194,1.0,17.5818088054657,690
M-25-N-10-pa-0.75-pe-1.00,RecursivePUBO With Adaptive Qubits,25,10,112,1067,194,194,1.0,14.585991859436035,690
M-25-N-10-pa-0.75-pe-1.00,RecursivePUBO With Preprocessing and Adaptive Qubits,25,10,112,1067,194,194,1.0,14.559453010559082,690
M-25-N-50-pa-0.35-pe-1.00,CardinalitySweep,25,50,182,1840,10784,114,0.0105712166172106,79.38090300559998,690
M-25-N-50-pa-0.35-pe-1.00,RecursivePUBO,25,50,395,2520,10784,71,0.006583827893175,132.35019207000732,690
M-25-N-50-pa-0.35-pe-1.00,RecursivePUBO With Preprocessing,25,50,426,2620,10784,80,0.0074183976261127,136.62830305099487,690
M-25-N-50-pa-0.35-pe-1.00,RecursivePUBO With Adaptive Qubits,25,50,430,2648,10784,88,0.008160237388724,135.2398326396942,690
M-25-N-50-pa-0.35-pe-1.00,RecursivePUBO With Preprocessing and Adaptive Qubits,25,50,465,2752,10784,99,0.0091802670623145,143.26426362991333,690
M-25-N-50-pa-0.15-pe-1.00,CardinalitySweep,25,49,59,451,494,306,0.6194331983805668,16.094555139541626,690
M-25-N-50-pa-0.15-pe-1.00,RecursivePUBO,25,49,534,1982,494,108,0.2186234817813765,82.97696089744568,690
M-25-N-50-pa-0.15-pe-1.00,RecursivePUBO With Preprocessing,25,49,527,1961,494,108,0.2186234817813765,74.71834993362427,690
M-25-N-50-pa-0.15-pe-1.00,RecursivePUBO With Adaptive Qubits,25,49,539,1991,494,102,0.2064777327935222,82.0081741809845,690
M-25-N-50-pa-0.15-pe-1.00,RecursivePUBO With Preprocessing and Adaptive Qubits,25,49,529,1964,494,105,0.2125506072874494,74.41786909103394,690
M-25-N-25-pa-0.85-pe-1.00,CardinalitySweep,25,25,145,3105,241,95,0.3941908713692946,81.56054353713989,690
M-25-N-25-pa-0.85-pe-1.00,RecursivePUBO,25,25,167,3175,241,116,0.4813278008298755,85.06914949417114,690
M-25-N-25-pa-0.85-pe-1.00,RecursivePUBO With Preprocessing,25,25,168,3176,241,106,0.4398340248962655,85.2153468132019,690
M-25-N-25-pa-0.85-pe-1.00,RecursivePUBO With Adaptive Qubits,25,25,183,3232,241,233,0.966804979253112,75.47990417480469,690
M-25-N-25-pa-0.85-pe-1.00,RecursivePUBO With Preprocessing and Adaptive Qubits,25,25,188,3249,241,240,0.995850622406639,76.85510849952698,690
M-25-N-25-pa-0.05-pe-1.00,CardinalitySweep,22,23,27,241,12,12,1.0,1.1086466312408447,690
M-25-N-25-pa-0.05-pe-1.00,RecursivePUBO,22,23,117,522,12,12,1.0,11.695777654647827,690
M-25-N-25-pa-0.05-pe-1.00,RecursivePUBO With Preprocessing,22,23,117,522,12,12,1.0,2.2690775394439697,690
M-25-N-25-pa-0.05-pe-1.00,RecursivePUBO With Adaptive Qubits,22,23,117,522,12,12,1.0,11.69569993019104,690
M-25-N-25-pa-0.05-pe-1.00,RecursivePUBO With Preprocessing and Adaptive Qubits,22,23,117,522,12,12,1.0,2.239846706390381,690
M-25-N-5-pa-0.65-pe-1.00,CardinalitySweep,25,5,42,537,156,147,0.9423076923076924,3.990234136581421,690
M-25-N-5-pa-0.65-pe-1.00,RecursivePUBO,25,5,73,652,156,156,1.0,4.445713996887207,690
M-25-N-5-pa-0.65-pe-1.00,RecursivePUBO With Preprocessing,25,5,73,652,156,156,1.0,4.449658155441284,690
M-25-N-5-pa-0.65-pe-1.00,RecursivePUBO With Adaptive Qubits,25,5,68,568,156,156,1.0,3.652401924133301,690
M-25-N-5-pa-0.65-pe-1.00,RecursivePUBO With Preprocessing and Adaptive Qubits,25,5,68,568,156,156,1.0,3.6559414863586426,690
M-25-N-50-pa-0.25-pe-1.00,CardinalitySweep,25,50,131,1127,5717,160,0.0279867063145006,51.5771861076355,690
M-25-N-50-pa-0.25-pe-1.00,RecursivePUBO,25,50,552,2445,5717,99,0.0173167745320972,149.23347735404968,690
M-25-N-50-pa-0.25-pe-1.00,RecursivePUBO With Preprocessing,25,50,520,2342,5717,91,0.0159174392163722,135.7053153514862,690
M-25-N-50-pa-0.25-pe-1.00,RecursivePUBO With Adaptive Qubits,25,50,575,2517,5717,102,0.0178415252754941,150.87128567695618,690
M-25-N-50-pa-0.25-pe-1.00,RecursivePUBO With Preprocessing and Adaptive Qubits,25,50,598,2594,5717,108,0.0188910267622879,151.13554644584656,690
M-25-N-5-pa-0.35-pe-1.00,CardinalitySweep,24,5,43,491,366,268,0.73224043715847,3.940932512283325,690
M-25-N-5-pa-0.35-pe-1.00,RecursivePUBO,24,5,249,1322,366,351,0.9590163934426228,7.800654411315918,690
M-25-N-5-pa-0.35-pe-1.00,RecursivePUBO With Preprocessing,24,5,253,1341,366,359,0.9808743169398908,7.856757164001465,690
M-25-N-5-pa-0.35-pe-1.00,RecursivePUBO With Adaptive Qubits,24,5,250,1290,366,359,0.9808743169398908,7.227328777313232,690
M-25-N-5-pa-0.35-pe-1.00,RecursivePUBO With Preprocessing and Adaptive Qubits,24,5,247,1279,366,357,0.9754098360655736,7.165510416030884,690
M-25-N-5-pa-0.05-pe-1.00,CardinalitySweep,8,5,11,37,6,6,1.0,0.2330546379089355,690
M-25-N-5-pa-0.05-pe-1.00,RecursivePUBO,8,5,11,37,6,6,1.0,0.9663994312286376,690
M-25-N-5-pa-0.05-pe-1.00,RecursivePUBO With Preprocessing,8,5,11,37,6,6,1.0,0.2382397651672363,690
M-25-N-5-pa-0.05-pe-1.00,RecursivePUBO With Adaptive Qubits,8,5,11,37,6,6,1.0,0.9476354122161864,690
M-25-N-5-pa-0.05-pe-1.00,RecursivePUBO With Preprocessing and Adaptive Qubits,8,5,11,37,6,6,1.0,0.2354574203491211,690
M-25-N-50-pa-0.95-pe-1.00,CardinalitySweep,25,32,98,1948,224,208,0.9285714285714286,33.55308699607849,690
M-25-N-50-pa-0.95-pe-1.00,RecursivePUBO,25,32,98,1948,224,199,0.8883928571428571,33.14378118515015,690
M-25-N-50-pa-0.95-pe-1.00,RecursivePUBO With Preprocessing,25,32,98,1948,224,205,0.9151785714285714,33.0816330909729,690
M-25-N-50-pa-0.95-pe-1.00,RecursivePUBO With Adaptive Qubits,25,32,83,1579,224,224,1.0,24.55206942558289,690
M-25-N-50-pa-0.95-pe-1.00,RecursivePUBO With Preprocessing and Adaptive Qubits,25,32,83,1579,224,224,1.0,24.552436351776123,690
M-25-N-10-pa-0.95-pe-1.00,CardinalitySweep,25,9,40,388,70,70,1.0,5.073815584182739,690
M-25-N-10-pa-0.95-pe-1.00,RecursivePUBO,25,9,40,388,70,70,1.0,4.746432781219482,690
M-25-N-10-pa-0.95-pe-1.00,RecursivePUBO With Preprocessing,25,9,40,388,70,70,1.0,4.744505882263184,690
M-25-N-10-pa-0.95-pe-1.00,RecursivePUBO With Adaptive Qubits,25,9,33,297,70,70,1.0,3.470245122909546,690
M-25-N-10-pa-0.95-pe-1.00,RecursivePUBO With Preprocessing and Adaptive Qubits,25,9,33,297,70,70,1.0,3.4623794555664062,690
M-25-N-25-pa-0.35-pe-1.00,CardinalitySweep,25,25,117,1259,2492,348,0.1396468699839486,56.17255973815918,690
M-25-N-25-pa-0.35-pe-1.00,RecursivePUBO,25,25,507,2630,2492,277,0.1111556982343499,161.7133264541626,690
M-25-N-25-pa-0.35-pe-1.00,RecursivePUBO With Preprocessing,25,25,488,2558,2492,265,0.1063402889245585,156.49891543388367,690
M-25-N-25-pa-0.35-pe-1.00,RecursivePUBO With Adaptive Qubits,25,25,493,2580,2492,271,0.1087479935794542,153.93099331855774,690
M-25-N-25-pa-0.35-pe-1.00,RecursivePUBO With Preprocessing and Adaptive Qubits,25,25,488,2574,2492,278,0.1115569823434992,153.25672888755798,690
M-25-N-10-pa-0.35-pe-1.00,CardinalitySweep,23,10,59,609,420,260,0.6190476190476191,11.65997552871704,690
M-25-N-10-pa-0.35-pe-1.00,RecursivePUBO,23,10,352,1728,420,329,0.7833333333333333,34.01422643661499,690
M-25-N-10-pa-0.35-pe-1.00,RecursivePUBO With Preprocessing,23,10,361,1755,420,331,0.7880952380952381,34.75737714767456,690
M-25-N-10-pa-0.35-pe-1.00,RecursivePUBO With Adaptive Qubits,23,10,345,1702,420,325,0.7738095238095238,32.231656312942505,690
M-25-N-10-pa-0.35-pe-1.00,RecursivePUBO With Preprocessing and Adaptive Qubits,23,10,343,1698,420,326,0.7761904761904762,32.07507348060608,690
M-25-N-10-pa-0.25-pe-1.00,CardinalitySweep,24,10,52,461,837,322,0.3847072879330944,8.837379693984985,690
M-25-N-10-pa-0.25-pe-1.00,RecursivePUBO,24,10,624,2504,837,397,0.4743130227001195,43.65759515762329,690
M-25-N-10-pa-0.25-pe-1.00,RecursivePUBO With Preprocessing,24,10,646,2574,837,401,0.4790919952210274,43.99088668823242,690
M-25-N-10-pa-0.25-pe-1.00,RecursivePUBO With Adaptive Qubits,24,10,606,2437,837,384,0.4587813620071684,42.358726263046265,690
M-25-N-10-pa-0.25-pe-1.00,RecursivePUBO With Preprocessing and Adaptive Qubits,24,10,634,2530,837,391,0.4671445639187574,43.240434408187866,690
M-25-N-10-pa-0.45-pe-1.00,CardinalitySweep,25,10,65,808,929,422,0.4542518837459634,13.245360851287842,690
M-25-N-10-pa-0.45-pe-1.00,RecursivePUBO,25,10,459,2395,929,565,0.6081808396124866,46.01657390594482,690
M-25-N-10-pa-0.45-pe-1.00,RecursivePUBO With Preprocessing,25,10,483,2481,929,587,0.6318622174381054,48.121118783950806,690
M-25-N-10-pa-0.45-pe-1.00,RecursivePUBO With Adaptive Qubits,25,10,481,2507,929,614,0.6609257265877287,45.84873914718628,690
M-25-N-10-pa-0.45-pe-1.00,RecursivePUBO With Preprocessing and Adaptive Qubits,25,10,501,2571,929,620,0.667384284176534,47.453877210617065,690
M-25-N-50-pa-0.55-pe-1.00,CardinalitySweep,25,50,222,3304,5261,26,0.0049420262307546,113.854074716568,690
M-25-N-50-pa-0.55-pe-1.00,RecursivePUBO,25,50,276,3470,5261,26,0.0049420262307546,124.91630244255066,690
M-25-N-50-pa-0.55-pe-1.00,RecursivePUBO With Preprocessing,25,50,285,3499,5261,32,0.0060824938224672,127.3993468284607,690
M-25-N-50-pa-0.55-pe-1.00,RecursivePUBO With Adaptive Qubits,25,50,617,4782,5261,401,0.0762212507127922,215.44850897789,690
M-25-N-50-pa-0.55-pe-1.00,RecursivePUBO With Preprocessing and Adaptive Qubits,25,50,597,4711,5261,389,0.073940315529367,209.0209896564484,690
M-25-N-5-pa-0.95-pe-1.00,CardinalitySweep,25,5,24,150,43,43,1.0,1.8518133163452148,690
M-25-N-5-pa-0.95-pe-1.00,RecursivePUBO,25,5,25,153,43,43,1.0,1.7836270332336426,690
M-25-N-5-pa-0.95-pe-1.00,RecursivePUBO With Preprocessing,25,5,25,153,43,43,1.0,1.7788634300231934,690
M-25-N-5-pa-0.95-pe-1.00,RecursivePUBO With Adaptive Qubits,25,5,25,153,43,43,1.0,1.4977819919586182,690
M-25-N-5-pa-0.95-pe-1.00,RecursivePUBO With Preprocessing and Adaptive Qubits,25,5,25,153,43,43,1.0,1.4944159984588623,690
M-25-N-25-pa-0.95-pe-1.00,CardinalitySweep,25,18,64,872,117,117,1.0,15.767506122589111,690
M-25-N-25-pa-0.95-pe-1.00,RecursivePUBO,25,18,64,872,117,117,1.0,15.330495119094849,690
M-25-N-25-pa-0.95-pe-1.00,RecursivePUBO With Preprocessing,25,18,64,872,117,117,1.0,15.328695297241213,690
M-25-N-25-pa-0.95-pe-1.00,RecursivePUBO With Adaptive Qubits,25,18,64,872,117,117,1.0,12.753719091415403,690
M-25-N-25-pa-0.95-pe-1.00,RecursivePUBO With Preprocessing and Adaptive Qubits,25,18,64,872,117,117,1.0,12.853257894515991,690
M-25-N-5-pa-0.75-pe-1.00,CardinalitySweep,25,5,35,343,72,72,1.0,3.04012131690979,690
M-25-N-5-pa-0.75-pe-1.00,RecursivePUBO,25,5,35,343,72,72,1.0,2.8127031326293945,690
M-25-N-5-pa-0.75-pe-1.00,RecursivePUBO With Preprocessing,25,5,35,343,72,72,1.0,2.8084874153137207,690
M-25-N-5-pa-0.75-pe-1.00,RecursivePUBO With Adaptive Qubits,25,5,30,276,72,72,1.0,2.079822301864624,690
M-25-N-5-pa-0.75-pe-1.00,RecursivePUBO With Preprocessing and Adaptive Qubits,25,5,30,276,72,72,1.0,2.079118251800537,690
M-25-N-50-pa-0.65-pe-1.00,CardinalitySweep,25,50,239,4176,2426,23,0.0094806265457543,130.44145822525024,690
M-25-N-50-pa-0.65-pe-1.00,RecursivePUBO,25,50,262,4246,2426,16,0.0065952184666117,132.71542882919312,690
M-25-N-50-pa-0.65-pe-1.00,RecursivePUBO With Preprocessing,25,50,279,4296,2426,24,0.0098928276999175,137.3912353515625,690
M-25-N-50-pa-0.65-pe-1.00,RecursivePUBO With Adaptive Qubits,25,50,579,5465,2426,399,0.1644682605111294,210.1333348751068,690
M-25-N-50-pa-0.65-pe-1.00,RecursivePUBO With Preprocessing and Adaptive Qubits,25,50,601,5569,2426,439,0.1809563066776587,216.4162404537201,690
M-25-N-25-pa-0.75-pe-1.00,CardinalitySweep,25,25,132,2491,665,181,0.2721804511278195,65.46249961853027,690
M-25-N-25-pa-0.75-pe-1.00,RecursivePUBO,25,25,275,3044,665,305,0.4586466165413533,100.9594213962555,690
M-25-N-25-pa-0.75-pe-1.00,RecursivePUBO With Preprocessing,25,25,264,2988,665,271,0.4075187969924812,98.04200959205627,690
M-25-N-25-pa-0.75-pe-1.00,RecursivePUBO With Adaptive Qubits,25,25,318,3316,665,493,0.7413533834586467,102.12604880332948,690
M-25-N-25-pa-0.75-pe-1.00,RecursivePUBO With Preprocessing and Adaptive Qubits,25,25,310,3295,665,490,0.7368421052631579,100.33086323738098,690
M-25-N-25-pa-0.45-pe-1.00,CardinalitySweep,25,25,118,1434,3484,359,0.1030424799081515,58.82891035079956,690
M-25-N-25-pa-0.45-pe-1.00,RecursivePUBO,25,25,441,2571,3484,260,0.0746268656716417,148.10069704055786,690
M-25-N-25-pa-0.45-pe-1.00,RecursivePUBO With Preprocessing,25,25,449,2590,3484,262,0.0752009184845005,150.4610800743103,690
M-25-N-25-pa-0.45-pe-1.00,RecursivePUBO With Adaptive Qubits,25,25,498,2817,3484,352,0.1010332950631458,161.66684365272522,690
M-25-N-25-pa-0.45-pe-1.00,RecursivePUBO With Preprocessing and Adaptive Qubits,25,25,484,2762,3484,340,0.0975889781859931,157.56559109687805,690
M-25-N-10-pa-0.65-pe-1.00,CardinalitySweep,25,10,68,1059,355,213,0.6,15.198143720626833,690
M-25-N-10-pa-0.65-pe-1.00,RecursivePUBO,25,10,222,1655,355,343,0.9661971830985916,28.506865739822388,690
M-25-N-10-pa-0.65-pe-1.00,RecursivePUBO With Preprocessing,25,10,217,1634,355,334,0.9408450704225352,28.063687562942505,690
M-25-N-10-pa-0.65-pe-1.00,RecursivePUBO With Adaptive Qubits,25,10,222,1607,355,348,0.9802816901408452,25.06157946586609,690
M-25-N-10-pa-0.65-pe-1.00,RecursivePUBO With Preprocessing and Adaptive Qubits,25,10,222,1605,355,347,0.9774647887323944,25.18006992340088,690
M-25-N-5-pa-0.45-pe-1.00,CardinalitySweep,25,5,45,586,186,151,0.8118279569892473,4.265196084976196,690
M-25-N-5-pa-0.45-pe-1.00,RecursivePUBO,25,5,114,849,186,186,1.0,5.596455097198486,690
M-25-N-5-pa-0.45-pe-1.00,RecursivePUBO With Preprocessing,25,5,114,849,186,186,1.0,5.576145172119141,690
M-25-N-5-pa-0.45-pe-1.00,RecursivePUBO With Adaptive Qubits,25,5,109,769,186,185,0.9946236559139784,4.782164573669434,690
M-25-N-5-pa-0.45-pe-1.00,RecursivePUBO With Preprocessing and Adaptive Qubits,25,5,109,770,186,186,1.0,4.765682935714722,690
M-25-N-25-pa-0.65-pe-1.00,CardinalitySweep,25,25,137,2340,1210,205,0.1694214876033057,75.36100172996521,690
M-25-N-25-pa-0.65-pe-1.00,RecursivePUBO,25,25,277,2858,1210,229,0.1892561983471074,114.93514227867126,690
M-25-N-25-pa-0.65-pe-1.00,RecursivePUBO With Preprocessing,25,25,280,2873,1210,240,0.1983471074380165,116.1470217704773,690
M-25-N-25-pa-0.65-pe-1.00,RecursivePUBO With Adaptive Qubits,25,25,399,3413,1210,460,0.3801652892561983,142.65431118011475,690
M-25-N-25-pa-0.65-pe-1.00,RecursivePUBO With Preprocessing and Adaptive Qubits,25,25,382,3347,1210,451,0.3727272727272727,138.2519567012787,690
M-25-N-25-pa-0.55-pe-1.00,CardinalitySweep,25,25,125,1902,1896,262,0.1381856540084388,64.31587529182434,690
M-25-N-25-pa-0.55-pe-1.00,RecursivePUBO,25,25,336,2661,1896,259,0.1366033755274261,121.40527510643004,690
M-25-N-25-pa-0.55-pe-1.00,RecursivePUBO With Preprocessing,25,25,341,2661,1896,249,0.1313291139240506,122.32339239120483,690
M-25-N-25-pa-0.55-pe-1.00,RecursivePUBO With Adaptive Qubits,25,25,531,3484,1896,530,0.2795358649789029,170.475426197052,690
M-25-N-25-pa-0.55-pe-1.00,RecursivePUBO With Preprocessing and Adaptive Qubits,25,25,560,3560,1896,528,0.2784810126582278,177.8093934059143,690
M-25-N-5-pa-0.25-pe-1.00,CardinalitySweep,16,5,31,243,60,59,0.9833333333333332,2.706264019012451,690
M-25-N-5-pa-0.25-pe-1.00,RecursivePUBO,16,5,60,350,60,60,1.0,3.2765374183654785,690
M-25-N-5-pa-0.25-pe-1.00,RecursivePUBO With Preprocessing,16,5,60,350,60,60,1.0,3.265054941177368,690
M-25-N-5-pa-0.25-pe-1.00,RecursivePUBO With Adaptive Qubits,16,5,59,338,60,60,1.0,2.8389079570770264,690
M-25-N-5-pa-0.25-pe-1.00,RecursivePUBO With Preprocessing and Adaptive Qubits,16,5,59,338,60,60,1.0,2.860797882080078,690
M-25-N-10-pa-0.85-pe-1.00,CardinalitySweep,25,10,68,1191,205,190,0.926829268292683,13.614869356155396,690
M-25-N-10-pa-0.85-pe-1.00,RecursivePUBO,25,10,84,1249,205,205,1.0,13.812804937362673,690
M-25-N-10-pa-0.85-pe-1.00,RecursivePUBO With Preprocessing,25,10,84,1249,205,205,1.0,13.780776262283323,690
M-25-N-10-pa-0.85-pe-1.00,RecursivePUBO With Adaptive Qubits,25,10,76,1064,205,205,1.0,9.888078212738035,690
M-25-N-10-pa-0.85-pe-1.00,RecursivePUBO With Preprocessing and Adaptive Qubits,25,10,76,1064,205,205,1.0,9.944709062576294,690
M-25-N-50-pa-0.75-pe-1.00,CardinalitySweep,25,50,243,4736,1236,28,0.0226537216828478,135.36461997032166,690
M-25-N-50-pa-0.75-pe-1.00,RecursivePUBO,25,50,270,4822,1236,32,0.0258899676375404,138.90967965126038,690
M-25-N-50-pa-0.75-pe-1.00,RecursivePUBO With Preprocessing,25,50,278,4841,1236,36,0.029126213592233,140.96067667007446,690
M-25-N-50-pa-0.75-pe-1.00,RecursivePUBO With Adaptive Qubits,25,50,487,5773,1236,509,0.4118122977346278,186.40851259231567,690
M-25-N-50-pa-0.75-pe-1.00,RecursivePUBO With Preprocessing and Adaptive Qubits,25,50,468,5703,1236,490,0.3964401294498382,180.6919531822205,690
M-25-N-25-pa-0.15-pe-1.00,CardinalitySweep,24,25,48,376,119,102,0.8571428571428571,9.363518238067629,690
M-25-N-25-pa-0.15-pe-1.00,RecursivePUBO,24,25,372,1415,119,76,0.6386554621848739,38.49893856048584,690
M-25-N-25-pa-0.15-pe-1.00,RecursivePUBO With Preprocessing,24,25,378,1434,119,77,0.6470588235294118,34.43073129653931,690
M-25-N-25-pa-0.15-pe-1.00,RecursivePUBO With Adaptive Qubits,24,25,383,1451,119,79,0.6638655462184874,39.08344125747681,690
M-25-N-25-pa-0.15-pe-1.00,RecursivePUBO With Preprocessing and Adaptive Qubits,24,25,373,1418,119,76,0.6386554621848739,33.82159924507141,690
M-25-N-50-pa-0.45-pe-1.00,CardinalitySweep,25,50,224,2962,6456,48,0.0074349442379182,109.14538860321044,690
M-25-N-50-pa-0.45-pe-1.00,RecursivePUBO,25,50,294,3183,6456,37,0.0057311028500619,124.38655638694765,690
M-25-N-50-pa-0.45-pe-1.00,RecursivePUBO With Preprocessing,25,50,297,3188,6456,33,0.0051115241635687,124.76375317573547,690
M-25-N-50-pa-0.45-pe-1.00,RecursivePUBO With Adaptive Qubits,25,50,403,3590,6456,155,0.0240086741016109,146.04157519340515,690
M-25-N-50-pa-0.45-pe-1.00,RecursivePUBO With Preprocessing and Adaptive Qubits,25,50,388,3533,6456,138,0.0213754646840148,141.6001672744751,690
M-25-N-5-pa-0.55-pe-1.00,CardinalitySweep,25,5,43,535,178,157,0.8820224719101124,4.064779758453369,690
M-25-N-5-pa-0.55-pe-1.00,RecursivePUBO,25,5,106,773,178,178,1.0,5.284648895263672,690
M-25-N-5-pa-0.55-pe-1.00,RecursivePUBO With Preprocessing,25,5,106,773,178,178,1.0,5.292295217514038,690
M-25-N-5-pa-0.55-pe-1.00,RecursivePUBO With Adaptive Qubits,25,5,101,695,178,178,1.0,4.490278959274292,690
M-25-N-5-pa-0.55-pe-1.00,RecursivePUBO With Preprocessing and Adaptive Qubits,25,5,101,695,178,178,1.0,4.488564491271973,690
M-25-N-25-pa-0.25-pe-1.00,CardinalitySweep,25,25,99,910,5238,534,0.1019473081328751,43.24491024017334,690
M-25-N-25-pa-0.25-pe-1.00,RecursivePUBO,25,25,853,3424,5238,325,0.0620465826651393,224.6462047100067,690
M-25-N-25-pa-0.25-pe-1.00,RecursivePUBO With Preprocessing,25,25,875,3511,5238,348,0.0664375715922107,227.79352188110352,690
M-25-N-25-pa-0.25-pe-1.00,RecursivePUBO With Adaptive Qubits,25,25,863,3468,5238,336,0.0641466208476517,226.0154221057892,690
M-25-N-25-pa-0.25-pe-1.00,RecursivePUBO With Preprocessing and Adaptive Qubits,25,25,924,3674,5238,360,0.0687285223367697,238.67720317840576,690
M-25-N-5-pa-0.15-pe-1.00,CardinalitySweep,21,5,35,311,316,263,0.8322784810126582,2.323748826980591,690
M-25-N-5-pa-0.15-pe-1.00,RecursivePUBO,21,5,172,924,316,303,0.9588607594936708,4.835649013519287,690
M-25-N-5-pa-0.15-pe-1.00,RecursivePUBO With Preprocessing,21,5,172,924,316,301,0.9525316455696202,4.136249303817749,690
M-25-N-5-pa-0.15-pe-1.00,RecursivePUBO With Adaptive Qubits,21,5,171,912,316,300,0.9493670886075948,4.461316585540772,690
M-25-N-5-pa-0.15-pe-1.00,RecursivePUBO With Preprocessing and Adaptive Qubits,21,5,171,912,316,309,0.9778481012658228,3.947967767715454,690
M-25-N-10-pa-0.15-pe-1.00,CardinalitySweep,20,10,38,297,186,152,0.8172043010752689,4.846513271331787,690
M-25-N-10-pa-0.15-pe-1.00,RecursivePUBO,20,10,203,927,186,147,0.7903225806451613,12.623148441314695,690
M-25-N-10-pa-0.15-pe-1.00,RecursivePUBO With Preprocessing,20,10,211,957,186,153,0.8225806451612904,11.449707984924316,690
M-25-N-10-pa-0.15-pe-1.00,RecursivePUBO With Adaptive Qubits,20,10,205,937,186,151,0.8118279569892473,12.485583066940308,690
M-25-N-10-pa-0.15-pe-1.00,RecursivePUBO With Preprocessing and Adaptive Qubits,20,10,209,954,186,156,0.8387096774193549,11.29669189453125,690
M-25-N-5-pa-0.85-pe-1.00,CardinalitySweep,25,5,28,243,58,58,1.0,1.8129303455352783,690
M-25-N-5-pa-0.85-pe-1.00,RecursivePUBO,25,5,30,249,58,58,1.0,1.7369532585144043,690
M-25-N-5-pa-0.85-pe-1.00,RecursivePUBO With Preprocessing,25,5,30,249,58,58,1.0,1.7440364360809326,690
M-25-N-5-pa-0.85-pe-1.00,RecursivePUBO With Adaptive Qubits,25,5,24,175,58,58,1.0,1.3159465789794922,690
M-25-N-5-pa-0.85-pe-1.00,RecursivePUBO With Preprocessing and Adaptive Qubits,25,5,24,175,58,58,1.0,1.3121254444122314,690
M-25-N-10-pa-0.55-pe-1.00,CardinalitySweep,25,10,65,860,801,430,0.5368289637952559,13.48353362083435,690
M-25-N-10-pa-0.55-pe-1.00,RecursivePUBO,25,10,384,2213,801,573,0.7153558052434457,40.902852058410645,690
M-25-N-10-pa-0.55-pe-1.00,RecursivePUBO With Preprocessing,25,10,384,2204,801,567,0.7078651685393258,40.89154267311096,690
M-25-N-10-pa-0.55-pe-1.00,RecursivePUBO With Adaptive Qubits,25,10,393,2254,801,588,0.7340823970037453,39.50004839897156,690
M-25-N-10-pa-0.55-pe-1.00,RecursivePUBO With Preprocessing and Adaptive Qubits,25,10,404,2305,801,607,0.7578027465667915,40.27910709381104,690
M-25-N-50-pa-0.85-pe-1.00,CardinalitySweep,25,50,225,4865,499,16,0.032064128256513,128.99828910827637,690
M-25-N-50-pa-0.85-pe-1.00,RecursivePUBO,25,50,241,4915,499,22,0.0440881763527054,129.54831504821777,690
M-25-N-50-pa-0.85-pe-1.00,RecursivePUBO With Preprocessing,25,50,235,4895,499,19,0.0380761523046092,128.14387774467468,690
M-25-N-50-pa-0.85-pe-1.00,RecursivePUBO With Adaptive Qubits,25,50,331,5338,499,372,0.7454909819639278,135.4866909980774,690
M-25-N-50-pa-0.85-pe-1.00,RecursivePUBO With Preprocessing and Adaptive Qubits,25,50,338,5350,499,370,0.7414829659318637,137.51486587524414,690
M-25-N-10-pa-0.05-pe-1.00,CardinalitySweep,12,9,17,76,8,8,1.0,0.998220682144165,690
M-25-N-10-pa-0.05-pe-1.00,RecursivePUBO,12,9,33,124,8,8,1.0,2.759333610534668,690
M-25-N-10-pa-0.05-pe-1.00,RecursivePUBO With Preprocessing,12,9,33,124,8,8,1.0,1.4374148845672607,690
M-25-N-10-pa-0.05-pe-1.00,RecursivePUBO With Adaptive Qubits,12,9,33,124,8,8,1.0,2.767836332321167,690
M-25-N-10-pa-0.05-pe-1.00,RecursivePUBO With Preprocessing and Adaptive Qubits,12,9,33,124,8,8,1.0,1.4293785095214844,690
M-25-N-50-pa-0.05-pe-1.00,CardinalitySweep,24,37,29,289,8,8,1.0,1.2214899063110352,690
M-25-N-50-pa-0.05-pe-1.00,RecursivePUBO,24,37,78,443,8,8,1.0,12.818427801132202,690
M-25-N-50-pa-0.05-pe-1.00,RecursivePUBO With Preprocessing,24,37,78,443,8,8,1.0,1.891002893447876,690
M-25-N-50-pa-0.05-pe-1.00,RecursivePUBO With Adaptive Qubits,24,37,78,443,8,8,1.0,12.81315779685974,690
M-25-N-50-pa-0.05-pe-1.00,RecursivePUBO With Preprocessing and Adaptive Qubits,24,37,78,443,8,8,1.0,1.886143684387207,690
M-50-N-50-pa-0.25-pe-1.00,CardinalitySweep,50,50,247,3905,12474369,112,8.978410050239815e-06,413.6447515487671,690
M-50-N-50-pa-0.25-pe-1.00,RecursivePUBO,50,50,553,4865,12474369,74,5.932163783194164e-06,584.6711394786835,690
M-50-N-50-pa-0.25-pe-1.00,RecursivePUBO With Preprocessing,50,50,591,4994,12474369,84,6.733807537679862e-06,588.3888852596283,690
M-50-N-50-pa-0.25-pe-1.00,RecursivePUBO With Adaptive Qubits,50,50,575,4940,12474369,78,6.252821284988443e-06,576.4677851200104,690
M-50-N-50-pa-0.25-pe-1.00,RecursivePUBO With Preprocessing and Adaptive Qubits,50,50,540,4826,12474369,69,5.531341905951315e-06,556.1002519130707,690
M-50-N-5-pa-0.05-pe-1.00,CardinalitySweep,15,5,24,153,63,63,1.0,11.71943497657776,690
M-50-N-5-pa-0.05-pe-1.00,RecursivePUBO,15,5,48,240,63,63,1.0,16.116686820983887,690
M-50-N-5-pa-0.05-pe-1.00,RecursivePUBO With Preprocessing,15,5,48,240,63,63,1.0,12.006597995758057,690
M-50-N-5-pa-0.05-pe-1.00,RecursivePUBO With Adaptive Qubits,15,5,48,240,63,63,1.0,15.766939163208008,690
M-50-N-5-pa-0.05-pe-1.00,RecursivePUBO With Preprocessing and Adaptive Qubits,15,5,48,240,63,63,1.0,11.925878524780272,690
M-50-N-50-pa-0.55-pe-1.00,CardinalitySweep,50,50,305,8919,150825,6,3.9781203381402286e-05,577.3868727684021,690
M-50-N-50-pa-0.55-pe-1.00,RecursivePUBO,50,50,327,8985,150825,10,6.630200563567048e-05,583.8866772651672,690
M-50-N-50-pa-0.55-pe-1.00,RecursivePUBO With Preprocessing,50,50,334,9006,150825,14,9.282280788993868e-05,587.9750294685364,690
M-50-N-50-pa-0.55-pe-1.00,RecursivePUBO With Adaptive Qubits,50,50,1140,11721,150825,592,0.0039250787336316,1024.7197074890137,690
M-50-N-50-pa-0.55-pe-1.00,RecursivePUBO With Preprocessing and Adaptive Qubits,50,50,1125,11660,150825,576,0.0038189955246146,984.5588874816896,690
M-50-N-5-pa-0.85-pe-1.00,CardinalitySweep,50,5,49,779,206,205,0.9951456310679612,18.367318391799927,690
M-50-N-5-pa-0.85-pe-1.00,RecursivePUBO,50,5,51,787,206,206,1.0,18.222341775894165,690
M-50-N-5-pa-0.85-pe-1.00,RecursivePUBO With Preprocessing,50,5,51,787,206,206,1.0,18.25896549224853,690
M-50-N-5-pa-0.85-pe-1.00,RecursivePUBO With Adaptive Qubits,50,5,42,590,206,206,1.0,16.75627112388611,690
M-50-N-5-pa-0.85-pe-1.00,RecursivePUBO With Preprocessing and Adaptive Qubits,50,5,42,590,206,206,1.0,16.77144980430603,690
M-50-N-50-pa-0.85-pe-1.00,CardinalitySweep,50,50,338,14269,3271,1,0.0003057169061449,672.3304235935211,690
M-50-N-50-pa-0.85-pe-1.00,RecursivePUBO,50,50,339,14272,3271,3,0.0009171507184347,665.7944982051849,690
M-50-N-50-pa-0.85-pe-1.00,RecursivePUBO With Preprocessing,50,50,338,14269,3271,0,0.0,671.093209028244,690
M-50-N-50-pa-0.85-pe-1.00,RecursivePUBO With Adaptive Qubits,50,50,559,15003,3271,734,0.2243962091103638,719.3737931251526,690
M-50-N-50-pa-0.85-pe-1.00,RecursivePUBO With Preprocessing and Adaptive Qubits,50,50,567,15040,3271,767,0.2344848670131458,727.1805391311646,690
M-50-N-5-pa-0.65-pe-1.00,CardinalitySweep,48,5,67,1531,738,419,0.5677506775067751,20.584139585494995,690
M-50-N-5-pa-0.65-pe-1.00,RecursivePUBO,48,5,227,2245,738,723,0.9796747967479674,24.51389074325561,690
M-50-N-5-pa-0.65-pe-1.00,RecursivePUBO With Preprocessing,48,5,229,2251,738,724,0.981029810298103,24.499967098236084,690
M-50-N-5-pa-0.65-pe-1.00,RecursivePUBO With Adaptive Qubits,48,5,219,1971,738,728,0.986449864498645,22.52577114105225,690
M-50-N-5-pa-0.65-pe-1.00,RecursivePUBO With Preprocessing and Adaptive Qubits,48,5,217,1961,738,719,0.9742547425474256,22.466437816619877,690
M-50-N-25-pa-0.55-pe-1.00,CardinalitySweep,50,25,178,5061,40246,152,0.003776772846991,205.7085556983948,690
M-50-N-25-pa-0.55-pe-1.00,RecursivePUBO,50,25,351,5600,40246,147,0.0036525368980768,255.21381044387817,690
M-50-N-25-pa-0.55-pe-1.00,RecursivePUBO With Preprocessing,50,25,337,5554,40246,141,0.0035034537593798,252.5238389968872,690
M-50-N-25-pa-0.55-pe-1.00,RecursivePUBO With Adaptive Qubits,50,25,683,6573,40246,394,0.0097897927744372,314.4529347419739,690
M-50-N-25-pa-0.55-pe-1.00,RecursivePUBO With Preprocessing and Adaptive Qubits,50,25,663,6517,40246,388,0.0096407096357401,309.83955788612366,690
M-50-N-5-pa-0.25-pe-1.00,CardinalitySweep,39,5,60,1060,1161,445,0.3832902670111972,19.523441314697266,690
M-50-N-5-pa-0.25-pe-1.00,RecursivePUBO,39,5,398,2639,1161,790,0.6804478897502153,26.028396606445312,690
M-50-N-5-pa-0.25-pe-1.00,RecursivePUBO With Preprocessing,39,5,383,2589,1161,782,0.673557278208441,25.68668937683105,690
M-50-N-5-pa-0.25-pe-1.00,RecursivePUBO With Adaptive Qubits,39,5,396,2575,1161,814,0.7011197243755384,24.5916006565094,690
M-50-N-5-pa-0.25-pe-1.00,RecursivePUBO With Preprocessing and Adaptive Qubits,39,5,392,2563,1161,815,0.7019810508182601,24.40822029113769,690
M-50-N-25-pa-0.05-pe-1.00,CardinalitySweep,41,25,68,931,6096,373,0.0611876640419947,44.7224383354187,690
M-50-N-25-pa-0.05-pe-1.00,RecursivePUBO,41,25,1034,3978,6096,161,0.0264107611548556,160.74805426597595,690
M-50-N-25-pa-0.05-pe-1.00,RecursivePUBO With Preprocessing,41,25,1029,3961,6096,160,0.0262467191601049,119.09553027153017,690
M-50-N-25-pa-0.05-pe-1.00,RecursivePUBO With Adaptive Qubits,41,25,1055,4047,6096,167,0.0273950131233595,162.2039442062378,690
M-50-N-25-pa-0.05-pe-1.00,RecursivePUBO With Preprocessing and Adaptive Qubits,41,25,1020,3938,6096,162,0.0265748031496063,118.14492774009705,690
M-50-N-10-pa-0.05-pe-1.00,CardinalitySweep,21,10,33,249,228,228,1.0,8.200270175933838,690
M-50-N-10-pa-0.05-pe-1.00,RecursivePUBO,21,10,664,2331,228,227,0.9956140350877192,39.85728049278259,690
M-50-N-10-pa-0.05-pe-1.00,RecursivePUBO With Preprocessing,21,10,665,2335,228,228,1.0,15.058186769485474,690
M-50-N-10-pa-0.05-pe-1.00,RecursivePUBO With Adaptive Qubits,21,10,665,2335,228,228,1.0,39.74319314956665,690
M-50-N-10-pa-0.05-pe-1.00,RecursivePUBO With Preprocessing and Adaptive Qubits,21,10,665,2335,228,228,1.0,15.050161361694336,690
M-50-N-10-pa-0.55-pe-1.00,CardinalitySweep,50,10,101,2737,6655,612,0.0919609316303531,57.21980023384094,690
M-50-N-10-pa-0.55-pe-1.00,RecursivePUBO,50,10,595,4672,6655,1009,0.1516153268219384,104.25891399383544,690
M-50-N-10-pa-0.55-pe-1.00,RecursivePUBO With Preprocessing,50,10,610,4742,6655,1038,0.1559729526671675,105.47817611694336,690
M-50-N-10-pa-0.55-pe-1.00,RecursivePUBO With Adaptive Qubits,50,10,675,4727,6655,1190,0.1788129226145755,100.3135380744934,690
M-50-N-10-pa-0.55-pe-1.00,RecursivePUBO With Preprocessing and Adaptive Qubits,50,10,636,4592,6655,1147,0.1723516153268219,97.4876024723053,690
M-50-N-50-pa-0.05-pe-1.00,CardinalitySweep,45,48,74,1095,3628,647,0.178335170893054,52.07428288459778,690
M-50-N-50-pa-0.05-pe-1.00,RecursivePUBO,45,48,2606,8957,3628,279,0.0769018743109151,365.8638665676117,690
M-50-N-50-pa-0.05-pe-1.00,RecursivePUBO With Preprocessing,45,48,2637,9052,3628,281,0.0774531422271223,278.7446315288544,690
M-50-N-50-pa-0.05-pe-1.00,RecursivePUBO With Adaptive Qubits,45,48,2715,9298,3628,293,0.080760749724366,376.9923107624054,690
M-50-N-50-pa-0.05-pe-1.00,RecursivePUBO With Preprocessing and Adaptive Qubits,45,48,2681,9181,3628,278,0.0766262403528114,282.8374531269073,690
M-50-N-50-pa-0.65-pe-1.00,CardinalitySweep,50,50,321,10489,60583,7,0.0001155439644784,607.067990064621,690
M-50-N-50-pa-0.65-pe-1.00,RecursivePUBO,50,50,328,10510,60583,3,4.951884191935031e-05,604.6223440170288,690
M-50-N-50-pa-0.65-pe-1.00,RecursivePUBO With Preprocessing,50,50,329,10513,60583,4,6.602512255913375e-05,604.6549990177155,690
M-50-N-50-pa-0.65-pe-1.00,RecursivePUBO With Adaptive Qubits,50,50,1019,12772,60583,480,0.007923014707096,992.3353357315063,690
M-50-N-50-pa-0.65-pe-1.00,RecursivePUBO With Preprocessing and Adaptive Qubits,50,50,934,12516,60583,443,0.007312282323424,953.9238722324372,690
M-50-N-50-pa-0.95-pe-1.00,CardinalitySweep,50,41,224,8836,871,35,0.0401836969001148,306.1413128376007,690
M-50-N-50-pa-0.95-pe-1.00,RecursivePUBO,50,41,224,8836,871,33,0.0378874856486796,305.9921007156372,690
M-50-N-50-pa-0.95-pe-1.00,RecursivePUBO With Preprocessing,50,41,224,8836,871,27,0.0309988518943742,305.4996991157532,690
M-50-N-50-pa-0.95-pe-1.00,RecursivePUBO With Adaptive Qubits,50,41,194,7446,871,780,0.8955223880597015,252.57161664962769,690
M-50-N-50-pa-0.95-pe-1.00,RecursivePUBO With Preprocessing and Adaptive Qubits,50,41,194,7446,871,768,0.8817451205510907,252.64459872245789,690
M-50-N-50-pa-0.35-pe-1.00,CardinalitySweep,50,50,287,5930,2427808,35,1.4416296511091486e-05,495.6002659797669,690
M-50-N-50-pa-0.35-pe-1.00,RecursivePUBO,50,50,420,6335,2427808,37,1.5240084883153855e-05,561.6199264526367,690
M-50-N-50-pa-0.35-pe-1.00,RecursivePUBO With Preprocessing,50,50,437,6384,2427808,41,1.68876616272786e-05,569.8814413547516,690
M-50-N-50-pa-0.35-pe-1.00,RecursivePUBO With Adaptive Qubits,50,50,403,6279,2427808,32,1.318061395299793e-05,525.1754059791565,690
M-50-N-50-pa-0.35-pe-1.00,RecursivePUBO With Preprocessing and Adaptive Qubits,50,50,407,6294,2427808,33,1.3592508139029116e-05,528.7113707065582,690
M-50-N-10-pa-0.65-pe-1.00,CardinalitySweep,50,10,105,3163,2963,463,0.1562605467431657,59.93736863136292,690
M-50-N-10-pa-0.65-pe-1.00,RecursivePUBO,50,10,464,4510,2963,905,0.305433682078974,91.67362403869627,690
M-50-N-10-pa-0.65-pe-1.00,RecursivePUBO With Preprocessing,50,10,476,4520,2963,877,0.2959838002024975,92.83460450172424,690
M-50-N-10-pa-0.65-pe-1.00,RecursivePUBO With Adaptive Qubits,50,10,549,4439,2963,1236,0.4171447856901789,89.12527751922607,690
M-50-N-10-pa-0.65-pe-1.00,RecursivePUBO With Preprocessing and Adaptive Qubits,50,10,531,4359,2963,1196,0.4036449544380695,87.33800292015076,690
M-50-N-10-pa-0.25-pe-1.00,CardinalitySweep,47,10,87,1609,25672,888,0.0345902150202555,48.36351799964905,690
M-50-N-10-pa-0.25-pe-1.00,RecursivePUBO,47,10,1028,5113,25672,975,0.0379791212215643,116.49249720573424,690
M-50-N-10-pa-0.25-pe-1.00,RecursivePUBO With Preprocessing,47,10,1043,5160,25672,982,0.0382517918354627,117.05740165710448,690
M-50-N-10-pa-0.25-pe-1.00,RecursivePUBO With Adaptive Qubits,47,10,1051,5204,25672,998,0.0388750389529448,115.85900664329527,690
M-50-N-10-pa-0.25-pe-1.00,RecursivePUBO With Preprocessing and Adaptive Qubits,47,10,1059,5241,25672,1014,0.0394982860704269,115.76070022583008,690
M-50-N-25-pa-0.45-pe-1.00,CardinalitySweep,50,25,175,4355,128411,209,0.0016275864217239,190.03301167488095,690
M-50-N-25-pa-0.45-pe-1.00,RecursivePUBO,50,25,426,5151,128411,176,0.0013705990919781,256.0783233642578,690
M-50-N-25-pa-0.45-pe-1.00,RecursivePUBO With Preprocessing,50,25,375,5010,128411,161,0.0012537866693663,243.64601969718933,690
M-50-N-25-pa-0.45-pe-1.00,RecursivePUBO With Adaptive Qubits,50,25,623,5846,128411,347,0.0027022607097522,289.88955426216125,690
M-50-N-25-pa-0.45-pe-1.00,RecursivePUBO With Preprocessing and Adaptive Qubits,50,25,747,6234,128411,419,0.0032629603382887,320.582181930542,690
M-50-N-5-pa-0.45-pe-1.00,CardinalitySweep,48,5,71,1671,1229,437,0.355573637103336,21.157156705856323,690
M-50-N-5-pa-0.45-pe-1.00,RecursivePUBO,48,5,372,3138,1229,1042,0.8478437754271766,28.82193326950073,690
M-50-N-5-pa-0.45-pe-1.00,RecursivePUBO With Preprocessing,48,5,370,3130,1229,1038,0.8445890968266884,28.689610958099365,690
M-50-N-5-pa-0.45-pe-1.00,RecursivePUBO With Adaptive Qubits,48,5,370,2915,1229,1044,0.8494711147274207,26.921024560928345,690
M-50-N-5-pa-0.45-pe-1.00,RecursivePUBO With Preprocessing and Adaptive Qubits,48,5,361,2897,1229,1044,0.8494711147274207,26.64692425727844,690
M-50-N-5-pa-0.55-pe-1.00,CardinalitySweep,48,5,70,1690,1027,428,0.4167478091528724,21.136266231536865,690
M-50-N-5-pa-0.55-pe-1.00,RecursivePUBO,48,5,292,2797,1027,941,0.9162609542356378,25.904847383499146,690
M-50-N-5-pa-0.55-pe-1.00,RecursivePUBO With Preprocessing,48,5,278,2725,1027,907,0.8831548198636806,25.74199247360229,690
M-50-N-5-pa-0.55-pe-1.00,RecursivePUBO With Adaptive Qubits,48,5,270,2456,1027,927,0.9026290165530672,23.543588399887085,690
M-50-N-5-pa-0.55-pe-1.00,RecursivePUBO With Preprocessing and Adaptive Qubits,48,5,273,2458,1027,919,0.8948393378773125,23.621758699417114,690
M-50-N-5-pa-0.35-pe-1.00,CardinalitySweep,44,5,65,1342,1480,560,0.3783783783783784,20.391122817993164,690
M-50-N-5-pa-0.35-pe-1.00,RecursivePUBO,44,5,414,3006,1480,997,0.6736486486486486,28.51097536087036,690
M-50-N-5-pa-0.35-pe-1.00,RecursivePUBO With Preprocessing,44,5,417,3029,1480,1012,0.6837837837837838,28.674031734466556,690
M-50-N-5-pa-0.35-pe-1.00,RecursivePUBO With Adaptive Qubits,44,5,419,2894,1480,1009,0.6817567567567567,26.900429725646973,690
M-50-N-5-pa-0.35-pe-1.00,RecursivePUBO With Preprocessing and Adaptive Qubits,44,5,431,2948,1480,1029,0.6952702702702702,27.10686564445496,690
M-50-N-25-pa-0.95-pe-1.00,CardinalitySweep,50,21,119,2996,398,226,0.5678391959798995,108.45783591270448,690
M-50-N-25-pa-0.95-pe-1.00,RecursivePUBO,50,21,119,2996,398,238,0.5979899497487438,108.47735619544984,690
M-50-N-25-pa-0.95-pe-1.00,RecursivePUBO With Preprocessing,50,21,119,2996,398,226,0.5678391959798995,108.67596554756165,690
M-50-N-25-pa-0.95-pe-1.00,RecursivePUBO With Adaptive Qubits,50,21,119,2996,398,397,0.9974874371859296,96.92810654640198,690
M-50-N-25-pa-0.95-pe-1.00,RecursivePUBO With Preprocessing and Adaptive Qubits,50,21,119,2996,398,396,0.9949748743718592,96.6992175579071,690
M-50-N-25-pa-0.25-pe-1.00,CardinalitySweep,50,25,149,2613,1080958,787,0.0007280578893907,158.16579794883728,690
M-50-N-25-pa-0.25-pe-1.00,RecursivePUBO,50,25,763,4662,1080958,310,0.0002867826502047,309.9762773513794,690
M-50-N-25-pa-0.25-pe-1.00,RecursivePUBO With Preprocessing,50,25,735,4553,1080958,286,0.0002645801224469,296.72142577171326,690
M-50-N-25-pa-0.25-pe-1.00,RecursivePUBO With Adaptive Qubits,50,25,757,4625,1080958,295,0.0002729060703561,298.2795579433441,690
M-50-N-25-pa-0.25-pe-1.00,RecursivePUBO With Preprocessing and Adaptive Qubits,50,25,837,4895,1080958,332,0.000307134967316,309.36003375053406,690
M-50-N-25-pa-0.75-pe-1.00,CardinalitySweep,50,25,199,7234,4916,68,0.0138323840520748,230.87297320365903,690
M-50-N-25-pa-0.75-pe-1.00,RecursivePUBO,50,25,254,7399,4916,86,0.017493897477624,240.78556084632876,690
M-50-N-25-pa-0.75-pe-1.00,RecursivePUBO With Preprocessing,50,25,239,7356,4916,70,0.0142392188771358,236.64595079422,690
M-50-N-25-pa-0.75-pe-1.00,RecursivePUBO With Adaptive Qubits,50,25,491,7281,4916,702,0.1427990235964198,277.7080945968628,690
M-50-N-25-pa-0.75-pe-1.00,RecursivePUBO With Preprocessing and Adaptive Qubits,50,25,489,7314,4916,742,0.1509357200976403,278.2996916770935,690
M-50-N-50-pa-0.75-pe-1.00,CardinalitySweep,50,50,347,13030,15290,4,0.0002616088947024,677.3998577594757,690
M-50-N-50-pa-0.75-pe-1.00,RecursivePUBO,50,50,350,13039,15290,3,0.0001962066710268,668.5285201072693,690
M-50-N-50-pa-0.75-pe-1.00,RecursivePUBO With Preprocessing,50,50,355,13054,15290,7,0.0004578155657292,668.9664981365204,690
M-50-N-50-pa-0.75-pe-1.00,RecursivePUBO With Adaptive Qubits,50,50,807,14654,15290,716,0.0468279921517331,899.9333298206329,690
M-50-N-50-pa-0.75-pe-1.00,RecursivePUBO With Preprocessing and Adaptive Qubits,50,50,810,14692,15290,762,0.0498364944408109,905.8341400623322,690
M-50-N-10-pa-0.35-pe-1.00,CardinalitySweep,49,10,94,2045,13697,772,0.0563627071621523,52.16734504699707,690
M-50-N-10-pa-0.35-pe-1.00,RecursivePUBO,49,10,1059,5597,13697,1035,0.0755639921150616,123.24613833427428,690
M-50-N-10-pa-0.35-pe-1.00,RecursivePUBO With Preprocessing,49,10,1114,5776,13697,1065,0.0777542527560779,127.18505668640135,690
M-50-N-10-pa-0.35-pe-1.00,RecursivePUBO With Adaptive Qubits,49,10,1140,5828,13697,1150,0.0839599912389574,125.04517602920532,690
M-50-N-10-pa-0.35-pe-1.00,RecursivePUBO With Preprocessing and Adaptive Qubits,49,10,1147,5839,13697,1140,0.0832299043586186,125.39063477516174,690
M-50-N-5-pa-0.95-pe-1.00,CardinalitySweep,50,5,32,305,98,98,1.0,16.37554407119751,690
M-50-N-5-pa-0.95-pe-1.00,RecursivePUBO,50,5,32,305,98,98,1.0,16.14056158065796,690
M-50-N-5-pa-0.95-pe-1.00,RecursivePUBO With Preprocessing,50,5,32,305,98,98,1.0,16.149210453033447,690
M-50-N-5-pa-0.95-pe-1.00,RecursivePUBO With Adaptive Qubits,50,5,28,249,98,98,1.0,15.608444690704346,690
M-50-N-5-pa-0.95-pe-1.00,RecursivePUBO With Preprocessing and Adaptive Qubits,50,5,28,249,98,98,1.0,15.577438592910768,690
M-50-N-10-pa-0.45-pe-1.00,CardinalitySweep,50,10,100,2510,11898,817,0.0686670028576231,54.33773946762085,690
M-50-N-10-pa-0.45-pe-1.00,RecursivePUBO,50,10,751,4984,11898,1086,0.0912758446797781,108.2115249633789,690
M-50-N-10-pa-0.45-pe-1.00,RecursivePUBO With Preprocessing,50,10,750,4980,11898,1090,0.0916120356362413,108.5107831954956,690
M-50-N-10-pa-0.45-pe-1.00,RecursivePUBO With Adaptive Qubits,50,10,847,5114,11898,1197,0.1006051437216338,109.89040112495422,690
M-50-N-10-pa-0.45-pe-1.00,RecursivePUBO With Preprocessing and Adaptive Qubits,50,10,837,5077,11898,1199,0.1007732391998655,109.56674766540527,690
M-50-N-10-pa-0.95-pe-1.00,CardinalitySweep,50,9,44,542,137,137,1.0,26.354061126708984,690
M-50-N-10-pa-0.95-pe-1.00,RecursivePUBO,50,9,44,542,137,137,1.0,25.67865824699402,690
M-50-N-10-pa-0.95-pe-1.00,RecursivePUBO With Preprocessing,50,9,44,542,137,137,1.0,25.73043894767761,690
M-50-N-10-pa-0.95-pe-1.00,RecursivePUBO With Adaptive Qubits,50,9,37,426,137,137,1.0,24.60956907272339,690
M-50-N-10-pa-0.95-pe-1.00,RecursivePUBO With Preprocessing and Adaptive Qubits,50,9,37,426,137,137,1.0,24.628764629364014,690
M-50-N-50-pa-0.15-pe-1.00,CardinalitySweep,50,50,206,2603,13977897,260,1.860079524122978e-05,342.1837470531464,690
M-50-N-50-pa-0.15-pe-1.00,RecursivePUBO,50,50,1403,6307,13977897,164,1.1732809306006477e-05,878.8439340591431,690
M-50-N-50-pa-0.15-pe-1.00,RecursivePUBO With Preprocessing,50,50,1372,6192,13977897,157,1.1232018664896445e-05,846.4088006019592,690
M-50-N-50-pa-0.15-pe-1.00,RecursivePUBO With Adaptive Qubits,50,50,1475,6512,13977897,169,1.2090516906799356e-05,898.540415763855,690
M-50-N-50-pa-0.15-pe-1.00,RecursivePUBO With Preprocessing and Adaptive Qubits,50,50,1339,6092,13977897,154,1.1017394104420717e-05,836.6708526611328,690
M-50-N-25-pa-0.85-pe-1.00,CardinalitySweep,50,25,197,7522,1192,64,0.0536912751677852,240.0319628715515,690
M-50-N-25-pa-0.85-pe-1.00,RecursivePUBO,50,25,206,7549,1192,67,0.0562080536912751,230.76879262924197,690
M-50-N-25-pa-0.85-pe-1.00,RecursivePUBO With Preprocessing,50,25,201,7534,1192,62,0.0520134228187919,230.2895278930664,690
M-50-N-25-pa-0.85-pe-1.00,RecursivePUBO With Adaptive Qubits,50,25,285,6775,1192,785,0.6585570469798657,221.81874632835388,690
M-50-N-25-pa-0.85-pe-1.00,RecursivePUBO With Preprocessing and Adaptive Qubits,50,25,273,6727,1192,768,0.6442953020134228,218.17951893806455,690
M-50-N-5-pa-0.15-pe-1.00,CardinalitySweep,34,5,50,715,4336,702,0.16190036900369,13.701813459396362,690
M-50-N-5-pa-0.15-pe-1.00,RecursivePUBO,34,5,427,2263,4336,1063,0.2451568265682656,22.842644214630127,690
M-50-N-5-pa-0.15-pe-1.00,RecursivePUBO With Preprocessing,34,5,430,2278,4336,1062,0.2449261992619926,18.59792399406433,690
M-50-N-5-pa-0.15-pe-1.00,RecursivePUBO With Adaptive Qubits,34,5,429,2242,4336,1075,0.2479243542435424,22.72451901435852,690
M-50-N-5-pa-0.15-pe-1.00,RecursivePUBO With Preprocessing and Adaptive Qubits,34,5,416,2203,4336,1097,0.2529981549815498,18.006975412368774,690
M-50-N-25-pa-0.35-pe-1.00,CardinalitySweep,50,25,167,3586,369577,372,0.0010065561439158,178.39849519729614,690
M-50-N-25-pa-0.35-pe-1.00,RecursivePUBO,50,25,645,5153,369577,259,0.000700801186221,295.6174485683441,690
M-50-N-25-pa-0.35-pe-1.00,RecursivePUBO With Preprocessing,50,25,669,5242,369577,288,0.000779269272709,301.33266043663025,690
M-50-N-25-pa-0.35-pe-1.00,RecursivePUBO With Adaptive Qubits,50,25,677,5267,369577,303,0.000819856213996,293.4318099021912,690
M-50-N-25-pa-0.35-pe-1.00,RecursivePUBO With Preprocessing and Adaptive Qubits,50,25,704,5352,369577,304,0.0008225620100817,299.3913676738739,690
M-50-N-25-pa-0.15-pe-1.00,CardinalitySweep,50,25,127,1937,2481817,1403,0.0005653116245073,124.06217241287231,690
M-50-N-25-pa-0.15-pe-1.00,RecursivePUBO,50,25,2714,10015,2481817,532,0.0002143590764347,596.9810576438904,690
M-50-N-25-pa-0.15-pe-1.00,RecursivePUBO With Preprocessing,50,25,2479,9301,2481817,499,0.0002010623668062,537.0477681159973,690
M-50-N-25-pa-0.15-pe-1.00,RecursivePUBO With Adaptive Qubits,50,25,2495,9360,2481817,503,0.0002026740891854,555.4519984722137,690
M-50-N-25-pa-0.15-pe-1.00,RecursivePUBO With Preprocessing and Adaptive Qubits,50,25,2600,9669,2481817,513,0.0002067033951334,556.995956659317,690
M-50-N-10-pa-0.75-pe-1.00,CardinalitySweep,50,10,101,2979,1203,408,0.3391521197007481,58.67201614379883,690
M-50-N-10-pa-0.75-pe-1.00,RecursivePUBO,50,10,291,3638,1203,646,0.5369908561928513,75.618581533432,690
M-50-N-10-pa-0.75-pe-1.00,RecursivePUBO With Preprocessing,50,10,282,3655,1203,684,0.5685785536159601,74.82721877098083,690
M-50-N-10-pa-0.75-pe-1.00,RecursivePUBO With Adaptive Qubits,50,10,321,3373,1203,984,0.8179551122194514,69.1358277797699,690
M-50-N-10-pa-0.75-pe-1.00,RecursivePUBO With Preprocessing and Adaptive Qubits,50,10,320,3358,1203,961,0.798836242726517,69.13380980491638,690
M-50-N-5-pa-0.75-pe-1.00,CardinalitySweep,50,5,67,1561,842,436,0.517814726840855,21.05848979949951,690
M-50-N-5-pa-0.75-pe-1.00,RecursivePUBO,50,5,247,2406,842,823,0.9774346793349168,25.523537397384644,690
M-50-N-5-pa-0.75-pe-1.00,RecursivePUBO With Preprocessing,50,5,246,2400,842,819,0.9726840855106887,25.194435596466064,690
M-50-N-5-pa-0.75-pe-1.00,RecursivePUBO With Adaptive Qubits,50,5,238,2115,842,826,0.980997624703088,23.099661588668823,690
M-50-N-5-pa-0.75-pe-1.00,RecursivePUBO With Preprocessing and Adaptive Qubits,50,5,238,2111,842,822,0.97624703087886,23.22727370262146,690
M-50-N-25-pa-0.65-pe-1.00,CardinalitySweep,50,25,186,5905,16514,152,0.0092043114932784,216.734179019928,690
M-50-N-25-pa-0.65-pe-1.00,RecursivePUBO,50,25,302,6270,16514,136,0.0082354365992491,247.9485754966736,690
M-50-N-25-pa-0.65-pe-1.00,RecursivePUBO With Preprocessing,50,25,291,6234,16514,120,0.0072665617052198,244.5007688999176,690
M-50-N-25-pa-0.65-pe-1.00,RecursivePUBO With Adaptive Qubits,50,25,518,6596,16514,408,0.0247063097977473,277.43586778640747,690
M-50-N-25-pa-0.65-pe-1.00,RecursivePUBO With Preprocessing and Adaptive Qubits,50,25,490,6504,16514,391,0.0236768802228412,271.31159567832947,690
M-50-N-10-pa-0.15-pe-1.00,CardinalitySweep,39,10,70,1006,10501,717,0.0682792115036663,39.73164391517639,690
M-50-N-10-pa-0.15-pe-1.00,RecursivePUBO,39,10,1093,4520,10501,580,0.0552328349680982,98.11338353157043,690
M-50-N-10-pa-0.15-pe-1.00,RecursivePUBO With Preprocessing,39,10,1051,4359,10501,546,0.051995048090658,91.26695728302002,690
M-50-N-10-pa-0.15-pe-1.00,RecursivePUBO With Adaptive Qubits,39,10,1067,4429,10501,565,0.0538043995809922,96.56093192100523,690
M-50-N-10-pa-0.15-pe-1.00,RecursivePUBO With Preprocessing and Adaptive Qubits,39,10,1115,4580,10501,581,0.0553280639939053,93.91610288619997,690
M-50-N-10-pa-0.85-pe-1.00,CardinalitySweep,50,10,107,3517,919,450,0.4896626768226333,60.66839408874512,690
M-50-N-10-pa-0.85-pe-1.00,RecursivePUBO,50,10,153,3662,919,479,0.5212187159956474,63.3541316986084,690
M-50-N-10-pa-0.85-pe-1.00,RecursivePUBO With Preprocessing,50,10,152,3662,919,502,0.5462459194776932,63.32693314552307,690
M-50-N-10-pa-0.85-pe-1.00,RecursivePUBO With Adaptive Qubits,50,10,178,2989,919,815,0.8868335146898803,56.24902272224426,690
M-50-N-10-pa-0.85-pe-1.00,RecursivePUBO With Preprocessing and Adaptive Qubits,50,10,183,3011,919,840,0.914036996735582,56.75755596160889,690
M-50-N-50-pa-0.45-pe-1.00,CardinalitySweep,50,50,300,7425,614442,17,2.766737950856224e-05,532.174144744873,690
M-50-N-50-pa-0.45-pe-1.00,RecursivePUBO,50,50,362,7612,614442,24,3.905982989444081e-05,569.9093792438507,690
M-50-N-50-pa-0.45-pe-1.00,RecursivePUBO With Preprocessing,50,50,338,7542,614442,15,2.4412393684025503e-05,551.5194687843323,690
M-50-N-50-pa-0.45-pe-1.00,RecursivePUBO With Adaptive Qubits,50,50,433,7841,614442,73,0.0001188069825955,582.6406993865967,690
M-50-N-50-pa-0.45-pe-1.00,RecursivePUBO With Preprocessing and Adaptive Qubits,50,50,418,7798,614442,69,0.0001122970109465,574.982789516449,690
