problem_id,algorithm,universe_size,num_test_cases,activation_probability,topology,topology_size,target_cardinality,iteration,stage,embedding_success,mean_runtime_seconds,mean_num_physical_qubits,mean_chain_length,max_chain_length,attempts_per_submission,raw_attempt_rows
M-10-N-10-pa-0.05-pe-1.00,BinSearch,5,6,0.05,zephyr,16,5,,,1.0,0.07580777574330563,6.0,1.2,2.0,10,10
M-10-N-10-pa-0.05-pe-1.00,LinearSearch,5,6,0.05,zephyr,16,2,,,1.0,0.07755384976044292,6.0,1.2,2.0,10,10
M-10-N-10-pa-0.05-pe-1.00,LinearSearch,5,6,0.05,zephyr,16,3,,,1.0,0.0764703934313729,6.0,1.2,2.0,10,10
M-10-N-10-pa-0.05-pe-1.00,LinearSearch,5,6,0.05,zephyr,16,4,,,1.0,0.07816633014008398,6.0,1.2,2.0,10,10
M-10-N-10-pa-0.05-pe-1.00,LinearSearch,5,6,0.05,zephyr,16,5,,,1.0,0.07422888611908997,6.0,1.2,2.0,10,10
M-10-N-10-pa-0.05-pe-1.00,LinearSearch With Preprocessing,5,6,0.05,zephyr,16,5,,,1.0,0.07661735643632706,6.0,1.2,2.0,10,10
M-10-N-10-pa-0.05-pe-1.00,LinearSearch With Preprocessing and Reduced Qubits,5,6,0.05,zephyr,16,5,,,1.0,0.07756465289276089,6.0,1.2,2.0,10,10
M-10-N-10-pa-0.05-pe-1.00,LinearSearch With Reduced Qubits,5,6,0.05,zephyr,16,2,,,1.0,0.07397095181513572,6.0,1.2,2.0,10,10
M-10-N-10-pa-0.05-pe-1.00,LinearSearch With Reduced Qubits,5,6,0.05,zephyr,16,3,,,1.0,0.07595632348675277,6.0,1.2,2.0,10,10
M-10-N-10-pa-0.05-pe-1.00,LinearSearch With Reduced Qubits,5,6,0.05,zephyr,16,4,,,1.0,0.07759606419131157,6.0,1.2,2.0,10,10
M-10-N-10-pa-0.05-pe-1.00,LinearSearch With Reduced Qubits,5,6,0.05,zephyr,16,5,,,1.0,0.07978123410139229,6.0,1.2,2.0,10,10
M-10-N-10-pa-0.15-pe-1.00,BinSearch,10,9,0.15,zephyr,16,4,,,1.0,0.1844631945714354,22.9,1.5266666666666668,2.0,10,10
M-10-N-10-pa-0.15-pe-1.00,BinSearch,10,9,0.15,zephyr,16,5,,,1.0,0.18054758331272747,22.9,1.5266666666666668,2.0,10,10
M-10-N-10-pa-0.15-pe-1.00,LinearSearch,10,9,0.15,zephyr,16,2,,,1.0,0.19517713929526503,22.9,1.5266666666666668,2.0,10,10
M-10-N-10-pa-0.15-pe-1.00,LinearSearch,10,9,0.15,zephyr,16,3,,,1.0,0.18671006960794326,22.9,1.5266666666666668,2.0,10,10
M-10-N-10-pa-0.15-pe-1.00,LinearSearch,10,9,0.15,zephyr,16,4,,,1.0,0.17923846014309672,22.9,1.5266666666666668,2.0,10,10
M-10-N-10-pa-0.15-pe-1.00,LinearSearch,10,9,0.15,zephyr,16,5,,,1.0,0.18519795420579607,22.9,1.5266666666666668,2.0,10,10
M-10-N-10-pa-0.15-pe-1.00,LinearSearch With Preprocessing,10,9,0.15,zephyr,16,4,,,1.0,0.18124897163361306,22.9,1.5266666666666668,2.0,10,10
M-10-N-10-pa-0.15-pe-1.00,LinearSearch With Preprocessing,10,9,0.15,zephyr,16,5,,,1.0,0.18426635961513962,22.9,1.5266666666666668,2.0,10,10
M-10-N-10-pa-0.15-pe-1.00,LinearSearch With Preprocessing and Reduced Qubits,10,9,0.15,zephyr,16,4,,,1.0,0.17871299441903826,22.9,1.5266666666666668,2.0,10,10
M-10-N-10-pa-0.15-pe-1.00,LinearSearch With Preprocessing and Reduced Qubits,10,9,0.15,zephyr,16,5,,,1.0,0.2010822686599567,22.9,1.5266666666666668,2.0,10,10
M-10-N-10-pa-0.15-pe-1.00,LinearSearch With Reduced Qubits,10,9,0.15,zephyr,16,2,,,1.0,0.18415456046350295,21.3,1.5214285714285714,2.0,10,10
M-10-N-10-pa-0.15-pe-1.00,LinearSearch With Reduced Qubits,10,9,0.15,zephyr,16,3,,,1.0,0.19154810961335894,22.9,1.5266666666666668,2.0,10,10
M-10-N-10-pa-0.15-pe-1.00,LinearSearch With Reduced Qubits,10,9,0.15,zephyr,16,4,,,1.0,0.19600681825540955,22.9,1.5266666666666668,2.0,10,10
M-10-N-10-pa-0.15-pe-1.00,LinearSearch With Reduced Qubits,10,9,0.15,zephyr,16,5,,,1.0,0.1788964506005868,22.9,1.5266666666666668,2.0,10,10
M-10-N-10-pa-0.25-pe-1.00,BinSearch,9,10,0.25,zephyr,16,5,,,1.0,0.1886388529092073,19.4,1.4923076923076923,2.0,10,10
M-10-N-10-pa-0.25-pe-1.00,LinearSearch,9,10,0.25,zephyr,16,2,,,1.0,0.1809012712212279,19.4,1.4923076923076923,2.0,10,10
M-10-N-10-pa-0.25-pe-1.00,LinearSearch,9,10,0.25,zephyr,16,3,,,1.0,0.1677766218082979,19.4,1.4923076923076923,2.0,10,10
M-10-N-10-pa-0.25-pe-1.00,LinearSearch,9,10,0.25,zephyr,16,4,,,1.0,0.1654067852767184,19.4,1.4923076923076923,2.0,10,10
M-10-N-10-pa-0.25-pe-1.00,LinearSearch,9,10,0.25,zephyr,16,5,,,1.0,0.16687477973755444,19.4,1.4923076923076923,2.0,10,10
M-10-N-10-pa-0.25-pe-1.00,LinearSearch With Preprocessing,9,10,0.25,zephyr,16,5,,,1.0,0.17430504099465904,19.4,1.4923076923076923,2.0,10,10
M-10-N-10-pa-0.25-pe-1.00,LinearSearch With Preprocessing and Reduced Qubits,9,10,0.25,zephyr,16,5,,,1.0,0.1864303394220769,19.4,1.4923076923076923,2.0,10,10
M-10-N-10-pa-0.25-pe-1.00,LinearSearch With Reduced Qubits,9,10,0.25,zephyr,16,2,,,1.0,0.15398341801483179,18.0,1.5,2.0,10,10
M-10-N-10-pa-0.25-pe-1.00,LinearSearch With Reduced Qubits,9,10,0.25,zephyr,16,3,,,1.0,0.17841004389338194,19.4,1.4923076923076923,2.0,10,10
M-10-N-10-pa-0.25-pe-1.00,LinearSearch With Reduced Qubits,9,10,0.25,zephyr,16,4,,,1.0,0.179863256169483,19.4,1.4923076923076923,2.0,10,10
M-10-N-10-pa-0.25-pe-1.00,LinearSearch With Reduced Qubits,9,10,0.25,zephyr,16,5,,,1.0,0.16431294523645187,19.4,1.4923076923076923,2.0,10,10
M-10-N-10-pa-0.35-pe-1.00,BinSearch,10,10,0.35,zephyr,16,3,,,1.0,0.28866359107196327,30.1,1.5842105263157895,2.5,10,10
M-10-N-10-pa-0.35-pe-1.00,LinearSearch,10,10,0.35,zephyr,16,2,,,1.0,0.3009507139911875,30.1,1.5842105263157895,2.5,10,10
M-10-N-10-pa-0.35-pe-1.00,LinearSearch,10,10,0.35,zephyr,16,3,,,1.0,0.2828271614620462,30.1,1.5842105263157895,2.5,10,10
M-10-N-10-pa-0.35-pe-1.00,LinearSearch With Preprocessing,10,10,0.35,zephyr,16,3,,,1.0,0.32989938950631764,30.1,1.5842105263157895,2.5,10,10
M-10-N-10-pa-0.35-pe-1.00,LinearSearch With Preprocessing and Reduced Qubits,10,10,0.35,zephyr,16,3,,,1.0,0.28609324558638033,30.1,1.5842105263157895,2.5,10,10
M-10-N-10-pa-0.35-pe-1.00,LinearSearch With Reduced Qubits,10,10,0.35,zephyr,16,2,,,1.0,0.19606249632779504,23.2,1.5466666666666669,2.1,10,10
M-10-N-10-pa-0.35-pe-1.00,LinearSearch With Reduced Qubits,10,10,0.35,zephyr,16,3,,,1.0,0.3018974496750161,30.1,1.5842105263157895,2.5,10,10
M-10-N-10-pa-0.45-pe-1.00,BinSearch,10,10,0.45,zephyr,16,2,,,1.0,0.23049260098487134,25.5,1.5,2.0,10,10
M-10-N-10-pa-0.45-pe-1.00,BinSearch,10,10,0.45,zephyr,16,3,,,1.0,0.452748271683231,39.8,1.6583333333333332,3.0,10,10
M-10-N-10-pa-0.45-pe-1.00,LinearSearch,10,10,0.45,zephyr,16,2,,,1.0,0.48508932429831475,44.5,1.7115384615384617,3.0,10,10
M-10-N-10-pa-0.45-pe-1.00,LinearSearch,10,10,0.45,zephyr,16,3,,,1.0,0.5876119984081015,44.5,1.7115384615384617,3.0,10,10
M-10-N-10-pa-0.45-pe-1.00,LinearSearch With Preprocessing,10,10,0.45,zephyr,16,2,,,1.0,0.4719984636409208,44.5,1.7115384615384617,3.0,10,10
M-10-N-10-pa-0.45-pe-1.00,LinearSearch With Preprocessing,10,10,0.45,zephyr,16,3,,,1.0,0.5032687791390345,44.5,1.7115384615384617,3.0,10,10
M-10-N-10-pa-0.45-pe-1.00,LinearSearch With Preprocessing and Reduced Qubits,10,10,0.45,zephyr,16,2,,,1.0,0.24289741877000776,25.5,1.5,2.0,10,10
M-10-N-10-pa-0.45-pe-1.00,LinearSearch With Preprocessing and Reduced Qubits,10,10,0.45,zephyr,16,3,,,1.0,0.43588172474410386,39.8,1.6583333333333332,3.0,10,10
M-10-N-10-pa-0.45-pe-1.00,LinearSearch With Reduced Qubits,10,10,0.45,zephyr,16,2,,,1.0,0.2306616505607962,25.5,1.5,2.0,10,10
M-10-N-10-pa-0.45-pe-1.00,LinearSearch With Reduced Qubits,10,10,0.45,zephyr,16,3,,,1.0,0.4502725458936766,39.8,1.6583333333333332,3.0,10,10
M-10-N-10-pa-0.55-pe-1.00,BinSearch,10,10,0.55,zephyr,16,2,,,1.0,0.3285039577167481,30.1,1.5842105263157895,2.7,10,10
M-10-N-10-pa-0.55-pe-1.00,BinSearch,10,10,0.55,zephyr,16,3,,,1.0,0.5178653419716284,49.7,1.8407407407407408,3.1,10,10
M-10-N-10-pa-0.55-pe-1.00,LinearSearch,10,10,0.55,zephyr,16,2,,,1.0,1.2716614085948095,66.1,2.003030303030303,3.6,10,10
M-10-N-10-pa-0.55-pe-1.00,LinearSearch,10,10,0.55,zephyr,16,3,,,1.0,1.26235683595296,66.1,2.003030303030303,3.6,10,10
M-10-N-10-pa-0.55-pe-1.00,LinearSearch With Preprocessing,10,10,0.55,zephyr,16,2,,,1.0,1.1549143209820614,66.1,2.003030303030303,3.6,10,10
M-10-N-10-pa-0.55-pe-1.00,LinearSearch With Preprocessing,10,10,0.55,zephyr,16,3,,,1.0,1.2478242653654887,66.1,2.003030303030303,3.6,10,10
M-10-N-10-pa-0.55-pe-1.00,LinearSearch With Preprocessing and Reduced Qubits,10,10,0.55,zephyr,16,2,,,1.0,0.3583968891762197,30.1,1.5842105263157895,2.7,10,10
M-10-N-10-pa-0.55-pe-1.00,LinearSearch With Preprocessing and Reduced Qubits,10,10,0.55,zephyr,16,3,,,1.0,0.5089376187883318,49.7,1.8407407407407408,3.1,10,10
M-10-N-10-pa-0.55-pe-1.00,LinearSearch With Reduced Qubits,10,10,0.55,zephyr,16,2,,,1.0,0.33239012979902327,30.1,1.5842105263157895,2.7,10,10
M-10-N-10-pa-0.55-pe-1.00,LinearSearch With Reduced Qubits,10,10,0.55,zephyr,16,3,,,1.0,0.5092181399231777,49.7,1.8407407407407408,3.1,10,10
M-10-N-10-pa-0.65-pe-1.00,BinSearch,10,10,0.65,zephyr,16,2,,,1.0,0.3112189525039866,28.1,1.6529411764705881,2.5,10,10
M-10-N-10-pa-0.65-pe-1.00,LinearSearch,10,10,0.65,zephyr,16,2,,,1.0,0.800825044582598,55.1,1.9678571428571427,3.1,10,10
M-10-N-10-pa-0.65-pe-1.00,LinearSearch With Preprocessing,10,10,0.65,zephyr,16,2,,,1.0,0.762559635262005,55.1,1.9678571428571427,3.1,10,10
M-10-N-10-pa-0.65-pe-1.00,LinearSearch With Preprocessing and Reduced Qubits,10,10,0.65,zephyr,16,2,,,1.0,0.28964738487266006,28.1,1.6529411764705881,2.5,10,10
M-10-N-10-pa-0.65-pe-1.00,LinearSearch With Reduced Qubits,10,10,0.65,zephyr,16,2,,,1.0,0.3110667440341785,28.1,1.6529411764705881,2.5,10,10
M-10-N-10-pa-0.75-pe-1.00,BinSearch,10,10,0.75,zephyr,16,2,,,1.0,0.3167644917266443,29.9,1.7588235294117645,2.8,10,10
M-10-N-10-pa-0.75-pe-1.00,LinearSearch,10,10,0.75,zephyr,16,2,,,1.0,1.1808675409527496,70.8,2.2838709677419358,3.9,10,10
M-10-N-10-pa-0.75-pe-1.00,LinearSearch With Preprocessing,10,10,0.75,zephyr,16,2,,,1.0,1.1649729162920266,70.8,2.2838709677419358,3.9,10,10
M-10-N-10-pa-0.75-pe-1.00,LinearSearch With Preprocessing and Reduced Qubits,10,10,0.75,zephyr,16,2,,,1.0,0.3545846291119233,29.9,1.7588235294117645,2.8,10,10
M-10-N-10-pa-0.75-pe-1.00,LinearSearch With Reduced Qubits,10,10,0.75,zephyr,16,2,,,1.0,0.37050614464096726,29.9,1.7588235294117645,2.8,10,10
M-10-N-25-pa-0.05-pe-1.00,BinSearch,9,11,0.05,zephyr,16,9,,,1.0,0.15129824858158822,14.7,1.6333333333333335,2.0,10,10
M-10-N-25-pa-0.05-pe-1.00,LinearSearch,9,11,0.05,zephyr,16,2,,,1.0,0.13815622751135376,14.7,1.6333333333333335,2.0,10,10
M-10-N-25-pa-0.05-pe-1.00,LinearSearch,9,11,0.05,zephyr,16,3,,,1.0,0.13966101899277417,14.7,1.6333333333333335,2.0,10,10
M-10-N-25-pa-0.05-pe-1.00,LinearSearch,9,11,0.05,zephyr,16,4,,,1.0,0.13696588578168298,14.7,1.6333333333333335,2.0,10,10
M-10-N-25-pa-0.05-pe-1.00,LinearSearch,9,11,0.05,zephyr,16,5,,,1.0,0.1389717814046889,14.7,1.6333333333333335,2.0,10,10
M-10-N-25-pa-0.05-pe-1.00,LinearSearch,9,11,0.05,zephyr,16,6,,,1.0,0.13966708173975345,14.7,1.6333333333333335,2.0,10,10
M-10-N-25-pa-0.05-pe-1.00,LinearSearch,9,11,0.05,zephyr,16,7,,,1.0,0.1388000005856156,14.7,1.6333333333333335,2.0,10,10
M-10-N-25-pa-0.05-pe-1.00,LinearSearch,9,11,0.05,zephyr,16,8,,,1.0,0.1380956125678494,14.7,1.6333333333333335,2.0,10,10
M-10-N-25-pa-0.05-pe-1.00,LinearSearch,9,11,0.05,zephyr,16,9,,,1.0,0.13948046693112698,14.7,1.6333333333333335,2.0,10,10
M-10-N-25-pa-0.05-pe-1.00,LinearSearch With Preprocessing,9,11,0.05,zephyr,16,9,,,1.0,0.1442267437698319,14.7,1.6333333333333335,2.0,10,10
M-10-N-25-pa-0.05-pe-1.00,LinearSearch With Preprocessing and Reduced Qubits,9,11,0.05,zephyr,16,9,,,1.0,0.14046333681326356,14.7,1.6333333333333335,2.0,10,10
M-10-N-25-pa-0.05-pe-1.00,LinearSearch With Reduced Qubits,9,11,0.05,zephyr,16,2,,,1.0,0.1420093268854543,14.7,1.6333333333333335,2.0,10,10
M-10-N-25-pa-0.05-pe-1.00,LinearSearch With Reduced Qubits,9,11,0.05,zephyr,16,3,,,1.0,0.14666876748669888,14.7,1.6333333333333335,2.0,10,10
M-10-N-25-pa-0.05-pe-1.00,LinearSearch With Reduced Qubits,9,11,0.05,zephyr,16,4,,,1.0,0.1391810648841783,14.7,1.6333333333333335,2.0,10,10
M-10-N-25-pa-0.05-pe-1.00,LinearSearch With Reduced Qubits,9,11,0.05,zephyr,16,5,,,1.0,0.14649301827885208,14.7,1.6333333333333335,2.0,10,10
M-10-N-25-pa-0.05-pe-1.00,LinearSearch With Reduced Qubits,9,11,0.05,zephyr,16,6,,,1.0,0.13877353370189663,14.7,1.6333333333333335,2.0,10,10
M-10-N-25-pa-0.05-pe-1.00,LinearSearch With Reduced Qubits,9,11,0.05,zephyr,16,7,,,1.0,0.1350837077479809,14.7,1.6333333333333335,2.0,10,10
M-10-N-25-pa-0.05-pe-1.00,LinearSearch With Reduced Qubits,9,11,0.05,zephyr,16,8,,,1.0,0.13988128504715852,14.7,1.6333333333333335,2.0,10,10
M-10-N-25-pa-0.05-pe-1.00,LinearSearch With Reduced Qubits,9,11,0.05,zephyr,16,9,,,1.0,0.1400628172559663,14.7,1.6333333333333335,2.0,10,10
M-10-N-25-pa-0.15-pe-1.00,BinSearch,10,21,0.15,zephyr,16,7,,,1.0,0.17124411456752567,20.4,1.5692307692307692,2.0,10,10
M-10-N-25-pa-0.15-pe-1.00,LinearSearch,10,21,0.15,zephyr,16,2,,,1.0,0.18659590820316221,20.4,1.5692307692307692,2.0,10,10
M-10-N-25-pa-0.15-pe-1.00,LinearSearch,10,21,0.15,zephyr,16,3,,,1.0,0.1687612665118649,20.4,1.5692307692307692,2.0,10,10
M-10-N-25-pa-0.15-pe-1.00,LinearSearch,10,21,0.15,zephyr,16,4,,,1.0,0.17437247186899182,20.4,1.5692307692307692,2.0,10,10
M-10-N-25-pa-0.15-pe-1.00,LinearSearch,10,21,0.15,zephyr,16,5,,,1.0,0.16915616274345663,20.4,1.5692307692307692,2.0,10,10
M-10-N-25-pa-0.15-pe-1.00,LinearSearch,10,21,0.15,zephyr,16,6,,,1.0,0.16932292471174146,20.4,1.5692307692307692,2.0,10,10
M-10-N-25-pa-0.15-pe-1.00,LinearSearch,10,21,0.15,zephyr,16,7,,,1.0,0.17363586267456407,20.4,1.5692307692307692,2.0,10,10
M-10-N-25-pa-0.15-pe-1.00,LinearSearch With Preprocessing,10,21,0.15,zephyr,16,7,,,1.0,0.17506757220253344,20.4,1.5692307692307692,2.0,10,10
M-10-N-25-pa-0.15-pe-1.00,LinearSearch With Preprocessing and Reduced Qubits,10,21,0.15,zephyr,16,7,,,1.0,0.1690812338143587,20.4,1.5692307692307692,2.0,10,10
M-10-N-25-pa-0.15-pe-1.00,LinearSearch With Reduced Qubits,10,21,0.15,zephyr,16,2,,,1.0,0.16798363793641327,20.4,1.5692307692307692,2.0,10,10
M-10-N-25-pa-0.15-pe-1.00,LinearSearch With Reduced Qubits,10,21,0.15,zephyr,16,3,,,1.0,0.17707225070334967,20.4,1.5692307692307692,2.0,10,10
M-10-N-25-pa-0.15-pe-1.00,LinearSearch With Reduced Qubits,10,21,0.15,zephyr,16,4,,,1.0,0.16721468749456106,20.4,1.5692307692307692,2.0,10,10
M-10-N-25-pa-0.15-pe-1.00,LinearSearch With Reduced Qubits,10,21,0.15,zephyr,16,5,,,1.0,0.17179642030969258,20.4,1.5692307692307692,2.0,10,10
M-10-N-25-pa-0.15-pe-1.00,LinearSearch With Reduced Qubits,10,21,0.15,zephyr,16,6,,,1.0,0.17425388069823383,20.4,1.5692307692307692,2.0,10,10
M-10-N-25-pa-0.15-pe-1.00,LinearSearch With Reduced Qubits,10,21,0.15,zephyr,16,7,,,1.0,0.1703681784216314,20.4,1.5692307692307692,2.0,10,10
M-10-N-25-pa-0.25-pe-1.00,BinSearch,10,24,0.25,zephyr,16,6,,,1.0,0.17198769103270023,20.1,1.546153846153846,2.0,10,10
M-10-N-25-pa-0.25-pe-1.00,LinearSearch,10,24,0.25,zephyr,16,2,,,1.0,0.1705677192425355,20.1,1.546153846153846,2.0,10,10
M-10-N-25-pa-0.25-pe-1.00,LinearSearch,10,24,0.25,zephyr,16,3,,,1.0,0.18623077594675122,20.1,1.546153846153846,2.0,10,10
M-10-N-25-pa-0.25-pe-1.00,LinearSearch,10,24,0.25,zephyr,16,4,,,1.0,0.18559634860139335,20.1,1.546153846153846,2.0,10,10
M-10-N-25-pa-0.25-pe-1.00,LinearSearch,10,24,0.25,zephyr,16,5,,,1.0,0.16713713950011874,20.1,1.546153846153846,2.0,10,10
M-10-N-25-pa-0.25-pe-1.00,LinearSearch,10,24,0.25,zephyr,16,6,,,1.0,0.18222396641504016,20.1,1.546153846153846,2.0,10,10
M-10-N-25-pa-0.25-pe-1.00,LinearSearch With Preprocessing,10,24,0.25,zephyr,16,6,,,1.0,0.17084440479520704,20.1,1.546153846153846,2.0,10,10
M-10-N-25-pa-0.25-pe-1.00,LinearSearch With Preprocessing and Reduced Qubits,10,24,0.25,zephyr,16,6,,,1.0,0.1659133364912122,20.1,1.546153846153846,2.0,10,10
M-10-N-25-pa-0.25-pe-1.00,LinearSearch With Reduced Qubits,10,24,0.25,zephyr,16,2,,,1.0,0.1712582762120291,20.1,1.546153846153846,2.0,10,10
M-10-N-25-pa-0.25-pe-1.00,LinearSearch With Reduced Qubits,10,24,0.25,zephyr,16,3,,,1.0,0.16907969950698312,20.1,1.546153846153846,2.0,10,10
M-10-N-25-pa-0.25-pe-1.00,LinearSearch With Reduced Qubits,10,24,0.25,zephyr,16,4,,,1.0,0.1743636753875762,20.1,1.546153846153846,2.0,10,10
M-10-N-25-pa-0.25-pe-1.00,LinearSearch With Reduced Qubits,10,24,0.25,zephyr,16,5,,,1.0,0.1723362048156559,20.1,1.546153846153846,2.0,10,10
M-10-N-25-pa-0.25-pe-1.00,LinearSearch With Reduced Qubits,10,24,0.25,zephyr,16,6,,,1.0,0.1807794893858954,20.1,1.546153846153846,2.0,10,10
M-10-N-25-pa-0.35-pe-1.00,BinSearch,10,25,0.35,zephyr,16,6,,,1.0,0.18555402548518027,19.5,1.625,2.0,10,10
M-10-N-25-pa-0.35-pe-1.00,LinearSearch,10,25,0.35,zephyr,16,2,,,1.0,0.1857663656584918,19.5,1.625,2.0,10,10
M-10-N-25-pa-0.35-pe-1.00,LinearSearch,10,25,0.35,zephyr,16,3,,,1.0,0.17157286782748993,19.5,1.625,2.0,10,10
M-10-N-25-pa-0.35-pe-1.00,LinearSearch,10,25,0.35,zephyr,16,4,,,1.0,0.16682404445018614,19.5,1.625,2.0,10,10
M-10-N-25-pa-0.35-pe-1.00,LinearSearch,10,25,0.35,zephyr,16,5,,,1.0,0.17143501432146874,19.5,1.625,2.0,10,10
M-10-N-25-pa-0.35-pe-1.00,LinearSearch,10,25,0.35,zephyr,16,6,,,1.0,0.16665333569981156,19.5,1.625,2.0,10,10
M-10-N-25-pa-0.35-pe-1.00,LinearSearch With Preprocessing,10,25,0.35,zephyr,16,6,,,1.0,0.17022602153010663,19.5,1.625,2.0,10,10
M-10-N-25-pa-0.35-pe-1.00,LinearSearch With Preprocessing and Reduced Qubits,10,25,0.35,zephyr,16,6,,,1.0,0.19844594171736388,19.5,1.625,2.0,10,10
M-10-N-25-pa-0.35-pe-1.00,LinearSearch With Reduced Qubits,10,25,0.35,zephyr,16,2,,,1.0,0.16042625186964865,18.3,1.6636363636363636,2.0,10,10
M-10-N-25-pa-0.35-pe-1.00,LinearSearch With Reduced Qubits,10,25,0.35,zephyr,16,3,,,1.0,0.1666976319160312,19.5,1.625,2.0,10,10
M-10-N-25-pa-0.35-pe-1.00,LinearSearch With Reduced Qubits,10,25,0.35,zephyr,16,4,,,1.0,0.1756094335345551,19.5,1.625,2.0,10,10
M-10-N-25-pa-0.35-pe-1.00,LinearSearch With Reduced Qubits,10,25,0.35,zephyr,16,5,,,1.0,0.16835540882311756,19.5,1.625,2.0,10,10
M-10-N-25-pa-0.35-pe-1.00,LinearSearch With Reduced Qubits,10,25,0.35,zephyr,16,6,,,1.0,0.19131733658723532,19.5,1.625,2.0,10,10
M-10-N-25-pa-0.45-pe-1.00,BinSearch,10,25,0.45,zephyr,16,3,,,1.0,0.5320873238379136,44.2,1.5785714285714287,3.0,10,10
M-10-N-25-pa-0.45-pe-1.00,BinSearch,10,25,0.45,zephyr,16,4,,,1.0,0.512557323789224,44.2,1.5785714285714287,3.0,10,10
M-10-N-25-pa-0.45-pe-1.00,LinearSearch,10,25,0.45,zephyr,16,2,,,1.0,0.5169332141056657,50.5,1.6833333333333331,3.0,10,10
M-10-N-25-pa-0.45-pe-1.00,LinearSearch,10,25,0.45,zephyr,16,3,,,1.0,0.5699642047053203,50.5,1.6833333333333331,3.0,10,10
M-10-N-25-pa-0.45-pe-1.00,LinearSearch,10,25,0.45,zephyr,16,4,,,1.0,0.5512567006284371,50.5,1.6833333333333331,3.0,10,10
M-10-N-25-pa-0.45-pe-1.00,LinearSearch With Preprocessing,10,25,0.45,zephyr,16,3,,,1.0,0.570741293951869,50.5,1.6833333333333331,3.0,10,10
M-10-N-25-pa-0.45-pe-1.00,LinearSearch With Preprocessing,10,25,0.45,zephyr,16,4,,,1.0,0.6004635154036805,50.5,1.6833333333333331,3.0,10,10
M-10-N-25-pa-0.45-pe-1.00,LinearSearch With Preprocessing and Reduced Qubits,10,25,0.45,zephyr,16,3,,,1.0,0.4801746421260759,44.2,1.5785714285714287,3.0,10,10
M-10-N-25-pa-0.45-pe-1.00,LinearSearch With Preprocessing and Reduced Qubits,10,25,0.45,zephyr,16,4,,,1.0,0.4594949059886858,44.2,1.5785714285714287,3.0,10,10
M-10-N-25-pa-0.45-pe-1.00,LinearSearch With Reduced Qubits,10,25,0.45,zephyr,16,2,,,1.0,0.26028542281128464,30.5,1.4523809523809523,2.3,10,10
M-10-N-25-pa-0.45-pe-1.00,LinearSearch With Reduced Qubits,10,25,0.45,zephyr,16,3,,,1.0,0.5188987648580223,44.2,1.5785714285714287,3.0,10,10
M-10-N-25-pa-0.45-pe-1.00,LinearSearch With Reduced Qubits,10,25,0.45,zephyr,16,4,,,1.0,0.46307387240231035,44.2,1.5785714285714287,3.0,10,10
M-10-N-25-pa-0.55-pe-1.00,BinSearch,10,25,0.55,zephyr,16,2,,,1.0,0.36704961343202736,35.2,1.6,3.0,10,10
M-10-N-25-pa-0.55-pe-1.00,BinSearch,10,25,0.55,zephyr,16,3,,,1.0,0.9890856151934713,61.9,1.8757575757575757,3.4,10,10
M-10-N-25-pa-0.55-pe-1.00,LinearSearch,10,25,0.55,zephyr,16,2,,,1.0,1.5721409159014001,85.4,2.1350000000000002,4.4,10,10
M-10-N-25-pa-0.55-pe-1.00,LinearSearch,10,25,0.55,zephyr,16,3,,,1.0,1.6918351482367142,85.4,2.1350000000000002,4.4,10,10
M-10-N-25-pa-0.55-pe-1.00,LinearSearch With Preprocessing,10,25,0.55,zephyr,16,2,,,1.0,1.6773530323058368,85.4,2.1350000000000002,4.4,10,10
M-10-N-25-pa-0.55-pe-1.00,LinearSearch With Preprocessing,10,25,0.55,zephyr,16,3,,,1.0,1.737156717455946,85.4,2.1350000000000002,4.4,10,10
M-10-N-25-pa-0.55-pe-1.00,LinearSearch With Preprocessing and Reduced Qubits,10,25,0.55,zephyr,16,2,,,1.0,0.380429199943319,35.2,1.6,3.0,10,10
M-10-N-25-pa-0.55-pe-1.00,LinearSearch With Preprocessing and Reduced Qubits,10,25,0.55,zephyr,16,3,,,1.0,1.0824429108062759,61.9,1.8757575757575757,3.4,10,10
M-10-N-25-pa-0.55-pe-1.00,LinearSearch With Reduced Qubits,10,25,0.55,zephyr,16,2,,,1.0,0.3905833825236186,35.2,1.6,3.0,10,10
M-10-N-25-pa-0.55-pe-1.00,LinearSearch With Reduced Qubits,10,25,0.55,zephyr,16,3,,,1.0,0.9699045449495316,61.9,1.8757575757575757,3.4,10,10
M-10-N-25-pa-0.65-pe-1.00,BinSearch,10,25,0.65,zephyr,16,2,,,1.0,0.37999482529703527,33.7,1.685,3.0,10,10
M-10-N-25-pa-0.65-pe-1.00,LinearSearch,10,25,0.65,zephyr,16,2,,,1.0,1.918266610777937,89.6,2.2974358974358973,4.5,10,10
M-10-N-25-pa-0.65-pe-1.00,LinearSearch With Preprocessing,10,25,0.65,zephyr,16,2,,,1.0,1.9141037737252191,89.6,2.2974358974358973,4.5,10,10
M-10-N-25-pa-0.65-pe-1.00,LinearSearch With Preprocessing and Reduced Qubits,10,25,0.65,zephyr,16,2,,,1.0,0.408691418543458,33.7,1.685,3.0,10,10
M-10-N-25-pa-0.65-pe-1.00,LinearSearch With Reduced Qubits,10,25,0.65,zephyr,16,2,,,1.0,0.3884622353129089,33.7,1.685,3.0,10,10
M-10-N-25-pa-0.75-pe-1.00,BinSearch,10,22,0.75,zephyr,16,2,,,1.0,0.6068494944134727,41.2,1.7913043478260868,3.0,10,10
M-10-N-25-pa-0.75-pe-1.00,LinearSearch,10,22,0.75,zephyr,16,2,,,1.0,4.1104073897236955,130.1,2.6551020408163266,6.1,10,10
M-10-N-25-pa-0.75-pe-1.00,LinearSearch With Preprocessing,10,22,0.75,zephyr,16,2,,,1.0,4.12009530751966,130.1,2.6551020408163266,6.1,10,10
M-10-N-25-pa-0.75-pe-1.00,LinearSearch With Preprocessing and Reduced Qubits,10,22,0.75,zephyr,16,2,,,1.0,0.6298400723841041,41.2,1.7913043478260868,3.0,10,10
M-10-N-25-pa-0.75-pe-1.00,LinearSearch With Reduced Qubits,10,22,0.75,zephyr,16,2,,,1.0,0.5853850676678121,41.2,1.7913043478260868,3.0,10,10
M-10-N-25-pa-0.85-pe-1.00,BinSearch,10,21,0.85,zephyr,16,2,,,1.0,0.47985410795081407,33.7,1.7736842105263158,3.0,10,10
M-10-N-25-pa-0.85-pe-1.00,LinearSearch,10,21,0.85,zephyr,16,2,,,1.0,2.01426220536232,89.7,2.424324324324324,4.3,10,10
M-10-N-25-pa-0.85-pe-1.00,LinearSearch With Preprocessing,10,21,0.85,zephyr,16,2,,,1.0,2.031143426406197,89.7,2.424324324324324,4.3,10,10
M-10-N-25-pa-0.85-pe-1.00,LinearSearch With Preprocessing and Reduced Qubits,10,21,0.85,zephyr,16,2,,,1.0,0.5452662870055065,33.7,1.7736842105263158,3.0,10,10
M-10-N-25-pa-0.85-pe-1.00,LinearSearch With Reduced Qubits,10,21,0.85,zephyr,16,2,,,1.0,0.546851290925406,33.7,1.7736842105263158,3.0,10,10
M-10-N-5-pa-0.05-pe-1.00,BinSearch,6,5,0.05,zephyr,16,4,,,1.0,0.09071423301938915,9.1,1.3,2.0,10,10
M-10-N-5-pa-0.05-pe-1.00,LinearSearch,6,5,0.05,zephyr,16,2,,,1.0,0.08943662461824711,9.1,1.3,2.0,10,10
M-10-N-5-pa-0.05-pe-1.00,LinearSearch,6,5,0.05,zephyr,16,3,,,1.0,0.09360354689415541,9.1,1.3,2.0,10,10
M-10-N-5-pa-0.05-pe-1.00,LinearSearch,6,5,0.05,zephyr,16,4,,,1.0,0.09394758569542316,9.1,1.3,2.0,10,10
M-10-N-5-pa-0.05-pe-1.00,LinearSearch With Preprocessing,6,5,0.05,zephyr,16,4,,,1.0,0.09287475538440045,9.1,1.3,2.0,10,10
M-10-N-5-pa-0.05-pe-1.00,LinearSearch With Preprocessing and Reduced Qubits,6,5,0.05,zephyr,16,4,,,1.0,0.08832560412120069,9.1,1.3,2.0,10,10
M-10-N-5-pa-0.05-pe-1.00,LinearSearch With Reduced Qubits,6,5,0.05,zephyr,16,2,,,1.0,0.08900638797786083,9.1,1.3,2.0,10,10
M-10-N-5-pa-0.05-pe-1.00,LinearSearch With Reduced Qubits,6,5,0.05,zephyr,16,3,,,1.0,0.09069993193261322,9.1,1.3,2.0,10,10
M-10-N-5-pa-0.05-pe-1.00,LinearSearch With Reduced Qubits,6,5,0.05,zephyr,16,4,,,1.0,0.0884241589112207,9.1,1.3,2.0,10,10
M-10-N-5-pa-0.15-pe-1.00,BinSearch,8,5,0.15,zephyr,16,3,,,1.0,0.1381702739745378,15.6,1.4181818181818182,2.0,10,10
M-10-N-5-pa-0.15-pe-1.00,LinearSearch,8,5,0.15,zephyr,16,2,,,1.0,0.133606351702474,15.6,1.4181818181818182,2.0,10,10
M-10-N-5-pa-0.15-pe-1.00,LinearSearch,8,5,0.15,zephyr,16,3,,,1.0,0.13740193238481876,15.6,1.4181818181818182,2.0,10,10
M-10-N-5-pa-0.15-pe-1.00,LinearSearch With Preprocessing,8,5,0.15,zephyr,16,3,,,1.0,0.13707142062485214,15.6,1.4181818181818182,2.0,10,10
M-10-N-5-pa-0.15-pe-1.00,LinearSearch With Preprocessing and Reduced Qubits,8,5,0.15,zephyr,16,3,,,1.0,0.13726361200679088,15.6,1.4181818181818182,2.0,10,10
M-10-N-5-pa-0.15-pe-1.00,LinearSearch With Reduced Qubits,8,5,0.15,zephyr,16,2,,,1.0,0.12350414153188463,14.5,1.45,2.0,10,10
M-10-N-5-pa-0.15-pe-1.00,LinearSearch With Reduced Qubits,8,5,0.15,zephyr,16,3,,,1.0,0.13683472631964827,15.6,1.4181818181818182,2.0,10,10
M-10-N-5-pa-0.25-pe-1.00,BinSearch,7,5,0.25,zephyr,16,5,,,1.0,0.11011994984000917,12.1,1.3444444444444443,2.0,10,10
M-10-N-5-pa-0.25-pe-1.00,LinearSearch,7,5,0.25,zephyr,16,2,,,1.0,0.10721153088379647,12.1,1.3444444444444443,2.0,10,10
M-10-N-5-pa-0.25-pe-1.00,LinearSearch,7,5,0.25,zephyr,16,3,,,1.0,0.10879677615594115,12.1,1.3444444444444443,2.0,10,10
M-10-N-5-pa-0.25-pe-1.00,LinearSearch,7,5,0.25,zephyr,16,4,,,1.0,0.10529797209892415,12.1,1.3444444444444443,2.0,10,10
M-10-N-5-pa-0.25-pe-1.00,LinearSearch,7,5,0.25,zephyr,16,5,,,1.0,0.10529476995579894,12.1,1.3444444444444443,2.0,10,10
M-10-N-5-pa-0.25-pe-1.00,LinearSearch With Preprocessing,7,5,0.25,zephyr,16,5,,,1.0,0.10792690324597057,12.1,1.3444444444444443,2.0,10,10
M-10-N-5-pa-0.25-pe-1.00,LinearSearch With Preprocessing and Reduced Qubits,7,5,0.25,zephyr,16,5,,,1.0,0.10551868265029041,12.1,1.3444444444444443,2.0,10,10
M-10-N-5-pa-0.25-pe-1.00,LinearSearch With Reduced Qubits,7,5,0.25,zephyr,16,2,,,1.0,0.10495078330859538,12.1,1.3444444444444443,2.0,10,10
M-10-N-5-pa-0.25-pe-1.00,LinearSearch With Reduced Qubits,7,5,0.25,zephyr,16,3,,,1.0,0.10507321201730516,12.1,1.3444444444444443,2.0,10,10
M-10-N-5-pa-0.25-pe-1.00,LinearSearch With Reduced Qubits,7,5,0.25,zephyr,16,4,,,1.0,0.105357736418955,12.1,1.3444444444444443,2.0,10,10
M-10-N-5-pa-0.25-pe-1.00,LinearSearch With Reduced Qubits,7,5,0.25,zephyr,16,5,,,1.0,0.10628133805003012,12.1,1.3444444444444443,2.0,10,10
M-10-N-5-pa-0.45-pe-1.00,BinSearch,9,5,0.45,zephyr,16,2,,,1.0,0.19559553535655136,21.1,1.5071428571428571,2.0,10,10
M-10-N-5-pa-0.45-pe-1.00,LinearSearch,9,5,0.45,zephyr,16,2,,,1.0,0.29220813722349703,33.1,1.655,2.8,10,10
M-10-N-5-pa-0.45-pe-1.00,LinearSearch With Preprocessing,9,5,0.45,zephyr,16,2,,,1.0,0.30813350470270956,33.1,1.655,2.8,10,10
M-10-N-5-pa-0.45-pe-1.00,LinearSearch With Preprocessing and Reduced Qubits,9,5,0.45,zephyr,16,2,,,1.0,0.18425614461302756,21.1,1.5071428571428571,2.0,10,10
M-10-N-5-pa-0.45-pe-1.00,LinearSearch With Reduced Qubits,9,5,0.45,zephyr,16,2,,,1.0,0.1790430781431496,21.1,1.5071428571428571,2.0,10,10
M-10-N-5-pa-0.55-pe-1.00,BinSearch,10,5,0.55,zephyr,16,2,,,1.0,0.22461542671080675,22.3,1.592857142857143,2.0,10,10
M-10-N-5-pa-0.55-pe-1.00,LinearSearch,10,5,0.55,zephyr,16,2,,,1.0,0.37497734993230547,36.0,1.8,3.0,10,10
M-10-N-5-pa-0.55-pe-1.00,LinearSearch With Preprocessing,10,5,0.55,zephyr,16,2,,,1.0,0.4203017279971391,36.0,1.8,3.0,10,10
M-10-N-5-pa-0.55-pe-1.00,LinearSearch With Preprocessing and Reduced Qubits,10,5,0.55,zephyr,16,2,,,1.0,0.21592291237320746,22.3,1.592857142857143,2.0,10,10
M-10-N-5-pa-0.55-pe-1.00,LinearSearch With Reduced Qubits,10,5,0.55,zephyr,16,2,,,1.0,0.2076056186109781,22.3,1.592857142857143,2.0,10,10
M-10-N-50-pa-0.05-pe-1.00,BinSearch,10,22,0.05,zephyr,16,10,,,1.0,0.15869639406446365,17.2,1.72,2.0,10,10
M-10-N-50-pa-0.05-pe-1.00,LinearSearch,10,22,0.05,zephyr,16,2,,,1.0,0.15754811633378263,17.2,1.72,2.0,10,10
M-10-N-50-pa-0.05-pe-1.00,LinearSearch,10,22,0.05,zephyr,16,3,,,1.0,0.15383620313368734,17.2,1.72,2.0,10,10
M-10-N-50-pa-0.05-pe-1.00,LinearSearch,10,22,0.05,zephyr,16,4,,,1.0,0.15775407662149515,17.2,1.72,2.0,10,10
M-10-N-50-pa-0.05-pe-1.00,LinearSearch,10,22,0.05,zephyr,16,5,,,1.0,0.15226982033345843,17.2,1.72,2.0,10,10
M-10-N-50-pa-0.05-pe-1.00,LinearSearch,10,22,0.05,zephyr,16,6,,,1.0,0.17396914681885386,17.2,1.72,2.0,10,10
M-10-N-50-pa-0.05-pe-1.00,LinearSearch,10,22,0.05,zephyr,16,7,,,1.0,0.15115191899240013,17.2,1.72,2.0,10,10
M-10-N-50-pa-0.05-pe-1.00,LinearSearch,10,22,0.05,zephyr,16,8,,,1.0,0.16086099743843074,17.2,1.72,2.0,10,10
M-10-N-50-pa-0.05-pe-1.00,LinearSearch,10,22,0.05,zephyr,16,9,,,1.0,0.15906268849503247,17.2,1.72,2.0,10,10
M-10-N-50-pa-0.05-pe-1.00,LinearSearch,10,22,0.05,zephyr,16,10,,,1.0,0.15412941991817203,17.2,1.72,2.0,10,10
M-10-N-50-pa-0.05-pe-1.00,LinearSearch With Preprocessing,10,22,0.05,zephyr,16,10,,,1.0,0.15704978997819125,17.2,1.72,2.0,10,10
M-10-N-50-pa-0.05-pe-1.00,LinearSearch With Preprocessing and Reduced Qubits,10,22,0.05,zephyr,16,10,,,1.0,0.15328722577542062,17.2,1.72,2.0,10,10
M-10-N-50-pa-0.05-pe-1.00,LinearSearch With Reduced Qubits,10,22,0.05,zephyr,16,2,,,1.0,0.15486564254388208,17.2,1.72,2.0,10,10
M-10-N-50-pa-0.05-pe-1.00,LinearSearch With Reduced Qubits,10,22,0.05,zephyr,16,3,,,1.0,0.1507843591738492,17.2,1.72,2.0,10,10
M-10-N-50-pa-0.05-pe-1.00,LinearSearch With Reduced Qubits,10,22,0.05,zephyr,16,4,,,1.0,0.15097824835684143,17.2,1.72,2.0,10,10
M-10-N-50-pa-0.05-pe-1.00,LinearSearch With Reduced Qubits,10,22,0.05,zephyr,16,5,,,1.0,0.15347318679559974,17.2,1.72,2.0,10,10
M-10-N-50-pa-0.05-pe-1.00,LinearSearch With Reduced Qubits,10,22,0.05,zephyr,16,6,,,1.0,0.17018646448850627,17.2,1.72,2.0,10,10
M-10-N-50-pa-0.05-pe-1.00,LinearSearch With Reduced Qubits,10,22,0.05,zephyr,16,7,,,1.0,0.15657571454066782,17.2,1.72,2.0,10,10
M-10-N-50-pa-0.05-pe-1.00,LinearSearch With Reduced Qubits,10,22,0.05,zephyr,16,8,,,1.0,0.15296077353414145,17.2,1.72,2.0,10,10
M-10-N-50-pa-0.05-pe-1.00,LinearSearch With Reduced Qubits,10,22,0.05,zephyr,16,9,,,1.0,0.15336420719977464,17.2,1.72,2.0,10,10
M-10-N-50-pa-0.05-pe-1.00,LinearSearch With Reduced Qubits,10,22,0.05,zephyr,16,10,,,1.0,0.15447934169787908,17.2,1.72,2.0,10,10
M-10-N-50-pa-0.15-pe-1.00,BinSearch,10,36,0.15,zephyr,16,9,,,1.0,0.18412113031372426,17.2,1.72,2.0,10,10
M-10-N-50-pa-0.15-pe-1.00,LinearSearch,10,36,0.15,zephyr,16,2,,,1.0,0.1527750093955546,17.2,1.72,2.0,10,10
M-10-N-50-pa-0.15-pe-1.00,LinearSearch,10,36,0.15,zephyr,16,3,,,1.0,0.15446457799989727,17.2,1.72,2.0,10,10
M-10-N-50-pa-0.15-pe-1.00,LinearSearch,10,36,0.15,zephyr,16,4,,,1.0,0.172164981206879,17.2,1.72,2.0,10,10
M-10-N-50-pa-0.15-pe-1.00,LinearSearch,10,36,0.15,zephyr,16,5,,,1.0,0.17927617495879528,17.2,1.72,2.0,10,10
M-10-N-50-pa-0.15-pe-1.00,LinearSearch,10,36,0.15,zephyr,16,6,,,1.0,0.1610534429783001,17.2,1.72,2.0,10,10
M-10-N-50-pa-0.15-pe-1.00,LinearSearch,10,36,0.15,zephyr,16,7,,,1.0,0.15452516982331868,17.2,1.72,2.0,10,10
M-10-N-50-pa-0.15-pe-1.00,LinearSearch,10,36,0.15,zephyr,16,8,,,1.0,0.16050081590656187,17.2,1.72,2.0,10,10
M-10-N-50-pa-0.15-pe-1.00,LinearSearch,10,36,0.15,zephyr,16,9,,,1.0,0.15770567394793028,17.2,1.72,2.0,10,10
M-10-N-50-pa-0.15-pe-1.00,LinearSearch With Preprocessing,10,36,0.15,zephyr,16,9,,,1.0,0.17254346569534387,17.2,1.72,2.0,10,10
M-10-N-50-pa-0.15-pe-1.00,LinearSearch With Preprocessing and Reduced Qubits,10,36,0.15,zephyr,16,9,,,1.0,0.16488693943247196,17.2,1.72,2.0,10,10
M-10-N-50-pa-0.15-pe-1.00,LinearSearch With Reduced Qubits,10,36,0.15,zephyr,16,2,,,1.0,0.1522571488516405,17.2,1.72,2.0,10,10
M-10-N-50-pa-0.15-pe-1.00,LinearSearch With Reduced Qubits,10,36,0.15,zephyr,16,3,,,1.0,0.1549899257253855,17.2,1.72,2.0,10,10
M-10-N-50-pa-0.15-pe-1.00,LinearSearch With Reduced Qubits,10,36,0.15,zephyr,16,4,,,1.0,0.1559345627902075,17.2,1.72,2.0,10,10
M-10-N-50-pa-0.15-pe-1.00,LinearSearch With Reduced Qubits,10,36,0.15,zephyr,16,5,,,1.0,0.15527558233588928,17.2,1.72,2.0,10,10
M-10-N-50-pa-0.15-pe-1.00,LinearSearch With Reduced Qubits,10,36,0.15,zephyr,16,6,,,1.0,0.1590102813672274,17.2,1.72,2.0,10,10
M-10-N-50-pa-0.15-pe-1.00,LinearSearch With Reduced Qubits,10,36,0.15,zephyr,16,7,,,1.0,0.16237899886909868,17.2,1.72,2.0,10,10
M-10-N-50-pa-0.15-pe-1.00,LinearSearch With Reduced Qubits,10,36,0.15,zephyr,16,8,,,1.0,0.15677717200014735,17.2,1.72,2.0,10,10
M-10-N-50-pa-0.15-pe-1.00,LinearSearch With Reduced Qubits,10,36,0.15,zephyr,16,9,,,1.0,0.1549809219315648,17.2,1.72,2.0,10,10
M-10-N-50-pa-0.25-pe-1.00,BinSearch,10,45,0.25,zephyr,16,8,,,1.0,0.16137775497045365,19.6,1.6333333333333333,2.0,10,10
M-10-N-50-pa-0.25-pe-1.00,LinearSearch,10,45,0.25,zephyr,16,2,,,1.0,0.17823152020573613,19.6,1.6333333333333333,2.0,10,10
M-10-N-50-pa-0.25-pe-1.00,LinearSearch,10,45,0.25,zephyr,16,3,,,1.0,0.16212778296321625,19.6,1.6333333333333333,2.0,10,10
M-10-N-50-pa-0.25-pe-1.00,LinearSearch,10,45,0.25,zephyr,16,4,,,1.0,0.1690333362203091,19.6,1.6333333333333333,2.0,10,10
M-10-N-50-pa-0.25-pe-1.00,LinearSearch,10,45,0.25,zephyr,16,5,,,1.0,0.1618395467055961,19.6,1.6333333333333333,2.0,10,10
M-10-N-50-pa-0.25-pe-1.00,LinearSearch,10,45,0.25,zephyr,16,6,,,1.0,0.16410111782606687,19.6,1.6333333333333333,2.0,10,10
M-10-N-50-pa-0.25-pe-1.00,LinearSearch,10,45,0.25,zephyr,16,7,,,1.0,0.18424400922376655,19.6,1.6333333333333333,2.0,10,10
M-10-N-50-pa-0.25-pe-1.00,LinearSearch,10,45,0.25,zephyr,16,8,,,1.0,0.18768573831766838,19.6,1.6333333333333333,2.0,10,10
M-10-N-50-pa-0.25-pe-1.00,LinearSearch With Preprocessing,10,45,0.25,zephyr,16,8,,,1.0,0.15872136780526486,19.6,1.6333333333333333,2.0,10,10
M-10-N-50-pa-0.25-pe-1.00,LinearSearch With Preprocessing and Reduced Qubits,10,45,0.25,zephyr,16,8,,,1.0,0.17440455916803327,19.6,1.6333333333333333,2.0,10,10
M-10-N-50-pa-0.25-pe-1.00,LinearSearch With Reduced Qubits,10,45,0.25,zephyr,16,2,,,1.0,0.16382436645217238,19.6,1.6333333333333333,2.0,10,10
M-10-N-50-pa-0.25-pe-1.00,LinearSearch With Reduced Qubits,10,45,0.25,zephyr,16,3,,,1.0,0.1714725509751588,19.6,1.6333333333333333,2.0,10,10
M-10-N-50-pa-0.25-pe-1.00,LinearSearch With Reduced Qubits,10,45,0.25,zephyr,16,4,,,1.0,0.1648007361218333,19.6,1.6333333333333333,2.0,10,10
M-10-N-50-pa-0.25-pe-1.00,LinearSearch With Reduced Qubits,10,45,0.25,zephyr,16,5,,,1.0,0.15777494972571726,19.6,1.6333333333333333,2.0,10,10
M-10-N-50-pa-0.25-pe-1.00,LinearSearch With Reduced Qubits,10,45,0.25,zephyr,16,6,,,1.0,0.16110612682532516,19.6,1.6333333333333333,2.0,10,10
M-10-N-50-pa-0.25-pe-1.00,LinearSearch With Reduced Qubits,10,45,0.25,zephyr,16,7,,,1.0,0.16953080971725282,19.6,1.6333333333333333,2.0,10,10
M-10-N-50-pa-0.25-pe-1.00,LinearSearch With Reduced Qubits,10,45,0.25,zephyr,16,8,,,1.0,0.16573290370870378,19.6,1.6333333333333333,2.0,10,10
M-10-N-50-pa-0.35-pe-1.00,BinSearch,10,46,0.35,zephyr,16,5,,,1.0,0.22102249669842416,30.5,1.3863636363636362,2.1,10,10
M-10-N-50-pa-0.35-pe-1.00,BinSearch,10,46,0.35,zephyr,16,6,,,1.0,0.2147672716062516,30.5,1.3863636363636362,2.1,10,10
M-10-N-50-pa-0.35-pe-1.00,LinearSearch,10,46,0.35,zephyr,16,2,,,1.0,0.22186555967200544,30.5,1.3863636363636362,2.1,10,10
M-10-N-50-pa-0.35-pe-1.00,LinearSearch,10,46,0.35,zephyr,16,3,,,1.0,0.23920405518729235,30.5,1.3863636363636362,2.1,10,10
M-10-N-50-pa-0.35-pe-1.00,LinearSearch,10,46,0.35,zephyr,16,4,,,1.0,0.24320984028745438,30.5,1.3863636363636362,2.1,10,10
M-10-N-50-pa-0.35-pe-1.00,LinearSearch,10,46,0.35,zephyr,16,5,,,1.0,0.21686493309680369,30.5,1.3863636363636362,2.1,10,10
M-10-N-50-pa-0.35-pe-1.00,LinearSearch,10,46,0.35,zephyr,16,6,,,1.0,0.2222188998945057,30.5,1.3863636363636362,2.1,10,10
M-10-N-50-pa-0.35-pe-1.00,LinearSearch With Preprocessing,10,46,0.35,zephyr,16,5,,,1.0,0.21576392799615857,30.5,1.3863636363636362,2.1,10,10
M-10-N-50-pa-0.35-pe-1.00,LinearSearch With Preprocessing,10,46,0.35,zephyr,16,6,,,1.0,0.23513660023454572,30.5,1.3863636363636362,2.1,10,10
M-10-N-50-pa-0.35-pe-1.00,LinearSearch With Preprocessing and Reduced Qubits,10,46,0.35,zephyr,16,5,,,1.0,0.218977383011952,30.5,1.3863636363636362,2.1,10,10
M-10-N-50-pa-0.35-pe-1.00,LinearSearch With Preprocessing and Reduced Qubits,10,46,0.35,zephyr,16,6,,,1.0,0.21085288794711227,30.5,1.3863636363636362,2.1,10,10
M-10-N-50-pa-0.35-pe-1.00,LinearSearch With Reduced Qubits,10,46,0.35,zephyr,16,2,,,1.0,0.19577682430390264,29.0,1.380952380952381,2.0,10,10
M-10-N-50-pa-0.35-pe-1.00,LinearSearch With Reduced Qubits,10,46,0.35,zephyr,16,3,,,1.0,0.2171020917827263,30.5,1.3863636363636362,2.1,10,10
M-10-N-50-pa-0.35-pe-1.00,LinearSearch With Reduced Qubits,10,46,0.35,zephyr,16,4,,,1.0,0.2126919904723763,30.5,1.3863636363636362,2.1,10,10
M-10-N-50-pa-0.35-pe-1.00,LinearSearch With Reduced Qubits,10,46,0.35,zephyr,16,5,,,1.0,0.2129443891113624,30.5,1.3863636363636362,2.1,10,10
M-10-N-50-pa-0.35-pe-1.00,LinearSearch With Reduced Qubits,10,46,0.35,zephyr,16,6,,,1.0,0.21243489205371585,30.5,1.3863636363636362,2.1,10,10
M-10-N-50-pa-0.45-pe-1.00,BinSearch,10,46,0.45,zephyr,16,3,,,1.0,1.0288387801032512,74.5,1.8625,4.0,10,10
M-10-N-50-pa-0.45-pe-1.00,BinSearch,10,46,0.45,zephyr,16,4,,,1.0,0.9580792618915439,74.5,1.8625,4.0,10,10
M-10-N-50-pa-0.45-pe-1.00,LinearSearch,10,46,0.45,zephyr,16,2,,,1.0,1.4582343560876325,78.8,1.8761904761904762,4.1,10,10
M-10-N-50-pa-0.45-pe-1.00,LinearSearch,10,46,0.45,zephyr,16,3,,,1.0,1.3881607560673728,78.8,1.8761904761904762,4.1,10,10
M-10-N-50-pa-0.45-pe-1.00,LinearSearch,10,46,0.45,zephyr,16,4,,,1.0,1.3908562999917193,78.8,1.8761904761904762,4.1,10,10
M-10-N-50-pa-0.45-pe-1.00,LinearSearch With Preprocessing,10,46,0.45,zephyr,16,3,,,1.0,1.4433085876284166,78.8,1.8761904761904762,4.1,10,10
M-10-N-50-pa-0.45-pe-1.00,LinearSearch With Preprocessing,10,46,0.45,zephyr,16,4,,,1.0,1.3966486964607612,78.8,1.8761904761904762,4.1,10,10
M-10-N-50-pa-0.45-pe-1.00,LinearSearch With Preprocessing and Reduced Qubits,10,46,0.45,zephyr,16,3,,,1.0,0.9620270948158577,74.5,1.8625,4.0,10,10
M-10-N-50-pa-0.45-pe-1.00,LinearSearch With Preprocessing and Reduced Qubits,10,46,0.45,zephyr,16,4,,,1.0,0.9489627304719761,74.5,1.8625,4.0,10,10
M-10-N-50-pa-0.45-pe-1.00,LinearSearch With Reduced Qubits,10,46,0.45,zephyr,16,2,,,1.0,0.3991004360606894,40.5,1.5,2.9,10,10
M-10-N-50-pa-0.45-pe-1.00,LinearSearch With Reduced Qubits,10,46,0.45,zephyr,16,3,,,1.0,1.0319014916196465,74.5,1.8625,4.0,10,10
M-10-N-50-pa-0.45-pe-1.00,LinearSearch With Reduced Qubits,10,46,0.45,zephyr,16,4,,,1.0,1.0675018595764414,74.5,1.8625,4.0,10,10
M-10-N-50-pa-0.55-pe-1.00,BinSearch,10,48,0.55,zephyr,16,3,,,1.0,7.9056320790667085,142.4,2.225,6.2,10,10
M-10-N-50-pa-0.55-pe-1.00,BinSearch,10,48,0.55,zephyr,16,4,,,1.0,8.091488506295718,142.4,2.225,6.2,10,10
M-10-N-50-pa-0.55-pe-1.00,LinearSearch,10,48,0.55,zephyr,16,2,,,1.0,17.08663689494133,209.5,2.5548780487804876,8.6,10,10
M-10-N-50-pa-0.55-pe-1.00,LinearSearch,10,48,0.55,zephyr,16,3,,,1.0,16.72102418562863,209.5,2.5548780487804876,8.6,10,10
M-10-N-50-pa-0.55-pe-1.00,LinearSearch,10,48,0.55,zephyr,16,4,,,1.0,17.21597515074536,209.5,2.5548780487804876,8.6,10,10
M-10-N-50-pa-0.55-pe-1.00,LinearSearch With Preprocessing,10,48,0.55,zephyr,16,2,,,1.0,16.87824413822964,209.5,2.5548780487804876,8.6,10,10
M-10-N-50-pa-0.55-pe-1.00,LinearSearch With Preprocessing,10,48,0.55,zephyr,16,3,,,1.0,16.01576688659843,209.5,2.5548780487804876,8.6,10,10
M-10-N-50-pa-0.55-pe-1.00,LinearSearch With Preprocessing,10,48,0.55,zephyr,16,4,,,1.0,16.340048587229102,209.5,2.5548780487804876,8.6,10,10
M-10-N-50-pa-0.55-pe-1.00,LinearSearch With Preprocessing and Reduced Qubits,10,48,0.55,zephyr,16,2,,,1.0,0.9617084157187492,64.3,1.7378378378378379,3.9,10,10
M-10-N-50-pa-0.55-pe-1.00,LinearSearch With Preprocessing and Reduced Qubits,10,48,0.55,zephyr,16,3,,,1.0,7.944934512116015,142.4,2.225,6.2,10,10
M-10-N-50-pa-0.55-pe-1.00,LinearSearch With Preprocessing and Reduced Qubits,10,48,0.55,zephyr,16,4,,,1.0,8.448274755710736,142.4,2.225,6.2,10,10
M-10-N-50-pa-0.55-pe-1.00,LinearSearch With Reduced Qubits,10,48,0.55,zephyr,16,2,,,1.0,0.9876767989713698,64.3,1.7378378378378379,3.9,10,10
M-10-N-50-pa-0.55-pe-1.00,LinearSearch With Reduced Qubits,10,48,0.55,zephyr,16,3,,,1.0,8.113861454208381,142.4,2.225,6.2,10,10
M-10-N-50-pa-0.55-pe-1.00,LinearSearch With Reduced Qubits,10,48,0.55,zephyr,16,4,,,1.0,8.590393124194815,142.4,2.225,6.2,10,10
M-10-N-50-pa-0.65-pe-1.00,BinSearch,10,47,0.65,zephyr,16,2,,,1.0,0.7131659178296104,52.0,1.7333333333333332,3.4,10,10
M-10-N-50-pa-0.65-pe-1.00,BinSearch,10,47,0.65,zephyr,16,3,,,1.0,3.254011395783164,111.5,2.23,5.2,10,10
M-10-N-50-pa-0.65-pe-1.00,LinearSearch,10,47,0.65,zephyr,16,2,,,1.0,9.273499859170988,163.8,2.559375,6.9,10,10
M-10-N-50-pa-0.65-pe-1.00,LinearSearch,10,47,0.65,zephyr,16,3,,,1.0,9.474011954036541,163.8,2.559375,6.9,10,10
M-10-N-50-pa-0.65-pe-1.00,LinearSearch With Preprocessing,10,47,0.65,zephyr,16,2,,,1.0,9.603734959708527,163.8,2.559375,6.9,10,10
M-10-N-50-pa-0.65-pe-1.00,LinearSearch With Preprocessing,10,47,0.65,zephyr,16,3,,,1.0,9.254717013961635,163.8,2.559375,6.9,10,10
M-10-N-50-pa-0.65-pe-1.00,LinearSearch With Preprocessing and Reduced Qubits,10,47,0.65,zephyr,16,2,,,1.0,0.7911310536554084,52.0,1.7333333333333332,3.4,10,10
M-10-N-50-pa-0.65-pe-1.00,LinearSearch With Preprocessing and Reduced Qubits,10,47,0.65,zephyr,16,3,,,1.0,3.3077809638576583,111.5,2.23,5.2,10,10
M-10-N-50-pa-0.65-pe-1.00,LinearSearch With Reduced Qubits,10,47,0.65,zephyr,16,2,,,1.0,0.8511363567784429,52.0,1.7333333333333332,3.4,10,10
M-10-N-50-pa-0.65-pe-1.00,LinearSearch With Reduced Qubits,10,47,0.65,zephyr,16,3,,,1.0,3.418303331290372,111.5,2.23,5.2,10,10
M-10-N-50-pa-0.75-pe-1.00,BinSearch,10,48,0.75,zephyr,16,2,,,1.0,0.40395415197126566,35.9,1.7095238095238094,3.0,10,10
M-10-N-50-pa-0.75-pe-1.00,BinSearch,10,48,0.75,zephyr,16,3,,,1.0,0.9334609827492386,60.5,1.9516129032258065,3.3,10,10
M-10-N-50-pa-0.75-pe-1.00,LinearSearch,10,48,0.75,zephyr,16,2,,,1.0,2.1975383225129916,88.1,2.258974358974359,4.3,10,10
M-10-N-50-pa-0.75-pe-1.00,LinearSearch,10,48,0.75,zephyr,16,3,,,1.0,2.1152718708850444,88.1,2.258974358974359,4.3,10,10
M-10-N-50-pa-0.75-pe-1.00,LinearSearch With Preprocessing,10,48,0.75,zephyr,16,2,,,1.0,1.9516101296059787,88.1,2.258974358974359,4.3,10,10
M-10-N-50-pa-0.75-pe-1.00,LinearSearch With Preprocessing,10,48,0.75,zephyr,16,3,,,1.0,2.1426269202725963,88.1,2.258974358974359,4.3,10,10
M-10-N-50-pa-0.75-pe-1.00,LinearSearch With Preprocessing and Reduced Qubits,10,48,0.75,zephyr,16,2,,,1.0,0.4453511831816286,35.9,1.7095238095238094,3.0,10,10
M-10-N-50-pa-0.75-pe-1.00,LinearSearch With Preprocessing and Reduced Qubits,10,48,0.75,zephyr,16,3,,,1.0,0.9979592190822586,60.5,1.9516129032258065,3.3,10,10
M-10-N-50-pa-0.75-pe-1.00,LinearSearch With Reduced Qubits,10,48,0.75,zephyr,16,2,,,1.0,0.392580675240606,35.9,1.7095238095238094,3.0,10,10
M-10-N-50-pa-0.75-pe-1.00,LinearSearch With Reduced Qubits,10,48,0.75,zephyr,16,3,,,1.0,1.0102212655823677,60.5,1.9516129032258065,3.3,10,10
M-10-N-50-pa-0.85-pe-1.00,BinSearch,10,29,0.85,zephyr,16,2,,,1.0,0.46224152722861617,36.1,1.8050000000000002,3.0,10,10
M-10-N-50-pa-0.85-pe-1.00,LinearSearch,10,29,0.85,zephyr,16,2,,,1.0,2.45148153079208,102.3,2.5575,4.7,10,10
M-10-N-50-pa-0.85-pe-1.00,LinearSearch With Preprocessing,10,29,0.85,zephyr,16,2,,,1.0,2.2197894785553216,102.3,2.5575,4.7,10,10
M-10-N-50-pa-0.85-pe-1.00,LinearSearch With Preprocessing and Reduced Qubits,10,29,0.85,zephyr,16,2,,,1.0,0.5160655986983329,36.1,1.8050000000000002,3.0,10,10
M-10-N-50-pa-0.85-pe-1.00,LinearSearch With Reduced Qubits,10,29,0.85,zephyr,16,2,,,1.0,0.5139779971679672,36.1,1.8050000000000002,3.0,10,10
M-10-N-50-pa-0.95-pe-1.00,BinSearch,10,16,0.95,zephyr,16,2,,,1.0,0.32213939561042937,30.0,1.764705882352941,2.8,10,10
M-10-N-50-pa-0.95-pe-1.00,LinearSearch,10,16,0.95,zephyr,16,2,,,1.0,2.1743679551873356,80.2,2.4303030303030306,4.1,10,10
M-10-N-50-pa-0.95-pe-1.00,LinearSearch With Preprocessing,10,16,0.95,zephyr,16,2,,,1.0,2.150460163759999,80.2,2.4303030303030306,4.1,10,10
M-10-N-50-pa-0.95-pe-1.00,LinearSearch With Preprocessing and Reduced Qubits,10,16,0.95,zephyr,16,2,,,1.0,0.3053346230648458,30.0,1.764705882352941,2.8,10,10
M-10-N-50-pa-0.95-pe-1.00,LinearSearch With Reduced Qubits,10,16,0.95,zephyr,16,2,,,1.0,0.3247588598402217,30.0,1.764705882352941,2.8,10,10
M-25-N-10-pa-0.05-pe-1.00,BinSearch,12,9,0.05,zephyr,16,6,,,1.0,0.2373804928734898,27.0,1.588235294117647,2.0,10,10
M-25-N-10-pa-0.05-pe-1.00,LinearSearch,12,9,0.05,zephyr,16,2,,,1.0,0.23538899167906494,27.0,1.588235294117647,2.0,10,10
M-25-N-10-pa-0.05-pe-1.00,LinearSearch,12,9,0.05,zephyr,16,3,,,1.0,0.23585546796675766,27.0,1.588235294117647,2.0,10,10
M-25-N-10-pa-0.05-pe-1.00,LinearSearch,12,9,0.05,zephyr,16,4,,,1.0,0.2357364968862384,27.0,1.588235294117647,2.0,10,10
M-25-N-10-pa-0.05-pe-1.00,LinearSearch,12,9,0.05,zephyr,16,5,,,1.0,0.23823097932618106,27.0,1.588235294117647,2.0,10,10
M-25-N-10-pa-0.05-pe-1.00,LinearSearch,12,9,0.05,zephyr,16,6,,,1.0,0.24046244833152736,27.0,1.588235294117647,2.0,10,10
M-25-N-10-pa-0.05-pe-1.00,LinearSearch With Preprocessing,12,9,0.05,zephyr,16,6,,,1.0,0.23188447619322683,27.0,1.588235294117647,2.0,10,10
M-25-N-10-pa-0.05-pe-1.00,LinearSearch With Preprocessing and Reduced Qubits,12,9,0.05,zephyr,16,6,,,1.0,0.23430828454438593,27.0,1.588235294117647,2.0,10,10
M-25-N-10-pa-0.05-pe-1.00,LinearSearch With Reduced Qubits,12,9,0.05,zephyr,16,2,,,1.0,0.23302542797755446,27.0,1.588235294117647,2.0,10,10
M-25-N-10-pa-0.05-pe-1.00,LinearSearch With Reduced Qubits,12,9,0.05,zephyr,16,3,,,1.0,0.2371852938085794,27.0,1.588235294117647,2.0,10,10
M-25-N-10-pa-0.05-pe-1.00,LinearSearch With Reduced Qubits,12,9,0.05,zephyr,16,4,,,1.0,0.22935614769812668,27.0,1.588235294117647,2.0,10,10
M-25-N-10-pa-0.05-pe-1.00,LinearSearch With Reduced Qubits,12,9,0.05,zephyr,16,5,,,1.0,0.2309896913124248,27.0,1.588235294117647,2.0,10,10
M-25-N-10-pa-0.05-pe-1.00,LinearSearch With Reduced Qubits,12,9,0.05,zephyr,16,6,,,1.0,0.24134547736030068,27.0,1.588235294117647,2.0,10,10
M-25-N-10-pa-0.15-pe-1.00,BinSearch,20,10,0.15,zephyr,16,4,,,1.0,1.5370661344146357,80.1,2.3558823529411765,3.8,10,10
M-25-N-10-pa-0.15-pe-1.00,LinearSearch,20,10,0.15,zephyr,16,2,,,1.0,1.5708489820826799,92.8,2.4421052631578943,4.3,10,10
M-25-N-10-pa-0.15-pe-1.00,LinearSearch,20,10,0.15,zephyr,16,3,,,1.0,1.5438825314631686,92.8,2.4421052631578943,4.3,10,10
M-25-N-10-pa-0.15-pe-1.00,LinearSearch,20,10,0.15,zephyr,16,4,,,1.0,1.5208034393610432,92.8,2.4421052631578943,4.3,10,10
M-25-N-10-pa-0.15-pe-1.00,LinearSearch With Preprocessing,20,10,0.15,zephyr,16,4,,,1.0,1.5465649825055152,92.8,2.4421052631578943,4.3,10,10
M-25-N-10-pa-0.15-pe-1.00,LinearSearch With Preprocessing and Reduced Qubits,20,10,0.15,zephyr,16,4,,,1.0,1.575726177659817,80.1,2.3558823529411765,3.8,10,10
M-25-N-10-pa-0.15-pe-1.00,LinearSearch With Reduced Qubits,20,10,0.15,zephyr,16,2,,,1.0,1.2391144717810676,62.9,2.2464285714285714,3.1,10,10
M-25-N-10-pa-0.15-pe-1.00,LinearSearch With Reduced Qubits,20,10,0.15,zephyr,16,3,,,1.0,1.5272351952735335,80.1,2.3558823529411765,3.8,10,10
M-25-N-10-pa-0.15-pe-1.00,LinearSearch With Reduced Qubits,20,10,0.15,zephyr,16,4,,,1.0,1.5235073055373505,80.1,2.3558823529411765,3.8,10,10
M-25-N-10-pa-0.25-pe-1.00,BinSearch,24,10,0.25,zephyr,16,3,,,1.0,3.993763033300638,125.7,2.856818181818182,4.6,10,10
M-25-N-10-pa-0.25-pe-1.00,LinearSearch,24,10,0.25,zephyr,16,2,,,1.0,4.86011628722772,160.8,3.0923076923076924,5.2,10,10
M-25-N-10-pa-0.25-pe-1.00,LinearSearch,24,10,0.25,zephyr,16,3,,,1.0,4.411617269320414,160.8,3.0923076923076924,5.2,10,10
M-25-N-10-pa-0.25-pe-1.00,LinearSearch With Preprocessing,24,10,0.25,zephyr,16,3,,,1.0,5.054508082265966,160.8,3.0923076923076924,5.2,10,10
M-25-N-10-pa-0.25-pe-1.00,LinearSearch With Preprocessing and Reduced Qubits,24,10,0.25,zephyr,16,3,,,1.0,3.7506203177617863,125.7,2.856818181818182,4.6,10,10
M-25-N-10-pa-0.25-pe-1.00,LinearSearch With Reduced Qubits,24,10,0.25,zephyr,16,2,,,1.0,2.321365202800371,91.4,2.6882352941176473,3.9,10,10
M-25-N-10-pa-0.25-pe-1.00,LinearSearch With Reduced Qubits,24,10,0.25,zephyr,16,3,,,1.0,3.705536742415279,125.7,2.856818181818182,4.6,10,10
M-25-N-10-pa-0.35-pe-1.00,BinSearch,23,10,0.35,zephyr,16,2,,,1.0,2.7399271782953294,94.9,2.875757575757576,4.0,10,10
M-25-N-10-pa-0.35-pe-1.00,LinearSearch,23,10,0.35,zephyr,16,2,,,1.0,8.07866139083635,214.7,3.6389830508474574,6.8,10,10
M-25-N-10-pa-0.35-pe-1.00,LinearSearch With Preprocessing,23,10,0.35,zephyr,16,2,,,1.0,7.796224510436877,214.7,3.6389830508474574,6.8,10,10
M-25-N-10-pa-0.35-pe-1.00,LinearSearch With Preprocessing and Reduced Qubits,23,10,0.35,zephyr,16,2,,,1.0,2.697603023517877,94.9,2.875757575757576,4.0,10,10
M-25-N-10-pa-0.35-pe-1.00,LinearSearch With Reduced Qubits,23,10,0.35,zephyr,16,2,,,1.0,2.6259776598541067,94.9,2.875757575757576,4.0,10,10
M-25-N-10-pa-0.45-pe-1.00,BinSearch,25,10,0.45,zephyr,16,2,,,1.0,3.1094909199280663,113.5,3.242857142857143,4.6,10,10
M-25-N-10-pa-0.45-pe-1.00,LinearSearch,25,10,0.45,zephyr,16,2,,,1.0,15.85105473662261,271.0,4.1692307692307695,7.5,10,10
M-25-N-10-pa-0.45-pe-1.00,LinearSearch With Preprocessing,25,10,0.45,zephyr,16,2,,,1.0,15.735614839801565,271.0,4.1692307692307695,7.5,10,10
M-25-N-10-pa-0.45-pe-1.00,LinearSearch With Preprocessing and Reduced Qubits,25,10,0.45,zephyr,16,2,,,1.0,3.242693113978021,113.5,3.242857142857143,4.6,10,10
M-25-N-10-pa-0.45-pe-1.00,LinearSearch With Reduced Qubits,25,10,0.45,zephyr,16,2,,,1.0,3.5893909876933323,113.5,3.242857142857143,4.6,10,10
M-25-N-10-pa-0.55-pe-1.00,BinSearch,25,10,0.55,zephyr,16,2,,,1.0,2.9657882717670874,114.2,3.2628571428571425,4.5,10,10
M-25-N-10-pa-0.55-pe-1.00,LinearSearch,25,10,0.55,zephyr,16,2,,,1.0,15.636058167507873,279.2,4.295384615384616,7.6,10,10
M-25-N-10-pa-0.55-pe-1.00,LinearSearch With Preprocessing,25,10,0.55,zephyr,16,2,,,1.0,15.578242906485684,279.2,4.295384615384616,7.6,10,10
M-25-N-10-pa-0.55-pe-1.00,LinearSearch With Preprocessing and Reduced Qubits,25,10,0.55,zephyr,16,2,,,1.0,2.8784635790856554,114.2,3.2628571428571425,4.5,10,10
M-25-N-10-pa-0.55-pe-1.00,LinearSearch With Reduced Qubits,25,10,0.55,zephyr,16,2,,,1.0,2.962132769823074,114.2,3.2628571428571425,4.5,10,10
M-25-N-10-pa-0.65-pe-1.00,BinSearch,25,10,0.65,zephyr,16,2,,,1.0,3.292456661351025,118.3,3.38,4.7,10,10
M-25-N-10-pa-0.65-pe-1.00,LinearSearch,25,10,0.65,zephyr,16,2,,,1.0,26.101783669972793,308.7,4.5397058823529415,8.3,10,10
M-25-N-10-pa-0.65-pe-1.00,LinearSearch With Preprocessing,25,10,0.65,zephyr,16,2,,,1.0,25.39514816023875,308.7,4.5397058823529415,8.3,10,10
M-25-N-10-pa-0.65-pe-1.00,LinearSearch With Preprocessing and Reduced Qubits,25,10,0.65,zephyr,16,2,,,1.0,3.012045156490058,118.3,3.38,4.7,10,10
M-25-N-10-pa-0.65-pe-1.00,LinearSearch With Reduced Qubits,25,10,0.65,zephyr,16,2,,,1.0,3.18029192937538,118.3,3.38,4.7,10,10
M-25-N-25-pa-0.05-pe-1.00,BinSearch,22,23,0.05,zephyr,16,16,,,1.0,1.0548899260582403,61.8,2.2888888888888888,3.0,10,10
M-25-N-25-pa-0.05-pe-1.00,LinearSearch,22,23,0.05,zephyr,16,2,,,1.0,1.0396545508643613,61.8,2.2888888888888888,3.0,10,10
M-25-N-25-pa-0.05-pe-1.00,LinearSearch,22,23,0.05,zephyr,16,3,,,1.0,1.1130589806940407,61.8,2.2888888888888888,3.0,10,10
M-25-N-25-pa-0.05-pe-1.00,LinearSearch,22,23,0.05,zephyr,16,4,,,1.0,1.1013707566075026,61.8,2.2888888888888888,3.0,10,10
M-25-N-25-pa-0.05-pe-1.00,LinearSearch,22,23,0.05,zephyr,16,5,,,1.0,1.1246668039122596,61.8,2.2888888888888888,3.0,10,10
M-25-N-25-pa-0.05-pe-1.00,LinearSearch,22,23,0.05,zephyr,16,6,,,1.0,1.0408101595938206,61.8,2.2888888888888888,3.0,10,10
M-25-N-25-pa-0.05-pe-1.00,LinearSearch,22,23,0.05,zephyr,16,7,,,1.0,1.0656760339392348,61.8,2.2888888888888888,3.0,10,10
M-25-N-25-pa-0.05-pe-1.00,LinearSearch,22,23,0.05,zephyr,16,8,,,1.0,1.045439391490072,61.8,2.2888888888888888,3.0,10,10
M-25-N-25-pa-0.05-pe-1.00,LinearSearch,22,23,0.05,zephyr,16,9,,,1.0,1.0552103773225099,61.8,2.2888888888888888,3.0,10,10
M-25-N-25-pa-0.05-pe-1.00,LinearSearch,22,23,0.05,zephyr,16,10,,,1.0,1.0529098302358761,61.8,2.2888888888888888,3.0,10,10
M-25-N-25-pa-0.05-pe-1.00,LinearSearch,22,23,0.05,zephyr,16,11,,,1.0,1.0260481736855582,61.8,2.2888888888888888,3.0,10,10
M-25-N-25-pa-0.05-pe-1.00,LinearSearch,22,23,0.05,zephyr,16,12,,,1.0,0.9570856763748452,61.8,2.2888888888888888,3.0,10,10
M-25-N-25-pa-0.05-pe-1.00,LinearSearch,22,23,0.05,zephyr,16,13,,,1.0,0.9570988583378494,61.8,2.2888888888888888,3.0,10,10
M-25-N-25-pa-0.05-pe-1.00,LinearSearch,22,23,0.05,zephyr,16,14,,,1.0,0.955706476746127,61.8,2.2888888888888888,3.0,10,10
M-25-N-25-pa-0.05-pe-1.00,LinearSearch,22,23,0.05,zephyr,16,15,,,1.0,0.9523569455137476,61.8,2.2888888888888888,3.0,10,10
M-25-N-25-pa-0.05-pe-1.00,LinearSearch,22,23,0.05,zephyr,16,16,,,1.0,1.1249626216944306,61.8,2.2888888888888888,3.0,10,10
M-25-N-25-pa-0.05-pe-1.00,LinearSearch With Preprocessing,22,23,0.05,zephyr,16,16,,,1.0,1.0679990007774904,61.8,2.2888888888888888,3.0,10,10
M-25-N-25-pa-0.05-pe-1.00,LinearSearch With Preprocessing and Reduced Qubits,22,23,0.05,zephyr,16,16,,,1.0,1.0701625765068457,61.8,2.2888888888888888,3.0,10,10
M-25-N-25-pa-0.05-pe-1.00,LinearSearch With Reduced Qubits,22,23,0.05,zephyr,16,2,,,1.0,1.0543880069162697,61.8,2.2888888888888888,3.0,10,10
M-25-N-25-pa-0.05-pe-1.00,LinearSearch With Reduced Qubits,22,23,0.05,zephyr,16,3,,,1.0,1.0236781865125522,61.8,2.2888888888888888,3.0,10,10
M-25-N-25-pa-0.05-pe-1.00,LinearSearch With Reduced Qubits,22,23,0.05,zephyr,16,4,,,1.0,1.0528837513178586,61.8,2.2888888888888888,3.0,10,10
M-25-N-25-pa-0.05-pe-1.00,LinearSearch With Reduced Qubits,22,23,0.05,zephyr,16,5,,,1.0,1.1355120139662176,61.8,2.2888888888888888,3.0,10,10
M-25-N-25-pa-0.05-pe-1.00,LinearSearch With Reduced Qubits,22,23,0.05,zephyr,16,6,,,1.0,1.1064932595705614,61.8,2.2888888888888888,3.0,10,10
M-25-N-25-pa-0.05-pe-1.00,LinearSearch With Reduced Qubits,22,23,0.05,zephyr,16,7,,,1.0,1.1155576917342842,61.8,2.2888888888888888,3.0,10,10
M-25-N-25-pa-0.05-pe-1.00,LinearSearch With Reduced Qubits,22,23,0.05,zephyr,16,8,,,1.0,1.0263415666762739,61.8,2.2888888888888888,3.0,10,10
M-25-N-25-pa-0.05-pe-1.00,LinearSearch With Reduced Qubits,22,23,0.05,zephyr,16,9,,,1.0,1.0257958854781464,61.8,2.2888888888888888,3.0,10,10
M-25-N-25-pa-0.05-pe-1.00,LinearSearch With Reduced Qubits,22,23,0.05,zephyr,16,10,,,1.0,1.1006477720569818,61.8,2.2888888888888888,3.0,10,10
M-25-N-25-pa-0.05-pe-1.00,LinearSearch With Reduced Qubits,22,23,0.05,zephyr,16,11,,,1.0,0.9587430513696745,61.8,2.2888888888888888,3.0,10,10
M-25-N-25-pa-0.05-pe-1.00,LinearSearch With Reduced Qubits,22,23,0.05,zephyr,16,12,,,1.0,1.0400576800340786,61.8,2.2888888888888888,3.0,10,10
M-25-N-25-pa-0.05-pe-1.00,LinearSearch With Reduced Qubits,22,23,0.05,zephyr,16,13,,,1.0,1.0448737720493226,61.8,2.2888888888888888,3.0,10,10
M-25-N-25-pa-0.05-pe-1.00,LinearSearch With Reduced Qubits,22,23,0.05,zephyr,16,14,,,1.0,1.0935584403807297,61.8,2.2888888888888888,3.0,10,10
M-25-N-25-pa-0.05-pe-1.00,LinearSearch With Reduced Qubits,22,23,0.05,zephyr,16,15,,,1.0,1.0185682807350531,61.8,2.2888888888888888,3.0,10,10
M-25-N-25-pa-0.05-pe-1.00,LinearSearch With Reduced Qubits,22,23,0.05,zephyr,16,16,,,1.0,1.133202282222919,61.8,2.2888888888888888,3.0,10,10
M-25-N-25-pa-0.15-pe-1.00,BinSearch,24,25,0.15,zephyr,16,7,,,1.0,3.0022711301222444,121.7,2.5354166666666664,4.7,10,10
M-25-N-25-pa-0.15-pe-1.00,BinSearch,24,25,0.15,zephyr,16,8,,,1.0,3.1507291356800122,121.7,2.5354166666666664,4.7,10,10
M-25-N-25-pa-0.15-pe-1.00,LinearSearch,24,25,0.15,zephyr,16,2,,,1.0,3.0627028241986407,121.7,2.5354166666666664,4.7,10,10
M-25-N-25-pa-0.15-pe-1.00,LinearSearch,24,25,0.15,zephyr,16,3,,,1.0,3.1774169204058125,121.7,2.5354166666666664,4.7,10,10
M-25-N-25-pa-0.15-pe-1.00,LinearSearch,24,25,0.15,zephyr,16,4,,,1.0,3.186172431660816,121.7,2.5354166666666664,4.7,10,10
M-25-N-25-pa-0.15-pe-1.00,LinearSearch,24,25,0.15,zephyr,16,5,,,1.0,3.2215029121143743,121.7,2.5354166666666664,4.7,10,10
M-25-N-25-pa-0.15-pe-1.00,LinearSearch,24,25,0.15,zephyr,16,6,,,1.0,3.210650354833342,121.7,2.5354166666666664,4.7,10,10
M-25-N-25-pa-0.15-pe-1.00,LinearSearch,24,25,0.15,zephyr,16,7,,,1.0,3.256514192814939,121.7,2.5354166666666664,4.7,10,10
M-25-N-25-pa-0.15-pe-1.00,LinearSearch,24,25,0.15,zephyr,16,8,,,1.0,3.290634577232413,121.7,2.5354166666666664,4.7,10,10
M-25-N-25-pa-0.15-pe-1.00,LinearSearch With Preprocessing,24,25,0.15,zephyr,16,7,,,1.0,2.9832193372305484,121.7,2.5354166666666664,4.7,10,10
M-25-N-25-pa-0.15-pe-1.00,LinearSearch With Preprocessing,24,25,0.15,zephyr,16,8,,,1.0,3.1252171904314308,121.7,2.5354166666666664,4.7,10,10
M-25-N-25-pa-0.15-pe-1.00,LinearSearch With Preprocessing and Reduced Qubits,24,25,0.15,zephyr,16,7,,,1.0,3.3217027726816015,121.7,2.5354166666666664,4.7,10,10
M-25-N-25-pa-0.15-pe-1.00,LinearSearch With Preprocessing and Reduced Qubits,24,25,0.15,zephyr,16,8,,,1.0,3.235115954768844,121.7,2.5354166666666664,4.7,10,10
M-25-N-25-pa-0.15-pe-1.00,LinearSearch With Reduced Qubits,24,25,0.15,zephyr,16,2,,,1.0,1.9855073975864799,89.5,2.486111111111111,4.1,10,10
M-25-N-25-pa-0.15-pe-1.00,LinearSearch With Reduced Qubits,24,25,0.15,zephyr,16,3,,,1.0,2.5955774358706547,114.9,2.497826086956522,4.4,10,10
M-25-N-25-pa-0.15-pe-1.00,LinearSearch With Reduced Qubits,24,25,0.15,zephyr,16,4,,,1.0,2.703023546957411,114.9,2.497826086956522,4.4,10,10
M-25-N-25-pa-0.15-pe-1.00,LinearSearch With Reduced Qubits,24,25,0.15,zephyr,16,5,,,1.0,3.098510390333831,121.7,2.5354166666666664,4.7,10,10
M-25-N-25-pa-0.15-pe-1.00,LinearSearch With Reduced Qubits,24,25,0.15,zephyr,16,6,,,1.0,3.2089749303180723,121.7,2.5354166666666664,4.7,10,10
M-25-N-25-pa-0.15-pe-1.00,LinearSearch With Reduced Qubits,24,25,0.15,zephyr,16,7,,,1.0,3.155873684724793,121.7,2.5354166666666664,4.7,10,10
M-25-N-25-pa-0.15-pe-1.00,LinearSearch With Reduced Qubits,24,25,0.15,zephyr,16,8,,,1.0,3.1618308779317887,121.7,2.5354166666666664,4.7,10,10
M-25-N-25-pa-0.25-pe-1.00,BinSearch,25,25,0.25,zephyr,16,4,,,1.0,13.651004061778076,271.2,3.715068493150685,7.8,10,10
M-25-N-25-pa-0.25-pe-1.00,BinSearch,25,25,0.25,zephyr,16,5,,,1.0,26.94396391150076,389.9,4.061458333333333,10.0,10,10
M-25-N-25-pa-0.25-pe-1.00,LinearSearch,25,25,0.25,zephyr,16,2,,,1.0,26.619593332661317,422.4,4.2666666666666675,11.2,10,10
M-25-N-25-pa-0.25-pe-1.00,LinearSearch,25,25,0.25,zephyr,16,3,,,1.0,26.772988011525012,423.7,4.27979797979798,11.2,10,10
M-25-N-25-pa-0.25-pe-1.00,LinearSearch,25,25,0.25,zephyr,16,4,,,1.0,26.561071547493338,422.4,4.2666666666666675,11.2,10,10
M-25-N-25-pa-0.25-pe-1.00,LinearSearch,25,25,0.25,zephyr,16,5,,,1.0,26.664399408502504,422.4,4.2666666666666675,11.2,10,10
M-25-N-25-pa-0.25-pe-1.00,LinearSearch With Preprocessing,25,25,0.25,zephyr,16,3,,,1.0,26.54168776643928,422.4,4.2666666666666675,11.2,10,10
M-25-N-25-pa-0.25-pe-1.00,LinearSearch With Preprocessing,25,25,0.25,zephyr,16,4,,,1.0,26.600852124230006,422.4,4.2666666666666675,11.2,10,10
M-25-N-25-pa-0.25-pe-1.00,LinearSearch With Preprocessing,25,25,0.25,zephyr,16,5,,,1.0,26.747205225145443,421.6,4.2585858585858585,11.1,10,10
M-25-N-25-pa-0.25-pe-1.00,LinearSearch With Preprocessing and Reduced Qubits,25,25,0.25,zephyr,16,3,,,1.0,13.742312102369032,271.2,3.715068493150685,7.8,10,10
M-25-N-25-pa-0.25-pe-1.00,LinearSearch With Preprocessing and Reduced Qubits,25,25,0.25,zephyr,16,4,,,1.0,13.655939870886504,271.2,3.715068493150685,7.8,10,10
M-25-N-25-pa-0.25-pe-1.00,LinearSearch With Preprocessing and Reduced Qubits,25,25,0.25,zephyr,16,5,,,1.0,26.740206965571268,389.9,4.061458333333333,10.0,10,10
M-25-N-25-pa-0.25-pe-1.00,LinearSearch With Reduced Qubits,25,25,0.25,zephyr,16,2,,,1.0,5.375854387669824,151.0,3.0816326530612246,5.1,10,10
M-25-N-25-pa-0.25-pe-1.00,LinearSearch With Reduced Qubits,25,25,0.25,zephyr,16,3,,,1.0,13.688037685560994,271.2,3.715068493150685,7.8,10,10
M-25-N-25-pa-0.25-pe-1.00,LinearSearch With Reduced Qubits,25,25,0.25,zephyr,16,4,,,1.0,13.659710209793412,271.2,3.715068493150685,7.8,10,10
M-25-N-25-pa-0.25-pe-1.00,LinearSearch With Reduced Qubits,25,25,0.25,zephyr,16,5,,,1.0,26.72244435464963,389.9,4.061458333333333,10.0,10,10
M-25-N-25-pa-0.35-pe-1.00,BinSearch,25,25,0.35,zephyr,16,2,,,1.0,6.602234421833418,163.4,3.268,5.5,10,10
M-25-N-25-pa-0.35-pe-1.00,BinSearch,25,25,0.35,zephyr,16,3,,,1.0,22.412078163563272,292.5,3.9,8.1,10,10
M-25-N-25-pa-0.35-pe-1.00,LinearSearch,25,25,0.35,zephyr,16,2,,,1.0,30.878037955332548,608.4,5.2,15.4,10,10
M-25-N-25-pa-0.35-pe-1.00,LinearSearch,25,25,0.35,zephyr,16,3,,,1.0,31.04274947158992,606.3,5.182051282051281,15.3,10,10
M-25-N-25-pa-0.35-pe-1.00,LinearSearch With Preprocessing,25,25,0.35,zephyr,16,2,,,1.0,31.372473218594678,606.3,5.182051282051281,15.3,10,10
M-25-N-25-pa-0.35-pe-1.00,LinearSearch With Preprocessing,25,25,0.35,zephyr,16,3,,,1.0,30.876000005588867,615.0,5.256410256410256,15.5,10,10
M-25-N-25-pa-0.35-pe-1.00,LinearSearch With Preprocessing and Reduced Qubits,25,25,0.35,zephyr,16,2,,,1.0,6.750270585622639,163.4,3.268,5.5,10,10
M-25-N-25-pa-0.35-pe-1.00,LinearSearch With Preprocessing and Reduced Qubits,25,25,0.35,zephyr,16,3,,,1.0,23.837941870675422,292.5,3.9,8.1,10,10
M-25-N-25-pa-0.35-pe-1.00,LinearSearch With Reduced Qubits,25,25,0.35,zephyr,16,2,,,1.0,6.2825328335398805,163.4,3.268,5.5,10,10
M-25-N-25-pa-0.35-pe-1.00,LinearSearch With Reduced Qubits,25,25,0.35,zephyr,16,3,,,1.0,23.360891163931228,292.5,3.9,8.1,10,10
M-25-N-25-pa-0.45-pe-1.00,BinSearch,25,25,0.45,zephyr,16,2,,,1.0,7.136904550180771,176.1,3.522,5.6,10,10
M-25-N-25-pa-0.45-pe-1.00,BinSearch,25,25,0.45,zephyr,16,3,,,1.0,19.926735469629058,309.4,4.125333333333333,8.2,10,10
M-25-N-25-pa-0.45-pe-1.00,LinearSearch,25,25,0.45,zephyr,16,2,,,1.0,31.703972315532155,681.5,5.775423728813559,17.7,10,10
M-25-N-25-pa-0.45-pe-1.00,LinearSearch,25,25,0.45,zephyr,16,3,,,1.0,32.089138301135975,681.0,5.771186440677966,17.3,10,10
M-25-N-25-pa-0.45-pe-1.00,LinearSearch With Preprocessing,25,25,0.45,zephyr,16,2,,,1.0,31.83897750757169,673.7,5.709322033898305,17.2,10,10
M-25-N-25-pa-0.45-pe-1.00,LinearSearch With Preprocessing,25,25,0.45,zephyr,16,3,,,1.0,32.20624429681338,674.7,5.717796610169492,17.5,10,10
M-25-N-25-pa-0.45-pe-1.00,LinearSearch With Preprocessing and Reduced Qubits,25,25,0.45,zephyr,16,2,,,1.0,6.930339646874927,176.1,3.522,5.6,10,10
M-25-N-25-pa-0.45-pe-1.00,LinearSearch With Preprocessing and Reduced Qubits,25,25,0.45,zephyr,16,3,,,1.0,20.005481966771185,309.4,4.125333333333333,8.2,10,10
M-25-N-25-pa-0.45-pe-1.00,LinearSearch With Reduced Qubits,25,25,0.45,zephyr,16,2,,,1.0,7.143530243216082,176.1,3.522,5.6,10,10
M-25-N-25-pa-0.45-pe-1.00,LinearSearch With Reduced Qubits,25,25,0.45,zephyr,16,3,,,1.0,20.696320267301054,309.4,4.125333333333333,8.2,10,10
M-25-N-25-pa-0.55-pe-1.00,BinSearch,25,25,0.55,zephyr,16,2,,,1.0,8.404959314898587,175.0,3.5714285714285716,5.8,10,10
M-25-N-25-pa-0.55-pe-1.00,BinSearch,25,25,0.55,zephyr,16,3,,,1.0,23.113587290537545,313.7,4.2972602739726025,8.3,10,10
M-25-N-25-pa-0.55-pe-1.00,LinearSearch,25,25,0.55,zephyr,16,2,,,1.0,32.096375927980986,799.3,6.3944,19.1,10,10
M-25-N-25-pa-0.55-pe-1.00,LinearSearch,25,25,0.55,zephyr,16,3,,,1.0,32.51511622217949,810.2,6.4816,18.9,10,10
M-25-N-25-pa-0.55-pe-1.00,LinearSearch With Preprocessing,25,25,0.55,zephyr,16,2,,,1.0,32.11057473588735,803.7,6.429600000000001,19.0,10,10
M-25-N-25-pa-0.55-pe-1.00,LinearSearch With Preprocessing,25,25,0.55,zephyr,16,3,,,1.0,32.0980116955936,799.9,6.3992,19.0,10,10
M-25-N-25-pa-0.55-pe-1.00,LinearSearch With Preprocessing and Reduced Qubits,25,25,0.55,zephyr,16,2,,,1.0,8.358472108002752,175.0,3.5714285714285716,5.8,10,10
M-25-N-25-pa-0.55-pe-1.00,LinearSearch With Preprocessing and Reduced Qubits,25,25,0.55,zephyr,16,3,,,1.0,22.404446759819983,313.7,4.2972602739726025,8.3,10,10
M-25-N-25-pa-0.55-pe-1.00,LinearSearch With Reduced Qubits,25,25,0.55,zephyr,16,2,,,1.0,8.701043124194257,175.0,3.5714285714285716,5.8,10,10
M-25-N-25-pa-0.55-pe-1.00,LinearSearch With Reduced Qubits,25,25,0.55,zephyr,16,3,,,1.0,22.413969784928486,313.7,4.2972602739726025,8.3,10,10
M-25-N-25-pa-0.65-pe-1.00,BinSearch,25,25,0.65,zephyr,16,2,,,1.0,8.136863467283547,177.8,3.556,5.8,10,10
M-25-N-25-pa-0.65-pe-1.00,LinearSearch,25,25,0.65,zephyr,16,2,,,1.0,34.41546486956067,965.9,7.050364963503649,23.2,10,10
M-25-N-25-pa-0.65-pe-1.00,LinearSearch With Preprocessing,25,25,0.65,zephyr,16,2,,,1.0,34.731676763203,971.5,7.091240875912409,23.3,10,10
M-25-N-25-pa-0.65-pe-1.00,LinearSearch With Preprocessing and Reduced Qubits,25,25,0.65,zephyr,16,2,,,1.0,8.662463057925924,177.8,3.556,5.8,10,10
M-25-N-25-pa-0.65-pe-1.00,LinearSearch With Reduced Qubits,25,25,0.65,zephyr,16,2,,,1.0,8.086901462636888,177.8,3.556,5.8,10,10
M-25-N-25-pa-0.75-pe-1.00,BinSearch,25,25,0.75,zephyr,16,2,,,1.0,8.484087391360664,169.5,3.606382978723404,5.8,10,10
M-25-N-25-pa-0.75-pe-1.00,LinearSearch,25,25,0.75,zephyr,16,2,,,1.0,33.889035023795444,914.9,6.931060606060607,21.4,10,10
M-25-N-25-pa-0.75-pe-1.00,LinearSearch With Preprocessing,25,25,0.75,zephyr,16,2,,,1.0,34.37455255473033,912.0,6.909090909090909,21.2,10,10
M-25-N-25-pa-0.75-pe-1.00,LinearSearch With Preprocessing and Reduced Qubits,25,25,0.75,zephyr,16,2,,,1.0,8.170438556163571,169.5,3.606382978723404,5.8,10,10
M-25-N-25-pa-0.75-pe-1.00,LinearSearch With Reduced Qubits,25,25,0.75,zephyr,16,2,,,1.0,9.201397476322018,169.5,3.606382978723404,5.8,10,10
M-25-N-25-pa-0.85-pe-1.00,BinSearch,25,25,0.85,zephyr,16,2,,,1.0,8.934919982077554,181.9,3.7122448979591836,5.9,10,10
M-25-N-25-pa-0.85-pe-1.00,LinearSearch,25,25,0.85,zephyr,16,2,,,1.0,34.075477997260165,1085.6,7.486896551724138,25.0,10,10
M-25-N-25-pa-0.85-pe-1.00,LinearSearch With Preprocessing,25,25,0.85,zephyr,16,2,,,1.0,35.143804372102025,1072.9,7.399310344827586,24.6,10,10
M-25-N-25-pa-0.85-pe-1.00,LinearSearch With Preprocessing and Reduced Qubits,25,25,0.85,zephyr,16,2,,,1.0,9.526261412468738,181.9,3.7122448979591836,5.9,10,10
M-25-N-25-pa-0.85-pe-1.00,LinearSearch With Reduced Qubits,25,25,0.85,zephyr,16,2,,,1.0,9.740830881218425,181.9,3.7122448979591836,5.9,10,10
M-25-N-5-pa-0.05-pe-1.00,BinSearch,8,5,0.05,zephyr,16,5,,,1.0,0.141769579029642,15.7,1.4272727272727272,2.0,10,10
M-25-N-5-pa-0.05-pe-1.00,LinearSearch,8,5,0.05,zephyr,16,2,,,1.0,0.14371593664400276,15.7,1.4272727272727272,2.0,10,10
M-25-N-5-pa-0.05-pe-1.00,LinearSearch,8,5,0.05,zephyr,16,3,,,1.0,0.14115157087799157,15.7,1.4272727272727272,2.0,10,10
M-25-N-5-pa-0.05-pe-1.00,LinearSearch,8,5,0.05,zephyr,16,4,,,1.0,0.1356310664210468,15.7,1.4272727272727272,2.0,10,10
M-25-N-5-pa-0.05-pe-1.00,LinearSearch,8,5,0.05,zephyr,16,5,,,1.0,0.13512696279212827,15.7,1.4272727272727272,2.0,10,10
M-25-N-5-pa-0.05-pe-1.00,LinearSearch With Preprocessing,8,5,0.05,zephyr,16,5,,,1.0,0.1331544117070734,15.7,1.4272727272727272,2.0,10,10
M-25-N-5-pa-0.05-pe-1.00,LinearSearch With Preprocessing and Reduced Qubits,8,5,0.05,zephyr,16,5,,,1.0,0.13547884200233964,15.7,1.4272727272727272,2.0,10,10
M-25-N-5-pa-0.05-pe-1.00,LinearSearch With Reduced Qubits,8,5,0.05,zephyr,16,2,,,1.0,0.13984781778417524,14.7,1.47,2.0,10,10
M-25-N-5-pa-0.05-pe-1.00,LinearSearch With Reduced Qubits,8,5,0.05,zephyr,16,3,,,1.0,0.13664662907831365,15.7,1.4272727272727272,2.0,10,10
M-25-N-5-pa-0.05-pe-1.00,LinearSearch With Reduced Qubits,8,5,0.05,zephyr,16,4,,,1.0,0.14943088991567488,15.7,1.4272727272727272,2.0,10,10
M-25-N-5-pa-0.05-pe-1.00,LinearSearch With Reduced Qubits,8,5,0.05,zephyr,16,5,,,1.0,0.13780885939486323,15.7,1.4272727272727272,2.0,10,10
M-25-N-5-pa-0.15-pe-1.00,BinSearch,21,5,0.15,zephyr,16,3,,,1.0,1.3844509897986428,72.4,2.413333333333333,3.3,10,10
M-25-N-5-pa-0.15-pe-1.00,LinearSearch,21,5,0.15,zephyr,16,2,,,1.0,1.681626786501147,89.4,2.5542857142857143,3.9,10,10
M-25-N-5-pa-0.15-pe-1.00,LinearSearch,21,5,0.15,zephyr,16,3,,,1.0,1.6732992819976062,89.4,2.5542857142857143,3.9,10,10
M-25-N-5-pa-0.15-pe-1.00,LinearSearch With Preprocessing,21,5,0.15,zephyr,16,3,,,1.0,1.6545832571806387,89.4,2.5542857142857143,3.9,10,10
M-25-N-5-pa-0.15-pe-1.00,LinearSearch With Preprocessing and Reduced Qubits,21,5,0.15,zephyr,16,3,,,1.0,1.4172632955946027,72.4,2.413333333333333,3.3,10,10
M-25-N-5-pa-0.15-pe-1.00,LinearSearch With Reduced Qubits,21,5,0.15,zephyr,16,2,,,1.0,1.209377913433127,61.4,2.361538461538461,3.0,10,10
M-25-N-5-pa-0.15-pe-1.00,LinearSearch With Reduced Qubits,21,5,0.15,zephyr,16,3,,,1.0,1.4133209010586143,72.4,2.413333333333333,3.3,10,10
M-25-N-5-pa-0.25-pe-1.00,BinSearch,16,5,0.25,zephyr,16,2,,,1.0,0.786100834584795,44.8,2.1333333333333333,3.0,10,10
M-25-N-5-pa-0.25-pe-1.00,LinearSearch,16,5,0.25,zephyr,16,2,,,1.0,1.1952595548005776,75.9,2.4483870967741934,3.6,10,10
M-25-N-5-pa-0.25-pe-1.00,LinearSearch With Preprocessing,16,5,0.25,zephyr,16,2,,,1.0,1.3087233036523684,75.9,2.4483870967741934,3.6,10,10
M-25-N-5-pa-0.25-pe-1.00,LinearSearch With Preprocessing and Reduced Qubits,16,5,0.25,zephyr,16,2,,,1.0,0.6727172506041825,44.8,2.1333333333333333,3.0,10,10
M-25-N-5-pa-0.25-pe-1.00,LinearSearch With Reduced Qubits,16,5,0.25,zephyr,16,2,,,1.0,0.6696344109252095,44.8,2.1333333333333333,3.0,10,10
M-25-N-5-pa-0.35-pe-1.00,BinSearch,24,5,0.35,zephyr,16,2,,,1.0,2.1545516547979786,84.6,2.9172413793103447,4.0,10,10
M-25-N-5-pa-0.35-pe-1.00,LinearSearch,24,5,0.35,zephyr,16,2,,,1.0,3.4759728121804074,143.2,3.330232558139535,5.3,10,10
M-25-N-5-pa-0.35-pe-1.00,LinearSearch With Preprocessing,24,5,0.35,zephyr,16,2,,,1.0,3.635739216580987,143.2,3.330232558139535,5.3,10,10
M-25-N-5-pa-0.35-pe-1.00,LinearSearch With Preprocessing and Reduced Qubits,24,5,0.35,zephyr,16,2,,,1.0,1.982717743027024,84.6,2.9172413793103447,4.0,10,10
M-25-N-5-pa-0.35-pe-1.00,LinearSearch With Reduced Qubits,24,5,0.35,zephyr,16,2,,,1.0,1.975949661922641,84.6,2.9172413793103447,4.0,10,10
M-25-N-5-pa-0.45-pe-1.00,BinSearch,25,5,0.45,zephyr,16,2,,,1.0,2.3651231295196338,91.5,3.05,4.0,10,10
M-25-N-5-pa-0.45-pe-1.00,LinearSearch,25,5,0.45,zephyr,16,2,,,1.0,5.875354425492697,164.3,3.651111111111111,5.6,10,10
M-25-N-5-pa-0.45-pe-1.00,LinearSearch With Preprocessing,25,5,0.45,zephyr,16,2,,,1.0,6.159029684332199,164.3,3.651111111111111,5.6,10,10
M-25-N-5-pa-0.45-pe-1.00,LinearSearch With Preprocessing and Reduced Qubits,25,5,0.45,zephyr,16,2,,,1.0,2.192162068001926,91.5,3.05,4.0,10,10
M-25-N-5-pa-0.45-pe-1.00,LinearSearch With Reduced Qubits,25,5,0.45,zephyr,16,2,,,1.0,2.286740160640329,91.5,3.05,4.0,10,10
M-25-N-50-pa-0.05-pe-1.00,BinSearch,24,37,0.05,zephyr,16,17,,,1.0,1.5280868757050485,71.9,2.479310344827586,3.3,10,10
M-25-N-50-pa-0.05-pe-1.00,LinearSearch,24,37,0.05,zephyr,16,2,,,1.0,1.4690459260018542,71.9,2.479310344827586,3.3,10,10
M-25-N-50-pa-0.05-pe-1.00,LinearSearch,24,37,0.05,zephyr,16,3,,,1.0,1.4939807511633263,71.9,2.479310344827586,3.3,10,10
M-25-N-50-pa-0.05-pe-1.00,LinearSearch,24,37,0.05,zephyr,16,4,,,1.0,1.476367693184875,71.9,2.479310344827586,3.3,10,10
M-25-N-50-pa-0.05-pe-1.00,LinearSearch,24,37,0.05,zephyr,16,5,,,1.0,1.4607591130770743,71.9,2.479310344827586,3.3,10,10
M-25-N-50-pa-0.05-pe-1.00,LinearSearch,24,37,0.05,zephyr,16,6,,,1.0,1.4897648602258413,71.9,2.479310344827586,3.3,10,10
M-25-N-50-pa-0.05-pe-1.00,LinearSearch,24,37,0.05,zephyr,16,7,,,1.0,1.446722725313157,71.9,2.479310344827586,3.3,10,10
M-25-N-50-pa-0.05-pe-1.00,LinearSearch,24,37,0.05,zephyr,16,8,,,1.0,1.5654718476347624,71.9,2.479310344827586,3.3,10,10
M-25-N-50-pa-0.05-pe-1.00,LinearSearch,24,37,0.05,zephyr,16,9,,,1.0,1.426738074957393,71.9,2.479310344827586,3.3,10,10
M-25-N-50-pa-0.05-pe-1.00,LinearSearch,24,37,0.05,zephyr,16,10,,,1.0,1.4294033916434272,71.9,2.479310344827586,3.3,10,10
M-25-N-50-pa-0.05-pe-1.00,LinearSearch,24,37,0.05,zephyr,16,11,,,1.0,1.4436482459306716,71.9,2.479310344827586,3.3,10,10
M-25-N-50-pa-0.05-pe-1.00,LinearSearch,24,37,0.05,zephyr,16,12,,,1.0,1.4603871241910382,71.9,2.479310344827586,3.3,10,10
M-25-N-50-pa-0.05-pe-1.00,LinearSearch,24,37,0.05,zephyr,16,13,,,1.0,1.5913746406557039,71.9,2.479310344827586,3.3,10,10
M-25-N-50-pa-0.05-pe-1.00,LinearSearch,24,37,0.05,zephyr,16,14,,,1.0,1.4550961181055755,71.9,2.479310344827586,3.3,10,10
M-25-N-50-pa-0.05-pe-1.00,LinearSearch,24,37,0.05,zephyr,16,15,,,1.0,1.4583486791001632,71.9,2.479310344827586,3.3,10,10
M-25-N-50-pa-0.05-pe-1.00,LinearSearch,24,37,0.05,zephyr,16,16,,,1.0,1.4992509961361065,71.9,2.479310344827586,3.3,10,10
M-25-N-50-pa-0.05-pe-1.00,LinearSearch,24,37,0.05,zephyr,16,17,,,1.0,1.4453815288376064,71.9,2.479310344827586,3.3,10,10
M-25-N-50-pa-0.05-pe-1.00,LinearSearch With Preprocessing,24,37,0.05,zephyr,16,17,,,1.0,1.5040736591210588,71.9,2.479310344827586,3.3,10,10
M-25-N-50-pa-0.05-pe-1.00,LinearSearch With Preprocessing and Reduced Qubits,24,37,0.05,zephyr,16,17,,,1.0,1.498991544288583,71.9,2.479310344827586,3.3,10,10
M-25-N-50-pa-0.05-pe-1.00,LinearSearch With Reduced Qubits,24,37,0.05,zephyr,16,2,,,1.0,1.4545019670622423,70.0,2.5,3.1,10,10
M-25-N-50-pa-0.05-pe-1.00,LinearSearch With Reduced Qubits,24,37,0.05,zephyr,16,3,,,1.0,1.4447553558740764,71.9,2.479310344827586,3.3,10,10
M-25-N-50-pa-0.05-pe-1.00,LinearSearch With Reduced Qubits,24,37,0.05,zephyr,16,4,,,1.0,1.495581921329722,71.9,2.479310344827586,3.3,10,10
M-25-N-50-pa-0.05-pe-1.00,LinearSearch With Reduced Qubits,24,37,0.05,zephyr,16,5,,,1.0,1.5150108506670221,71.9,2.479310344827586,3.3,10,10
M-25-N-50-pa-0.05-pe-1.00,LinearSearch With Reduced Qubits,24,37,0.05,zephyr,16,6,,,1.0,1.5907292044954375,71.9,2.479310344827586,3.3,10,10
M-25-N-50-pa-0.05-pe-1.00,LinearSearch With Reduced Qubits,24,37,0.05,zephyr,16,7,,,1.0,1.4607163906563074,71.9,2.479310344827586,3.3,10,10
M-25-N-50-pa-0.05-pe-1.00,LinearSearch With Reduced Qubits,24,37,0.05,zephyr,16,8,,,1.0,1.4380353750428185,71.9,2.479310344827586,3.3,10,10
M-25-N-50-pa-0.05-pe-1.00,LinearSearch With Reduced Qubits,24,37,0.05,zephyr,16,9,,,1.0,1.4859693808248267,71.9,2.479310344827586,3.3,10,10
M-25-N-50-pa-0.05-pe-1.00,LinearSearch With Reduced Qubits,24,37,0.05,zephyr,16,10,,,1.0,1.4507303424645215,71.9,2.479310344827586,3.3,10,10
M-25-N-50-pa-0.05-pe-1.00,LinearSearch With Reduced Qubits,24,37,0.05,zephyr,16,11,,,1.0,1.4770985289709642,71.9,2.479310344827586,3.3,10,10
M-25-N-50-pa-0.05-pe-1.00,LinearSearch With Reduced Qubits,24,37,0.05,zephyr,16,12,,,1.0,1.4681091357022524,71.9,2.479310344827586,3.3,10,10
M-25-N-50-pa-0.05-pe-1.00,LinearSearch With Reduced Qubits,24,37,0.05,zephyr,16,13,,,1.0,1.456169042084366,71.9,2.479310344827586,3.3,10,10
M-25-N-50-pa-0.05-pe-1.00,LinearSearch With Reduced Qubits,24,37,0.05,zephyr,16,14,,,1.0,1.493101505516097,71.9,2.479310344827586,3.3,10,10
M-25-N-50-pa-0.05-pe-1.00,LinearSearch With Reduced Qubits,24,37,0.05,zephyr,16,15,,,1.0,1.4830396032892168,71.9,2.479310344827586,3.3,10,10
M-25-N-50-pa-0.05-pe-1.00,LinearSearch With Reduced Qubits,24,37,0.05,zephyr,16,16,,,1.0,1.4998226734111086,71.9,2.479310344827586,3.3,10,10
M-25-N-50-pa-0.05-pe-1.00,LinearSearch With Reduced Qubits,24,37,0.05,zephyr,16,17,,,1.0,1.5136103303637356,71.9,2.479310344827586,3.3,10,10
M-25-N-50-pa-0.15-pe-1.00,BinSearch,25,49,0.15,zephyr,16,9,,,1.0,4.690227963798679,161.0,2.7288135593220337,5.6,10,10
M-25-N-50-pa-0.15-pe-1.00,LinearSearch,25,49,0.15,zephyr,16,2,,,1.0,4.869466902315617,161.0,2.7288135593220337,5.6,10,10
M-25-N-50-pa-0.15-pe-1.00,LinearSearch,25,49,0.15,zephyr,16,3,,,1.0,4.921464541414752,161.0,2.7288135593220337,5.6,10,10
M-25-N-50-pa-0.15-pe-1.00,LinearSearch,25,49,0.15,zephyr,16,4,,,1.0,4.812444970360957,161.0,2.7288135593220337,5.6,10,10
M-25-N-50-pa-0.15-pe-1.00,LinearSearch,25,49,0.15,zephyr,16,5,,,1.0,4.944342588284053,161.0,2.7288135593220337,5.6,10,10
M-25-N-50-pa-0.15-pe-1.00,LinearSearch,25,49,0.15,zephyr,16,6,,,1.0,4.7738659818191085,161.0,2.7288135593220337,5.6,10,10
M-25-N-50-pa-0.15-pe-1.00,LinearSearch,25,49,0.15,zephyr,16,7,,,1.0,4.853967510606163,161.0,2.7288135593220337,5.6,10,10
M-25-N-50-pa-0.15-pe-1.00,LinearSearch,25,49,0.15,zephyr,16,8,,,1.0,4.928356425696984,161.0,2.7288135593220337,5.6,10,10
M-25-N-50-pa-0.15-pe-1.00,LinearSearch,25,49,0.15,zephyr,16,9,,,1.0,5.067334533692337,161.0,2.7288135593220337,5.6,10,10
M-25-N-50-pa-0.15-pe-1.00,LinearSearch With Preprocessing,25,49,0.15,zephyr,16,9,,,1.0,4.6267568587092684,161.0,2.7288135593220337,5.6,10,10
M-25-N-50-pa-0.15-pe-1.00,LinearSearch With Preprocessing and Reduced Qubits,25,49,0.15,zephyr,16,9,,,1.0,4.93542383252643,161.0,2.7288135593220337,5.6,10,10
M-25-N-50-pa-0.15-pe-1.00,LinearSearch With Reduced Qubits,25,49,0.15,zephyr,16,2,,,1.0,2.9149302458390594,104.8,2.4952380952380953,4.1,10,10
M-25-N-50-pa-0.15-pe-1.00,LinearSearch With Reduced Qubits,25,49,0.15,zephyr,16,3,,,1.0,5.1486187925096605,148.5,2.605263157894737,5.1,10,10
M-25-N-50-pa-0.15-pe-1.00,LinearSearch With Reduced Qubits,25,49,0.15,zephyr,16,4,,,1.0,5.189805206027813,148.5,2.605263157894737,5.1,10,10
M-25-N-50-pa-0.15-pe-1.00,LinearSearch With Reduced Qubits,25,49,0.15,zephyr,16,5,,,1.0,4.811166302952915,161.0,2.7288135593220337,5.6,10,10
M-25-N-50-pa-0.15-pe-1.00,LinearSearch With Reduced Qubits,25,49,0.15,zephyr,16,6,,,1.0,4.883580678049475,161.0,2.7288135593220337,5.6,10,10
M-25-N-50-pa-0.15-pe-1.00,LinearSearch With Reduced Qubits,25,49,0.15,zephyr,16,7,,,1.0,4.7070194654166695,161.0,2.7288135593220337,5.6,10,10
M-25-N-50-pa-0.15-pe-1.00,LinearSearch With Reduced Qubits,25,49,0.15,zephyr,16,8,,,1.0,4.899242080654949,161.0,2.7288135593220337,5.6,10,10
M-25-N-50-pa-0.15-pe-1.00,LinearSearch With Reduced Qubits,25,49,0.15,zephyr,16,9,,,1.0,4.697451436519623,161.0,2.7288135593220337,5.6,10,10
M-25-N-50-pa-0.25-pe-1.00,BinSearch,25,50,0.25,zephyr,16,6,,,1.0,31.32156111120712,557.3,4.4584,14.5,10,10
M-25-N-50-pa-0.25-pe-1.00,BinSearch,25,50,0.25,zephyr,16,7,,,1.0,30.87609371643048,556.4,4.4512,14.9,10,10
M-25-N-50-pa-0.25-pe-1.00,LinearSearch,25,50,0.25,zephyr,16,2,,,1.0,31.664040565071627,590.4,4.5068702290076335,15.0,10,10
M-25-N-50-pa-0.25-pe-1.00,LinearSearch,25,50,0.25,zephyr,16,3,,,1.0,31.089034617273136,592.2,4.5206106870229,15.1,10,10
M-25-N-50-pa-0.25-pe-1.00,LinearSearch,25,50,0.25,zephyr,16,4,,,1.0,31.638668358209543,590.4,4.5068702290076335,15.0,10,10
M-25-N-50-pa-0.25-pe-1.00,LinearSearch,25,50,0.25,zephyr,16,5,,,1.0,31.750819681677967,590.4,4.5068702290076335,15.0,10,10
M-25-N-50-pa-0.25-pe-1.00,LinearSearch,25,50,0.25,zephyr,16,6,,,1.0,31.594321338483134,590.4,4.5068702290076335,15.0,10,10
M-25-N-50-pa-0.25-pe-1.00,LinearSearch,25,50,0.25,zephyr,16,7,,,1.0,31.632379074534402,598.6,4.569465648854962,15.1,10,10
M-25-N-50-pa-0.25-pe-1.00,LinearSearch With Preprocessing,25,50,0.25,zephyr,16,5,,,1.0,31.496924981824122,593.1,4.527480916030535,15.2,10,10
M-25-N-50-pa-0.25-pe-1.00,LinearSearch With Preprocessing,25,50,0.25,zephyr,16,6,,,1.0,31.401651565078645,592.9,4.525954198473283,15.3,10,10
M-25-N-50-pa-0.25-pe-1.00,LinearSearch With Preprocessing,25,50,0.25,zephyr,16,7,,,1.0,31.496124045713806,590.4,4.5068702290076335,15.0,10,10
M-25-N-50-pa-0.25-pe-1.00,LinearSearch With Preprocessing and Reduced Qubits,25,50,0.25,zephyr,16,5,,,1.0,31.306943689309993,558.4,4.4672,14.9,10,10
M-25-N-50-pa-0.25-pe-1.00,LinearSearch With Preprocessing and Reduced Qubits,25,50,0.25,zephyr,16,6,,,1.0,31.259850404644386,553.4,4.4272,14.4,10,10
M-25-N-50-pa-0.25-pe-1.00,LinearSearch With Preprocessing and Reduced Qubits,25,50,0.25,zephyr,16,7,,,1.0,31.2116481696954,555.9,4.4472000000000005,14.4,10,10
M-25-N-50-pa-0.25-pe-1.00,LinearSearch With Reduced Qubits,25,50,0.25,zephyr,16,2,,,1.0,8.566438968363219,191.2,3.134426229508197,5.7,10,10
M-25-N-50-pa-0.25-pe-1.00,LinearSearch With Reduced Qubits,25,50,0.25,zephyr,16,3,,,1.0,30.189801990473644,362.8,3.7402061855670103,9.3,10,10
M-25-N-50-pa-0.25-pe-1.00,LinearSearch With Reduced Qubits,25,50,0.25,zephyr,16,4,,,1.0,30.180306332884356,360.5,3.716494845360825,9.3,10,10
M-25-N-50-pa-0.25-pe-1.00,LinearSearch With Reduced Qubits,25,50,0.25,zephyr,16,5,,,1.0,31.199202577862888,555.9,4.4472000000000005,14.4,10,10
M-25-N-50-pa-0.25-pe-1.00,LinearSearch With Reduced Qubits,25,50,0.25,zephyr,16,6,,,1.0,31.093254128727132,555.9,4.4472000000000005,14.4,10,10
M-25-N-50-pa-0.25-pe-1.00,LinearSearch With Reduced Qubits,25,50,0.25,zephyr,16,7,,,1.0,32.04731076438911,563.7,4.509600000000001,14.7,10,10
M-25-N-50-pa-0.35-pe-1.00,BinSearch,25,50,0.35,zephyr,16,4,,,1.0,31.34125097733922,559.8,4.7846153846153845,14.4,10,10
M-25-N-50-pa-0.35-pe-1.00,BinSearch,25,50,0.35,zephyr,16,5,,,1.0,34.08805754191708,920.3,5.716149068322982,23.7,10,10
M-25-N-50-pa-0.35-pe-1.00,LinearSearch,25,50,0.35,zephyr,16,2,,,1.0,33.7920812743716,1100.9,6.0489010989011,29.4,10,10
M-25-N-50-pa-0.35-pe-1.00,LinearSearch,25,50,0.35,zephyr,16,3,,,1.0,34.25879418188706,1100.9,6.0489010989011,29.4,10,10
M-25-N-50-pa-0.35-pe-1.00,LinearSearch,25,50,0.35,zephyr,16,4,,,1.0,33.968040077318435,1100.9,6.0489010989011,29.4,10,10
M-25-N-50-pa-0.35-pe-1.00,LinearSearch,25,50,0.35,zephyr,16,5,,,1.0,33.422226134012455,1104.6,6.069230769230769,29.7,10,10
M-25-N-50-pa-0.35-pe-1.00,LinearSearch With Preprocessing,25,50,0.35,zephyr,16,3,,,1.0,34.20148535540793,1100.9,6.0489010989011,29.4,10,10
M-25-N-50-pa-0.35-pe-1.00,LinearSearch With Preprocessing,25,50,0.35,zephyr,16,4,,,1.0,33.93016436100006,1100.9,6.0489010989011,29.4,10,10
M-25-N-50-pa-0.35-pe-1.00,LinearSearch With Preprocessing,25,50,0.35,zephyr,16,5,,,1.0,34.003940256522036,1100.9,6.0489010989011,29.4,10,10
M-25-N-50-pa-0.35-pe-1.00,LinearSearch With Preprocessing and Reduced Qubits,25,50,0.35,zephyr,16,3,,,1.0,31.41535539086908,560.8,4.793162393162393,14.2,10,10
M-25-N-50-pa-0.35-pe-1.00,LinearSearch With Preprocessing and Reduced Qubits,25,50,0.35,zephyr,16,4,,,1.0,31.429231191799044,555.8,4.75042735042735,14.1,10,10
M-25-N-50-pa-0.35-pe-1.00,LinearSearch With Preprocessing and Reduced Qubits,25,50,0.35,zephyr,16,5,,,1.0,33.84139758564997,931.8,5.787577639751553,24.6,10,10
M-25-N-50-pa-0.35-pe-1.00,LinearSearch With Reduced Qubits,25,50,0.35,zephyr,16,2,,,1.0,13.646663889079354,243.4,3.4281690140845074,6.7,10,10
M-25-N-50-pa-0.35-pe-1.00,LinearSearch With Reduced Qubits,25,50,0.35,zephyr,16,3,,,1.0,31.750762164103797,555.8,4.75042735042735,14.1,10,10
M-25-N-50-pa-0.35-pe-1.00,LinearSearch With Reduced Qubits,25,50,0.35,zephyr,16,4,,,1.0,31.798640184639954,556.9,4.75982905982906,14.1,10,10
M-25-N-50-pa-0.35-pe-1.00,LinearSearch With Reduced Qubits,25,50,0.35,zephyr,16,5,,,1.0,34.04976349223871,920.3,5.716149068322982,23.7,10,10
M-25-N-50-pa-0.45-pe-1.00,BinSearch,25,50,0.45,zephyr,16,2,,,1.0,21.611576919839717,274.8,3.664,7.4,10,10
M-25-N-50-pa-0.45-pe-1.00,BinSearch,25,50,0.45,zephyr,16,3,,,1.0,31.299893750390037,702.0,5.616,17.6,10,10
M-25-N-50-pa-0.45-pe-1.00,LinearSearch,25,50,0.45,zephyr,16,2,,,0.9,35.53582930094562,1773.5555555555557,7.91765873015873,48.666666666666664,10,10
M-25-N-50-pa-0.45-pe-1.00,LinearSearch,25,50,0.45,zephyr,16,3,,,0.9,35.04107292681001,1779.5555555555557,7.944444444444445,48.55555555555556,10,10
M-25-N-50-pa-0.45-pe-1.00,LinearSearch With Preprocessing,25,50,0.45,zephyr,16,2,,,0.9,39.118166038487104,1755.111111111111,7.83531746031746,47.666666666666664,10,10
M-25-N-50-pa-0.45-pe-1.00,LinearSearch With Preprocessing,25,50,0.45,zephyr,16,3,,,0.9,37.37834100772161,1762.0,7.866071428571429,48.111111111111114,10,10
M-25-N-50-pa-0.45-pe-1.00,LinearSearch With Preprocessing and Reduced Qubits,25,50,0.45,zephyr,16,2,,,1.0,21.27132292634342,274.8,3.664,7.4,10,10
M-25-N-50-pa-0.45-pe-1.00,LinearSearch With Preprocessing and Reduced Qubits,25,50,0.45,zephyr,16,3,,,1.0,31.90019730422646,708.0,5.664,17.8,10,10
M-25-N-50-pa-0.45-pe-1.00,LinearSearch With Reduced Qubits,25,50,0.45,zephyr,16,2,,,1.0,20.525454612472096,274.8,3.664,7.4,10,10
M-25-N-50-pa-0.45-pe-1.00,LinearSearch With Reduced Qubits,25,50,0.45,zephyr,16,3,,,1.0,31.397137214406392,700.3,5.6024,16.8,10,10
M-25-N-50-pa-0.55-pe-1.00,BinSearch,25,50,0.55,zephyr,16,2,,,1.0,22.871228407416492,274.0,3.7534246575342465,7.4,10,10
M-25-N-50-pa-0.55-pe-1.00,BinSearch,25,50,0.55,zephyr,16,3,,,1.0,31.527354488219135,669.8,5.535537190082644,15.6,10,10
M-25-N-50-pa-0.55-pe-1.00,LinearSearch,25,50,0.55,zephyr,16,2,,,1.0,38.055632957606576,1873.1,8.437387387387387,50.7,10,10
M-25-N-50-pa-0.55-pe-1.00,LinearSearch,25,50,0.55,zephyr,16,3,,,0.9,36.459217166248706,1863.2222222222222,8.392892892892894,50.22222222222222,10,10
M-25-N-50-pa-0.55-pe-1.00,LinearSearch With Preprocessing,25,50,0.55,zephyr,16,2,,,0.9,37.904292505490595,1823.0,8.211711711711711,48.666666666666664,10,10
M-25-N-50-pa-0.55-pe-1.00,LinearSearch With Preprocessing,25,50,0.55,zephyr,16,3,,,1.0,37.68705454757437,1892.1,8.522972972972973,51.5,10,10
M-25-N-50-pa-0.55-pe-1.00,LinearSearch With Preprocessing and Reduced Qubits,25,50,0.55,zephyr,16,2,,,1.0,24.516662756726145,274.0,3.7534246575342465,7.4,10,10
M-25-N-50-pa-0.55-pe-1.00,LinearSearch With Preprocessing and Reduced Qubits,25,50,0.55,zephyr,16,3,,,1.0,31.9685440154979,671.3,5.547933884297521,16.2,10,10
M-25-N-50-pa-0.55-pe-1.00,LinearSearch With Reduced Qubits,25,50,0.55,zephyr,16,2,,,1.0,23.695337921730243,274.0,3.7534246575342465,7.4,10,10
M-25-N-50-pa-0.55-pe-1.00,LinearSearch With Reduced Qubits,25,50,0.55,zephyr,16,3,,,1.0,31.43271769362036,675.7,5.584297520661157,15.8,10,10
M-25-N-50-pa-0.65-pe-1.00,BinSearch,25,50,0.65,zephyr,16,2,,,1.0,22.616619763476773,276.7,3.79041095890411,8.0,10,10
M-25-N-50-pa-0.65-pe-1.00,LinearSearch,25,50,0.65,zephyr,16,2,,,1.0,39.7225261841435,2207.9,9.238075313807531,53.0,10,10
M-25-N-50-pa-0.65-pe-1.00,LinearSearch With Preprocessing,25,50,0.65,zephyr,16,2,,,1.0,39.79630223351997,2207.9,9.238075313807531,53.0,10,10
M-25-N-50-pa-0.65-pe-1.00,LinearSearch With Preprocessing and Reduced Qubits,25,50,0.65,zephyr,16,2,,,1.0,22.33678799192421,276.7,3.79041095890411,8.0,10,10
M-25-N-50-pa-0.65-pe-1.00,LinearSearch With Reduced Qubits,25,50,0.65,zephyr,16,2,,,1.0,22.582447632797994,276.7,3.79041095890411,8.0,10,10
M-25-N-50-pa-0.75-pe-1.00,BinSearch,25,50,0.75,zephyr,16,2,,,1.0,21.499557445780376,278.2,3.9183098591549297,7.6,10,10
M-25-N-50-pa-0.75-pe-1.00,LinearSearch,25,50,0.75,zephyr,16,2,,,1.0,47.056039472692646,2316.1,9.53127572016461,57.4,10,10
M-25-N-50-pa-0.75-pe-1.00,LinearSearch With Preprocessing,25,50,0.75,zephyr,16,2,,,1.0,43.880838376889,2316.1,9.53127572016461,57.4,10,10
M-25-N-50-pa-0.75-pe-1.00,LinearSearch With Preprocessing and Reduced Qubits,25,50,0.75,zephyr,16,2,,,1.0,20.448397795297204,278.2,3.9183098591549297,7.6,10,10
M-25-N-50-pa-0.75-pe-1.00,LinearSearch With Reduced Qubits,25,50,0.75,zephyr,16,2,,,1.0,20.423435512417928,278.2,3.9183098591549297,7.6,10,10
M-25-N-50-pa-0.85-pe-1.00,BinSearch,25,50,0.85,zephyr,16,2,,,1.0,23.249497776245697,247.0,3.8,7.5,10,10
M-25-N-50-pa-0.85-pe-1.00,LinearSearch,25,50,0.85,zephyr,16,2,,,0.9,40.51916184071452,2101.222222222222,9.338765432098764,50.666666666666664,10,10
M-25-N-50-pa-0.85-pe-1.00,LinearSearch With Preprocessing,25,50,0.85,zephyr,16,2,,,0.9,40.258420175057836,2101.222222222222,9.338765432098764,50.666666666666664,10,10
M-25-N-50-pa-0.85-pe-1.00,LinearSearch With Preprocessing and Reduced Qubits,25,50,0.85,zephyr,16,2,,,1.0,23.32406000199262,247.0,3.8,7.5,10,10
M-25-N-50-pa-0.85-pe-1.00,LinearSearch With Reduced Qubits,25,50,0.85,zephyr,16,2,,,1.0,23.38479161686264,247.0,3.8,7.5,10,10
M-5-N-10-pa-0.05-pe-1.00,BinSearch,5,5,0.05,zephyr,16,3,,,1.0,0.07679134882055218,6.0,1.2,2.0,10,10
M-5-N-10-pa-0.05-pe-1.00,LinearSearch,5,5,0.05,zephyr,16,2,,,1.0,0.07478356838691977,6.0,1.2,2.0,10,10
M-5-N-10-pa-0.05-pe-1.00,LinearSearch,5,5,0.05,zephyr,16,3,,,1.0,0.0750548207201063,6.0,1.2,2.0,10,10
M-5-N-10-pa-0.05-pe-1.00,LinearSearch With Preprocessing,5,5,0.05,zephyr,16,3,,,1.0,0.08482800412457431,6.0,1.2,2.0,10,10
M-5-N-10-pa-0.05-pe-1.00,LinearSearch With Preprocessing and Reduced Qubits,5,5,0.05,zephyr,16,3,,,1.0,0.0755427627591416,6.0,1.2,2.0,10,10
M-5-N-10-pa-0.05-pe-1.00,LinearSearch With Reduced Qubits,5,5,0.05,zephyr,16,2,,,1.0,0.07670548544265327,6.0,1.2,2.0,10,10
M-5-N-10-pa-0.05-pe-1.00,LinearSearch With Reduced Qubits,5,5,0.05,zephyr,16,3,,,1.0,0.07490868016611778,6.0,1.2,2.0,10,10
M-5-N-10-pa-0.15-pe-1.00,BinSearch,4,5,0.15,zephyr,16,4,,,1.0,0.06961341812275346,4.0,1.0,1.0,10,10
M-5-N-10-pa-0.15-pe-1.00,LinearSearch,4,5,0.15,zephyr,16,2,,,1.0,0.07034660512581463,4.0,1.0,1.0,10,10
M-5-N-10-pa-0.15-pe-1.00,LinearSearch,4,5,0.15,zephyr,16,3,,,1.0,0.07004479046445336,4.0,1.0,1.0,10,10
M-5-N-10-pa-0.15-pe-1.00,LinearSearch,4,5,0.15,zephyr,16,4,,,1.0,0.0694512610789388,4.0,1.0,1.0,10,10
M-5-N-10-pa-0.15-pe-1.00,LinearSearch With Preprocessing,4,5,0.15,zephyr,16,4,,,1.0,0.06817756388336418,4.0,1.0,1.0,10,10
M-5-N-10-pa-0.15-pe-1.00,LinearSearch With Preprocessing and Reduced Qubits,4,5,0.15,zephyr,16,4,,,1.0,0.07009941774886098,4.0,1.0,1.0,10,10
M-5-N-10-pa-0.15-pe-1.00,LinearSearch With Reduced Qubits,4,5,0.15,zephyr,16,2,,,1.0,0.06806293451227244,4.0,1.0,1.0,10,10
M-5-N-10-pa-0.15-pe-1.00,LinearSearch With Reduced Qubits,4,5,0.15,zephyr,16,3,,,1.0,0.0697015267098322,4.0,1.0,1.0,10,10
M-5-N-10-pa-0.15-pe-1.00,LinearSearch With Reduced Qubits,4,5,0.15,zephyr,16,4,,,1.0,0.06947183432057497,4.0,1.0,1.0,10,10
M-5-N-10-pa-0.25-pe-1.00,BinSearch,4,6,0.25,zephyr,16,3,,,1.0,0.06804861684795466,4.0,1.0,1.0,10,10
M-5-N-10-pa-0.25-pe-1.00,LinearSearch,4,6,0.25,zephyr,16,2,,,1.0,0.06889063657727088,4.0,1.0,1.0,10,10
M-5-N-10-pa-0.25-pe-1.00,LinearSearch,4,6,0.25,zephyr,16,3,,,1.0,0.06922656656242902,4.0,1.0,1.0,10,10
M-5-N-10-pa-0.25-pe-1.00,LinearSearch With Preprocessing,4,6,0.25,zephyr,16,3,,,1.0,0.0689806853421032,4.0,1.0,1.0,10,10
M-5-N-10-pa-0.25-pe-1.00,LinearSearch With Preprocessing and Reduced Qubits,4,6,0.25,zephyr,16,3,,,1.0,0.0735007101902738,4.0,1.0,1.0,10,10
M-5-N-10-pa-0.25-pe-1.00,LinearSearch With Reduced Qubits,4,6,0.25,zephyr,16,2,,,1.0,0.0702827238477766,4.0,1.0,1.0,10,10
M-5-N-10-pa-0.25-pe-1.00,LinearSearch With Reduced Qubits,4,6,0.25,zephyr,16,3,,,1.0,0.0692763371393084,4.0,1.0,1.0,10,10
M-5-N-10-pa-0.35-pe-1.00,BinSearch,5,9,0.35,zephyr,16,4,,,1.0,0.0792536806315183,7.0,1.1666666666666667,2.0,10,10
M-5-N-10-pa-0.35-pe-1.00,LinearSearch,5,9,0.35,zephyr,16,2,,,1.0,0.08281565199140456,7.0,1.1666666666666667,2.0,10,10
M-5-N-10-pa-0.35-pe-1.00,LinearSearch,5,9,0.35,zephyr,16,3,,,1.0,0.08085142516065386,7.0,1.1666666666666667,2.0,10,10
M-5-N-10-pa-0.35-pe-1.00,LinearSearch,5,9,0.35,zephyr,16,4,,,1.0,0.07910984498448666,7.0,1.1666666666666667,2.0,10,10
M-5-N-10-pa-0.35-pe-1.00,LinearSearch With Preprocessing,5,9,0.35,zephyr,16,4,,,1.0,0.08189644471276546,7.0,1.1666666666666667,2.0,10,10
M-5-N-10-pa-0.35-pe-1.00,LinearSearch With Preprocessing and Reduced Qubits,5,9,0.35,zephyr,16,4,,,1.0,0.07891568823251868,7.0,1.1666666666666667,2.0,10,10
M-5-N-10-pa-0.35-pe-1.00,LinearSearch With Reduced Qubits,5,9,0.35,zephyr,16,2,,,1.0,0.08553714125882829,7.0,1.1666666666666667,2.0,10,10
M-5-N-10-pa-0.35-pe-1.00,LinearSearch With Reduced Qubits,5,9,0.35,zephyr,16,3,,,1.0,0.08516358314082023,7.0,1.1666666666666667,2.0,10,10
M-5-N-10-pa-0.35-pe-1.00,LinearSearch With Reduced Qubits,5,9,0.35,zephyr,16,4,,,1.0,0.07910250201821321,7.0,1.1666666666666667,2.0,10,10
M-5-N-10-pa-0.45-pe-1.00,BinSearch,5,10,0.45,zephyr,16,3,,,1.0,0.08974210822489108,11.0,1.2222222222222223,2.0,10,10
M-5-N-10-pa-0.45-pe-1.00,LinearSearch,5,10,0.45,zephyr,16,2,,,1.0,0.08921787498984482,11.0,1.2222222222222223,2.0,10,10
M-5-N-10-pa-0.45-pe-1.00,LinearSearch,5,10,0.45,zephyr,16,3,,,1.0,0.09399254233576355,11.0,1.2222222222222223,2.0,10,10
M-5-N-10-pa-0.45-pe-1.00,LinearSearch With Preprocessing,5,10,0.45,zephyr,16,3,,,1.0,0.08881579698063428,11.0,1.2222222222222223,2.0,10,10
M-5-N-10-pa-0.45-pe-1.00,LinearSearch With Preprocessing and Reduced Qubits,5,10,0.45,zephyr,16,3,,,1.0,0.09269774325657631,11.0,1.2222222222222223,2.0,10,10
M-5-N-10-pa-0.45-pe-1.00,LinearSearch With Reduced Qubits,5,10,0.45,zephyr,16,2,,,1.0,0.09159212275408204,11.0,1.2222222222222223,2.0,10,10
M-5-N-10-pa-0.45-pe-1.00,LinearSearch With Reduced Qubits,5,10,0.45,zephyr,16,3,,,1.0,0.09287448783870784,11.0,1.2222222222222223,2.0,10,10
M-5-N-10-pa-0.55-pe-1.00,BinSearch,5,7,0.55,zephyr,16,2,,,1.0,0.09824434402398761,11.2,1.2444444444444445,2.0,10,10
M-5-N-10-pa-0.55-pe-1.00,LinearSearch,5,7,0.55,zephyr,16,2,,,1.0,0.11305730801541355,13.7,1.2454545454545456,2.0,10,10
M-5-N-10-pa-0.55-pe-1.00,LinearSearch With Preprocessing,5,7,0.55,zephyr,16,2,,,1.0,0.10968743502162395,13.7,1.2454545454545456,2.0,10,10
M-5-N-10-pa-0.55-pe-1.00,LinearSearch With Preprocessing and Reduced Qubits,5,7,0.55,zephyr,16,2,,,1.0,0.09697352303192017,11.2,1.2444444444444445,2.0,10,10
M-5-N-10-pa-0.55-pe-1.00,LinearSearch With Reduced Qubits,5,7,0.55,zephyr,16,2,,,1.0,0.09680968087632205,11.2,1.2444444444444445,2.0,10,10
M-5-N-10-pa-0.65-pe-1.00,BinSearch,5,9,0.65,zephyr,16,2,,,1.0,0.10920561128295954,12.2,1.22,2.0,10,10
M-5-N-10-pa-0.65-pe-1.00,LinearSearch,5,9,0.65,zephyr,16,2,,,1.0,0.12429459630511697,16.3,1.2538461538461538,2.0,10,10
M-5-N-10-pa-0.65-pe-1.00,LinearSearch With Preprocessing,5,9,0.65,zephyr,16,2,,,1.0,0.12709122092928732,16.3,1.2538461538461538,2.0,10,10
M-5-N-10-pa-0.65-pe-1.00,LinearSearch With Preprocessing and Reduced Qubits,5,9,0.65,zephyr,16,2,,,1.0,0.10228068707510822,12.2,1.22,2.0,10,10
M-5-N-10-pa-0.65-pe-1.00,LinearSearch With Reduced Qubits,5,9,0.65,zephyr,16,2,,,1.0,0.10194006727542723,12.2,1.22,2.0,10,10
M-5-N-10-pa-0.75-pe-1.00,BinSearch,5,8,0.75,zephyr,16,2,,,1.0,0.09894655984826381,11.2,1.2444444444444445,2.0,10,10
M-5-N-10-pa-0.75-pe-1.00,LinearSearch,5,8,0.75,zephyr,16,2,,,1.0,0.13776760820765044,14.9,1.2416666666666667,2.0,10,10
M-5-N-10-pa-0.75-pe-1.00,LinearSearch With Preprocessing,5,8,0.75,zephyr,16,2,,,1.0,0.12724657370708878,14.9,1.2416666666666667,2.0,10,10
M-5-N-10-pa-0.75-pe-1.00,LinearSearch With Preprocessing and Reduced Qubits,5,8,0.75,zephyr,16,2,,,1.0,0.09915437039453533,11.2,1.2444444444444445,2.0,10,10
M-5-N-10-pa-0.75-pe-1.00,LinearSearch With Reduced Qubits,5,8,0.75,zephyr,16,2,,,1.0,0.09870443278923627,11.2,1.2444444444444445,2.0,10,10
M-5-N-25-pa-0.05-pe-1.00,BinSearch,5,10,0.05,zephyr,16,5,,,1.0,0.07647897663991894,6.0,1.2,2.0,10,10
M-5-N-25-pa-0.05-pe-1.00,LinearSearch,5,10,0.05,zephyr,16,2,,,1.0,0.07988369266968218,6.0,1.2,2.0,10,10
M-5-N-25-pa-0.05-pe-1.00,LinearSearch,5,10,0.05,zephyr,16,3,,,1.0,0.07739713867194946,6.0,1.2,2.0,10,10
M-5-N-25-pa-0.05-pe-1.00,LinearSearch,5,10,0.05,zephyr,16,4,,,1.0,0.07888852150645102,6.0,1.2,2.0,10,10
M-5-N-25-pa-0.05-pe-1.00,LinearSearch,5,10,0.05,zephyr,16,5,,,1.0,0.07538435137830671,6.0,1.2,2.0,10,10
M-5-N-25-pa-0.05-pe-1.00,LinearSearch With Preprocessing,5,10,0.05,zephyr,16,5,,,1.0,0.07523516968358306,6.0,1.2,2.0,10,10
M-5-N-25-pa-0.05-pe-1.00,LinearSearch With Preprocessing and Reduced Qubits,5,10,0.05,zephyr,16,5,,,1.0,0.07627493850886817,6.0,1.2,2.0,10,10
M-5-N-25-pa-0.05-pe-1.00,LinearSearch With Reduced Qubits,5,10,0.05,zephyr,16,2,,,1.0,0.07782731133047487,6.0,1.2,2.0,10,10
M-5-N-25-pa-0.05-pe-1.00,LinearSearch With Reduced Qubits,5,10,0.05,zephyr,16,3,,,1.0,0.07778078198898579,6.0,1.2,2.0,10,10
M-5-N-25-pa-0.05-pe-1.00,LinearSearch With Reduced Qubits,5,10,0.05,zephyr,16,4,,,1.0,0.07787060916889452,6.0,1.2,2.0,10,10
M-5-N-25-pa-0.05-pe-1.00,LinearSearch With Reduced Qubits,5,10,0.05,zephyr,16,5,,,1.0,0.075712425308302,6.0,1.2,2.0,10,10
M-5-N-25-pa-0.15-pe-1.00,BinSearch,5,10,0.15,zephyr,16,5,,,1.0,0.08472809826489533,6.0,1.2,2.0,10,10
M-5-N-25-pa-0.15-pe-1.00,LinearSearch,5,10,0.15,zephyr,16,2,,,1.0,0.07818470208439972,6.0,1.2,2.0,10,10
M-5-N-25-pa-0.15-pe-1.00,LinearSearch,5,10,0.15,zephyr,16,3,,,1.0,0.07866460336372252,6.0,1.2,2.0,10,10
M-5-N-25-pa-0.15-pe-1.00,LinearSearch,5,10,0.15,zephyr,16,4,,,1.0,0.07718860360328106,6.0,1.2,2.0,10,10
M-5-N-25-pa-0.15-pe-1.00,LinearSearch,5,10,0.15,zephyr,16,5,,,1.0,0.07729225689545269,6.0,1.2,2.0,10,10
M-5-N-25-pa-0.15-pe-1.00,LinearSearch With Preprocessing,5,10,0.15,zephyr,16,5,,,1.0,0.07629853521939364,6.0,1.2,2.0,10,10
M-5-N-25-pa-0.15-pe-1.00,LinearSearch With Preprocessing and Reduced Qubits,5,10,0.15,zephyr,16,5,,,1.0,0.07468580810818816,6.0,1.2,2.0,10,10
M-5-N-25-pa-0.15-pe-1.00,LinearSearch With Reduced Qubits,5,10,0.15,zephyr,16,2,,,1.0,0.08059182290453462,6.0,1.2,2.0,10,10
M-5-N-25-pa-0.15-pe-1.00,LinearSearch With Reduced Qubits,5,10,0.15,zephyr,16,3,,,1.0,0.0781645810231566,6.0,1.2,2.0,10,10
M-5-N-25-pa-0.15-pe-1.00,LinearSearch With Reduced Qubits,5,10,0.15,zephyr,16,4,,,1.0,0.07647603619843717,6.0,1.2,2.0,10,10
M-5-N-25-pa-0.15-pe-1.00,LinearSearch With Reduced Qubits,5,10,0.15,zephyr,16,5,,,1.0,0.07739161867648359,6.0,1.2,2.0,10,10
M-5-N-25-pa-0.25-pe-1.00,BinSearch,5,12,0.25,zephyr,16,5,,,1.0,0.09385651496704664,6.0,1.2,2.0,10,10
M-5-N-25-pa-0.25-pe-1.00,LinearSearch,5,12,0.25,zephyr,16,2,,,1.0,0.07543447087518866,6.0,1.2,2.0,10,10
M-5-N-25-pa-0.25-pe-1.00,LinearSearch,5,12,0.25,zephyr,16,3,,,1.0,0.07531310217455026,6.0,1.2,2.0,10,10
M-5-N-25-pa-0.25-pe-1.00,LinearSearch,5,12,0.25,zephyr,16,4,,,1.0,0.08192691875156008,6.0,1.2,2.0,10,10
M-5-N-25-pa-0.25-pe-1.00,LinearSearch,5,12,0.25,zephyr,16,5,,,1.0,0.07883012213278558,6.0,1.2,2.0,10,10
M-5-N-25-pa-0.25-pe-1.00,LinearSearch With Preprocessing,5,12,0.25,zephyr,16,5,,,1.0,0.07623116567265237,6.0,1.2,2.0,10,10
M-5-N-25-pa-0.25-pe-1.00,LinearSearch With Preprocessing and Reduced Qubits,5,12,0.25,zephyr,16,5,,,1.0,0.08202947443351145,6.0,1.2,2.0,10,10
M-5-N-25-pa-0.25-pe-1.00,LinearSearch With Reduced Qubits,5,12,0.25,zephyr,16,2,,,1.0,0.07572911381721491,6.0,1.2,2.0,10,10
M-5-N-25-pa-0.25-pe-1.00,LinearSearch With Reduced Qubits,5,12,0.25,zephyr,16,3,,,1.0,0.07700137202627952,6.0,1.2,2.0,10,10
M-5-N-25-pa-0.25-pe-1.00,LinearSearch With Reduced Qubits,5,12,0.25,zephyr,16,4,,,1.0,0.07761156961787488,6.0,1.2,2.0,10,10
M-5-N-25-pa-0.25-pe-1.00,LinearSearch With Reduced Qubits,5,12,0.25,zephyr,16,5,,,1.0,0.07464408865198488,6.0,1.2,2.0,10,10
M-5-N-25-pa-0.35-pe-1.00,BinSearch,5,14,0.35,zephyr,16,4,,,1.0,0.07939019557088609,6.0,1.2,2.0,10,10
M-5-N-25-pa-0.35-pe-1.00,LinearSearch,5,14,0.35,zephyr,16,2,,,1.0,0.07475485631730405,6.0,1.2,2.0,10,10
M-5-N-25-pa-0.35-pe-1.00,LinearSearch,5,14,0.35,zephyr,16,3,,,1.0,0.07801067158579822,6.0,1.2,2.0,10,10
M-5-N-25-pa-0.35-pe-1.00,LinearSearch,5,14,0.35,zephyr,16,4,,,1.0,0.07736339187249536,6.0,1.2,2.0,10,10
M-5-N-25-pa-0.35-pe-1.00,LinearSearch With Preprocessing,5,14,0.35,zephyr,16,4,,,1.0,0.07746649943292136,6.0,1.2,2.0,10,10
M-5-N-25-pa-0.35-pe-1.00,LinearSearch With Preprocessing and Reduced Qubits,5,14,0.35,zephyr,16,4,,,1.0,0.0794508650898933,6.0,1.2,2.0,10,10
M-5-N-25-pa-0.35-pe-1.00,LinearSearch With Reduced Qubits,5,14,0.35,zephyr,16,2,,,1.0,0.07563392629381264,6.0,1.2,2.0,10,10
M-5-N-25-pa-0.35-pe-1.00,LinearSearch With Reduced Qubits,5,14,0.35,zephyr,16,3,,,1.0,0.07691348635125901,6.0,1.2,2.0,10,10
M-5-N-25-pa-0.35-pe-1.00,LinearSearch With Reduced Qubits,5,14,0.35,zephyr,16,4,,,1.0,0.07651666407473381,6.0,1.2,2.0,10,10
M-5-N-25-pa-0.45-pe-1.00,BinSearch,5,15,0.45,zephyr,16,4,,,1.0,0.07878159664105618,7.0,1.1666666666666667,2.0,10,10
M-5-N-25-pa-0.45-pe-1.00,LinearSearch,5,15,0.45,zephyr,16,2,,,1.0,0.07997211811598386,7.0,1.1666666666666667,2.0,10,10
M-5-N-25-pa-0.45-pe-1.00,LinearSearch,5,15,0.45,zephyr,16,3,,,1.0,0.0812659297836944,7.0,1.1666666666666667,2.0,10,10
M-5-N-25-pa-0.45-pe-1.00,LinearSearch,5,15,0.45,zephyr,16,4,,,1.0,0.0789242144208401,7.0,1.1666666666666667,2.0,10,10
M-5-N-25-pa-0.45-pe-1.00,LinearSearch With Preprocessing,5,15,0.45,zephyr,16,4,,,1.0,0.07857994632795448,7.0,1.1666666666666667,2.0,10,10
M-5-N-25-pa-0.45-pe-1.00,LinearSearch With Preprocessing and Reduced Qubits,5,15,0.45,zephyr,16,4,,,1.0,0.07958313447888936,7.0,1.1666666666666667,2.0,10,10
M-5-N-25-pa-0.45-pe-1.00,LinearSearch With Reduced Qubits,5,15,0.45,zephyr,16,2,,,1.0,0.07961558159440751,7.0,1.1666666666666667,2.0,10,10
M-5-N-25-pa-0.45-pe-1.00,LinearSearch With Reduced Qubits,5,15,0.45,zephyr,16,3,,,1.0,0.08042387578170743,7.0,1.1666666666666667,2.0,10,10
M-5-N-25-pa-0.45-pe-1.00,LinearSearch With Reduced Qubits,5,15,0.45,zephyr,16,4,,,1.0,0.0809263912029564,7.0,1.1666666666666667,2.0,10,10
M-5-N-25-pa-0.55-pe-1.00,BinSearch,5,20,0.55,zephyr,16,4,,,1.0,0.07840595452580595,7.0,1.1666666666666667,2.0,10,10
M-5-N-25-pa-0.55-pe-1.00,LinearSearch,5,20,0.55,zephyr,16,2,,,1.0,0.07949039686936882,7.0,1.1666666666666667,2.0,10,10
M-5-N-25-pa-0.55-pe-1.00,LinearSearch,5,20,0.55,zephyr,16,3,,,1.0,0.08187162231188262,7.0,1.1666666666666667,2.0,10,10
M-5-N-25-pa-0.55-pe-1.00,LinearSearch,5,20,0.55,zephyr,16,4,,,1.0,0.08084893748164174,7.0,1.1666666666666667,2.0,10,10
M-5-N-25-pa-0.55-pe-1.00,LinearSearch With Preprocessing,5,20,0.55,zephyr,16,4,,,1.0,0.07977093132212754,7.0,1.1666666666666667,2.0,10,10
M-5-N-25-pa-0.55-pe-1.00,LinearSearch With Preprocessing and Reduced Qubits,5,20,0.55,zephyr,16,4,,,1.0,0.08005845530424263,7.0,1.1666666666666667,2.0,10,10
M-5-N-25-pa-0.55-pe-1.00,LinearSearch With Reduced Qubits,5,20,0.55,zephyr,16,2,,,1.0,0.08032353778835383,7.0,1.1666666666666667,2.0,10,10
M-5-N-25-pa-0.55-pe-1.00,LinearSearch With Reduced Qubits,5,20,0.55,zephyr,16,3,,,1.0,0.0804785594111308,7.0,1.1666666666666667,2.0,10,10
M-5-N-25-pa-0.55-pe-1.00,LinearSearch With Reduced Qubits,5,20,0.55,zephyr,16,4,,,1.0,0.08198889698833223,7.0,1.1666666666666667,2.0,10,10
M-5-N-25-pa-0.65-pe-1.00,BinSearch,5,18,0.65,zephyr,16,3,,,1.0,0.084981254953891,8.1,1.157142857142857,2.0,10,10
M-5-N-25-pa-0.65-pe-1.00,LinearSearch,5,18,0.65,zephyr,16,2,,,1.0,0.08467678760644046,8.1,1.157142857142857,2.0,10,10
M-5-N-25-pa-0.65-pe-1.00,LinearSearch,5,18,0.65,zephyr,16,3,,,1.0,0.08426059128250922,8.1,1.157142857142857,2.0,10,10
M-5-N-25-pa-0.65-pe-1.00,LinearSearch With Preprocessing,5,18,0.65,zephyr,16,3,,,1.0,0.08440633020363744,8.1,1.157142857142857,2.0,10,10
M-5-N-25-pa-0.65-pe-1.00,LinearSearch With Preprocessing and Reduced Qubits,5,18,0.65,zephyr,16,3,,,1.0,0.08651835031341756,8.1,1.157142857142857,2.0,10,10
M-5-N-25-pa-0.65-pe-1.00,LinearSearch With Reduced Qubits,5,18,0.65,zephyr,16,2,,,1.0,0.0833534241886809,8.1,1.157142857142857,2.0,10,10
M-5-N-25-pa-0.65-pe-1.00,LinearSearch With Reduced Qubits,5,18,0.65,zephyr,16,3,,,1.0,0.08269093651324506,8.1,1.157142857142857,2.0,10,10
M-5-N-25-pa-0.75-pe-1.00,BinSearch,5,12,0.75,zephyr,16,2,,,1.0,0.1048699996899813,12.0,1.2,2.0,10,10
M-5-N-25-pa-0.75-pe-1.00,LinearSearch,5,12,0.75,zephyr,16,2,,,1.0,0.09715690673328932,12.0,1.2,2.0,10,10
M-5-N-25-pa-0.75-pe-1.00,LinearSearch With Preprocessing,5,12,0.75,zephyr,16,2,,,1.0,0.0953700203914195,12.0,1.2,2.0,10,10
M-5-N-25-pa-0.75-pe-1.00,LinearSearch With Preprocessing and Reduced Qubits,5,12,0.75,zephyr,16,2,,,1.0,0.09713659726548936,12.0,1.2,2.0,10,10
M-5-N-25-pa-0.75-pe-1.00,LinearSearch With Reduced Qubits,5,12,0.75,zephyr,16,2,,,1.0,0.09707279789727176,12.0,1.2,2.0,10,10
M-5-N-25-pa-0.85-pe-1.00,BinSearch,5,10,0.85,zephyr,16,2,,,1.0,0.11141092891339208,12.9,1.29,2.0,10,10
M-5-N-25-pa-0.85-pe-1.00,LinearSearch,5,10,0.85,zephyr,16,2,,,1.0,0.17632787029724567,19.5,1.3,2.1,10,10
M-5-N-25-pa-0.85-pe-1.00,LinearSearch With Preprocessing,5,10,0.85,zephyr,16,2,,,1.0,0.17173700316343452,19.5,1.3,2.1,10,10
M-5-N-25-pa-0.85-pe-1.00,LinearSearch With Preprocessing and Reduced Qubits,5,10,0.85,zephyr,16,2,,,1.0,0.11413848043885078,12.9,1.29,2.0,10,10
M-5-N-25-pa-0.85-pe-1.00,LinearSearch With Reduced Qubits,5,10,0.85,zephyr,16,2,,,1.0,0.10777229967061426,12.9,1.29,2.0,10,10
M-5-N-5-pa-0.05-pe-1.00,BinSearch,2,2,0.05,zephyr,16,2,,,1.0,0.06155336704105134,2.0,1.0,1.0,10,10
M-5-N-5-pa-0.05-pe-1.00,LinearSearch,2,2,0.05,zephyr,16,2,,,1.0,0.060563820204697506,2.0,1.0,1.0,10,10
M-5-N-5-pa-0.05-pe-1.00,LinearSearch With Preprocessing,2,2,0.05,zephyr,16,2,,,1.0,0.0627675245981663,2.0,1.0,1.0,10,10
M-5-N-5-pa-0.05-pe-1.00,LinearSearch With Preprocessing and Reduced Qubits,2,2,0.05,zephyr,16,2,,,1.0,0.06272353772073978,2.0,1.0,1.0,10,10
M-5-N-5-pa-0.05-pe-1.00,LinearSearch With Reduced Qubits,2,2,0.05,zephyr,16,2,,,1.0,0.06341055443044746,2.0,1.0,1.0,10,10
M-5-N-5-pa-0.15-pe-1.00,BinSearch,4,4,0.15,zephyr,16,4,,,1.0,0.06823186436668034,4.0,1.0,1.0,10,10
M-5-N-5-pa-0.15-pe-1.00,LinearSearch,4,4,0.15,zephyr,16,2,,,1.0,0.06727107933256771,4.0,1.0,1.0,10,10
M-5-N-5-pa-0.15-pe-1.00,LinearSearch,4,4,0.15,zephyr,16,3,,,1.0,0.06887107118964189,4.0,1.0,1.0,10,10
M-5-N-5-pa-0.15-pe-1.00,LinearSearch,4,4,0.15,zephyr,16,4,,,1.0,0.06989947822876272,4.0,1.0,1.0,10,10
M-5-N-5-pa-0.15-pe-1.00,LinearSearch With Preprocessing,4,4,0.15,zephyr,16,4,,,1.0,0.06836408041417595,4.0,1.0,1.0,10,10
M-5-N-5-pa-0.15-pe-1.00,LinearSearch With Preprocessing and Reduced Qubits,4,4,0.15,zephyr,16,4,,,1.0,0.06923930046614254,4.0,1.0,1.0,10,10
M-5-N-5-pa-0.15-pe-1.00,LinearSearch With Reduced Qubits,4,4,0.15,zephyr,16,2,,,1.0,0.06958951938431705,4.0,1.0,1.0,10,10
M-5-N-5-pa-0.15-pe-1.00,LinearSearch With Reduced Qubits,4,4,0.15,zephyr,16,3,,,1.0,0.06959426528774199,4.0,1.0,1.0,10,10
M-5-N-5-pa-0.15-pe-1.00,LinearSearch With Reduced Qubits,4,4,0.15,zephyr,16,4,,,1.0,0.06627469668164845,4.0,1.0,1.0,10,10
M-5-N-5-pa-0.25-pe-1.00,BinSearch,5,5,0.25,zephyr,16,4,,,1.0,0.08169615841470654,7.0,1.1666666666666667,2.0,10,10
M-5-N-5-pa-0.25-pe-1.00,LinearSearch,5,5,0.25,zephyr,16,2,,,1.0,0.08046982127707447,7.0,1.1666666666666667,2.0,10,10
M-5-N-5-pa-0.25-pe-1.00,LinearSearch,5,5,0.25,zephyr,16,3,,,1.0,0.08271086837630715,7.0,1.1666666666666667,2.0,10,10
M-5-N-5-pa-0.25-pe-1.00,LinearSearch,5,5,0.25,zephyr,16,4,,,1.0,0.08040107998531307,7.0,1.1666666666666667,2.0,10,10
M-5-N-5-pa-0.25-pe-1.00,LinearSearch With Preprocessing,5,5,0.25,zephyr,16,4,,,1.0,0.07925198536831883,7.0,1.1666666666666667,2.0,10,10
M-5-N-5-pa-0.25-pe-1.00,LinearSearch With Preprocessing and Reduced Qubits,5,5,0.25,zephyr,16,4,,,1.0,0.08348119996953753,7.0,1.1666666666666667,2.0,10,10
M-5-N-5-pa-0.25-pe-1.00,LinearSearch With Reduced Qubits,5,5,0.25,zephyr,16,2,,,1.0,0.0838589658029377,7.0,1.1666666666666667,2.0,10,10
M-5-N-5-pa-0.25-pe-1.00,LinearSearch With Reduced Qubits,5,5,0.25,zephyr,16,3,,,1.0,0.07850458251778032,7.0,1.1666666666666667,2.0,10,10
M-5-N-5-pa-0.25-pe-1.00,LinearSearch With Reduced Qubits,5,5,0.25,zephyr,16,4,,,1.0,0.07963346170727159,7.0,1.1666666666666667,2.0,10,10
M-5-N-5-pa-0.35-pe-1.00,BinSearch,5,5,0.35,zephyr,16,2,,,1.0,0.07832270560320462,6.0,1.2,2.0,10,10
M-5-N-5-pa-0.35-pe-1.00,LinearSearch,5,5,0.35,zephyr,16,2,,,1.0,0.07777489472646261,6.0,1.2,2.0,10,10
M-5-N-5-pa-0.35-pe-1.00,LinearSearch With Preprocessing,5,5,0.35,zephyr,16,2,,,1.0,0.07745070368982848,6.0,1.2,2.0,10,10
M-5-N-5-pa-0.35-pe-1.00,LinearSearch With Preprocessing and Reduced Qubits,5,5,0.35,zephyr,16,2,,,1.0,0.07529611969366667,6.0,1.2,2.0,10,10
M-5-N-5-pa-0.35-pe-1.00,LinearSearch With Reduced Qubits,5,5,0.35,zephyr,16,2,,,1.0,0.07697354808915403,6.0,1.2,2.0,10,10
M-5-N-5-pa-0.45-pe-1.00,BinSearch,4,4,0.45,zephyr,16,2,,,1.0,0.07251835011411453,5.3,1.06,1.3,10,10
M-5-N-5-pa-0.45-pe-1.00,LinearSearch,4,4,0.45,zephyr,16,2,,,1.0,0.0722079022787511,5.3,1.06,1.3,10,10
M-5-N-5-pa-0.45-pe-1.00,LinearSearch With Preprocessing,4,4,0.45,zephyr,16,2,,,1.0,0.07048374873120335,5.3,1.06,1.3,10,10
M-5-N-5-pa-0.45-pe-1.00,LinearSearch With Preprocessing and Reduced Qubits,4,4,0.45,zephyr,16,2,,,1.0,0.07222574842162426,5.3,1.06,1.3,10,10
M-5-N-5-pa-0.45-pe-1.00,LinearSearch With Reduced Qubits,4,4,0.45,zephyr,16,2,,,1.0,0.07506189248524603,5.3,1.06,1.3,10,10
M-5-N-50-pa-0.05-pe-1.00,BinSearch,5,8,0.05,zephyr,16,5,,,1.0,0.08071367207448925,6.0,1.2,2.0,10,10
M-5-N-50-pa-0.05-pe-1.00,LinearSearch,5,8,0.05,zephyr,16,2,,,1.0,0.07703423015773293,6.0,1.2,2.0,10,10
M-5-N-50-pa-0.05-pe-1.00,LinearSearch,5,8,0.05,zephyr,16,3,,,1.0,0.07556006279774005,6.0,1.2,2.0,10,10
M-5-N-50-pa-0.05-pe-1.00,LinearSearch,5,8,0.05,zephyr,16,4,,,1.0,0.07843488540966059,6.0,1.2,2.0,10,10
M-5-N-50-pa-0.05-pe-1.00,LinearSearch,5,8,0.05,zephyr,16,5,,,1.0,0.07700001220218831,6.0,1.2,2.0,10,10
M-5-N-50-pa-0.05-pe-1.00,LinearSearch With Preprocessing,5,8,0.05,zephyr,16,5,,,1.0,0.07586388390045606,6.0,1.2,2.0,10,10
M-5-N-50-pa-0.05-pe-1.00,LinearSearch With Preprocessing and Reduced Qubits,5,8,0.05,zephyr,16,5,,,1.0,0.07838777510914949,6.0,1.2,2.0,10,10
M-5-N-50-pa-0.05-pe-1.00,LinearSearch With Reduced Qubits,5,8,0.05,zephyr,16,2,,,1.0,0.07757390083279457,6.0,1.2,2.0,10,10
M-5-N-50-pa-0.05-pe-1.00,LinearSearch With Reduced Qubits,5,8,0.05,zephyr,16,3,,,1.0,0.0762980653904378,6.0,1.2,2.0,10,10
M-5-N-50-pa-0.05-pe-1.00,LinearSearch With Reduced Qubits,5,8,0.05,zephyr,16,4,,,1.0,0.07698694411665195,6.0,1.2,2.0,10,10
M-5-N-50-pa-0.05-pe-1.00,LinearSearch With Reduced Qubits,5,8,0.05,zephyr,16,5,,,1.0,0.07896316426340486,6.0,1.2,2.0,10,10
M-5-N-50-pa-0.15-pe-1.00,BinSearch,5,16,0.15,zephyr,16,5,,,1.0,0.07689800004009152,6.0,1.2,2.0,10,10
M-5-N-50-pa-0.15-pe-1.00,LinearSearch,5,16,0.15,zephyr,16,2,,,1.0,0.0761085980106145,6.0,1.2,2.0,10,10
M-5-N-50-pa-0.15-pe-1.00,LinearSearch,5,16,0.15,zephyr,16,3,,,1.0,0.07590874985326077,6.0,1.2,2.0,10,10
M-5-N-50-pa-0.15-pe-1.00,LinearSearch,5,16,0.15,zephyr,16,4,,,1.0,0.07720338702201837,6.0,1.2,2.0,10,10
M-5-N-50-pa-0.15-pe-1.00,LinearSearch,5,16,0.15,zephyr,16,5,,,1.0,0.07625724286772309,6.0,1.2,2.0,10,10
M-5-N-50-pa-0.15-pe-1.00,LinearSearch With Preprocessing,5,16,0.15,zephyr,16,5,,,1.0,0.07768589761108155,6.0,1.2,2.0,10,10
M-5-N-50-pa-0.15-pe-1.00,LinearSearch With Preprocessing and Reduced Qubits,5,16,0.15,zephyr,16,5,,,1.0,0.07798477842006828,6.0,1.2,2.0,10,10
M-5-N-50-pa-0.15-pe-1.00,LinearSearch With Reduced Qubits,5,16,0.15,zephyr,16,2,,,1.0,0.07686868824530389,6.0,1.2,2.0,10,10
M-5-N-50-pa-0.15-pe-1.00,LinearSearch With Reduced Qubits,5,16,0.15,zephyr,16,3,,,1.0,0.0791610111482441,6.0,1.2,2.0,10,10
M-5-N-50-pa-0.15-pe-1.00,LinearSearch With Reduced Qubits,5,16,0.15,zephyr,16,4,,,1.0,0.07719578410033133,6.0,1.2,2.0,10,10
M-5-N-50-pa-0.15-pe-1.00,LinearSearch With Reduced Qubits,5,16,0.15,zephyr,16,5,,,1.0,0.07737281511072067,6.0,1.2,2.0,10,10
M-5-N-50-pa-0.25-pe-1.00,BinSearch,5,19,0.25,zephyr,16,5,,,1.0,0.07733461624011394,6.0,1.2,2.0,10,10
M-5-N-50-pa-0.25-pe-1.00,LinearSearch,5,19,0.25,zephyr,16,2,,,1.0,0.07544609450269488,6.0,1.2,2.0,10,10
M-5-N-50-pa-0.25-pe-1.00,LinearSearch,5,19,0.25,zephyr,16,3,,,1.0,0.0756444657221436,6.0,1.2,2.0,10,10
M-5-N-50-pa-0.25-pe-1.00,LinearSearch,5,19,0.25,zephyr,16,4,,,1.0,0.07995681825559584,6.0,1.2,2.0,10,10
M-5-N-50-pa-0.25-pe-1.00,LinearSearch,5,19,0.25,zephyr,16,5,,,1.0,0.07477930297609411,6.0,1.2,2.0,10,10
M-5-N-50-pa-0.25-pe-1.00,LinearSearch With Preprocessing,5,19,0.25,zephyr,16,5,,,1.0,0.0773376725846901,6.0,1.2,2.0,10,10
M-5-N-50-pa-0.25-pe-1.00,LinearSearch With Preprocessing and Reduced Qubits,5,19,0.25,zephyr,16,5,,,1.0,0.0776742656016722,6.0,1.2,2.0,10,10
M-5-N-50-pa-0.25-pe-1.00,LinearSearch With Reduced Qubits,5,19,0.25,zephyr,16,2,,,1.0,0.07710073310881849,6.0,1.2,2.0,10,10
M-5-N-50-pa-0.25-pe-1.00,LinearSearch With Reduced Qubits,5,19,0.25,zephyr,16,3,,,1.0,0.07767514716833827,6.0,1.2,2.0,10,10
M-5-N-50-pa-0.25-pe-1.00,LinearSearch With Reduced Qubits,5,19,0.25,zephyr,16,4,,,1.0,0.07712997307535258,6.0,1.2,2.0,10,10
M-5-N-50-pa-0.25-pe-1.00,LinearSearch With Reduced Qubits,5,19,0.25,zephyr,16,5,,,1.0,0.07804396438878028,6.0,1.2,2.0,10,10
M-5-N-50-pa-0.35-pe-1.00,BinSearch,5,22,0.35,zephyr,16,5,,,1.0,0.07659876672551033,6.0,1.2,2.0,10,10
M-5-N-50-pa-0.35-pe-1.00,LinearSearch,5,22,0.35,zephyr,16,2,,,1.0,0.08086388458032157,6.0,1.2,2.0,10,10
M-5-N-50-pa-0.35-pe-1.00,LinearSearch,5,22,0.35,zephyr,16,3,,,1.0,0.07742246638517825,6.0,1.2,2.0,10,10
M-5-N-50-pa-0.35-pe-1.00,LinearSearch,5,22,0.35,zephyr,16,4,,,1.0,0.0766139300074428,6.0,1.2,2.0,10,10
M-5-N-50-pa-0.35-pe-1.00,LinearSearch,5,22,0.35,zephyr,16,5,,,1.0,0.07657884464133527,6.0,1.2,2.0,10,10
M-5-N-50-pa-0.35-pe-1.00,LinearSearch With Preprocessing,5,22,0.35,zephyr,16,5,,,1.0,0.07871096157468851,6.0,1.2,2.0,10,10
M-5-N-50-pa-0.35-pe-1.00,LinearSearch With Preprocessing and Reduced Qubits,5,22,0.35,zephyr,16,5,,,1.0,0.07668548338115211,6.0,1.2,2.0,10,10
M-5-N-50-pa-0.35-pe-1.00,LinearSearch With Reduced Qubits,5,22,0.35,zephyr,16,2,,,1.0,0.07700254011433567,6.0,1.2,2.0,10,10
M-5-N-50-pa-0.35-pe-1.00,LinearSearch With Reduced Qubits,5,22,0.35,zephyr,16,3,,,1.0,0.0771569990785792,6.0,1.2,2.0,10,10
M-5-N-50-pa-0.35-pe-1.00,LinearSearch With Reduced Qubits,5,22,0.35,zephyr,16,4,,,1.0,0.07572537790983912,6.0,1.2,2.0,10,10
M-5-N-50-pa-0.35-pe-1.00,LinearSearch With Reduced Qubits,5,22,0.35,zephyr,16,5,,,1.0,0.07735919996630394,6.0,1.2,2.0,10,10
M-5-N-50-pa-0.45-pe-1.00,BinSearch,5,29,0.45,zephyr,16,5,,,1.0,0.07824564552865917,6.0,1.2,2.0,10,10
M-5-N-50-pa-0.45-pe-1.00,LinearSearch,5,29,0.45,zephyr,16,2,,,1.0,0.07474945974536235,6.0,1.2,2.0,10,10
M-5-N-50-pa-0.45-pe-1.00,LinearSearch,5,29,0.45,zephyr,16,3,,,1.0,0.07568498109467323,6.0,1.2,2.0,10,10
M-5-N-50-pa-0.45-pe-1.00,LinearSearch,5,29,0.45,zephyr,16,4,,,1.0,0.07624407240655269,6.0,1.2,2.0,10,10
M-5-N-50-pa-0.45-pe-1.00,LinearSearch,5,29,0.45,zephyr,16,5,,,1.0,0.07702709559816863,6.0,1.2,2.0,10,10
M-5-N-50-pa-0.45-pe-1.00,LinearSearch With Preprocessing,5,29,0.45,zephyr,16,5,,,1.0,0.07561338371597227,6.0,1.2,2.0,10,10
M-5-N-50-pa-0.45-pe-1.00,LinearSearch With Preprocessing and Reduced Qubits,5,29,0.45,zephyr,16,5,,,1.0,0.07749599944800135,6.0,1.2,2.0,10,10
M-5-N-50-pa-0.45-pe-1.00,LinearSearch With Reduced Qubits,5,29,0.45,zephyr,16,2,,,1.0,0.07913695171009744,6.0,1.2,2.0,10,10
M-5-N-50-pa-0.45-pe-1.00,LinearSearch With Reduced Qubits,5,29,0.45,zephyr,16,3,,,1.0,0.07972815912216898,6.0,1.2,2.0,10,10
M-5-N-50-pa-0.45-pe-1.00,LinearSearch With Reduced Qubits,5,29,0.45,zephyr,16,4,,,1.0,0.07803943839389825,6.0,1.2,2.0,10,10
M-5-N-50-pa-0.45-pe-1.00,LinearSearch With Reduced Qubits,5,29,0.45,zephyr,16,5,,,1.0,0.07532777539454397,6.0,1.2,2.0,10,10
M-5-N-50-pa-0.55-pe-1.00,BinSearch,5,24,0.55,zephyr,16,4,,,1.0,0.0810612478293478,6.0,1.2,2.0,10,10
M-5-N-50-pa-0.55-pe-1.00,LinearSearch,5,24,0.55,zephyr,16,2,,,1.0,0.07995292232371862,6.0,1.2,2.0,10,10
M-5-N-50-pa-0.55-pe-1.00,LinearSearch,5,24,0.55,zephyr,16,3,,,1.0,0.0759453777223825,6.0,1.2,2.0,10,10
M-5-N-50-pa-0.55-pe-1.00,LinearSearch,5,24,0.55,zephyr,16,4,,,1.0,0.08054288690909739,6.0,1.2,2.0,10,10
M-5-N-50-pa-0.55-pe-1.00,LinearSearch With Preprocessing,5,24,0.55,zephyr,16,4,,,1.0,0.076059385552071,6.0,1.2,2.0,10,10
M-5-N-50-pa-0.55-pe-1.00,LinearSearch With Preprocessing and Reduced Qubits,5,24,0.55,zephyr,16,4,,,1.0,0.07657364245969797,6.0,1.2,2.0,10,10
M-5-N-50-pa-0.55-pe-1.00,LinearSearch With Reduced Qubits,5,24,0.55,zephyr,16,2,,,1.0,0.07621538755483921,6.0,1.2,2.0,10,10
M-5-N-50-pa-0.55-pe-1.00,LinearSearch With Reduced Qubits,5,24,0.55,zephyr,16,3,,,1.0,0.07755479880142953,6.0,1.2,2.0,10,10
M-5-N-50-pa-0.55-pe-1.00,LinearSearch With Reduced Qubits,5,24,0.55,zephyr,16,4,,,1.0,0.07506152892019594,6.0,1.2,2.0,10,10
M-5-N-50-pa-0.65-pe-1.00,BinSearch,5,23,0.65,zephyr,16,3,,,1.0,0.074977940111421,6.0,1.2,2.0,10,10
M-5-N-50-pa-0.65-pe-1.00,LinearSearch,5,23,0.65,zephyr,16,2,,,1.0,0.07689136676490302,6.0,1.2,2.0,10,10
M-5-N-50-pa-0.65-pe-1.00,LinearSearch,5,23,0.65,zephyr,16,3,,,1.0,0.07663821929600086,6.0,1.2,2.0,10,10
M-5-N-50-pa-0.65-pe-1.00,LinearSearch With Preprocessing,5,23,0.65,zephyr,16,3,,,1.0,0.07491862175520504,6.0,1.2,2.0,10,10
M-5-N-50-pa-0.65-pe-1.00,LinearSearch With Preprocessing and Reduced Qubits,5,23,0.65,zephyr,16,3,,,1.0,0.08342950567603105,6.0,1.2,2.0,10,10
M-5-N-50-pa-0.65-pe-1.00,LinearSearch With Reduced Qubits,5,23,0.65,zephyr,16,2,,,1.0,0.07472145138308402,6.0,1.2,2.0,10,10
M-5-N-50-pa-0.65-pe-1.00,LinearSearch With Reduced Qubits,5,23,0.65,zephyr,16,3,,,1.0,0.07760911597870288,6.0,1.2,2.0,10,10
M-5-N-50-pa-0.75-pe-1.00,BinSearch,5,14,0.75,zephyr,16,2,,,1.0,0.09093248830176885,9.6,1.2,2.0,10,10
M-5-N-50-pa-0.75-pe-1.00,LinearSearch,5,14,0.75,zephyr,16,2,,,1.0,0.0920725857606157,9.6,1.2,2.0,10,10
M-5-N-50-pa-0.75-pe-1.00,LinearSearch With Preprocessing,5,14,0.75,zephyr,16,2,,,1.0,0.08783284681849178,9.6,1.2,2.0,10,10
M-5-N-50-pa-0.75-pe-1.00,LinearSearch With Preprocessing and Reduced Qubits,5,14,0.75,zephyr,16,2,,,1.0,0.08766400367021557,9.6,1.2,2.0,10,10
M-5-N-50-pa-0.75-pe-1.00,LinearSearch With Reduced Qubits,5,14,0.75,zephyr,16,2,,,1.0,0.08721160611603405,9.6,1.2,2.0,10,10
M-5-N-50-pa-0.85-pe-1.00,BinSearch,5,13,0.85,zephyr,16,2,,,1.0,0.09621288927737617,11.1,1.2333333333333334,2.0,10,10
M-5-N-50-pa-0.85-pe-1.00,LinearSearch,5,13,0.85,zephyr,16,2,,,1.0,0.11410740395076568,13.6,1.2363636363636366,2.0,10,10
M-5-N-50-pa-0.85-pe-1.00,LinearSearch With Preprocessing,5,13,0.85,zephyr,16,2,,,1.0,0.11179103776812549,13.6,1.2363636363636366,2.0,10,10
M-5-N-50-pa-0.85-pe-1.00,LinearSearch With Preprocessing and Reduced Qubits,5,13,0.85,zephyr,16,2,,,1.0,0.09598227229434993,11.1,1.2333333333333334,2.0,10,10
M-5-N-50-pa-0.85-pe-1.00,LinearSearch With Reduced Qubits,5,13,0.85,zephyr,16,2,,,1.0,0.09805559772066769,11.1,1.2333333333333334,2.0,10,10
M-5-N-50-pa-0.95-pe-1.00,BinSearch,5,7,0.95,zephyr,16,2,,,1.0,0.10689193252474065,12.0,1.3333333333333333,2.0,10,10
M-5-N-50-pa-0.95-pe-1.00,LinearSearch,5,7,0.95,zephyr,16,2,,,1.0,0.14935421715490518,17.4,1.3384615384615386,2.0,10,10
M-5-N-50-pa-0.95-pe-1.00,LinearSearch With Preprocessing,5,7,0.95,zephyr,16,2,,,1.0,0.14847275917418298,17.4,1.3384615384615386,2.0,10,10
M-5-N-50-pa-0.95-pe-1.00,LinearSearch With Preprocessing and Reduced Qubits,5,7,0.95,zephyr,16,2,,,1.0,0.10617346055805679,12.0,1.3333333333333333,2.0,10,10
M-5-N-50-pa-0.95-pe-1.00,LinearSearch With Reduced Qubits,5,7,0.95,zephyr,16,2,,,1.0,0.10851615092251443,12.0,1.3333333333333333,2.0,10,10
M-50-N-10-pa-0.05-pe-1.00,BinSearch,21,10,0.05,zephyr,16,8,,,1.0,1.6111998825799674,71.7,2.172727272727273,3.0,10,10
M-50-N-10-pa-0.05-pe-1.00,LinearSearch,21,10,0.05,zephyr,16,2,,,1.0,1.438734713802114,71.7,2.172727272727273,3.0,10,10
M-50-N-10-pa-0.05-pe-1.00,LinearSearch,21,10,0.05,zephyr,16,3,,,1.0,1.4732804818777367,71.7,2.172727272727273,3.0,10,10
M-50-N-10-pa-0.05-pe-1.00,LinearSearch,21,10,0.05,zephyr,16,4,,,1.0,1.5275142603786662,71.7,2.172727272727273,3.0,10,10
M-50-N-10-pa-0.05-pe-1.00,LinearSearch,21,10,0.05,zephyr,16,5,,,1.0,1.5265448999591171,71.7,2.172727272727273,3.0,10,10
M-50-N-10-pa-0.05-pe-1.00,LinearSearch,21,10,0.05,zephyr,16,6,,,1.0,1.4132404426345602,71.7,2.172727272727273,3.0,10,10
M-50-N-10-pa-0.05-pe-1.00,LinearSearch,21,10,0.05,zephyr,16,7,,,1.0,1.4460391698870807,71.7,2.172727272727273,3.0,10,10
M-50-N-10-pa-0.05-pe-1.00,LinearSearch,21,10,0.05,zephyr,16,8,,,1.0,1.4008321900619194,71.7,2.172727272727273,3.0,10,10
M-50-N-10-pa-0.05-pe-1.00,LinearSearch With Preprocessing,21,10,0.05,zephyr,16,8,,,1.0,1.4826709683053196,71.7,2.172727272727273,3.0,10,10
M-50-N-10-pa-0.05-pe-1.00,LinearSearch With Preprocessing and Reduced Qubits,21,10,0.05,zephyr,16,8,,,1.0,1.4036295003723354,71.7,2.172727272727273,3.0,10,10
M-50-N-10-pa-0.05-pe-1.00,LinearSearch With Reduced Qubits,21,10,0.05,zephyr,16,2,,,1.0,1.1060215411474927,61.5,2.1964285714285716,3.0,10,10
M-50-N-10-pa-0.05-pe-1.00,LinearSearch With Reduced Qubits,21,10,0.05,zephyr,16,3,,,1.0,1.3877404004102574,71.7,2.172727272727273,3.0,10,10
M-50-N-10-pa-0.05-pe-1.00,LinearSearch With Reduced Qubits,21,10,0.05,zephyr,16,4,,,1.0,1.4859116632025688,71.7,2.172727272727273,3.0,10,10
M-50-N-10-pa-0.05-pe-1.00,LinearSearch With Reduced Qubits,21,10,0.05,zephyr,16,5,,,1.0,1.4220310295931995,71.7,2.172727272727273,3.0,10,10
M-50-N-10-pa-0.05-pe-1.00,LinearSearch With Reduced Qubits,21,10,0.05,zephyr,16,6,,,1.0,1.4898190345149487,71.7,2.172727272727273,3.0,10,10
M-50-N-10-pa-0.05-pe-1.00,LinearSearch With Reduced Qubits,21,10,0.05,zephyr,16,7,,,1.0,1.442159964563325,71.7,2.172727272727273,3.0,10,10
M-50-N-10-pa-0.05-pe-1.00,LinearSearch With Reduced Qubits,21,10,0.05,zephyr,16,8,,,1.0,1.3997748327208683,71.7,2.172727272727273,3.0,10,10
M-50-N-10-pa-0.15-pe-1.00,BinSearch,39,10,0.15,zephyr,16,3,,,1.0,14.028390410006978,257.3,4.361016949152543,7.0,10,10
M-50-N-10-pa-0.15-pe-1.00,BinSearch,39,10,0.15,zephyr,16,4,,,1.0,14.045144360815176,257.3,4.361016949152543,7.0,10,10
M-50-N-10-pa-0.15-pe-1.00,LinearSearch,39,10,0.15,zephyr,16,2,,,1.0,19.52593251077924,300.3,4.29,7.4,10,10
M-50-N-10-pa-0.15-pe-1.00,LinearSearch,39,10,0.15,zephyr,16,3,,,1.0,19.440647706505843,300.3,4.29,7.4,10,10
M-50-N-10-pa-0.15-pe-1.00,LinearSearch,39,10,0.15,zephyr,16,4,,,1.0,19.37537569955457,300.5,4.292857142857143,7.4,10,10
M-50-N-10-pa-0.15-pe-1.00,LinearSearch With Preprocessing,39,10,0.15,zephyr,16,3,,,1.0,19.363738857139833,300.5,4.292857142857143,7.4,10,10
M-50-N-10-pa-0.15-pe-1.00,LinearSearch With Preprocessing,39,10,0.15,zephyr,16,4,,,1.0,19.2151776019251,300.5,4.292857142857143,7.4,10,10
M-50-N-10-pa-0.15-pe-1.00,LinearSearch With Preprocessing and Reduced Qubits,39,10,0.15,zephyr,16,3,,,1.0,13.953964835661463,257.3,4.361016949152543,7.0,10,10
M-50-N-10-pa-0.15-pe-1.00,LinearSearch With Preprocessing and Reduced Qubits,39,10,0.15,zephyr,16,4,,,1.0,13.81384787315037,257.3,4.361016949152543,7.0,10,10
M-50-N-10-pa-0.15-pe-1.00,LinearSearch With Reduced Qubits,39,10,0.15,zephyr,16,2,,,1.0,9.220360655756668,204.6,4.1755102040816325,6.2,10,10
M-50-N-10-pa-0.15-pe-1.00,LinearSearch With Reduced Qubits,39,10,0.15,zephyr,16,3,,,1.0,13.848042866191827,257.3,4.361016949152543,7.0,10,10
M-50-N-10-pa-0.15-pe-1.00,LinearSearch With Reduced Qubits,39,10,0.15,zephyr,16,4,,,1.0,13.807658465532587,257.3,4.361016949152543,7.0,10,10
M-50-N-10-pa-0.25-pe-1.00,BinSearch,47,10,0.25,zephyr,16,2,,,1.0,18.131237084697933,303.7,5.328070175438596,7.5,10,10
M-50-N-10-pa-0.25-pe-1.00,BinSearch,47,10,0.25,zephyr,16,3,,,1.0,22.13824353660457,370.6,5.53134328358209,8.5,10,10
M-50-N-10-pa-0.25-pe-1.00,LinearSearch,47,10,0.25,zephyr,16,2,,,1.0,29.783054322982206,524.9,6.033333333333333,11.5,10,10
M-50-N-10-pa-0.25-pe-1.00,LinearSearch,47,10,0.25,zephyr,16,3,,,1.0,29.841332907113248,524.9,6.033333333333333,11.5,10,10
M-50-N-10-pa-0.25-pe-1.00,LinearSearch With Preprocessing,47,10,0.25,zephyr,16,2,,,1.0,29.793667902727613,524.2,6.025287356321838,11.5,10,10
M-50-N-10-pa-0.25-pe-1.00,LinearSearch With Preprocessing,47,10,0.25,zephyr,16,3,,,1.0,29.68505508163944,524.2,6.025287356321838,11.5,10,10
M-50-N-10-pa-0.25-pe-1.00,LinearSearch With Preprocessing and Reduced Qubits,47,10,0.25,zephyr,16,2,,,1.0,18.36260906145908,303.7,5.328070175438596,7.5,10,10
M-50-N-10-pa-0.25-pe-1.00,LinearSearch With Preprocessing and Reduced Qubits,47,10,0.25,zephyr,16,3,,,1.0,21.890223307674752,370.6,5.53134328358209,8.5,10,10
M-50-N-10-pa-0.25-pe-1.00,LinearSearch With Reduced Qubits,47,10,0.25,zephyr,16,2,,,1.0,18.713158044661395,303.7,5.328070175438596,7.5,10,10
M-50-N-10-pa-0.25-pe-1.00,LinearSearch With Reduced Qubits,47,10,0.25,zephyr,16,3,,,1.0,22.013463022117502,370.6,5.53134328358209,8.5,10,10
M-50-N-10-pa-0.35-pe-1.00,BinSearch,49,10,0.35,zephyr,16,2,,,1.0,24.469011578592472,332.4,5.633898305084746,8.1,10,10
M-50-N-10-pa-0.35-pe-1.00,LinearSearch,49,10,0.35,zephyr,16,2,,,1.0,31.058986173616724,679.2,7.225531914893617,13.6,10,10
M-50-N-10-pa-0.35-pe-1.00,LinearSearch With Preprocessing,49,10,0.35,zephyr,16,2,,,1.0,30.821627966081724,679.2,7.225531914893617,13.6,10,10
M-50-N-10-pa-0.35-pe-1.00,LinearSearch With Preprocessing and Reduced Qubits,49,10,0.35,zephyr,16,2,,,1.0,24.061636021430605,332.4,5.633898305084746,8.1,10,10
M-50-N-10-pa-0.35-pe-1.00,LinearSearch With Reduced Qubits,49,10,0.35,zephyr,16,2,,,1.0,24.04348189018201,332.4,5.633898305084746,8.1,10,10
M-50-N-10-pa-0.45-pe-1.00,BinSearch,50,10,0.45,zephyr,16,2,,,1.0,25.2752770006191,360.6,6.01,8.7,10,10
M-50-N-10-pa-0.45-pe-1.00,LinearSearch,50,10,0.45,zephyr,16,2,,,1.0,31.778194267931394,877.4,8.774000000000001,16.3,10,10
M-50-N-10-pa-0.45-pe-1.00,LinearSearch With Preprocessing,50,10,0.45,zephyr,16,2,,,1.0,31.586695225094445,877.4,8.774000000000001,16.3,10,10
M-50-N-10-pa-0.45-pe-1.00,LinearSearch With Preprocessing and Reduced Qubits,50,10,0.45,zephyr,16,2,,,1.0,25.343421065201984,360.6,6.01,8.7,10,10
M-50-N-10-pa-0.45-pe-1.00,LinearSearch With Reduced Qubits,50,10,0.45,zephyr,16,2,,,1.0,25.360685978224502,360.6,6.01,8.7,10,10
M-50-N-10-pa-0.55-pe-1.00,BinSearch,50,10,0.55,zephyr,16,2,,,1.0,20.286199291888625,366.8,6.113333333333333,8.9,10,10
M-50-N-10-pa-0.55-pe-1.00,LinearSearch,50,10,0.55,zephyr,16,2,,,1.0,32.01292720939964,938.4,9.291089108910892,17.8,10,10
M-50-N-10-pa-0.55-pe-1.00,LinearSearch With Preprocessing,50,10,0.55,zephyr,16,2,,,1.0,32.175614284188484,935.3,9.260396039603961,17.8,10,10
M-50-N-10-pa-0.55-pe-1.00,LinearSearch With Preprocessing and Reduced Qubits,50,10,0.55,zephyr,16,2,,,1.0,20.261258413619363,366.8,6.113333333333333,8.9,10,10
M-50-N-10-pa-0.55-pe-1.00,LinearSearch With Reduced Qubits,50,10,0.55,zephyr,16,2,,,1.0,20.22298844328616,366.8,6.113333333333333,8.9,10,10
M-50-N-10-pa-0.65-pe-1.00,BinSearch,50,10,0.65,zephyr,16,2,,,1.0,23.084869353123942,364.0,6.066666666666666,9.1,10,10
M-50-N-10-pa-0.65-pe-1.00,LinearSearch,50,10,0.65,zephyr,16,2,,,1.0,31.311429681349544,1077.4,10.260952380952382,20.5,10,10
M-50-N-10-pa-0.65-pe-1.00,LinearSearch With Preprocessing,50,10,0.65,zephyr,16,2,,,1.0,31.08398914972786,1072.5,10.214285714285715,20.3,10,10
M-50-N-10-pa-0.65-pe-1.00,LinearSearch With Preprocessing and Reduced Qubits,50,10,0.65,zephyr,16,2,,,1.0,22.62101860838011,364.0,6.066666666666666,9.1,10,10
M-50-N-10-pa-0.65-pe-1.00,LinearSearch With Reduced Qubits,50,10,0.65,zephyr,16,2,,,1.0,22.813174975733272,364.0,6.066666666666666,9.1,10,10
M-50-N-25-pa-0.05-pe-1.00,BinSearch,41,25,0.05,zephyr,16,11,,,1.0,13.983087484538554,262.9,3.8661764705882353,7.1,10,10
M-50-N-25-pa-0.05-pe-1.00,LinearSearch,41,25,0.05,zephyr,16,2,,,1.0,14.381814318848773,262.9,3.8661764705882353,7.1,10,10
M-50-N-25-pa-0.05-pe-1.00,LinearSearch,41,25,0.05,zephyr,16,3,,,1.0,14.331635033851489,262.9,3.8661764705882353,7.1,10,10
M-50-N-25-pa-0.05-pe-1.00,LinearSearch,41,25,0.05,zephyr,16,4,,,1.0,13.607507716212421,262.9,3.8661764705882353,7.1,10,10
M-50-N-25-pa-0.05-pe-1.00,LinearSearch,41,25,0.05,zephyr,16,5,,,1.0,14.113324471819215,262.9,3.8661764705882353,7.1,10,10
M-50-N-25-pa-0.05-pe-1.00,LinearSearch,41,25,0.05,zephyr,16,6,,,1.0,14.320093406969681,262.9,3.8661764705882353,7.1,10,10
M-50-N-25-pa-0.05-pe-1.00,LinearSearch,41,25,0.05,zephyr,16,7,,,1.0,13.832224567211233,262.9,3.8661764705882353,7.1,10,10
M-50-N-25-pa-0.05-pe-1.00,LinearSearch,41,25,0.05,zephyr,16,8,,,1.0,14.023616216680967,262.9,3.8661764705882353,7.1,10,10
M-50-N-25-pa-0.05-pe-1.00,LinearSearch,41,25,0.05,zephyr,16,9,,,1.0,14.01063289558515,262.9,3.8661764705882353,7.1,10,10
M-50-N-25-pa-0.05-pe-1.00,LinearSearch,41,25,0.05,zephyr,16,10,,,1.0,14.045796213578432,262.9,3.8661764705882353,7.1,10,10
M-50-N-25-pa-0.05-pe-1.00,LinearSearch,41,25,0.05,zephyr,16,11,,,1.0,13.915058836247772,262.9,3.8661764705882353,7.1,10,10
M-50-N-25-pa-0.05-pe-1.00,LinearSearch With Preprocessing,41,25,0.05,zephyr,16,11,,,1.0,13.991725219902582,262.9,3.8661764705882353,7.1,10,10
M-50-N-25-pa-0.05-pe-1.00,LinearSearch With Preprocessing and Reduced Qubits,41,25,0.05,zephyr,16,11,,,1.0,14.15645942769479,262.9,3.8661764705882353,7.1,10,10
M-50-N-25-pa-0.05-pe-1.00,LinearSearch With Reduced Qubits,41,25,0.05,zephyr,16,2,,,1.0,12.672929902607574,223.2,3.9157894736842103,6.6,10,10
M-50-N-25-pa-0.05-pe-1.00,LinearSearch With Reduced Qubits,41,25,0.05,zephyr,16,3,,,1.0,12.526372496271506,248.5,3.823076923076923,6.8,10,10
M-50-N-25-pa-0.05-pe-1.00,LinearSearch With Reduced Qubits,41,25,0.05,zephyr,16,4,,,1.0,12.410477150906809,248.5,3.823076923076923,6.8,10,10
M-50-N-25-pa-0.05-pe-1.00,LinearSearch With Reduced Qubits,41,25,0.05,zephyr,16,5,,,1.0,14.067795986984857,262.9,3.8661764705882353,7.1,10,10
M-50-N-25-pa-0.05-pe-1.00,LinearSearch With Reduced Qubits,41,25,0.05,zephyr,16,6,,,1.0,14.104998802766204,262.9,3.8661764705882353,7.1,10,10
M-50-N-25-pa-0.05-pe-1.00,LinearSearch With Reduced Qubits,41,25,0.05,zephyr,16,7,,,1.0,14.013210969022476,262.9,3.8661764705882353,7.1,10,10
M-50-N-25-pa-0.05-pe-1.00,LinearSearch With Reduced Qubits,41,25,0.05,zephyr,16,8,,,1.0,13.960543518397026,262.9,3.8661764705882353,7.1,10,10
M-50-N-25-pa-0.05-pe-1.00,LinearSearch With Reduced Qubits,41,25,0.05,zephyr,16,9,,,1.0,14.159954102197663,262.9,3.8661764705882353,7.1,10,10
M-50-N-25-pa-0.05-pe-1.00,LinearSearch With Reduced Qubits,41,25,0.05,zephyr,16,10,,,1.0,14.247900929814204,262.9,3.8661764705882353,7.1,10,10
M-50-N-25-pa-0.05-pe-1.00,LinearSearch With Reduced Qubits,41,25,0.05,zephyr,16,11,,,1.0,13.663269557780586,262.9,3.8661764705882353,7.1,10,10
M-50-N-25-pa-0.15-pe-1.00,BinSearch,50,25,0.15,zephyr,16,6,,,1.0,31.32407595026307,750.2,6.357627118644068,14.3,10,10
M-50-N-25-pa-0.15-pe-1.00,BinSearch,50,25,0.15,zephyr,16,7,,,1.0,31.324543503671883,750.2,6.357627118644068,14.3,10,10
M-50-N-25-pa-0.15-pe-1.00,LinearSearch,50,25,0.15,zephyr,16,2,,,1.0,31.113848813436924,845.1,6.654330708661417,16.3,10,10
M-50-N-25-pa-0.15-pe-1.00,LinearSearch,50,25,0.15,zephyr,16,3,,,1.0,31.574742021248674,847.8,6.675590551181102,16.3,10,10
M-50-N-25-pa-0.15-pe-1.00,LinearSearch,50,25,0.15,zephyr,16,4,,,1.0,31.317949160002172,845.1,6.654330708661417,16.3,10,10
M-50-N-25-pa-0.15-pe-1.00,LinearSearch,50,25,0.15,zephyr,16,5,,,1.0,31.001320088561624,845.1,6.654330708661417,16.3,10,10
M-50-N-25-pa-0.15-pe-1.00,LinearSearch,50,25,0.15,zephyr,16,6,,,1.0,31.572470017336308,845.1,6.654330708661417,16.3,10,10
M-50-N-25-pa-0.15-pe-1.00,LinearSearch,50,25,0.15,zephyr,16,7,,,1.0,31.43960863160901,845.1,6.654330708661417,16.3,10,10
M-50-N-25-pa-0.15-pe-1.00,LinearSearch With Preprocessing,50,25,0.15,zephyr,16,5,,,1.0,31.38928992780857,850.6,6.697637795275591,16.3,10,10
M-50-N-25-pa-0.15-pe-1.00,LinearSearch With Preprocessing,50,25,0.15,zephyr,16,6,,,1.0,31.395310880732723,846.3,6.663779527559055,16.4,10,10
M-50-N-25-pa-0.15-pe-1.00,LinearSearch With Preprocessing,50,25,0.15,zephyr,16,7,,,1.0,31.672884050314316,845.1,6.654330708661417,16.3,10,10
M-50-N-25-pa-0.15-pe-1.00,LinearSearch With Preprocessing and Reduced Qubits,50,25,0.15,zephyr,16,5,,,1.0,31.3669656671118,750.2,6.357627118644068,14.3,10,10
M-50-N-25-pa-0.15-pe-1.00,LinearSearch With Preprocessing and Reduced Qubits,50,25,0.15,zephyr,16,6,,,1.0,31.669693137682042,750.2,6.357627118644068,14.3,10,10
M-50-N-25-pa-0.15-pe-1.00,LinearSearch With Preprocessing and Reduced Qubits,50,25,0.15,zephyr,16,7,,,1.0,31.289679818530566,750.8,6.36271186440678,14.3,10,10
M-50-N-25-pa-0.15-pe-1.00,LinearSearch With Reduced Qubits,50,25,0.15,zephyr,16,2,,,1.0,21.74578287329059,406.5,5.493243243243244,8.9,10,10
M-50-N-25-pa-0.15-pe-1.00,LinearSearch With Reduced Qubits,50,25,0.15,zephyr,16,3,,,1.0,30.87863899162039,593.4,6.055102040816327,11.7,10,10
M-50-N-25-pa-0.15-pe-1.00,LinearSearch With Reduced Qubits,50,25,0.15,zephyr,16,4,,,1.0,30.99275472019799,593.4,6.055102040816327,11.7,10,10
M-50-N-25-pa-0.15-pe-1.00,LinearSearch With Reduced Qubits,50,25,0.15,zephyr,16,5,,,1.0,31.291043786890803,750.8,6.36271186440678,14.3,10,10
M-50-N-25-pa-0.15-pe-1.00,LinearSearch With Reduced Qubits,50,25,0.15,zephyr,16,6,,,1.0,31.588108389801345,750.2,6.357627118644068,14.3,10,10
M-50-N-25-pa-0.15-pe-1.00,LinearSearch With Reduced Qubits,50,25,0.15,zephyr,16,7,,,1.0,31.315805995231493,750.2,6.357627118644068,14.3,10,10
M-50-N-25-pa-0.25-pe-1.00,BinSearch,50,25,0.25,zephyr,16,3,,,1.0,30.888379788026214,679.4,6.794,12.3,10,10
M-50-N-25-pa-0.25-pe-1.00,BinSearch,50,25,0.25,zephyr,16,4,,,1.0,31.011325595341624,678.3,6.7829999999999995,12.2,10,10
M-50-N-25-pa-0.25-pe-1.00,LinearSearch,50,25,0.25,zephyr,16,2,,,1.0,31.835440424527043,1508.4,10.123489932885906,29.0,10,10
M-50-N-25-pa-0.25-pe-1.00,LinearSearch,50,25,0.25,zephyr,16,3,,,1.0,32.029842167673635,1508.4,10.123489932885906,29.0,10,10
M-50-N-25-pa-0.25-pe-1.00,LinearSearch,50,25,0.25,zephyr,16,4,,,1.0,31.836339677218348,1508.4,10.123489932885906,29.0,10,10
M-50-N-25-pa-0.25-pe-1.00,LinearSearch With Preprocessing,50,25,0.25,zephyr,16,3,,,1.0,32.09125742302276,1508.4,10.123489932885906,29.0,10,10
M-50-N-25-pa-0.25-pe-1.00,LinearSearch With Preprocessing,50,25,0.25,zephyr,16,4,,,1.0,31.893914006021806,1508.4,10.123489932885906,29.0,10,10
M-50-N-25-pa-0.25-pe-1.00,LinearSearch With Preprocessing and Reduced Qubits,50,25,0.25,zephyr,16,3,,,1.0,31.042130625271238,678.3,6.7829999999999995,12.2,10,10
M-50-N-25-pa-0.25-pe-1.00,LinearSearch With Preprocessing and Reduced Qubits,50,25,0.25,zephyr,16,4,,,1.0,30.988782775285653,678.4,6.784000000000001,12.3,10,10
M-50-N-25-pa-0.25-pe-1.00,LinearSearch With Reduced Qubits,50,25,0.25,zephyr,16,2,,,1.0,24.989462764607744,448.4,5.978666666666667,9.5,10,10
M-50-N-25-pa-0.25-pe-1.00,LinearSearch With Reduced Qubits,50,25,0.25,zephyr,16,3,,,1.0,31.07558467416093,678.4,6.784000000000001,12.3,10,10
M-50-N-25-pa-0.25-pe-1.00,LinearSearch With Reduced Qubits,50,25,0.25,zephyr,16,4,,,1.0,31.084812166495247,676.6,6.766,12.2,10,10
M-50-N-25-pa-0.35-pe-1.00,BinSearch,50,25,0.35,zephyr,16,2,,,1.0,30.75941404143814,465.9,6.212000000000001,9.6,10,10
M-50-N-25-pa-0.35-pe-1.00,BinSearch,50,25,0.35,zephyr,16,3,,,1.0,31.57886064122431,793.4,7.934,14.2,10,10
M-50-N-25-pa-0.35-pe-1.00,LinearSearch,50,25,0.35,zephyr,16,2,,,1.0,33.973376747593285,2132.5,12.76946107784431,37.6,10,10
M-50-N-25-pa-0.35-pe-1.00,LinearSearch,50,25,0.35,zephyr,16,3,,,1.0,33.967970973532644,2153.8,12.897005988023952,38.1,10,10
M-50-N-25-pa-0.35-pe-1.00,LinearSearch With Preprocessing,50,25,0.35,zephyr,16,2,,,1.0,34.33662669949699,2132.5,12.76946107784431,37.6,10,10
M-50-N-25-pa-0.35-pe-1.00,LinearSearch With Preprocessing,50,25,0.35,zephyr,16,3,,,1.0,33.558665484027,2135.7,12.78862275449102,38.2,10,10
M-50-N-25-pa-0.35-pe-1.00,LinearSearch With Preprocessing and Reduced Qubits,50,25,0.35,zephyr,16,2,,,1.0,30.693876832607202,464.5,6.193333333333333,9.5,10,10
M-50-N-25-pa-0.35-pe-1.00,LinearSearch With Preprocessing and Reduced Qubits,50,25,0.35,zephyr,16,3,,,1.0,31.526301343389786,796.1,7.961,14.2,10,10
M-50-N-25-pa-0.35-pe-1.00,LinearSearch With Reduced Qubits,50,25,0.35,zephyr,16,2,,,1.0,30.83794282989111,464.5,6.193333333333333,9.5,10,10
M-50-N-25-pa-0.35-pe-1.00,LinearSearch With Reduced Qubits,50,25,0.35,zephyr,16,3,,,1.0,31.409736386151053,791.1,7.911,14.3,10,10
M-50-N-25-pa-0.45-pe-1.00,BinSearch,50,25,0.45,zephyr,16,2,,,1.0,29.27379210484214,492.5,6.566666666666667,10.4,10,10
M-50-N-25-pa-0.45-pe-1.00,BinSearch,50,25,0.45,zephyr,16,3,,,1.0,31.511401790799574,869.0,8.690000000000001,16.4,10,10
M-50-N-25-pa-0.45-pe-1.00,LinearSearch,50,25,0.45,zephyr,16,2,,,1.0,34.88747180232313,2583.2,14.761142857142858,43.8,10,10
M-50-N-25-pa-0.45-pe-1.00,LinearSearch,50,25,0.45,zephyr,16,3,,,1.0,35.935215300065465,2571.3,14.693142857142856,43.5,10,10
M-50-N-25-pa-0.45-pe-1.00,LinearSearch With Preprocessing,50,25,0.45,zephyr,16,2,,,1.0,35.240678714215754,2583.2,14.761142857142858,43.8,10,10
M-50-N-25-pa-0.45-pe-1.00,LinearSearch With Preprocessing,50,25,0.45,zephyr,16,3,,,1.0,36.02892649741843,2571.3,14.693142857142856,43.5,10,10
M-50-N-25-pa-0.45-pe-1.00,LinearSearch With Preprocessing and Reduced Qubits,50,25,0.45,zephyr,16,2,,,1.0,29.30935416268185,492.5,6.566666666666667,10.4,10,10
M-50-N-25-pa-0.45-pe-1.00,LinearSearch With Preprocessing and Reduced Qubits,50,25,0.45,zephyr,16,3,,,1.0,31.75518620710354,869.0,8.690000000000001,16.4,10,10
M-50-N-25-pa-0.45-pe-1.00,LinearSearch With Reduced Qubits,50,25,0.45,zephyr,16,2,,,1.0,29.962452202872374,491.4,6.552,10.4,10,10
M-50-N-25-pa-0.45-pe-1.00,LinearSearch With Reduced Qubits,50,25,0.45,zephyr,16,3,,,1.0,31.497441805456766,866.3,8.663,16.4,10,10
M-50-N-25-pa-0.55-pe-1.00,BinSearch,50,25,0.55,zephyr,16,2,,,1.0,30.77525716321543,495.1,6.601333333333334,10.6,10,10
M-50-N-25-pa-0.55-pe-1.00,LinearSearch,50,25,0.55,zephyr,16,2,,,1.0,36.12644345711451,2637.5,14.817415730337078,42.0,10,10
M-50-N-25-pa-0.55-pe-1.00,LinearSearch With Preprocessing,50,25,0.55,zephyr,16,2,,,1.0,36.43339084612671,2637.5,14.817415730337078,42.0,10,10
M-50-N-25-pa-0.55-pe-1.00,LinearSearch With Preprocessing and Reduced Qubits,50,25,0.55,zephyr,16,2,,,1.0,30.613755490072073,495.1,6.601333333333334,10.6,10,10
M-50-N-25-pa-0.55-pe-1.00,LinearSearch With Reduced Qubits,50,25,0.55,zephyr,16,2,,,1.0,30.663745042565278,495.1,6.601333333333334,10.6,10,10
M-50-N-25-pa-0.65-pe-1.00,BinSearch,50,25,0.65,zephyr,16,2,,,1.0,29.71126433040481,501.3,6.684,10.5,10,10
M-50-N-25-pa-0.65-pe-1.00,LinearSearch,50,25,0.65,zephyr,16,2,,,1.0,36.23617558311671,3030.1,16.290860215053762,50.9,10,10
M-50-N-25-pa-0.65-pe-1.00,LinearSearch With Preprocessing,50,25,0.65,zephyr,16,2,,,1.0,35.969739632005805,3030.1,16.290860215053762,50.9,10,10
M-50-N-25-pa-0.65-pe-1.00,LinearSearch With Preprocessing and Reduced Qubits,50,25,0.65,zephyr,16,2,,,1.0,29.82568124427926,502.8,6.704000000000001,10.5,10,10
M-50-N-25-pa-0.65-pe-1.00,LinearSearch With Reduced Qubits,50,25,0.65,zephyr,16,2,,,1.0,29.604798175767066,501.3,6.684,10.5,10,10
M-50-N-25-pa-0.75-pe-1.00,BinSearch,50,25,0.75,zephyr,16,2,,,1.0,30.606936568720265,525.2,7.002666666666667,11.3,10,10
M-50-N-25-pa-0.75-pe-1.00,LinearSearch,50,25,0.75,zephyr,16,2,,,0.8,39.85225552832708,3570.875,17.944095477386934,62.375,10,10
M-50-N-25-pa-0.75-pe-1.00,LinearSearch With Preprocessing,50,25,0.75,zephyr,16,2,,,0.8,39.73976312985178,3570.875,17.944095477386934,62.375,10,10
M-50-N-25-pa-0.75-pe-1.00,LinearSearch With Preprocessing and Reduced Qubits,50,25,0.75,zephyr,16,2,,,1.0,30.69278503428213,525.3,7.0040000000000004,11.3,10,10
M-50-N-25-pa-0.75-pe-1.00,LinearSearch With Reduced Qubits,50,25,0.75,zephyr,16,2,,,1.0,30.435801918176004,525.3,7.0040000000000004,11.3,10,10
M-50-N-5-pa-0.05-pe-1.00,BinSearch,15,5,0.05,zephyr,16,3,,,1.0,0.5689096454763785,42.5,1.9318181818181817,3.0,10,10
M-50-N-5-pa-0.05-pe-1.00,LinearSearch,15,5,0.05,zephyr,16,2,,,1.0,0.7530966578051448,46.8,1.95,3.0,10,10
M-50-N-5-pa-0.05-pe-1.00,LinearSearch,15,5,0.05,zephyr,16,3,,,1.0,0.7172074699075892,46.8,1.95,3.0,10,10
M-50-N-5-pa-0.05-pe-1.00,LinearSearch With Preprocessing,15,5,0.05,zephyr,16,3,,,1.0,0.6419915737584233,46.8,1.95,3.0,10,10
M-50-N-5-pa-0.05-pe-1.00,LinearSearch With Preprocessing and Reduced Qubits,15,5,0.05,zephyr,16,3,,,1.0,0.5364396203774959,42.5,1.9318181818181817,3.0,10,10
M-50-N-5-pa-0.05-pe-1.00,LinearSearch With Reduced Qubits,15,5,0.05,zephyr,16,2,,,1.0,0.4637486050371081,35.3,1.857894736842105,3.0,10,10
M-50-N-5-pa-0.05-pe-1.00,LinearSearch With Reduced Qubits,15,5,0.05,zephyr,16,3,,,1.0,0.5563558435067535,42.5,1.9318181818181817,3.0,10,10
M-50-N-5-pa-0.15-pe-1.00,BinSearch,34,5,0.15,zephyr,16,3,,,1.0,6.906660116021522,168.3,3.825,5.9,10,10
M-50-N-5-pa-0.15-pe-1.00,LinearSearch,34,5,0.15,zephyr,16,2,,,1.0,8.033947392157279,187.6,3.7520000000000002,6.0,10,10
M-50-N-5-pa-0.15-pe-1.00,LinearSearch,34,5,0.15,zephyr,16,3,,,1.0,8.085298682423309,187.6,3.7520000000000002,6.0,10,10
M-50-N-5-pa-0.15-pe-1.00,LinearSearch With Preprocessing,34,5,0.15,zephyr,16,3,,,1.0,8.10150513087865,187.6,3.7520000000000002,6.0,10,10
M-50-N-5-pa-0.15-pe-1.00,LinearSearch With Preprocessing and Reduced Qubits,34,5,0.15,zephyr,16,3,,,1.0,6.817469441262074,168.3,3.825,5.9,10,10
M-50-N-5-pa-0.15-pe-1.00,LinearSearch With Reduced Qubits,34,5,0.15,zephyr,16,2,,,1.0,5.16853805470746,147.3,3.7769230769230773,5.5,10,10
M-50-N-5-pa-0.15-pe-1.00,LinearSearch With Reduced Qubits,34,5,0.15,zephyr,16,3,,,1.0,6.607975113601424,168.3,3.825,5.9,10,10
M-50-N-5-pa-0.25-pe-1.00,BinSearch,39,5,0.25,zephyr,16,2,,,1.0,10.850468911090866,195.4,4.4409090909090905,6.3,10,10
M-50-N-5-pa-0.25-pe-1.00,LinearSearch,39,5,0.25,zephyr,16,2,,,1.0,15.12699678700883,290.7,4.845000000000001,7.7,10,10
M-50-N-5-pa-0.25-pe-1.00,LinearSearch With Preprocessing,39,5,0.25,zephyr,16,2,,,1.0,15.362769745034166,290.7,4.845000000000001,7.7,10,10
M-50-N-5-pa-0.25-pe-1.00,LinearSearch With Preprocessing and Reduced Qubits,39,5,0.25,zephyr,16,2,,,1.0,10.830297578428873,195.4,4.4409090909090905,6.3,10,10
M-50-N-5-pa-0.25-pe-1.00,LinearSearch With Reduced Qubits,39,5,0.25,zephyr,16,2,,,1.0,10.795116236014291,195.4,4.4409090909090905,6.3,10,10
M-50-N-50-pa-0.05-pe-1.00,BinSearch,45,48,0.05,zephyr,16,20,,,1.0,17.541739756637252,296.6,4.008108108108108,7.8,10,10
M-50-N-50-pa-0.05-pe-1.00,LinearSearch,45,48,0.05,zephyr,16,2,,,1.0,17.685935090412386,296.6,4.008108108108108,7.8,10,10
M-50-N-50-pa-0.05-pe-1.00,LinearSearch,45,48,0.05,zephyr,16,3,,,1.0,17.5381508191349,296.6,4.008108108108108,7.8,10,10
M-50-N-50-pa-0.05-pe-1.00,LinearSearch,45,48,0.05,zephyr,16,4,,,1.0,17.609565288550222,296.6,4.008108108108108,7.8,10,10
M-50-N-50-pa-0.05-pe-1.00,LinearSearch,45,48,0.05,zephyr,16,5,,,1.0,17.655392408114857,296.6,4.008108108108108,7.8,10,10
M-50-N-50-pa-0.05-pe-1.00,LinearSearch,45,48,0.05,zephyr,16,6,,,1.0,17.60446015067864,296.6,4.008108108108108,7.8,10,10
M-50-N-50-pa-0.05-pe-1.00,LinearSearch,45,48,0.05,zephyr,16,7,,,1.0,18.35401316608768,296.6,4.008108108108108,7.8,10,10
M-50-N-50-pa-0.05-pe-1.00,LinearSearch,45,48,0.05,zephyr,16,8,,,1.0,17.55431897456292,296.6,4.008108108108108,7.8,10,10
M-50-N-50-pa-0.05-pe-1.00,LinearSearch,45,48,0.05,zephyr,16,9,,,1.0,17.72090480965562,296.6,4.008108108108108,7.8,10,10
M-50-N-50-pa-0.05-pe-1.00,LinearSearch,45,48,0.05,zephyr,16,10,,,1.0,17.55629093949683,296.6,4.008108108108108,7.8,10,10
M-50-N-50-pa-0.05-pe-1.00,LinearSearch,45,48,0.05,zephyr,16,11,,,1.0,17.624668773496523,296.6,4.008108108108108,7.8,10,10
M-50-N-50-pa-0.05-pe-1.00,LinearSearch,45,48,0.05,zephyr,16,12,,,1.0,17.763885411038064,296.6,4.008108108108108,7.8,10,10
M-50-N-50-pa-0.05-pe-1.00,LinearSearch,45,48,0.05,zephyr,16,13,,,1.0,17.756906909984536,296.6,4.008108108108108,7.8,10,10
M-50-N-50-pa-0.05-pe-1.00,LinearSearch,45,48,0.05,zephyr,16,14,,,1.0,18.095345567027106,296.6,4.008108108108108,7.8,10,10
M-50-N-50-pa-0.05-pe-1.00,LinearSearch,45,48,0.05,zephyr,16,15,,,1.0,17.862843691837043,296.6,4.008108108108108,7.8,10,10
M-50-N-50-pa-0.05-pe-1.00,LinearSearch,45,48,0.05,zephyr,16,16,,,1.0,17.97706327158958,296.6,4.008108108108108,7.8,10,10
M-50-N-50-pa-0.05-pe-1.00,LinearSearch,45,48,0.05,zephyr,16,17,,,1.0,17.797499617491848,296.6,4.008108108108108,7.8,10,10
M-50-N-50-pa-0.05-pe-1.00,LinearSearch,45,48,0.05,zephyr,16,18,,,1.0,18.058480881666764,296.6,4.008108108108108,7.8,10,10
M-50-N-50-pa-0.05-pe-1.00,LinearSearch,45,48,0.05,zephyr,16,19,,,1.0,17.7677955678897,296.6,4.008108108108108,7.8,10,10
M-50-N-50-pa-0.05-pe-1.00,LinearSearch,45,48,0.05,zephyr,16,20,,,1.0,17.975971827702597,296.6,4.008108108108108,7.8,10,10
M-50-N-50-pa-0.05-pe-1.00,LinearSearch With Preprocessing,45,48,0.05,zephyr,16,20,,,1.0,18.605669197882527,296.6,4.008108108108108,7.8,10,10
M-50-N-50-pa-0.05-pe-1.00,LinearSearch With Preprocessing and Reduced Qubits,45,48,0.05,zephyr,16,20,,,1.0,18.59812138536945,296.6,4.008108108108108,7.8,10,10
M-50-N-50-pa-0.05-pe-1.00,LinearSearch With Reduced Qubits,45,48,0.05,zephyr,16,2,,,1.0,12.79402882938739,261.6,4.152380952380953,7.3,10,10
M-50-N-50-pa-0.05-pe-1.00,LinearSearch With Reduced Qubits,45,48,0.05,zephyr,16,3,,,1.0,14.964129239320755,294.2,4.03013698630137,7.6,10,10
M-50-N-50-pa-0.05-pe-1.00,LinearSearch With Reduced Qubits,45,48,0.05,zephyr,16,4,,,1.0,14.998975233361126,294.2,4.03013698630137,7.6,10,10
M-50-N-50-pa-0.05-pe-1.00,LinearSearch With Reduced Qubits,45,48,0.05,zephyr,16,5,,,1.0,18.06287326971069,296.6,4.008108108108108,7.8,10,10
M-50-N-50-pa-0.05-pe-1.00,LinearSearch With Reduced Qubits,45,48,0.05,zephyr,16,6,,,1.0,18.677538657560945,296.6,4.008108108108108,7.8,10,10
M-50-N-50-pa-0.05-pe-1.00,LinearSearch With Reduced Qubits,45,48,0.05,zephyr,16,7,,,1.0,17.68656681976281,296.6,4.008108108108108,7.8,10,10
M-50-N-50-pa-0.05-pe-1.00,LinearSearch With Reduced Qubits,45,48,0.05,zephyr,16,8,,,1.0,18.56247208728455,296.6,4.008108108108108,7.8,10,10
M-50-N-50-pa-0.05-pe-1.00,LinearSearch With Reduced Qubits,45,48,0.05,zephyr,16,9,,,1.0,17.84415658088401,296.6,4.008108108108108,7.8,10,10
M-50-N-50-pa-0.05-pe-1.00,LinearSearch With Reduced Qubits,45,48,0.05,zephyr,16,10,,,1.0,18.506268881005234,296.6,4.008108108108108,7.8,10,10
M-50-N-50-pa-0.05-pe-1.00,LinearSearch With Reduced Qubits,45,48,0.05,zephyr,16,11,,,1.0,17.749253989895806,296.6,4.008108108108108,7.8,10,10
M-50-N-50-pa-0.05-pe-1.00,LinearSearch With Reduced Qubits,45,48,0.05,zephyr,16,12,,,1.0,18.50894314816687,296.6,4.008108108108108,7.8,10,10
M-50-N-50-pa-0.05-pe-1.00,LinearSearch With Reduced Qubits,45,48,0.05,zephyr,16,13,,,1.0,17.61244387670886,296.6,4.008108108108108,7.8,10,10
M-50-N-50-pa-0.05-pe-1.00,LinearSearch With Reduced Qubits,45,48,0.05,zephyr,16,14,,,1.0,18.55011274330318,296.6,4.008108108108108,7.8,10,10
M-50-N-50-pa-0.05-pe-1.00,LinearSearch With Reduced Qubits,45,48,0.05,zephyr,16,15,,,1.0,17.661972277564928,296.6,4.008108108108108,7.8,10,10
M-50-N-50-pa-0.05-pe-1.00,LinearSearch With Reduced Qubits,45,48,0.05,zephyr,16,16,,,1.0,18.599573592445815,296.6,4.008108108108108,7.8,10,10
M-50-N-50-pa-0.05-pe-1.00,LinearSearch With Reduced Qubits,45,48,0.05,zephyr,16,17,,,1.0,17.84723584370222,296.6,4.008108108108108,7.8,10,10
M-50-N-50-pa-0.05-pe-1.00,LinearSearch With Reduced Qubits,45,48,0.05,zephyr,16,18,,,1.0,18.55489730499685,296.6,4.008108108108108,7.8,10,10
M-50-N-50-pa-0.05-pe-1.00,LinearSearch With Reduced Qubits,45,48,0.05,zephyr,16,19,,,1.0,17.5837748083286,296.6,4.008108108108108,7.8,10,10
M-50-N-50-pa-0.05-pe-1.00,LinearSearch With Reduced Qubits,45,48,0.05,zephyr,16,20,,,1.0,18.727135961013847,296.6,4.008108108108108,7.8,10,10
M-50-N-50-pa-0.15-pe-1.00,BinSearch,50,50,0.15,zephyr,16,7,,,1.0,34.48867264597211,1549.8,7.988659793814433,29.7,10,10
M-50-N-50-pa-0.15-pe-1.00,BinSearch,50,50,0.15,zephyr,16,8,,,1.0,33.178032291051935,1565.2,8.068041237113402,30.1,10,10
M-50-N-50-pa-0.15-pe-1.00,BinSearch,50,50,0.15,zephyr,16,9,,,1.0,33.25543682549615,1730.1,8.398543689320388,34.6,10,10
M-50-N-50-pa-0.15-pe-1.00,LinearSearch,50,50,0.15,zephyr,16,2,,,1.0,32.67615309930407,1717.7,8.338349514563108,34.3,10,10
M-50-N-50-pa-0.15-pe-1.00,LinearSearch,50,50,0.15,zephyr,16,3,,,1.0,33.73809227582533,1717.7,8.338349514563108,34.3,10,10
M-50-N-50-pa-0.15-pe-1.00,LinearSearch,50,50,0.15,zephyr,16,4,,,1.0,32.3160792183131,1744.3,8.467475728155339,35.0,10,10
M-50-N-50-pa-0.15-pe-1.00,LinearSearch,50,50,0.15,zephyr,16,5,,,1.0,33.61060122922063,1709.6,8.299029126213593,33.9,10,10
M-50-N-50-pa-0.15-pe-1.00,LinearSearch,50,50,0.15,zephyr,16,6,,,1.0,33.343673599604514,1744.7,8.469417475728156,34.9,10,10
M-50-N-50-pa-0.15-pe-1.00,LinearSearch,50,50,0.15,zephyr,16,7,,,1.0,33.5686791517539,1717.7,8.338349514563108,34.3,10,10
M-50-N-50-pa-0.15-pe-1.00,LinearSearch,50,50,0.15,zephyr,16,8,,,1.0,33.371697870409115,1717.7,8.338349514563108,34.3,10,10
M-50-N-50-pa-0.15-pe-1.00,LinearSearch,50,50,0.15,zephyr,16,9,,,1.0,33.912583243101835,1709.6,8.299029126213593,33.9,10,10
M-50-N-50-pa-0.15-pe-1.00,LinearSearch With Preprocessing,50,50,0.15,zephyr,16,5,,,1.0,33.00161002997775,1717.7,8.338349514563108,34.3,10,10
M-50-N-50-pa-0.15-pe-1.00,LinearSearch With Preprocessing,50,50,0.15,zephyr,16,6,,,1.0,33.94135581150185,1727.9,8.387864077669903,34.8,10,10
M-50-N-50-pa-0.15-pe-1.00,LinearSearch With Preprocessing,50,50,0.15,zephyr,16,7,,,1.0,33.18018169833813,1717.7,8.338349514563108,34.3,10,10
M-50-N-50-pa-0.15-pe-1.00,LinearSearch With Preprocessing,50,50,0.15,zephyr,16,8,,,1.0,33.74277911328245,1727.9,8.387864077669903,34.8,10,10
M-50-N-50-pa-0.15-pe-1.00,LinearSearch With Preprocessing,50,50,0.15,zephyr,16,9,,,1.0,32.941697497386485,1735.9,8.426699029126214,34.8,10,10
M-50-N-50-pa-0.15-pe-1.00,LinearSearch With Preprocessing and Reduced Qubits,50,50,0.15,zephyr,16,5,,,1.0,34.00894423278514,1549.8,7.988659793814433,29.7,10,10
M-50-N-50-pa-0.15-pe-1.00,LinearSearch With Preprocessing and Reduced Qubits,50,50,0.15,zephyr,16,6,,,1.0,33.56441155793145,1588.1,8.186082474226804,30.7,10,10
M-50-N-50-pa-0.15-pe-1.00,LinearSearch With Preprocessing and Reduced Qubits,50,50,0.15,zephyr,16,7,,,1.0,33.125483229616655,1554.7,8.013917525773197,29.8,10,10
M-50-N-50-pa-0.15-pe-1.00,LinearSearch With Preprocessing and Reduced Qubits,50,50,0.15,zephyr,16,8,,,1.0,34.12123668249696,1560.2,8.042268041237113,29.9,10,10
M-50-N-50-pa-0.15-pe-1.00,LinearSearch With Preprocessing and Reduced Qubits,50,50,0.15,zephyr,16,9,,,1.0,31.93367897970602,1755.3,8.520873786407765,35.1,10,10
M-50-N-50-pa-0.15-pe-1.00,LinearSearch With Reduced Qubits,50,50,0.15,zephyr,16,2,,,1.0,30.86902207909152,569.2,5.692,10.5,10,10
M-50-N-50-pa-0.15-pe-1.00,LinearSearch With Reduced Qubits,50,50,0.15,zephyr,16,3,,,1.0,33.03867002481129,1065.7,7.104666666666667,21.0,10,10
M-50-N-50-pa-0.15-pe-1.00,LinearSearch With Reduced Qubits,50,50,0.15,zephyr,16,4,,,1.0,31.990259764366783,1070.4,7.136,21.1,10,10
M-50-N-50-pa-0.15-pe-1.00,LinearSearch With Reduced Qubits,50,50,0.15,zephyr,16,5,,,1.0,32.822730344207955,1571.6,8.101030927835051,30.2,10,10
M-50-N-50-pa-0.15-pe-1.00,LinearSearch With Reduced Qubits,50,50,0.15,zephyr,16,6,,,1.0,33.54447103103157,1574.6,8.116494845360824,30.5,10,10
M-50-N-50-pa-0.15-pe-1.00,LinearSearch With Reduced Qubits,50,50,0.15,zephyr,16,7,,,1.0,33.51647328238469,1571.3,8.099484536082475,30.0,10,10
M-50-N-50-pa-0.15-pe-1.00,LinearSearch With Reduced Qubits,50,50,0.15,zephyr,16,8,,,1.0,33.5452559514204,1560.2,8.042268041237113,29.9,10,10
M-50-N-50-pa-0.15-pe-1.00,LinearSearch With Reduced Qubits,50,50,0.15,zephyr,16,9,,,1.0,32.90035832046997,1717.7,8.338349514563108,34.3,10,10
M-50-N-50-pa-0.25-pe-1.00,BinSearch,50,50,0.25,zephyr,16,4,,,1.0,32.42707511773333,1499.3,9.995333333333333,27.2,10,10
M-50-N-50-pa-0.25-pe-1.00,BinSearch,50,50,0.25,zephyr,16,5,,,1.0,35.468295880989174,2259.3,11.2965,41.5,10,10
M-50-N-50-pa-0.25-pe-1.00,BinSearch,50,50,0.25,zephyr,16,6,,,1.0,34.20459816076327,2231.3,11.1565,40.6,10,10
M-50-N-50-pa-0.25-pe-1.00,LinearSearch,50,50,0.25,zephyr,16,2,,,1.0,34.57945323979948,2884.7,11.678947368421053,52.0,10,10
M-50-N-50-pa-0.25-pe-1.00,LinearSearch,50,50,0.25,zephyr,16,3,,,1.0,36.53502000127919,2916.5,11.807692307692307,52.2,10,10
M-50-N-50-pa-0.25-pe-1.00,LinearSearch,50,50,0.25,zephyr,16,4,,,1.0,35.49865859230049,2919.8,11.821052631578947,52.3,10,10
M-50-N-50-pa-0.25-pe-1.00,LinearSearch,50,50,0.25,zephyr,16,5,,,1.0,38.13539082240313,2897.1,11.72914979757085,51.9,10,10
M-50-N-50-pa-0.25-pe-1.00,LinearSearch,50,50,0.25,zephyr,16,6,,,1.0,35.74041087410878,2914.7,11.800404858299595,52.2,10,10
M-50-N-50-pa-0.25-pe-1.00,LinearSearch With Preprocessing,50,50,0.25,zephyr,16,3,,,1.0,34.99717756989412,2877.2,11.648582995951418,51.5,10,10
M-50-N-50-pa-0.25-pe-1.00,LinearSearch With Preprocessing,50,50,0.25,zephyr,16,4,,,1.0,35.778398261708205,2914.7,11.800404858299595,52.2,10,10
M-50-N-50-pa-0.25-pe-1.00,LinearSearch With Preprocessing,50,50,0.25,zephyr,16,5,,,1.0,35.13970171613619,2888.0,11.692307692307692,52.1,10,10
M-50-N-50-pa-0.25-pe-1.00,LinearSearch With Preprocessing,50,50,0.25,zephyr,16,6,,,1.0,34.71901249003131,2884.7,11.678947368421053,52.0,10,10
M-50-N-50-pa-0.25-pe-1.00,LinearSearch With Preprocessing and Reduced Qubits,50,50,0.25,zephyr,16,3,,,1.0,32.13386616769712,1499.3,9.995333333333333,27.2,10,10
M-50-N-50-pa-0.25-pe-1.00,LinearSearch With Preprocessing and Reduced Qubits,50,50,0.25,zephyr,16,4,,,1.0,33.98995995216537,1518.8,10.125333333333334,28.0,10,10
M-50-N-50-pa-0.25-pe-1.00,LinearSearch With Preprocessing and Reduced Qubits,50,50,0.25,zephyr,16,5,,,1.0,34.10308096280787,2231.3,11.1565,40.6,10,10
M-50-N-50-pa-0.25-pe-1.00,LinearSearch With Preprocessing and Reduced Qubits,50,50,0.25,zephyr,16,6,,,1.0,34.19070831427816,2241.0,11.205,41.0,10,10
M-50-N-50-pa-0.25-pe-1.00,LinearSearch With Reduced Qubits,50,50,0.25,zephyr,16,2,,,1.0,31.144497076352128,674.2,6.742,12.5,10,10
M-50-N-50-pa-0.25-pe-1.00,LinearSearch With Reduced Qubits,50,50,0.25,zephyr,16,3,,,1.0,33.785542620276104,1533.3,10.222,28.1,10,10
M-50-N-50-pa-0.25-pe-1.00,LinearSearch With Reduced Qubits,50,50,0.25,zephyr,16,4,,,1.0,32.481060702493416,1499.3,9.995333333333333,27.2,10,10
M-50-N-50-pa-0.25-pe-1.00,LinearSearch With Reduced Qubits,50,50,0.25,zephyr,16,5,,,1.0,33.00689475245308,2241.0,11.205,41.0,10,10
M-50-N-50-pa-0.25-pe-1.00,LinearSearch With Reduced Qubits,50,50,0.25,zephyr,16,6,,,1.0,32.875763512519185,2232.2,11.161,40.7,10,10
M-50-N-50-pa-0.35-pe-1.00,BinSearch,50,50,0.35,zephyr,16,3,,,1.0,32.829158331127836,1711.8,11.412,30.0,10,10
M-50-N-50-pa-0.35-pe-1.00,BinSearch,50,50,0.35,zephyr,16,4,,,1.0,32.537796979723495,1738.2,11.588000000000001,30.1,10,10
M-50-N-50-pa-0.35-pe-1.00,LinearSearch,50,50,0.35,zephyr,16,2,,,0.9,38.926996677136046,4444.666666666667,15.48664343786295,74.88888888888889,10,10
M-50-N-50-pa-0.35-pe-1.00,LinearSearch,50,50,0.35,zephyr,16,3,,,0.9,38.5194196638884,4444.666666666667,15.48664343786295,74.88888888888889,10,10
M-50-N-50-pa-0.35-pe-1.00,LinearSearch,50,50,0.35,zephyr,16,4,,,0.9,38.94877798524685,4444.666666666667,15.48664343786295,74.88888888888889,10,10
M-50-N-50-pa-0.35-pe-1.00,LinearSearch With Preprocessing,50,50,0.35,zephyr,16,2,,,0.9,38.874925826792605,4444.666666666667,15.48664343786295,74.88888888888889,10,10
M-50-N-50-pa-0.35-pe-1.00,LinearSearch With Preprocessing,50,50,0.35,zephyr,16,3,,,0.9,38.64658889144194,4444.666666666667,15.48664343786295,74.88888888888889,10,10
M-50-N-50-pa-0.35-pe-1.00,LinearSearch With Preprocessing,50,50,0.35,zephyr,16,4,,,0.9,39.09588118717075,4444.666666666667,15.48664343786295,74.88888888888889,10,10
M-50-N-50-pa-0.35-pe-1.00,LinearSearch With Preprocessing and Reduced Qubits,50,50,0.35,zephyr,16,2,,,1.0,31.201401093578898,750.3,7.503,14.4,10,10
M-50-N-50-pa-0.35-pe-1.00,LinearSearch With Preprocessing and Reduced Qubits,50,50,0.35,zephyr,16,3,,,1.0,33.59410480626393,1719.8,11.465333333333334,29.8,10,10
M-50-N-50-pa-0.35-pe-1.00,LinearSearch With Preprocessing and Reduced Qubits,50,50,0.35,zephyr,16,4,,,1.0,31.93201543823816,1728.8,11.525333333333332,30.0,10,10
M-50-N-50-pa-0.35-pe-1.00,LinearSearch With Reduced Qubits,50,50,0.35,zephyr,16,2,,,1.0,31.12188439569436,748.1,7.481,14.3,10,10
M-50-N-50-pa-0.35-pe-1.00,LinearSearch With Reduced Qubits,50,50,0.35,zephyr,16,3,,,1.0,33.23531922725961,1746.0,11.64,30.0,10,10
M-50-N-50-pa-0.35-pe-1.00,LinearSearch With Reduced Qubits,50,50,0.35,zephyr,16,4,,,1.0,33.66800097443629,1704.7,11.364666666666668,29.8,10,10
M-50-N-50-pa-0.45-pe-1.00,BinSearch,50,50,0.45,zephyr,16,2,,,1.0,31.017455273494125,796.9,7.968999999999999,15.8,10,10
M-50-N-50-pa-0.45-pe-1.00,BinSearch,50,50,0.45,zephyr,16,3,,,1.0,33.98705239181872,1843.5,12.290000000000001,30.8,10,10
M-50-N-50-pa-0.45-pe-1.00,LinearSearch,50,50,0.45,zephyr,16,2,,,0.3,42.47215486841742,5115.333333333333,17.051111111111112,84.0,10,10
M-50-N-50-pa-0.45-pe-1.00,LinearSearch,50,50,0.45,zephyr,16,3,,,0.4,42.25898882539477,5177.0,17.256666666666668,85.0,10,10
M-50-N-50-pa-0.45-pe-1.00,LinearSearch With Preprocessing,50,50,0.45,zephyr,16,2,,,0.4,42.59533185402397,5177.0,17.256666666666668,85.0,10,10
M-50-N-50-pa-0.45-pe-1.00,LinearSearch With Preprocessing,50,50,0.45,zephyr,16,3,,,0.3,42.53459037980065,5115.333333333333,17.051111111111112,84.0,10,10
M-50-N-50-pa-0.45-pe-1.00,LinearSearch With Preprocessing and Reduced Qubits,50,50,0.45,zephyr,16,2,,,1.0,30.98076062439941,793.8,7.938,15.8,10,10
M-50-N-50-pa-0.45-pe-1.00,LinearSearch With Preprocessing and Reduced Qubits,50,50,0.45,zephyr,16,3,,,1.0,33.20303420447745,1843.5,12.290000000000001,30.8,10,10
M-50-N-50-pa-0.45-pe-1.00,LinearSearch With Reduced Qubits,50,50,0.45,zephyr,16,2,,,1.0,31.117859353357925,789.3,7.892999999999999,15.7,10,10
M-50-N-50-pa-0.45-pe-1.00,LinearSearch With Reduced Qubits,50,50,0.45,zephyr,16,3,,,1.0,34.5342516942881,1834.4,12.229333333333333,30.6,10,10
M-50-N-50-pa-0.55-pe-1.00,BinSearch,50,50,0.55,zephyr,16,2,,,1.0,31.329203511681406,742.5,7.425,13.8,10,10
M-50-N-50-pa-0.55-pe-1.00,BinSearch,50,50,0.55,zephyr,16,3,,,1.0,34.74579308440443,1866.5,12.443333333333333,31.1,10,10
M-50-N-50-pa-0.55-pe-1.00,LinearSearch,50,50,0.55,zephyr,16,2,,,0.0,45.664846514724196,,,,10,10
M-50-N-50-pa-0.55-pe-1.00,LinearSearch,50,50,0.55,zephyr,16,3,,,0.0,45.3874108179938,,,,10,10
M-50-N-50-pa-0.55-pe-1.00,LinearSearch With Preprocessing,50,50,0.55,zephyr,16,2,,,0.0,45.48599801538512,,,,10,10
M-50-N-50-pa-0.55-pe-1.00,LinearSearch With Preprocessing,50,50,0.55,zephyr,16,3,,,0.0,45.51869011886883,,,,10,10
M-50-N-50-pa-0.55-pe-1.00,LinearSearch With Preprocessing and Reduced Qubits,50,50,0.55,zephyr,16,2,,,1.0,31.229813493578696,743.1,7.431,13.9,10,10
M-50-N-50-pa-0.55-pe-1.00,LinearSearch With Preprocessing and Reduced Qubits,50,50,0.55,zephyr,16,3,,,1.0,34.13196844640188,1881.9,12.546000000000001,31.1,10,10
M-50-N-50-pa-0.55-pe-1.00,LinearSearch With Reduced Qubits,50,50,0.55,zephyr,16,2,,,1.0,31.456316290586255,744.0,7.44,13.9,10,10
M-50-N-50-pa-0.55-pe-1.00,LinearSearch With Reduced Qubits,50,50,0.55,zephyr,16,3,,,1.0,35.39553370792419,1864.7,12.431333333333333,30.9,10,10
M-50-N-50-pa-0.65-pe-1.00,BinSearch,50,50,0.65,zephyr,16,2,,,1.0,31.399903050391003,781.7,7.817,14.3,10,10
M-50-N-50-pa-0.65-pe-1.00,BinSearch,50,50,0.65,zephyr,16,3,,,1.0,34.79321563660633,1801.8,12.011999999999999,31.3,10,10
M-50-N-50-pa-0.65-pe-1.00,LinearSearch,50,50,0.65,zephyr,16,2,,,0.0,49.521883900812824,,,,10,10
M-50-N-50-pa-0.65-pe-1.00,LinearSearch,50,50,0.65,zephyr,16,3,,,0.0,49.46214209685568,,,,10,10
M-50-N-50-pa-0.65-pe-1.00,LinearSearch With Preprocessing,50,50,0.65,zephyr,16,2,,,0.0,49.30006760288961,,,,10,10
M-50-N-50-pa-0.65-pe-1.00,LinearSearch With Preprocessing,50,50,0.65,zephyr,16,3,,,0.0,49.2900916271843,,,,10,10
M-50-N-50-pa-0.65-pe-1.00,LinearSearch With Preprocessing and Reduced Qubits,50,50,0.65,zephyr,16,2,,,1.0,31.41022895630449,781.7,7.817,14.3,10,10
M-50-N-50-pa-0.65-pe-1.00,LinearSearch With Preprocessing and Reduced Qubits,50,50,0.65,zephyr,16,3,,,1.0,34.96140983400401,1793.9,11.959333333333333,30.9,10,10
M-50-N-50-pa-0.65-pe-1.00,LinearSearch With Reduced Qubits,50,50,0.65,zephyr,16,2,,,1.0,31.411772284423932,781.7,7.817,14.3,10,10
M-50-N-50-pa-0.65-pe-1.00,LinearSearch With Reduced Qubits,50,50,0.65,zephyr,16,3,,,1.0,34.576880569709466,1801.8,12.011999999999999,31.3,10,10
M-50-N-50-pa-0.75-pe-1.00,BinSearch,50,50,0.75,zephyr,16,2,,,1.0,31.094706662441602,823.4,8.234,16.6,10,10
M-50-N-50-pa-0.75-pe-1.00,LinearSearch,50,50,0.75,zephyr,16,2,,,0.0,66.067206379259,,,,10,10
M-50-N-50-pa-0.75-pe-1.00,LinearSearch With Preprocessing,50,50,0.75,zephyr,16,2,,,0.0,65.68358576835598,,,,10,10
M-50-N-50-pa-0.75-pe-1.00,LinearSearch With Preprocessing and Reduced Qubits,50,50,0.75,zephyr,16,2,,,1.0,30.99198596577626,826.1,8.261,16.6,10,10
M-50-N-50-pa-0.75-pe-1.00,LinearSearch With Reduced Qubits,50,50,0.75,zephyr,16,2,,,1.0,31.109629776608198,825.0,8.25,16.5,10,10
M-50-N-50-pa-0.85-pe-1.00,BinSearch,50,50,0.85,zephyr,16,2,,,1.0,31.32090999719221,790.1,8.062244897959184,15.4,10,10
M-50-N-50-pa-0.85-pe-1.00,LinearSearch,50,50,0.85,zephyr,16,2,,,0.0,70.00556835636962,,,,10,10
M-50-N-50-pa-0.85-pe-1.00,LinearSearch With Preprocessing,50,50,0.85,zephyr,16,2,,,0.0,62.53183286224957,,,,10,10
M-50-N-50-pa-0.85-pe-1.00,LinearSearch With Preprocessing and Reduced Qubits,50,50,0.85,zephyr,16,2,,,1.0,31.210244402801617,794.9,8.11122448979592,15.6,10,10
M-50-N-50-pa-0.85-pe-1.00,LinearSearch With Reduced Qubits,50,50,0.85,zephyr,16,2,,,1.0,31.13279367152136,791.4,8.075510204081633,15.4,10,10
