problem_id,algorithm,universe_size,num_test_cases,embedding_found,num_logical_variables,num_logical_couplers,num_physical_qubits,max_chain_length,min_chain_length,mean_chain_length,physical_logical_qubit_ratio,topology,topology_size,target_num_nodes,target_num_edges,num_tries,successful_tries,runtime_seconds,target_cardinality,iteration,stage
M-5-N-10-pa-0.05-pe-1.00,BinSearch,5,5,True,5,10,6,2,1,1.2,1.2,zephyr,16,8448,81640,10,10,0.5987247251905501,3,,
M-5-N-10-pa-0.05-pe-1.00,LinearSearch,5,5,True,5,10,6,2,1,1.2,1.2,zephyr,16,8448,81640,10,10,0.5917408159002662,2,,
M-5-N-10-pa-0.05-pe-1.00,LinearSearch,5,5,True,5,10,6,2,1,1.2,1.2,zephyr,16,8448,81640,10,10,0.5624843321274966,3,,
M-5-N-10-pa-0.05-pe-1.00,LinearSearch With Preprocessing,5,5,True,5,10,6,2,1,1.2,1.2,zephyr,16,8448,81640,10,10,0.5484454529359937,3,,
M-5-N-10-pa-0.05-pe-1.00,LinearSearch With Reduced Qubits,5,5,True,5,10,6,2,1,1.2,1.2,zephyr,16,8448,81640,10,10,0.5889758609700948,2,,
M-5-N-10-pa-0.05-pe-1.00,LinearSearch With Reduced Qubits,5,5,True,5,10,6,2,1,1.2,1.2,zephyr,16,8448,81640,10,10,0.6295864100102335,3,,
M-5-N-10-pa-0.05-pe-1.00,LinearSearch With Preprocessing and Reduced Qubits,5,5,True,5,10,6,2,1,1.2,1.2,zephyr,16,8448,81640,10,10,0.6523721779230982,3,,
M-5-N-25-pa-0.75-pe-1.00,BinSearch,5,12,True,10,20,12,2,1,1.2,1.2,zephyr,16,8448,81640,10,10,0.5429058028385043,2,,
M-5-N-25-pa-0.75-pe-1.00,LinearSearch,5,12,True,10,20,12,2,1,1.2,1.2,zephyr,16,8448,81640,10,10,0.5901118989568204,2,,
M-5-N-25-pa-0.75-pe-1.00,LinearSearch With Preprocessing,5,12,True,10,20,12,2,1,1.2,1.2,zephyr,16,8448,81640,10,10,0.6264569831546396,2,,
M-5-N-25-pa-0.75-pe-1.00,LinearSearch With Reduced Qubits,5,12,True,10,20,12,2,1,1.2,1.2,zephyr,16,8448,81640,10,10,0.6206210900563747,2,,
M-5-N-25-pa-0.75-pe-1.00,LinearSearch With Preprocessing and Reduced Qubits,5,12,True,10,20,12,2,1,1.2,1.2,zephyr,16,8448,81640,10,10,0.6140295239165425,2,,
M-5-N-10-pa-0.35-pe-1.00,BinSearch,5,9,True,6,12,7,2,1,1.1666666666666667,1.1666666666666667,zephyr,16,8448,81640,10,10,0.672805184032768,4,,
M-5-N-10-pa-0.35-pe-1.00,LinearSearch,5,9,True,6,12,7,2,1,1.1666666666666667,1.1666666666666667,zephyr,16,8448,81640,10,10,0.5987284479197115,2,,
M-5-N-10-pa-0.35-pe-1.00,LinearSearch,5,9,True,6,12,7,2,1,1.1666666666666667,1.1666666666666667,zephyr,16,8448,81640,10,10,0.6261690219398588,3,,
M-5-N-10-pa-0.35-pe-1.00,LinearSearch,5,9,True,6,12,7,2,1,1.1666666666666667,1.1666666666666667,zephyr,16,8448,81640,10,10,0.5462935538962483,4,,
M-5-N-10-pa-0.35-pe-1.00,LinearSearch With Preprocessing,5,9,True,6,12,7,2,1,1.1666666666666667,1.1666666666666667,zephyr,16,8448,81640,10,10,0.5889190840534866,4,,
M-5-N-10-pa-0.35-pe-1.00,LinearSearch With Reduced Qubits,5,9,True,6,12,7,2,1,1.1666666666666667,1.1666666666666667,zephyr,16,8448,81640,10,10,0.493287016171962,2,,
M-5-N-10-pa-0.35-pe-1.00,LinearSearch With Reduced Qubits,5,9,True,6,12,7,2,1,1.1666666666666667,1.1666666666666667,zephyr,16,8448,81640,10,10,0.5782234540674835,3,,
M-5-N-10-pa-0.35-pe-1.00,LinearSearch With Reduced Qubits,5,9,True,6,12,7,2,1,1.1666666666666667,1.1666666666666667,zephyr,16,8448,81640,10,10,0.5871209730394185,4,,
M-5-N-10-pa-0.35-pe-1.00,LinearSearch With Preprocessing and Reduced Qubits,5,9,True,6,12,7,2,1,1.1666666666666667,1.1666666666666667,zephyr,16,8448,81640,10,10,0.6958228058647364,4,,
M-5-N-50-pa-0.65-pe-1.00,BinSearch,5,23,True,5,10,6,2,1,1.2,1.2,zephyr,16,8448,81640,10,10,0.5780432939063758,3,,
M-5-N-50-pa-0.65-pe-1.00,LinearSearch,5,23,True,5,10,6,2,1,1.2,1.2,zephyr,16,8448,81640,10,10,0.6124312258325517,2,,
M-5-N-50-pa-0.65-pe-1.00,LinearSearch,5,23,True,5,10,6,2,1,1.2,1.2,zephyr,16,8448,81640,10,10,0.5778731829486787,3,,
M-5-N-50-pa-0.65-pe-1.00,LinearSearch With Preprocessing,5,23,True,5,10,6,2,1,1.2,1.2,zephyr,16,8448,81640,10,10,0.622487944085151,3,,
M-5-N-50-pa-0.65-pe-1.00,LinearSearch With Reduced Qubits,5,23,True,5,10,6,2,1,1.2,1.2,zephyr,16,8448,81640,10,10,0.5679143068846315,2,,
M-5-N-50-pa-0.65-pe-1.00,LinearSearch With Reduced Qubits,5,23,True,5,10,6,2,1,1.2,1.2,zephyr,16,8448,81640,10,10,0.6278917039744556,3,,
M-5-N-50-pa-0.65-pe-1.00,LinearSearch With Preprocessing and Reduced Qubits,5,23,True,5,10,6,2,1,1.2,1.2,zephyr,16,8448,81640,10,10,0.5420627419371158,3,,
M-5-N-50-pa-0.45-pe-1.00,BinSearch,5,29,True,5,10,6,2,1,1.2,1.2,zephyr,16,8448,81640,10,10,0.5716126379556954,5,,
M-5-N-50-pa-0.45-pe-1.00,LinearSearch,5,29,True,5,10,6,2,1,1.2,1.2,zephyr,16,8448,81640,10,10,0.5599269028753042,2,,
M-5-N-50-pa-0.45-pe-1.00,LinearSearch,5,29,True,5,10,6,2,1,1.2,1.2,zephyr,16,8448,81640,10,10,0.5806251100730151,3,,
M-5-N-50-pa-0.45-pe-1.00,LinearSearch,5,29,True,5,10,6,2,1,1.2,1.2,zephyr,16,8448,81640,10,10,0.5795623138546944,4,,
M-5-N-50-pa-0.45-pe-1.00,LinearSearch,5,29,True,5,10,6,2,1,1.2,1.2,zephyr,16,8448,81640,10,10,0.6303739100694656,5,,
M-5-N-50-pa-0.45-pe-1.00,LinearSearch With Preprocessing,5,29,True,5,10,6,2,1,1.2,1.2,zephyr,16,8448,81640,10,10,0.5436425418592989,5,,
M-5-N-50-pa-0.45-pe-1.00,LinearSearch With Reduced Qubits,5,29,True,5,10,6,2,1,1.2,1.2,zephyr,16,8448,81640,10,10,0.5722570130601525,2,,
M-5-N-50-pa-0.45-pe-1.00,LinearSearch With Reduced Qubits,5,29,True,5,10,6,2,1,1.2,1.2,zephyr,16,8448,81640,10,10,0.5220739410724491,3,,
M-5-N-50-pa-0.45-pe-1.00,LinearSearch With Reduced Qubits,5,29,True,5,10,6,2,1,1.2,1.2,zephyr,16,8448,81640,10,10,0.5543518420308828,4,,
M-5-N-50-pa-0.45-pe-1.00,LinearSearch With Reduced Qubits,5,29,True,5,10,6,2,1,1.2,1.2,zephyr,16,8448,81640,10,10,0.5905846771784127,5,,
M-5-N-50-pa-0.45-pe-1.00,LinearSearch With Preprocessing and Reduced Qubits,5,29,True,5,10,6,2,1,1.2,1.2,zephyr,16,8448,81640,10,10,0.5717377008404583,5,,
M-5-N-25-pa-0.25-pe-1.00,BinSearch,5,12,True,5,10,6,2,1,1.2,1.2,zephyr,16,8448,81640,10,10,0.508593464968726,5,,
M-5-N-25-pa-0.25-pe-1.00,LinearSearch,5,12,True,5,10,6,2,1,1.2,1.2,zephyr,16,8448,81640,10,10,0.5752021907828748,2,,
M-5-N-25-pa-0.25-pe-1.00,LinearSearch,5,12,True,5,10,6,2,1,1.2,1.2,zephyr,16,8448,81640,10,10,0.6046233570668846,3,,
M-5-N-25-pa-0.25-pe-1.00,LinearSearch,5,12,True,5,10,6,2,1,1.2,1.2,zephyr,16,8448,81640,10,10,0.5748854889534414,4,,
M-5-N-25-pa-0.25-pe-1.00,LinearSearch,5,12,True,5,10,6,2,1,1.2,1.2,zephyr,16,8448,81640,10,10,0.5658790089655668,5,,
M-5-N-25-pa-0.25-pe-1.00,LinearSearch With Preprocessing,5,12,True,5,10,6,2,1,1.2,1.2,zephyr,16,8448,81640,10,10,0.5879199439659715,5,,
M-5-N-25-pa-0.25-pe-1.00,LinearSearch With Reduced Qubits,5,12,True,5,10,6,2,1,1.2,1.2,zephyr,16,8448,81640,10,10,0.5539249209687114,2,,
M-5-N-25-pa-0.25-pe-1.00,LinearSearch With Reduced Qubits,5,12,True,5,10,6,2,1,1.2,1.2,zephyr,16,8448,81640,10,10,0.6594334861729294,3,,
M-5-N-25-pa-0.25-pe-1.00,LinearSearch With Reduced Qubits,5,12,True,5,10,6,2,1,1.2,1.2,zephyr,16,8448,81640,10,10,0.619019168894738,4,,
M-5-N-25-pa-0.25-pe-1.00,LinearSearch With Reduced Qubits,5,12,True,5,10,6,2,1,1.2,1.2,zephyr,16,8448,81640,10,10,0.6046229780185968,5,,
M-5-N-25-pa-0.25-pe-1.00,LinearSearch With Preprocessing and Reduced Qubits,5,12,True,5,10,6,2,1,1.2,1.2,zephyr,16,8448,81640,10,10,0.5308999731205404,5,,
M-5-N-50-pa-0.05-pe-1.00,BinSearch,5,8,True,5,10,6,2,1,1.2,1.2,zephyr,16,8448,81640,10,10,0.5877363320905715,5,,
M-5-N-50-pa-0.05-pe-1.00,LinearSearch,5,8,True,5,10,6,2,1,1.2,1.2,zephyr,16,8448,81640,10,10,0.5612937437836081,2,,
M-5-N-50-pa-0.05-pe-1.00,LinearSearch,5,8,True,5,10,6,2,1,1.2,1.2,zephyr,16,8448,81640,10,10,0.6229747119359672,3,,
M-5-N-50-pa-0.05-pe-1.00,LinearSearch,5,8,True,5,10,6,2,1,1.2,1.2,zephyr,16,8448,81640,10,10,0.5618666978552938,4,,
M-5-N-50-pa-0.05-pe-1.00,LinearSearch,5,8,True,5,10,6,2,1,1.2,1.2,zephyr,16,8448,81640,10,10,0.571353912120685,5,,
M-5-N-50-pa-0.05-pe-1.00,LinearSearch With Preprocessing,5,8,True,5,10,6,2,1,1.2,1.2,zephyr,16,8448,81640,10,10,0.6252593551762402,5,,
M-5-N-50-pa-0.05-pe-1.00,LinearSearch With Reduced Qubits,5,8,True,5,10,6,2,1,1.2,1.2,zephyr,16,8448,81640,10,10,0.647854793118313,2,,
M-5-N-50-pa-0.05-pe-1.00,LinearSearch With Reduced Qubits,5,8,True,5,10,6,2,1,1.2,1.2,zephyr,16,8448,81640,10,10,0.6107679451815784,3,,
M-5-N-50-pa-0.05-pe-1.00,LinearSearch With Reduced Qubits,5,8,True,5,10,6,2,1,1.2,1.2,zephyr,16,8448,81640,10,10,0.5790454761590809,4,,
M-5-N-50-pa-0.05-pe-1.00,LinearSearch With Reduced Qubits,5,8,True,5,10,6,2,1,1.2,1.2,zephyr,16,8448,81640,10,10,0.543873128015548,5,,
M-5-N-50-pa-0.05-pe-1.00,LinearSearch With Preprocessing and Reduced Qubits,5,8,True,5,10,6,2,1,1.2,1.2,zephyr,16,8448,81640,10,10,0.5961037918459624,5,,
M-5-N-25-pa-0.05-pe-1.00,BinSearch,5,10,True,5,10,6,2,1,1.2,1.2,zephyr,16,8448,81640,10,10,0.5533204521052539,5,,
M-5-N-25-pa-0.05-pe-1.00,LinearSearch,5,10,True,5,10,6,2,1,1.2,1.2,zephyr,16,8448,81640,10,10,0.6191876830998808,2,,
M-5-N-25-pa-0.05-pe-1.00,LinearSearch,5,10,True,5,10,6,2,1,1.2,1.2,zephyr,16,8448,81640,10,10,0.5694529819302261,3,,
M-5-N-25-pa-0.05-pe-1.00,LinearSearch,5,10,True,5,10,6,2,1,1.2,1.2,zephyr,16,8448,81640,10,10,0.5790761969983578,4,,
M-5-N-25-pa-0.05-pe-1.00,LinearSearch,5,10,True,5,10,6,2,1,1.2,1.2,zephyr,16,8448,81640,10,10,0.6221897399518639,5,,
M-5-N-25-pa-0.05-pe-1.00,LinearSearch With Preprocessing,5,10,True,5,10,6,2,1,1.2,1.2,zephyr,16,8448,81640,10,10,0.6274165201466531,5,,
M-5-N-25-pa-0.05-pe-1.00,LinearSearch With Reduced Qubits,5,10,True,5,10,6,2,1,1.2,1.2,zephyr,16,8448,81640,10,10,0.6142002060078084,2,,
M-5-N-25-pa-0.05-pe-1.00,LinearSearch With Reduced Qubits,5,10,True,5,10,6,2,1,1.2,1.2,zephyr,16,8448,81640,10,10,0.6421196130104363,3,,
M-5-N-25-pa-0.05-pe-1.00,LinearSearch With Reduced Qubits,5,10,True,5,10,6,2,1,1.2,1.2,zephyr,16,8448,81640,10,10,0.5985876580234617,4,,
M-5-N-25-pa-0.05-pe-1.00,LinearSearch With Reduced Qubits,5,10,True,5,10,6,2,1,1.2,1.2,zephyr,16,8448,81640,10,10,0.595693102106452,5,,
M-5-N-25-pa-0.05-pe-1.00,LinearSearch With Preprocessing and Reduced Qubits,5,10,True,5,10,6,2,1,1.2,1.2,zephyr,16,8448,81640,10,10,0.613910315092653,5,,
M-5-N-25-pa-0.85-pe-1.00,BinSearch,5,10,True,10,26,12,2,1,1.2,1.2,zephyr,16,8448,81640,10,10,0.6485453110653907,2,,
M-5-N-25-pa-0.85-pe-1.00,LinearSearch,5,10,True,15,47,19,2,1,1.2666666666666666,1.2666666666666666,zephyr,16,8448,81640,10,10,0.7158259209245443,2,,
M-5-N-25-pa-0.85-pe-1.00,LinearSearch With Preprocessing,5,10,True,15,47,19,2,1,1.2666666666666666,1.2666666666666666,zephyr,16,8448,81640,10,10,0.6827186939772218,2,,
M-5-N-25-pa-0.85-pe-1.00,LinearSearch With Reduced Qubits,5,10,True,10,26,12,2,1,1.2,1.2,zephyr,16,8448,81640,10,10,0.6394682100508362,2,,
M-5-N-25-pa-0.85-pe-1.00,LinearSearch With Preprocessing and Reduced Qubits,5,10,True,10,26,12,2,1,1.2,1.2,zephyr,16,8448,81640,10,10,0.5505908979102969,2,,
M-5-N-50-pa-0.55-pe-1.00,BinSearch,5,24,True,5,10,6,2,1,1.2,1.2,zephyr,16,8448,81640,10,10,0.5654996319208294,4,,
M-5-N-50-pa-0.55-pe-1.00,LinearSearch,5,24,True,5,10,6,2,1,1.2,1.2,zephyr,16,8448,81640,10,10,0.5534976250492036,2,,
M-5-N-50-pa-0.55-pe-1.00,LinearSearch,5,24,True,5,10,6,2,1,1.2,1.2,zephyr,16,8448,81640,10,10,0.6113944719545543,3,,
M-5-N-50-pa-0.55-pe-1.00,LinearSearch,5,24,True,5,10,6,2,1,1.2,1.2,zephyr,16,8448,81640,10,10,0.5510958519298583,4,,
M-5-N-50-pa-0.55-pe-1.00,LinearSearch With Preprocessing,5,24,True,5,10,6,2,1,1.2,1.2,zephyr,16,8448,81640,10,10,0.5464282149914652,4,,
M-5-N-50-pa-0.55-pe-1.00,LinearSearch With Reduced Qubits,5,24,True,5,10,6,2,1,1.2,1.2,zephyr,16,8448,81640,10,10,0.528203192865476,2,,
M-5-N-50-pa-0.55-pe-1.00,LinearSearch With Reduced Qubits,5,24,True,5,10,6,2,1,1.2,1.2,zephyr,16,8448,81640,10,10,0.5927375680767,3,,
M-5-N-50-pa-0.55-pe-1.00,LinearSearch With Reduced Qubits,5,24,True,5,10,6,2,1,1.2,1.2,zephyr,16,8448,81640,10,10,0.6207530258689076,4,,
M-5-N-50-pa-0.55-pe-1.00,LinearSearch With Preprocessing and Reduced Qubits,5,24,True,5,10,6,2,1,1.2,1.2,zephyr,16,8448,81640,10,10,0.6797844499815255,4,,
M-5-N-50-pa-0.35-pe-1.00,BinSearch,5,22,True,5,10,6,2,1,1.2,1.2,zephyr,16,8448,81640,10,10,0.7160124841611832,5,,
M-5-N-50-pa-0.35-pe-1.00,LinearSearch,5,22,True,5,10,6,2,1,1.2,1.2,zephyr,16,8448,81640,10,10,0.6461808800231665,2,,
M-5-N-50-pa-0.35-pe-1.00,LinearSearch,5,22,True,5,10,6,2,1,1.2,1.2,zephyr,16,8448,81640,10,10,0.6605598221067339,3,,
M-5-N-50-pa-0.35-pe-1.00,LinearSearch,5,22,True,5,10,6,2,1,1.2,1.2,zephyr,16,8448,81640,10,10,0.5895910309627652,4,,
M-5-N-50-pa-0.35-pe-1.00,LinearSearch,5,22,True,5,10,6,2,1,1.2,1.2,zephyr,16,8448,81640,10,10,0.6237592140678316,5,,
M-5-N-50-pa-0.35-pe-1.00,LinearSearch With Preprocessing,5,22,True,5,10,6,2,1,1.2,1.2,zephyr,16,8448,81640,10,10,0.5934594729915261,5,,
M-5-N-50-pa-0.35-pe-1.00,LinearSearch With Reduced Qubits,5,22,True,5,10,6,2,1,1.2,1.2,zephyr,16,8448,81640,10,10,0.6451147261541337,2,,
M-5-N-50-pa-0.35-pe-1.00,LinearSearch With Reduced Qubits,5,22,True,5,10,6,2,1,1.2,1.2,zephyr,16,8448,81640,10,10,0.5716445508878678,3,,
M-5-N-50-pa-0.35-pe-1.00,LinearSearch With Reduced Qubits,5,22,True,5,10,6,2,1,1.2,1.2,zephyr,16,8448,81640,10,10,0.6365774869918823,4,,
M-5-N-50-pa-0.35-pe-1.00,LinearSearch With Reduced Qubits,5,22,True,5,10,6,2,1,1.2,1.2,zephyr,16,8448,81640,10,10,0.5967260629404336,5,,
M-5-N-50-pa-0.35-pe-1.00,LinearSearch With Preprocessing and Reduced Qubits,5,22,True,5,10,6,2,1,1.2,1.2,zephyr,16,8448,81640,10,10,0.5797323959413916,5,,
M-5-N-5-pa-0.35-pe-1.00,BinSearch,5,5,True,5,10,6,2,1,1.2,1.2,zephyr,16,8448,81640,10,10,0.6072013219818473,2,,
M-5-N-5-pa-0.35-pe-1.00,LinearSearch,5,5,True,5,10,6,2,1,1.2,1.2,zephyr,16,8448,81640,10,10,0.6066144288051873,2,,
M-5-N-5-pa-0.35-pe-1.00,LinearSearch With Preprocessing,5,5,True,5,10,6,2,1,1.2,1.2,zephyr,16,8448,81640,10,10,0.5550843880046159,2,,
M-5-N-5-pa-0.35-pe-1.00,LinearSearch With Reduced Qubits,5,5,True,5,10,6,2,1,1.2,1.2,zephyr,16,8448,81640,10,10,0.6238687559962273,2,,
M-5-N-5-pa-0.35-pe-1.00,LinearSearch With Preprocessing and Reduced Qubits,5,5,True,5,10,6,2,1,1.2,1.2,zephyr,16,8448,81640,10,10,0.5634209651034325,2,,
M-5-N-50-pa-0.25-pe-1.00,BinSearch,5,19,True,5,10,6,2,1,1.2,1.2,zephyr,16,8448,81640,10,10,0.6009856481105089,5,,
M-5-N-50-pa-0.25-pe-1.00,LinearSearch,5,19,True,5,10,6,2,1,1.2,1.2,zephyr,16,8448,81640,10,10,0.648860139073804,2,,
M-5-N-50-pa-0.25-pe-1.00,LinearSearch,5,19,True,5,10,6,2,1,1.2,1.2,zephyr,16,8448,81640,10,10,0.60820501903072,3,,
M-5-N-50-pa-0.25-pe-1.00,LinearSearch,5,19,True,5,10,6,2,1,1.2,1.2,zephyr,16,8448,81640,10,10,0.5734238920267671,4,,
M-5-N-50-pa-0.25-pe-1.00,LinearSearch,5,19,True,5,10,6,2,1,1.2,1.2,zephyr,16,8448,81640,10,10,0.5645982529968023,5,,
M-5-N-50-pa-0.25-pe-1.00,LinearSearch With Preprocessing,5,19,True,5,10,6,2,1,1.2,1.2,zephyr,16,8448,81640,10,10,0.6286079650744796,5,,
M-5-N-50-pa-0.25-pe-1.00,LinearSearch With Reduced Qubits,5,19,True,5,10,6,2,1,1.2,1.2,zephyr,16,8448,81640,10,10,0.6106173738371581,2,,
M-5-N-50-pa-0.25-pe-1.00,LinearSearch With Reduced Qubits,5,19,True,5,10,6,2,1,1.2,1.2,zephyr,16,8448,81640,10,10,0.6560603410471231,3,,
M-5-N-50-pa-0.25-pe-1.00,LinearSearch With Reduced Qubits,5,19,True,5,10,6,2,1,1.2,1.2,zephyr,16,8448,81640,10,10,0.5935797770507634,4,,
M-5-N-50-pa-0.25-pe-1.00,LinearSearch With Reduced Qubits,5,19,True,5,10,6,2,1,1.2,1.2,zephyr,16,8448,81640,10,10,0.5868462901562452,5,,
M-5-N-50-pa-0.25-pe-1.00,LinearSearch With Preprocessing and Reduced Qubits,5,19,True,5,10,6,2,1,1.2,1.2,zephyr,16,8448,81640,10,10,0.6329526810441166,5,,
M-5-N-50-pa-0.95-pe-1.00,BinSearch,5,7,True,9,25,12,2,1,1.3333333333333333,1.3333333333333333,zephyr,16,8448,81640,10,10,0.6114685998763889,2,,
M-5-N-50-pa-0.95-pe-1.00,LinearSearch,5,7,True,13,44,17,2,1,1.3076923076923077,1.3076923076923077,zephyr,16,8448,81640,10,10,0.6703644129447639,2,,
M-5-N-50-pa-0.95-pe-1.00,LinearSearch With Preprocessing,5,7,True,13,44,17,2,1,1.3076923076923077,1.3076923076923077,zephyr,16,8448,81640,10,10,0.6538916798308492,2,,
M-5-N-50-pa-0.95-pe-1.00,LinearSearch With Reduced Qubits,5,7,True,9,25,12,2,1,1.3333333333333333,1.3333333333333333,zephyr,16,8448,81640,10,10,0.6537066190503538,2,,
M-5-N-50-pa-0.95-pe-1.00,LinearSearch With Preprocessing and Reduced Qubits,5,7,True,9,25,12,2,1,1.3333333333333333,1.3333333333333333,zephyr,16,8448,81640,10,10,0.603183284169063,2,,
M-5-N-50-pa-0.15-pe-1.00,BinSearch,5,16,True,5,10,6,2,1,1.2,1.2,zephyr,16,8448,81640,10,10,0.6497375969775021,5,,
M-5-N-50-pa-0.15-pe-1.00,LinearSearch,5,16,True,5,10,6,2,1,1.2,1.2,zephyr,16,8448,81640,10,10,0.5709540208335966,2,,
M-5-N-50-pa-0.15-pe-1.00,LinearSearch,5,16,True,5,10,6,2,1,1.2,1.2,zephyr,16,8448,81640,10,10,0.61385363410227,3,,
M-5-N-50-pa-0.15-pe-1.00,LinearSearch,5,16,True,5,10,6,2,1,1.2,1.2,zephyr,16,8448,81640,10,10,0.6334561659023166,4,,
M-5-N-50-pa-0.15-pe-1.00,LinearSearch,5,16,True,5,10,6,2,1,1.2,1.2,zephyr,16,8448,81640,10,10,0.5558669469319284,5,,
M-5-N-50-pa-0.15-pe-1.00,LinearSearch With Preprocessing,5,16,True,5,10,6,2,1,1.2,1.2,zephyr,16,8448,81640,10,10,0.6070635560899973,5,,
M-5-N-50-pa-0.15-pe-1.00,LinearSearch With Reduced Qubits,5,16,True,5,10,6,2,1,1.2,1.2,zephyr,16,8448,81640,10,10,0.606445194222033,2,,
M-5-N-50-pa-0.15-pe-1.00,LinearSearch With Reduced Qubits,5,16,True,5,10,6,2,1,1.2,1.2,zephyr,16,8448,81640,10,10,0.5761331820394844,3,,
M-5-N-50-pa-0.15-pe-1.00,LinearSearch With Reduced Qubits,5,16,True,5,10,6,2,1,1.2,1.2,zephyr,16,8448,81640,10,10,0.6040750611573458,4,,
M-5-N-50-pa-0.15-pe-1.00,LinearSearch With Reduced Qubits,5,16,True,5,10,6,2,1,1.2,1.2,zephyr,16,8448,81640,10,10,0.621479928959161,5,,
M-5-N-50-pa-0.15-pe-1.00,LinearSearch With Preprocessing and Reduced Qubits,5,16,True,5,10,6,2,1,1.2,1.2,zephyr,16,8448,81640,10,10,0.6121616659220308,5,,
M-5-N-10-pa-0.45-pe-1.00,BinSearch,5,10,True,9,18,11,2,1,1.2222222222222223,1.2222222222222223,zephyr,16,8448,81640,10,10,0.6239457530900836,3,,
M-5-N-10-pa-0.45-pe-1.00,LinearSearch,5,10,True,9,18,11,2,1,1.2222222222222223,1.2222222222222223,zephyr,16,8448,81640,10,10,0.6508921459317207,2,,
M-5-N-10-pa-0.45-pe-1.00,LinearSearch,5,10,True,9,18,11,2,1,1.2222222222222223,1.2222222222222223,zephyr,16,8448,81640,10,10,0.6314482660964131,3,,
M-5-N-10-pa-0.45-pe-1.00,LinearSearch With Preprocessing,5,10,True,9,18,11,2,1,1.2222222222222223,1.2222222222222223,zephyr,16,8448,81640,10,10,0.6162868810351938,3,,
M-5-N-10-pa-0.45-pe-1.00,LinearSearch With Reduced Qubits,5,10,True,9,18,11,2,1,1.2222222222222223,1.2222222222222223,zephyr,16,8448,81640,10,10,0.6177334189414978,2,,
M-5-N-10-pa-0.45-pe-1.00,LinearSearch With Reduced Qubits,5,10,True,9,18,11,2,1,1.2222222222222223,1.2222222222222223,zephyr,16,8448,81640,10,10,0.5931491700466722,3,,
M-5-N-10-pa-0.45-pe-1.00,LinearSearch With Preprocessing and Reduced Qubits,5,10,True,9,18,11,2,1,1.2222222222222223,1.2222222222222223,zephyr,16,8448,81640,10,10,0.6002109299879521,3,,
M-5-N-50-pa-0.75-pe-1.00,BinSearch,5,14,True,8,16,9,2,1,1.125,1.125,zephyr,16,8448,81640,10,10,0.6017821589484811,2,,
M-5-N-50-pa-0.75-pe-1.00,LinearSearch,5,14,True,8,16,9,2,1,1.125,1.125,zephyr,16,8448,81640,10,10,0.6081095940899104,2,,
M-5-N-50-pa-0.75-pe-1.00,LinearSearch With Preprocessing,5,14,True,8,16,9,2,1,1.125,1.125,zephyr,16,8448,81640,10,10,0.5876546090003103,2,,
M-5-N-50-pa-0.75-pe-1.00,LinearSearch With Reduced Qubits,5,14,True,8,16,9,2,1,1.125,1.125,zephyr,16,8448,81640,10,10,0.635626720963046,2,,
M-5-N-50-pa-0.75-pe-1.00,LinearSearch With Preprocessing and Reduced Qubits,5,14,True,8,16,9,2,1,1.125,1.125,zephyr,16,8448,81640,10,10,0.5950126820243895,2,,
M-5-N-5-pa-0.45-pe-1.00,BinSearch,4,4,True,5,8,5,1,1,1.0,1.0,zephyr,16,8448,81640,10,10,0.5815619151107967,2,,
M-5-N-5-pa-0.45-pe-1.00,LinearSearch,4,4,True,5,8,5,1,1,1.0,1.0,zephyr,16,8448,81640,10,10,0.5976396559271961,2,,
M-5-N-5-pa-0.45-pe-1.00,LinearSearch With Preprocessing,4,4,True,5,8,5,1,1,1.0,1.0,zephyr,16,8448,81640,10,10,0.5608400378841907,2,,
M-5-N-5-pa-0.45-pe-1.00,LinearSearch With Reduced Qubits,4,4,True,5,8,5,1,1,1.0,1.0,zephyr,16,8448,81640,10,10,0.5855573690496385,2,,
M-5-N-5-pa-0.45-pe-1.00,LinearSearch With Preprocessing and Reduced Qubits,4,4,True,5,8,5,1,1,1.0,1.0,zephyr,16,8448,81640,10,10,0.6246366808190942,2,,
M-5-N-5-pa-0.05-pe-1.00,BinSearch,2,2,True,2,1,2,1,1,1.0,1.0,zephyr,16,8448,81640,10,10,0.5467851089779288,2,,
M-5-N-5-pa-0.05-pe-1.00,LinearSearch,2,2,True,2,1,2,1,1,1.0,1.0,zephyr,16,8448,81640,10,10,0.5808289621490985,2,,
M-5-N-5-pa-0.05-pe-1.00,LinearSearch With Preprocessing,2,2,True,2,1,2,1,1,1.0,1.0,zephyr,16,8448,81640,10,10,0.5983461721334606,2,,
M-5-N-5-pa-0.05-pe-1.00,LinearSearch With Reduced Qubits,2,2,True,2,1,2,1,1,1.0,1.0,zephyr,16,8448,81640,10,10,0.5723730351310223,2,,
M-5-N-5-pa-0.05-pe-1.00,LinearSearch With Preprocessing and Reduced Qubits,2,2,True,2,1,2,1,1,1.0,1.0,zephyr,16,8448,81640,10,10,0.5857856010552496,2,,
M-5-N-10-pa-0.55-pe-1.00,BinSearch,5,7,True,9,20,11,2,1,1.2222222222222223,1.2222222222222223,zephyr,16,8448,81640,10,10,0.6095140150282532,2,,
M-5-N-10-pa-0.55-pe-1.00,LinearSearch,5,7,True,11,28,13,2,1,1.1818181818181819,1.1818181818181819,zephyr,16,8448,81640,10,10,0.6228653320576996,2,,
M-5-N-10-pa-0.55-pe-1.00,LinearSearch With Preprocessing,5,7,True,11,28,13,2,1,1.1818181818181819,1.1818181818181819,zephyr,16,8448,81640,10,10,0.6293588778935373,2,,
M-5-N-10-pa-0.55-pe-1.00,LinearSearch With Reduced Qubits,5,7,True,9,20,11,2,1,1.2222222222222223,1.2222222222222223,zephyr,16,8448,81640,10,10,0.6305671660229564,2,,
M-5-N-10-pa-0.55-pe-1.00,LinearSearch With Preprocessing and Reduced Qubits,5,7,True,9,20,11,2,1,1.2222222222222223,1.2222222222222223,zephyr,16,8448,81640,10,10,0.6215309440158308,2,,
M-5-N-10-pa-0.75-pe-1.00,BinSearch,5,8,True,9,21,11,2,1,1.2222222222222223,1.2222222222222223,zephyr,16,8448,81640,10,10,0.6417259899899364,2,,
M-5-N-10-pa-0.75-pe-1.00,LinearSearch,5,8,True,12,33,14,2,1,1.1666666666666667,1.1666666666666667,zephyr,16,8448,81640,10,10,0.5930805040989071,2,,
M-5-N-10-pa-0.75-pe-1.00,LinearSearch With Preprocessing,5,8,True,12,33,14,2,1,1.1666666666666667,1.1666666666666667,zephyr,16,8448,81640,10,10,0.6585684961173683,2,,
M-5-N-10-pa-0.75-pe-1.00,LinearSearch With Reduced Qubits,5,8,True,9,21,11,2,1,1.2222222222222223,1.2222222222222223,zephyr,16,8448,81640,10,10,0.6149226981215179,2,,
M-5-N-10-pa-0.75-pe-1.00,LinearSearch With Preprocessing and Reduced Qubits,5,8,True,9,21,11,2,1,1.2222222222222223,1.2222222222222223,zephyr,16,8448,81640,10,10,0.6474387529306114,2,,
M-5-N-25-pa-0.35-pe-1.00,BinSearch,5,14,True,5,10,6,2,1,1.2,1.2,zephyr,16,8448,81640,10,10,0.5307649511378258,4,,
M-5-N-25-pa-0.35-pe-1.00,LinearSearch,5,14,True,5,10,6,2,1,1.2,1.2,zephyr,16,8448,81640,10,10,0.5948808949906379,2,,
M-5-N-25-pa-0.35-pe-1.00,LinearSearch,5,14,True,5,10,6,2,1,1.2,1.2,zephyr,16,8448,81640,10,10,0.5944704720750451,3,,
M-5-N-25-pa-0.35-pe-1.00,LinearSearch,5,14,True,5,10,6,2,1,1.2,1.2,zephyr,16,8448,81640,10,10,0.5410563289187849,4,,
M-5-N-25-pa-0.35-pe-1.00,LinearSearch With Preprocessing,5,14,True,5,10,6,2,1,1.2,1.2,zephyr,16,8448,81640,10,10,0.5764758409932256,4,,
M-5-N-25-pa-0.35-pe-1.00,LinearSearch With Reduced Qubits,5,14,True,5,10,6,2,1,1.2,1.2,zephyr,16,8448,81640,10,10,0.6027956909965724,2,,
M-5-N-25-pa-0.35-pe-1.00,LinearSearch With Reduced Qubits,5,14,True,5,10,6,2,1,1.2,1.2,zephyr,16,8448,81640,10,10,0.5997561241965741,3,,
M-5-N-25-pa-0.35-pe-1.00,LinearSearch With Reduced Qubits,5,14,True,5,10,6,2,1,1.2,1.2,zephyr,16,8448,81640,10,10,0.6020115369465202,4,,
M-5-N-25-pa-0.35-pe-1.00,LinearSearch With Preprocessing and Reduced Qubits,5,14,True,5,10,6,2,1,1.2,1.2,zephyr,16,8448,81640,10,10,0.5531159290112555,4,,
M-5-N-25-pa-0.65-pe-1.00,BinSearch,5,18,True,7,14,8,2,1,1.1428571428571428,1.1428571428571428,zephyr,16,8448,81640,10,10,0.6429915400221944,3,,
M-5-N-25-pa-0.65-pe-1.00,LinearSearch,5,18,True,7,14,8,2,1,1.1428571428571428,1.1428571428571428,zephyr,16,8448,81640,10,10,0.5414439130108804,2,,
M-5-N-25-pa-0.65-pe-1.00,LinearSearch,5,18,True,7,14,8,2,1,1.1428571428571428,1.1428571428571428,zephyr,16,8448,81640,10,10,0.6045485909562558,3,,
M-5-N-25-pa-0.65-pe-1.00,LinearSearch With Preprocessing,5,18,True,7,14,8,2,1,1.1428571428571428,1.1428571428571428,zephyr,16,8448,81640,10,10,0.6135176231618971,3,,
M-5-N-25-pa-0.65-pe-1.00,LinearSearch With Reduced Qubits,5,18,True,7,14,8,2,1,1.1428571428571428,1.1428571428571428,zephyr,16,8448,81640,10,10,0.6069326649885625,2,,
M-5-N-25-pa-0.65-pe-1.00,LinearSearch With Reduced Qubits,5,18,True,7,14,8,2,1,1.1428571428571428,1.1428571428571428,zephyr,16,8448,81640,10,10,0.5973257010336965,3,,
M-5-N-25-pa-0.65-pe-1.00,LinearSearch With Preprocessing and Reduced Qubits,5,18,True,7,14,8,2,1,1.1428571428571428,1.1428571428571428,zephyr,16,8448,81640,10,10,0.5990464820060879,3,,
M-5-N-50-pa-0.85-pe-1.00,BinSearch,5,13,True,9,20,11,2,1,1.2222222222222223,1.2222222222222223,zephyr,16,8448,81640,10,10,0.6470563740003854,2,,
M-5-N-50-pa-0.85-pe-1.00,LinearSearch,5,13,True,11,28,13,2,1,1.1818181818181819,1.1818181818181819,zephyr,16,8448,81640,10,10,0.6312863840721548,2,,
M-5-N-50-pa-0.85-pe-1.00,LinearSearch With Preprocessing,5,13,True,11,28,13,2,1,1.1818181818181819,1.1818181818181819,zephyr,16,8448,81640,10,10,0.5908172249328345,2,,
M-5-N-50-pa-0.85-pe-1.00,LinearSearch With Reduced Qubits,5,13,True,9,20,11,2,1,1.2222222222222223,1.2222222222222223,zephyr,16,8448,81640,10,10,0.5831002008635551,2,,
M-5-N-50-pa-0.85-pe-1.00,LinearSearch With Preprocessing and Reduced Qubits,5,13,True,9,20,11,2,1,1.2222222222222223,1.2222222222222223,zephyr,16,8448,81640,10,10,0.6219591319095343,2,,
M-5-N-5-pa-0.15-pe-1.00,BinSearch,4,4,True,4,6,4,1,1,1.0,1.0,zephyr,16,8448,81640,10,10,0.5743879121728241,4,,
M-5-N-5-pa-0.15-pe-1.00,LinearSearch,4,4,True,4,6,4,1,1,1.0,1.0,zephyr,16,8448,81640,10,10,0.589210077188909,2,,
M-5-N-5-pa-0.15-pe-1.00,LinearSearch,4,4,True,4,6,4,1,1,1.0,1.0,zephyr,16,8448,81640,10,10,0.6331390459090471,3,,
M-5-N-5-pa-0.15-pe-1.00,LinearSearch,4,4,True,4,6,4,1,1,1.0,1.0,zephyr,16,8448,81640,10,10,0.5694361040368676,4,,
M-5-N-5-pa-0.15-pe-1.00,LinearSearch With Preprocessing,4,4,True,4,6,4,1,1,1.0,1.0,zephyr,16,8448,81640,10,10,0.5902355229482055,4,,
M-5-N-5-pa-0.15-pe-1.00,LinearSearch With Reduced Qubits,4,4,True,4,6,4,1,1,1.0,1.0,zephyr,16,8448,81640,10,10,0.547184098046273,2,,
M-5-N-5-pa-0.15-pe-1.00,LinearSearch With Reduced Qubits,4,4,True,4,6,4,1,1,1.0,1.0,zephyr,16,8448,81640,10,10,0.6180862309411168,3,,
M-5-N-5-pa-0.15-pe-1.00,LinearSearch With Reduced Qubits,4,4,True,4,6,4,1,1,1.0,1.0,zephyr,16,8448,81640,10,10,0.5608149960171431,4,,
M-5-N-5-pa-0.15-pe-1.00,LinearSearch With Preprocessing and Reduced Qubits,4,4,True,4,6,4,1,1,1.0,1.0,zephyr,16,8448,81640,10,10,0.5774958299007267,4,,
M-5-N-10-pa-0.65-pe-1.00,BinSearch,5,9,True,10,23,12,2,1,1.2,1.2,zephyr,16,8448,81640,10,10,0.5305328951217234,2,,
M-5-N-10-pa-0.65-pe-1.00,LinearSearch,5,9,True,13,35,16,2,1,1.2307692307692308,1.2307692307692308,zephyr,16,8448,81640,10,10,0.6875118459574878,2,,
M-5-N-10-pa-0.65-pe-1.00,LinearSearch With Preprocessing,5,9,True,13,35,16,2,1,1.2307692307692308,1.2307692307692308,zephyr,16,8448,81640,10,10,0.6496300720609725,2,,
M-5-N-10-pa-0.65-pe-1.00,LinearSearch With Reduced Qubits,5,9,True,10,23,12,2,1,1.2,1.2,zephyr,16,8448,81640,10,10,0.6334649298805743,2,,
M-5-N-10-pa-0.65-pe-1.00,LinearSearch With Preprocessing and Reduced Qubits,5,9,True,10,23,12,2,1,1.2,1.2,zephyr,16,8448,81640,10,10,0.6594661579001695,2,,
M-5-N-25-pa-0.55-pe-1.00,BinSearch,5,20,True,6,12,7,2,1,1.1666666666666667,1.1666666666666667,zephyr,16,8448,81640,10,10,0.6236620650161058,4,,
M-5-N-25-pa-0.55-pe-1.00,LinearSearch,5,20,True,6,12,7,2,1,1.1666666666666667,1.1666666666666667,zephyr,16,8448,81640,10,10,0.6191876789089292,2,,
M-5-N-25-pa-0.55-pe-1.00,LinearSearch,5,20,True,6,12,7,2,1,1.1666666666666667,1.1666666666666667,zephyr,16,8448,81640,10,10,0.6135302179027349,3,,
M-5-N-25-pa-0.55-pe-1.00,LinearSearch,5,20,True,6,12,7,2,1,1.1666666666666667,1.1666666666666667,zephyr,16,8448,81640,10,10,0.5877981409430504,4,,
M-5-N-25-pa-0.55-pe-1.00,LinearSearch With Preprocessing,5,20,True,6,12,7,2,1,1.1666666666666667,1.1666666666666667,zephyr,16,8448,81640,10,10,0.598788304021582,4,,
M-5-N-25-pa-0.55-pe-1.00,LinearSearch With Reduced Qubits,5,20,True,6,12,7,2,1,1.1666666666666667,1.1666666666666667,zephyr,16,8448,81640,10,10,0.5822252600919455,2,,
M-5-N-25-pa-0.55-pe-1.00,LinearSearch With Reduced Qubits,5,20,True,6,12,7,2,1,1.1666666666666667,1.1666666666666667,zephyr,16,8448,81640,10,10,0.6189056481234729,3,,
M-5-N-25-pa-0.55-pe-1.00,LinearSearch With Reduced Qubits,5,20,True,6,12,7,2,1,1.1666666666666667,1.1666666666666667,zephyr,16,8448,81640,10,10,0.5754383320454508,4,,
M-5-N-25-pa-0.55-pe-1.00,LinearSearch With Preprocessing and Reduced Qubits,5,20,True,6,12,7,2,1,1.1666666666666667,1.1666666666666667,zephyr,16,8448,81640,10,10,0.6871878870297223,4,,
M-5-N-10-pa-0.25-pe-1.00,BinSearch,4,6,True,4,6,4,1,1,1.0,1.0,zephyr,16,8448,81640,10,10,0.5602738361340016,3,,
M-5-N-10-pa-0.25-pe-1.00,LinearSearch,4,6,True,4,6,4,1,1,1.0,1.0,zephyr,16,8448,81640,10,10,0.579331103945151,2,,
M-5-N-10-pa-0.25-pe-1.00,LinearSearch,4,6,True,4,6,4,1,1,1.0,1.0,zephyr,16,8448,81640,10,10,0.5616352129727602,3,,
M-5-N-10-pa-0.25-pe-1.00,LinearSearch With Preprocessing,4,6,True,4,6,4,1,1,1.0,1.0,zephyr,16,8448,81640,10,10,0.5519643588922918,3,,
M-5-N-10-pa-0.25-pe-1.00,LinearSearch With Reduced Qubits,4,6,True,4,6,4,1,1,1.0,1.0,zephyr,16,8448,81640,10,10,0.6133165089413524,2,,
M-5-N-10-pa-0.25-pe-1.00,LinearSearch With Reduced Qubits,4,6,True,4,6,4,1,1,1.0,1.0,zephyr,16,8448,81640,10,10,0.56567975692451,3,,
M-5-N-10-pa-0.25-pe-1.00,LinearSearch With Preprocessing and Reduced Qubits,4,6,True,4,6,4,1,1,1.0,1.0,zephyr,16,8448,81640,10,10,0.5569273380097002,3,,
M-5-N-10-pa-0.15-pe-1.00,BinSearch,4,5,True,4,6,4,1,1,1.0,1.0,zephyr,16,8448,81640,10,10,0.5494428861420602,4,,
M-5-N-10-pa-0.15-pe-1.00,LinearSearch,4,5,True,4,6,4,1,1,1.0,1.0,zephyr,16,8448,81640,10,10,0.5579887139610946,2,,
M-5-N-10-pa-0.15-pe-1.00,LinearSearch,4,5,True,4,6,4,1,1,1.0,1.0,zephyr,16,8448,81640,10,10,0.6128386058844626,3,,
M-5-N-10-pa-0.15-pe-1.00,LinearSearch,4,5,True,4,6,4,1,1,1.0,1.0,zephyr,16,8448,81640,10,10,0.6157418431248516,4,,
M-5-N-10-pa-0.15-pe-1.00,LinearSearch With Preprocessing,4,5,True,4,6,4,1,1,1.0,1.0,zephyr,16,8448,81640,10,10,0.5955781990196556,4,,
M-5-N-10-pa-0.15-pe-1.00,LinearSearch With Reduced Qubits,4,5,True,4,6,4,1,1,1.0,1.0,zephyr,16,8448,81640,10,10,0.5431582508608699,2,,
M-5-N-10-pa-0.15-pe-1.00,LinearSearch With Reduced Qubits,4,5,True,4,6,4,1,1,1.0,1.0,zephyr,16,8448,81640,10,10,0.5661811719182879,3,,
M-5-N-10-pa-0.15-pe-1.00,LinearSearch With Reduced Qubits,4,5,True,4,6,4,1,1,1.0,1.0,zephyr,16,8448,81640,10,10,0.6079464191570878,4,,
M-5-N-10-pa-0.15-pe-1.00,LinearSearch With Preprocessing and Reduced Qubits,4,5,True,4,6,4,1,1,1.0,1.0,zephyr,16,8448,81640,10,10,0.6334163239225745,4,,
M-5-N-25-pa-0.15-pe-1.00,BinSearch,5,10,True,5,10,6,2,1,1.2,1.2,zephyr,16,8448,81640,10,10,0.5358559798914939,5,,
M-5-N-25-pa-0.15-pe-1.00,LinearSearch,5,10,True,5,10,6,2,1,1.2,1.2,zephyr,16,8448,81640,10,10,0.6131458401214331,2,,
M-5-N-25-pa-0.15-pe-1.00,LinearSearch,5,10,True,5,10,6,2,1,1.2,1.2,zephyr,16,8448,81640,10,10,0.568142781034112,3,,
M-5-N-25-pa-0.15-pe-1.00,LinearSearch,5,10,True,5,10,6,2,1,1.2,1.2,zephyr,16,8448,81640,10,10,0.5698979841545224,4,,
M-5-N-25-pa-0.15-pe-1.00,LinearSearch,5,10,True,5,10,6,2,1,1.2,1.2,zephyr,16,8448,81640,10,10,0.6045702309347689,5,,
M-5-N-25-pa-0.15-pe-1.00,LinearSearch With Preprocessing,5,10,True,5,10,6,2,1,1.2,1.2,zephyr,16,8448,81640,10,10,0.6563042150810361,5,,
M-5-N-25-pa-0.15-pe-1.00,LinearSearch With Reduced Qubits,5,10,True,5,10,6,2,1,1.2,1.2,zephyr,16,8448,81640,10,10,0.566609445028007,2,,
M-5-N-25-pa-0.15-pe-1.00,LinearSearch With Reduced Qubits,5,10,True,5,10,6,2,1,1.2,1.2,zephyr,16,8448,81640,10,10,0.6392966890707612,3,,
M-5-N-25-pa-0.15-pe-1.00,LinearSearch With Reduced Qubits,5,10,True,5,10,6,2,1,1.2,1.2,zephyr,16,8448,81640,10,10,0.6259287728462368,4,,
M-5-N-25-pa-0.15-pe-1.00,LinearSearch With Reduced Qubits,5,10,True,5,10,6,2,1,1.2,1.2,zephyr,16,8448,81640,10,10,0.5887003021780401,5,,
M-5-N-25-pa-0.15-pe-1.00,LinearSearch With Preprocessing and Reduced Qubits,5,10,True,5,10,6,2,1,1.2,1.2,zephyr,16,8448,81640,10,10,0.5559556549414992,5,,
M-5-N-25-pa-0.45-pe-1.00,BinSearch,5,15,True,6,12,7,2,1,1.1666666666666667,1.1666666666666667,zephyr,16,8448,81640,10,10,0.5847691888920963,4,,
M-5-N-25-pa-0.45-pe-1.00,LinearSearch,5,15,True,6,12,7,2,1,1.1666666666666667,1.1666666666666667,zephyr,16,8448,81640,10,10,0.5786934951320291,2,,
M-5-N-25-pa-0.45-pe-1.00,LinearSearch,5,15,True,6,12,7,2,1,1.1666666666666667,1.1666666666666667,zephyr,16,8448,81640,10,10,0.5469337441027164,3,,
M-5-N-25-pa-0.45-pe-1.00,LinearSearch,5,15,True,6,12,7,2,1,1.1666666666666667,1.1666666666666667,zephyr,16,8448,81640,10,10,0.6038722379598767,4,,
M-5-N-25-pa-0.45-pe-1.00,LinearSearch With Preprocessing,5,15,True,6,12,7,2,1,1.1666666666666667,1.1666666666666667,zephyr,16,8448,81640,10,10,0.6583587802015245,4,,
M-5-N-25-pa-0.45-pe-1.00,LinearSearch With Reduced Qubits,5,15,True,6,12,7,2,1,1.1666666666666667,1.1666666666666667,zephyr,16,8448,81640,10,10,0.6059976699762046,2,,
M-5-N-25-pa-0.45-pe-1.00,LinearSearch With Reduced Qubits,5,15,True,6,12,7,2,1,1.1666666666666667,1.1666666666666667,zephyr,16,8448,81640,10,10,0.6044279620982707,3,,
M-5-N-25-pa-0.45-pe-1.00,LinearSearch With Reduced Qubits,5,15,True,6,12,7,2,1,1.1666666666666667,1.1666666666666667,zephyr,16,8448,81640,10,10,0.5681372969411314,4,,
M-5-N-25-pa-0.45-pe-1.00,LinearSearch With Preprocessing and Reduced Qubits,5,15,True,6,12,7,2,1,1.1666666666666667,1.1666666666666667,zephyr,16,8448,81640,10,10,0.6679368449840695,4,,
M-5-N-5-pa-0.25-pe-1.00,BinSearch,5,5,True,6,12,7,2,1,1.1666666666666667,1.1666666666666667,zephyr,16,8448,81640,10,10,0.5833358038216829,4,,
M-5-N-5-pa-0.25-pe-1.00,LinearSearch,5,5,True,6,12,7,2,1,1.1666666666666667,1.1666666666666667,zephyr,16,8448,81640,10,10,0.5916629410348833,2,,
M-5-N-5-pa-0.25-pe-1.00,LinearSearch,5,5,True,6,12,7,2,1,1.1666666666666667,1.1666666666666667,zephyr,16,8448,81640,10,10,0.5815111030824482,3,,
M-5-N-5-pa-0.25-pe-1.00,LinearSearch,5,5,True,6,12,7,2,1,1.1666666666666667,1.1666666666666667,zephyr,16,8448,81640,10,10,0.6054582500364631,4,,
M-5-N-5-pa-0.25-pe-1.00,LinearSearch With Preprocessing,5,5,True,6,12,7,2,1,1.1666666666666667,1.1666666666666667,zephyr,16,8448,81640,10,10,0.5710391039028764,4,,
M-5-N-5-pa-0.25-pe-1.00,LinearSearch With Reduced Qubits,5,5,True,6,12,7,2,1,1.1666666666666667,1.1666666666666667,zephyr,16,8448,81640,10,10,0.5696805359330028,2,,
M-5-N-5-pa-0.25-pe-1.00,LinearSearch With Reduced Qubits,5,5,True,6,12,7,2,1,1.1666666666666667,1.1666666666666667,zephyr,16,8448,81640,10,10,0.6129412320442498,3,,
M-5-N-5-pa-0.25-pe-1.00,LinearSearch With Reduced Qubits,5,5,True,6,12,7,2,1,1.1666666666666667,1.1666666666666667,zephyr,16,8448,81640,10,10,0.5731042141560465,4,,
M-5-N-5-pa-0.25-pe-1.00,LinearSearch With Preprocessing and Reduced Qubits,5,5,True,6,12,7,2,1,1.1666666666666667,1.1666666666666667,zephyr,16,8448,81640,10,10,0.6821864771191031,4,,
M-10-N-5-pa-0.15-pe-1.00,BinSearch,8,5,True,11,37,15,2,1,1.3636363636363635,1.3636363636363635,zephyr,16,8448,81640,10,10,0.706375356996432,3,,
M-10-N-5-pa-0.15-pe-1.00,LinearSearch,8,5,True,11,37,15,2,1,1.3636363636363635,1.3636363636363635,zephyr,16,8448,81640,10,10,0.6626315580215305,2,,
M-10-N-5-pa-0.15-pe-1.00,LinearSearch,8,5,True,11,37,15,2,1,1.3636363636363635,1.3636363636363635,zephyr,16,8448,81640,10,10,0.6685723820701241,3,,
M-10-N-5-pa-0.15-pe-1.00,LinearSearch With Preprocessing,8,5,True,11,37,15,2,1,1.3636363636363635,1.3636363636363635,zephyr,16,8448,81640,10,10,0.6656764659564942,3,,
M-10-N-5-pa-0.15-pe-1.00,LinearSearch With Reduced Qubits,8,5,True,10,33,14,2,1,1.4,1.4,zephyr,16,8448,81640,10,10,0.6236220558639616,2,,
M-10-N-5-pa-0.15-pe-1.00,LinearSearch With Reduced Qubits,8,5,True,11,37,15,2,1,1.3636363636363635,1.3636363636363635,zephyr,16,8448,81640,10,10,0.6442584039177746,3,,
M-10-N-5-pa-0.15-pe-1.00,LinearSearch With Preprocessing and Reduced Qubits,8,5,True,11,37,15,2,1,1.3636363636363635,1.3636363636363635,zephyr,16,8448,81640,10,10,0.6516795170027763,3,,
M-10-N-50-pa-0.75-pe-1.00,BinSearch,10,48,True,21,101,33,3,1,1.5714285714285714,1.5714285714285714,zephyr,16,8448,81640,10,10,1.0962731218896806,2,,
M-10-N-50-pa-0.75-pe-1.00,BinSearch,10,48,True,31,165,57,3,1,1.8387096774193548,1.8387096774193548,zephyr,16,8448,81640,10,10,2.1919746741186827,3,,
M-10-N-50-pa-0.75-pe-1.00,LinearSearch,10,48,True,39,227,82,4,1,2.1025641025641026,2.1025641025641026,zephyr,16,8448,81640,10,10,3.6561359521001577,2,,
M-10-N-50-pa-0.75-pe-1.00,LinearSearch,10,48,True,39,227,82,4,1,2.1025641025641026,2.1025641025641026,zephyr,16,8448,81640,10,10,3.1623485889285803,3,,
M-10-N-50-pa-0.75-pe-1.00,LinearSearch With Preprocessing,10,48,True,39,227,82,4,1,2.1025641025641026,2.1025641025641026,zephyr,16,8448,81640,10,10,3.18508410314098,2,,
M-10-N-50-pa-0.75-pe-1.00,LinearSearch With Preprocessing,10,48,True,39,227,82,4,1,2.1025641025641026,2.1025641025641026,zephyr,16,8448,81640,10,10,3.227504081092775,3,,
M-10-N-50-pa-0.75-pe-1.00,LinearSearch With Reduced Qubits,10,48,True,21,101,33,3,1,1.5714285714285714,1.5714285714285714,zephyr,16,8448,81640,10,10,1.0830259551294148,2,,
M-10-N-50-pa-0.75-pe-1.00,LinearSearch With Reduced Qubits,10,48,True,31,165,57,3,1,1.8387096774193548,1.8387096774193548,zephyr,16,8448,81640,10,10,1.9943947428837419,3,,
M-10-N-50-pa-0.75-pe-1.00,LinearSearch With Preprocessing and Reduced Qubits,10,48,True,21,101,33,3,1,1.5714285714285714,1.5714285714285714,zephyr,16,8448,81640,10,10,0.9948302030097693,2,,
M-10-N-50-pa-0.75-pe-1.00,LinearSearch With Preprocessing and Reduced Qubits,10,48,True,31,165,57,3,1,1.8387096774193548,1.8387096774193548,zephyr,16,8448,81640,10,10,2.089436407899484,3,,
M-10-N-5-pa-0.55-pe-1.00,BinSearch,10,5,True,14,64,22,2,1,1.5714285714285714,1.5714285714285714,zephyr,16,8448,81640,10,10,0.6536972250323743,2,,
M-10-N-5-pa-0.55-pe-1.00,LinearSearch,10,5,True,20,102,34,3,1,1.7,1.7,zephyr,16,8448,81640,10,10,0.824470060877502,2,,
M-10-N-5-pa-0.55-pe-1.00,LinearSearch With Preprocessing,10,5,True,20,102,34,3,1,1.7,1.7,zephyr,16,8448,81640,10,10,0.9369334040675312,2,,
M-10-N-5-pa-0.55-pe-1.00,LinearSearch With Reduced Qubits,10,5,True,14,64,22,2,1,1.5714285714285714,1.5714285714285714,zephyr,16,8448,81640,10,10,0.7603508858010173,2,,
M-10-N-5-pa-0.55-pe-1.00,LinearSearch With Preprocessing and Reduced Qubits,10,5,True,14,64,22,2,1,1.5714285714285714,1.5714285714285714,zephyr,16,8448,81640,10,10,0.7152410978451371,2,,
M-10-N-50-pa-0.15-pe-1.00,BinSearch,10,36,True,10,45,17,2,1,1.7,1.7,zephyr,16,8448,81640,10,10,0.6728929860983044,9,,
M-10-N-50-pa-0.15-pe-1.00,LinearSearch,10,36,True,10,45,17,2,1,1.7,1.7,zephyr,16,8448,81640,10,10,0.7595300821121782,2,,
M-10-N-50-pa-0.15-pe-1.00,LinearSearch,10,36,True,10,45,17,2,1,1.7,1.7,zephyr,16,8448,81640,10,10,0.6851251870393753,3,,
M-10-N-50-pa-0.15-pe-1.00,LinearSearch,10,36,True,10,45,17,2,1,1.7,1.7,zephyr,16,8448,81640,10,10,0.6261376300826669,4,,
M-10-N-50-pa-0.15-pe-1.00,LinearSearch,10,36,True,10,45,17,2,1,1.7,1.7,zephyr,16,8448,81640,10,10,0.6280482911970466,5,,
M-10-N-50-pa-0.15-pe-1.00,LinearSearch,10,36,True,10,45,17,2,1,1.7,1.7,zephyr,16,8448,81640,10,10,0.6752204508520663,6,,
M-10-N-50-pa-0.15-pe-1.00,LinearSearch,10,36,True,10,45,17,2,1,1.7,1.7,zephyr,16,8448,81640,10,10,0.6992165478877723,7,,
M-10-N-50-pa-0.15-pe-1.00,LinearSearch,10,36,True,10,45,17,2,1,1.7,1.7,zephyr,16,8448,81640,10,10,0.706785311922431,8,,
M-10-N-50-pa-0.15-pe-1.00,LinearSearch,10,36,True,10,45,17,2,1,1.7,1.7,zephyr,16,8448,81640,10,10,0.7158073040191084,9,,
M-10-N-50-pa-0.15-pe-1.00,LinearSearch With Preprocessing,10,36,True,10,45,17,2,1,1.7,1.7,zephyr,16,8448,81640,10,10,0.6490331720560789,9,,
M-10-N-50-pa-0.15-pe-1.00,LinearSearch With Reduced Qubits,10,36,True,10,45,17,2,1,1.7,1.7,zephyr,16,8448,81640,10,10,0.7399449609220028,2,,
M-10-N-50-pa-0.15-pe-1.00,LinearSearch With Reduced Qubits,10,36,True,10,45,17,2,1,1.7,1.7,zephyr,16,8448,81640,10,10,0.7310542110353708,3,,
M-10-N-50-pa-0.15-pe-1.00,LinearSearch With Reduced Qubits,10,36,True,10,45,17,2,1,1.7,1.7,zephyr,16,8448,81640,10,10,0.7128377871122211,4,,
M-10-N-50-pa-0.15-pe-1.00,LinearSearch With Reduced Qubits,10,36,True,10,45,17,2,1,1.7,1.7,zephyr,16,8448,81640,10,10,0.6269498260226101,5,,
M-10-N-50-pa-0.15-pe-1.00,LinearSearch With Reduced Qubits,10,36,True,10,45,17,2,1,1.7,1.7,zephyr,16,8448,81640,10,10,0.6340745070483536,6,,
M-10-N-50-pa-0.15-pe-1.00,LinearSearch With Reduced Qubits,10,36,True,10,45,17,2,1,1.7,1.7,zephyr,16,8448,81640,10,10,0.6404625240247697,7,,
M-10-N-50-pa-0.15-pe-1.00,LinearSearch With Reduced Qubits,10,36,True,10,45,17,2,1,1.7,1.7,zephyr,16,8448,81640,10,10,0.6578508641105145,8,,
M-10-N-50-pa-0.15-pe-1.00,LinearSearch With Reduced Qubits,10,36,True,10,45,17,2,1,1.7,1.7,zephyr,16,8448,81640,10,10,0.6715878820978105,9,,
M-10-N-50-pa-0.15-pe-1.00,LinearSearch With Preprocessing and Reduced Qubits,10,36,True,10,45,17,2,1,1.7,1.7,zephyr,16,8448,81640,10,10,0.6988622578792274,9,,
M-10-N-10-pa-0.15-pe-1.00,BinSearch,10,9,True,15,58,22,2,1,1.4666666666666666,1.4666666666666666,zephyr,16,8448,81640,10,10,0.7423951879609376,4,,
M-10-N-10-pa-0.15-pe-1.00,BinSearch,10,9,True,15,58,22,2,1,1.4666666666666666,1.4666666666666666,zephyr,16,8448,81640,10,10,0.708376393886283,5,,
M-10-N-10-pa-0.15-pe-1.00,LinearSearch,10,9,True,15,58,22,2,1,1.4666666666666666,1.4666666666666666,zephyr,16,8448,81640,10,10,0.7046636729501188,2,,
M-10-N-10-pa-0.15-pe-1.00,LinearSearch,10,9,True,15,58,22,2,1,1.4666666666666666,1.4666666666666666,zephyr,16,8448,81640,10,10,0.7402505958452821,3,,
M-10-N-10-pa-0.15-pe-1.00,LinearSearch,10,9,True,15,58,22,2,1,1.4666666666666666,1.4666666666666666,zephyr,16,8448,81640,10,10,0.6736744849476963,4,,
M-10-N-10-pa-0.15-pe-1.00,LinearSearch,10,9,True,15,58,22,2,1,1.4666666666666666,1.4666666666666666,zephyr,16,8448,81640,10,10,0.7687755210790783,5,,
M-10-N-10-pa-0.15-pe-1.00,LinearSearch With Preprocessing,10,9,True,15,58,22,2,1,1.4666666666666666,1.4666666666666666,zephyr,16,8448,81640,10,10,0.6943044739309698,4,,
M-10-N-10-pa-0.15-pe-1.00,LinearSearch With Preprocessing,10,9,True,15,58,22,2,1,1.4666666666666666,1.4666666666666666,zephyr,16,8448,81640,10,10,0.7228603779803962,5,,
M-10-N-10-pa-0.15-pe-1.00,LinearSearch With Reduced Qubits,10,9,True,14,54,21,2,1,1.5,1.5,zephyr,16,8448,81640,10,10,0.6883077500388026,2,,
M-10-N-10-pa-0.15-pe-1.00,LinearSearch With Reduced Qubits,10,9,True,15,58,22,2,1,1.4666666666666666,1.4666666666666666,zephyr,16,8448,81640,10,10,0.7840015380643308,3,,
M-10-N-10-pa-0.15-pe-1.00,LinearSearch With Reduced Qubits,10,9,True,15,58,22,2,1,1.4666666666666666,1.4666666666666666,zephyr,16,8448,81640,10,10,0.6752204359509051,4,,
M-10-N-10-pa-0.15-pe-1.00,LinearSearch With Reduced Qubits,10,9,True,15,58,22,2,1,1.4666666666666666,1.4666666666666666,zephyr,16,8448,81640,10,10,0.736942449817434,5,,
M-10-N-10-pa-0.15-pe-1.00,LinearSearch With Preprocessing and Reduced Qubits,10,9,True,15,58,22,2,1,1.4666666666666666,1.4666666666666666,zephyr,16,8448,81640,10,10,0.7069339680019766,4,,
M-10-N-10-pa-0.15-pe-1.00,LinearSearch With Preprocessing and Reduced Qubits,10,9,True,15,58,22,2,1,1.4666666666666666,1.4666666666666666,zephyr,16,8448,81640,10,10,0.6904717539437115,5,,
M-10-N-50-pa-0.05-pe-1.00,BinSearch,10,22,True,10,45,17,2,1,1.7,1.7,zephyr,16,8448,81640,10,10,0.6443483298644423,10,,
M-10-N-50-pa-0.05-pe-1.00,LinearSearch,10,22,True,10,45,17,2,1,1.7,1.7,zephyr,16,8448,81640,10,10,0.6499202519189566,2,,
M-10-N-50-pa-0.05-pe-1.00,LinearSearch,10,22,True,10,45,17,2,1,1.7,1.7,zephyr,16,8448,81640,10,10,0.6891955868341029,3,,
M-10-N-50-pa-0.05-pe-1.00,LinearSearch,10,22,True,10,45,17,2,1,1.7,1.7,zephyr,16,8448,81640,10,10,0.7070717599708587,4,,
M-10-N-50-pa-0.05-pe-1.00,LinearSearch,10,22,True,10,45,17,2,1,1.7,1.7,zephyr,16,8448,81640,10,10,0.7151796470861882,5,,
M-10-N-50-pa-0.05-pe-1.00,LinearSearch,10,22,True,10,45,17,2,1,1.7,1.7,zephyr,16,8448,81640,10,10,0.6492005879990757,6,,
M-10-N-50-pa-0.05-pe-1.00,LinearSearch,10,22,True,10,45,17,2,1,1.7,1.7,zephyr,16,8448,81640,10,10,0.6968779119197279,7,,
M-10-N-50-pa-0.05-pe-1.00,LinearSearch,10,22,True,10,45,17,2,1,1.7,1.7,zephyr,16,8448,81640,10,10,0.6903736749663949,8,,
M-10-N-50-pa-0.05-pe-1.00,LinearSearch,10,22,True,10,45,17,2,1,1.7,1.7,zephyr,16,8448,81640,10,10,0.7315474119968712,9,,
M-10-N-50-pa-0.05-pe-1.00,LinearSearch,10,22,True,10,45,17,2,1,1.7,1.7,zephyr,16,8448,81640,10,10,0.6698768071364611,10,,
M-10-N-50-pa-0.05-pe-1.00,LinearSearch With Preprocessing,10,22,True,10,45,17,2,1,1.7,1.7,zephyr,16,8448,81640,10,10,0.6441528010182083,10,,
M-10-N-50-pa-0.05-pe-1.00,LinearSearch With Reduced Qubits,10,22,True,10,45,17,2,1,1.7,1.7,zephyr,16,8448,81640,10,10,0.699914060998708,2,,
M-10-N-50-pa-0.05-pe-1.00,LinearSearch With Reduced Qubits,10,22,True,10,45,17,2,1,1.7,1.7,zephyr,16,8448,81640,10,10,0.6649228900205344,3,,
M-10-N-50-pa-0.05-pe-1.00,LinearSearch With Reduced Qubits,10,22,True,10,45,17,2,1,1.7,1.7,zephyr,16,8448,81640,10,10,0.6688581630587578,4,,
M-10-N-50-pa-0.05-pe-1.00,LinearSearch With Reduced Qubits,10,22,True,10,45,17,2,1,1.7,1.7,zephyr,16,8448,81640,10,10,0.6208745678886771,5,,
M-10-N-50-pa-0.05-pe-1.00,LinearSearch With Reduced Qubits,10,22,True,10,45,17,2,1,1.7,1.7,zephyr,16,8448,81640,10,10,0.5760766218882054,6,,
M-10-N-50-pa-0.05-pe-1.00,LinearSearch With Reduced Qubits,10,22,True,10,45,17,2,1,1.7,1.7,zephyr,16,8448,81640,10,10,0.7015797409694642,7,,
M-10-N-50-pa-0.05-pe-1.00,LinearSearch With Reduced Qubits,10,22,True,10,45,17,2,1,1.7,1.7,zephyr,16,8448,81640,10,10,0.6936892459634691,8,,
M-10-N-50-pa-0.05-pe-1.00,LinearSearch With Reduced Qubits,10,22,True,10,45,17,2,1,1.7,1.7,zephyr,16,8448,81640,10,10,0.6807729930151254,9,,
M-10-N-50-pa-0.05-pe-1.00,LinearSearch With Reduced Qubits,10,22,True,10,45,17,2,1,1.7,1.7,zephyr,16,8448,81640,10,10,0.6862681237980723,10,,
M-10-N-50-pa-0.05-pe-1.00,LinearSearch With Preprocessing and Reduced Qubits,10,22,True,10,45,17,2,1,1.7,1.7,zephyr,16,8448,81640,10,10,0.6890667511615902,10,,
M-10-N-50-pa-0.45-pe-1.00,BinSearch,10,46,True,40,166,70,3,1,1.75,1.75,zephyr,16,8448,81640,10,10,1.9613808649592102,3,,
M-10-N-50-pa-0.45-pe-1.00,BinSearch,10,46,True,40,166,70,3,1,1.75,1.75,zephyr,16,8448,81640,10,10,1.633767489111051,4,,
M-10-N-50-pa-0.45-pe-1.00,LinearSearch,10,46,True,42,180,68,4,1,1.619047619047619,1.619047619047619,zephyr,16,8448,81640,10,10,2.7575674150139093,2,,
M-10-N-50-pa-0.45-pe-1.00,LinearSearch,10,46,True,42,180,68,4,1,1.619047619047619,1.619047619047619,zephyr,16,8448,81640,10,10,2.3111151568591595,3,,
M-10-N-50-pa-0.45-pe-1.00,LinearSearch,10,46,True,42,180,68,4,1,1.619047619047619,1.619047619047619,zephyr,16,8448,81640,10,10,2.4520619690883905,4,,
M-10-N-50-pa-0.45-pe-1.00,LinearSearch With Preprocessing,10,46,True,42,180,68,4,1,1.619047619047619,1.619047619047619,zephyr,16,8448,81640,10,10,2.7977362151723355,3,,
M-10-N-50-pa-0.45-pe-1.00,LinearSearch With Preprocessing,10,46,True,42,180,68,4,1,1.619047619047619,1.619047619047619,zephyr,16,8448,81640,10,10,2.7708523150067776,4,,
M-10-N-50-pa-0.45-pe-1.00,LinearSearch With Reduced Qubits,10,46,True,27,103,38,2,1,1.4074074074074074,1.4074074074074074,zephyr,16,8448,81640,10,10,1.0860602241009474,2,,
M-10-N-50-pa-0.45-pe-1.00,LinearSearch With Reduced Qubits,10,46,True,40,166,70,3,1,1.75,1.75,zephyr,16,8448,81640,10,10,1.731486571021378,3,,
M-10-N-50-pa-0.45-pe-1.00,LinearSearch With Reduced Qubits,10,46,True,40,166,70,3,1,1.75,1.75,zephyr,16,8448,81640,10,10,1.7769632840063423,4,,
M-10-N-50-pa-0.45-pe-1.00,LinearSearch With Preprocessing and Reduced Qubits,10,46,True,40,166,70,3,1,1.75,1.75,zephyr,16,8448,81640,10,10,1.5178706371225417,3,,
M-10-N-50-pa-0.45-pe-1.00,LinearSearch With Preprocessing and Reduced Qubits,10,46,True,40,166,70,3,1,1.75,1.75,zephyr,16,8448,81640,10,10,1.5328778638504446,4,,
M-10-N-50-pa-0.35-pe-1.00,BinSearch,10,46,True,22,72,30,2,1,1.3636363636363635,1.3636363636363635,zephyr,16,8448,81640,10,10,0.7116324179805815,5,,
M-10-N-50-pa-0.35-pe-1.00,BinSearch,10,46,True,22,72,30,2,1,1.3636363636363635,1.3636363636363635,zephyr,16,8448,81640,10,10,0.7333208827767521,6,,
M-10-N-50-pa-0.35-pe-1.00,LinearSearch,10,46,True,22,72,30,2,1,1.3636363636363635,1.3636363636363635,zephyr,16,8448,81640,10,10,0.6838257079944015,2,,
M-10-N-50-pa-0.35-pe-1.00,LinearSearch,10,46,True,22,72,30,2,1,1.3636363636363635,1.3636363636363635,zephyr,16,8448,81640,10,10,0.7286385260522366,3,,
M-10-N-50-pa-0.35-pe-1.00,LinearSearch,10,46,True,22,72,30,2,1,1.3636363636363635,1.3636363636363635,zephyr,16,8448,81640,10,10,0.6961774490773678,4,,
M-10-N-50-pa-0.35-pe-1.00,LinearSearch,10,46,True,22,72,30,2,1,1.3636363636363635,1.3636363636363635,zephyr,16,8448,81640,10,10,0.7426615569274873,5,,
M-10-N-50-pa-0.35-pe-1.00,LinearSearch,10,46,True,22,72,30,2,1,1.3636363636363635,1.3636363636363635,zephyr,16,8448,81640,10,10,0.8412861239630729,6,,
M-10-N-50-pa-0.35-pe-1.00,LinearSearch With Preprocessing,10,46,True,22,72,30,2,1,1.3636363636363635,1.3636363636363635,zephyr,16,8448,81640,10,10,0.742273204959929,5,,
M-10-N-50-pa-0.35-pe-1.00,LinearSearch With Preprocessing,10,46,True,22,72,30,2,1,1.3636363636363635,1.3636363636363635,zephyr,16,8448,81640,10,10,0.7527919660788029,6,,
M-10-N-50-pa-0.35-pe-1.00,LinearSearch With Reduced Qubits,10,46,True,21,68,28,2,1,1.3333333333333333,1.3333333333333333,zephyr,16,8448,81640,10,10,0.7563264169730246,2,,
M-10-N-50-pa-0.35-pe-1.00,LinearSearch With Reduced Qubits,10,46,True,22,72,30,2,1,1.3636363636363635,1.3636363636363635,zephyr,16,8448,81640,10,10,0.7011538001243025,3,,
M-10-N-50-pa-0.35-pe-1.00,LinearSearch With Reduced Qubits,10,46,True,22,72,30,2,1,1.3636363636363635,1.3636363636363635,zephyr,16,8448,81640,10,10,0.7392132580280304,4,,
M-10-N-50-pa-0.35-pe-1.00,LinearSearch With Reduced Qubits,10,46,True,22,72,30,2,1,1.3636363636363635,1.3636363636363635,zephyr,16,8448,81640,10,10,0.7367292849812657,5,,
M-10-N-50-pa-0.35-pe-1.00,LinearSearch With Reduced Qubits,10,46,True,22,72,30,2,1,1.3636363636363635,1.3636363636363635,zephyr,16,8448,81640,10,10,0.7236700800713152,6,,
M-10-N-50-pa-0.35-pe-1.00,LinearSearch With Preprocessing and Reduced Qubits,10,46,True,22,72,30,2,1,1.3636363636363635,1.3636363636363635,zephyr,16,8448,81640,10,10,0.717583434889093,5,,
M-10-N-50-pa-0.35-pe-1.00,LinearSearch With Preprocessing and Reduced Qubits,10,46,True,22,72,30,2,1,1.3636363636363635,1.3636363636363635,zephyr,16,8448,81640,10,10,0.8170672568958253,6,,
M-10-N-25-pa-0.85-pe-1.00,BinSearch,10,21,True,19,110,33,3,1,1.736842105263158,1.736842105263158,zephyr,16,8448,81640,10,10,1.1169930319301784,2,,
M-10-N-25-pa-0.85-pe-1.00,LinearSearch,10,21,True,37,267,82,4,1,2.2162162162162162,2.2162162162162162,zephyr,16,8448,81640,10,10,3.1901093940250576,2,,
M-10-N-25-pa-0.85-pe-1.00,LinearSearch With Preprocessing,10,21,True,37,267,82,4,1,2.2162162162162162,2.2162162162162162,zephyr,16,8448,81640,10,10,3.3599691048730165,2,,
M-10-N-25-pa-0.85-pe-1.00,LinearSearch With Reduced Qubits,10,21,True,19,110,33,3,1,1.736842105263158,1.736842105263158,zephyr,16,8448,81640,10,10,1.070054556010291,2,,
M-10-N-25-pa-0.85-pe-1.00,LinearSearch With Preprocessing and Reduced Qubits,10,21,True,19,110,33,3,1,1.736842105263158,1.736842105263158,zephyr,16,8448,81640,10,10,1.1274951458908617,2,,
M-10-N-10-pa-0.75-pe-1.00,BinSearch,10,10,True,17,95,29,3,1,1.7058823529411764,1.7058823529411764,zephyr,16,8448,81640,10,10,0.8825095980428159,2,,
M-10-N-10-pa-0.75-pe-1.00,LinearSearch,10,10,True,31,216,67,3,1,2.161290322580645,2.161290322580645,zephyr,16,8448,81640,10,10,2.085206128889695,2,,
M-10-N-10-pa-0.75-pe-1.00,LinearSearch With Preprocessing,10,10,True,31,216,67,3,1,2.161290322580645,2.161290322580645,zephyr,16,8448,81640,10,10,2.0526537739206105,2,,
M-10-N-10-pa-0.75-pe-1.00,LinearSearch With Reduced Qubits,10,10,True,17,95,29,3,1,1.7058823529411764,1.7058823529411764,zephyr,16,8448,81640,10,10,1.0251780608668923,2,,
M-10-N-10-pa-0.75-pe-1.00,LinearSearch With Preprocessing and Reduced Qubits,10,10,True,17,95,29,3,1,1.7058823529411764,1.7058823529411764,zephyr,16,8448,81640,10,10,0.9496090260799974,2,,
M-10-N-25-pa-0.25-pe-1.00,BinSearch,10,24,True,13,51,20,2,1,1.5384615384615385,1.5384615384615385,zephyr,16,8448,81640,10,10,0.7344645180273801,6,,
M-10-N-25-pa-0.25-pe-1.00,LinearSearch,10,24,True,13,51,20,2,1,1.5384615384615385,1.5384615384615385,zephyr,16,8448,81640,10,10,0.655042062047869,2,,
M-10-N-25-pa-0.25-pe-1.00,LinearSearch,10,24,True,13,51,20,2,1,1.5384615384615385,1.5384615384615385,zephyr,16,8448,81640,10,10,0.6714397959876806,3,,
M-10-N-25-pa-0.25-pe-1.00,LinearSearch,10,24,True,13,51,20,2,1,1.5384615384615385,1.5384615384615385,zephyr,16,8448,81640,10,10,0.690552496118471,4,,
M-10-N-25-pa-0.25-pe-1.00,LinearSearch,10,24,True,13,51,20,2,1,1.5384615384615385,1.5384615384615385,zephyr,16,8448,81640,10,10,0.7515088568907231,5,,
M-10-N-25-pa-0.25-pe-1.00,LinearSearch,10,24,True,13,51,20,2,1,1.5384615384615385,1.5384615384615385,zephyr,16,8448,81640,10,10,0.6886485060676932,6,,
M-10-N-25-pa-0.25-pe-1.00,LinearSearch With Preprocessing,10,24,True,13,51,20,2,1,1.5384615384615385,1.5384615384615385,zephyr,16,8448,81640,10,10,0.6578236180357635,6,,
M-10-N-25-pa-0.25-pe-1.00,LinearSearch With Reduced Qubits,10,24,True,13,51,20,2,1,1.5384615384615385,1.5384615384615385,zephyr,16,8448,81640,10,10,0.6447091021109372,2,,
M-10-N-25-pa-0.25-pe-1.00,LinearSearch With Reduced Qubits,10,24,True,13,51,20,2,1,1.5384615384615385,1.5384615384615385,zephyr,16,8448,81640,10,10,0.7017635719384998,3,,
M-10-N-25-pa-0.25-pe-1.00,LinearSearch With Reduced Qubits,10,24,True,13,51,20,2,1,1.5384615384615385,1.5384615384615385,zephyr,16,8448,81640,10,10,0.7364902319386601,4,,
M-10-N-25-pa-0.25-pe-1.00,LinearSearch With Reduced Qubits,10,24,True,13,51,20,2,1,1.5384615384615385,1.5384615384615385,zephyr,16,8448,81640,10,10,0.7413681799080223,5,,
M-10-N-25-pa-0.25-pe-1.00,LinearSearch With Reduced Qubits,10,24,True,13,51,20,2,1,1.5384615384615385,1.5384615384615385,zephyr,16,8448,81640,10,10,0.7329923021607101,6,,
M-10-N-25-pa-0.25-pe-1.00,LinearSearch With Preprocessing and Reduced Qubits,10,24,True,13,51,20,2,1,1.5384615384615385,1.5384615384615385,zephyr,16,8448,81640,10,10,0.738157622050494,6,,
M-10-N-50-pa-0.95-pe-1.00,BinSearch,10,16,True,17,102,29,3,1,1.7058823529411764,1.7058823529411764,zephyr,16,8448,81640,10,10,0.973196045961231,2,,
M-10-N-50-pa-0.95-pe-1.00,LinearSearch,10,16,True,33,261,75,4,1,2.272727272727273,2.272727272727273,zephyr,16,8448,81640,10,10,3.769633409101516,2,,
M-10-N-50-pa-0.95-pe-1.00,LinearSearch With Preprocessing,10,16,True,33,261,75,4,1,2.272727272727273,2.272727272727273,zephyr,16,8448,81640,10,10,3.4824217988643795,2,,
M-10-N-50-pa-0.95-pe-1.00,LinearSearch With Reduced Qubits,10,16,True,17,102,29,3,1,1.7058823529411764,1.7058823529411764,zephyr,16,8448,81640,10,10,0.795738467015326,2,,
M-10-N-50-pa-0.95-pe-1.00,LinearSearch With Preprocessing and Reduced Qubits,10,16,True,17,102,29,3,1,1.7058823529411764,1.7058823529411764,zephyr,16,8448,81640,10,10,0.947896464029327,2,,
M-10-N-5-pa-0.25-pe-1.00,BinSearch,7,5,True,9,25,12,2,1,1.3333333333333333,1.3333333333333333,zephyr,16,8448,81640,10,10,0.5859391479752958,5,,
M-10-N-5-pa-0.25-pe-1.00,LinearSearch,7,5,True,9,25,12,2,1,1.3333333333333333,1.3333333333333333,zephyr,16,8448,81640,10,10,0.6179770729504526,2,,
M-10-N-5-pa-0.25-pe-1.00,LinearSearch,7,5,True,9,25,12,2,1,1.3333333333333333,1.3333333333333333,zephyr,16,8448,81640,10,10,0.612681221915409,3,,
M-10-N-5-pa-0.25-pe-1.00,LinearSearch,7,5,True,9,25,12,2,1,1.3333333333333333,1.3333333333333333,zephyr,16,8448,81640,10,10,0.6778329878579825,4,,
M-10-N-5-pa-0.25-pe-1.00,LinearSearch,7,5,True,9,25,12,2,1,1.3333333333333333,1.3333333333333333,zephyr,16,8448,81640,10,10,0.6483438981231302,5,,
M-10-N-5-pa-0.25-pe-1.00,LinearSearch With Preprocessing,7,5,True,9,25,12,2,1,1.3333333333333333,1.3333333333333333,zephyr,16,8448,81640,10,10,0.6296399899292737,5,,
M-10-N-5-pa-0.25-pe-1.00,LinearSearch With Reduced Qubits,7,5,True,9,25,12,2,1,1.3333333333333333,1.3333333333333333,zephyr,16,8448,81640,10,10,0.629227998200804,2,,
M-10-N-5-pa-0.25-pe-1.00,LinearSearch With Reduced Qubits,7,5,True,9,25,12,2,1,1.3333333333333333,1.3333333333333333,zephyr,16,8448,81640,10,10,0.6519466100726277,3,,
M-10-N-5-pa-0.25-pe-1.00,LinearSearch With Reduced Qubits,7,5,True,9,25,12,2,1,1.3333333333333333,1.3333333333333333,zephyr,16,8448,81640,10,10,0.6271324169356376,4,,
M-10-N-5-pa-0.25-pe-1.00,LinearSearch With Reduced Qubits,7,5,True,9,25,12,2,1,1.3333333333333333,1.3333333333333333,zephyr,16,8448,81640,10,10,0.6153690980281681,5,,
M-10-N-5-pa-0.25-pe-1.00,LinearSearch With Preprocessing and Reduced Qubits,7,5,True,9,25,12,2,1,1.3333333333333333,1.3333333333333333,zephyr,16,8448,81640,10,10,0.6214007039088756,5,,
M-10-N-10-pa-0.55-pe-1.00,BinSearch,10,10,True,19,86,28,2,1,1.4736842105263157,1.4736842105263157,zephyr,16,8448,81640,10,10,0.8472478270996362,2,,
M-10-N-10-pa-0.55-pe-1.00,BinSearch,10,10,True,27,133,47,3,1,1.7407407407407407,1.7407407407407407,zephyr,16,8448,81640,10,10,1.174630654975772,3,,
M-10-N-10-pa-0.55-pe-1.00,LinearSearch,10,10,True,33,177,61,3,1,1.8484848484848484,1.8484848484848484,zephyr,16,8448,81640,10,10,2.98329104995355,2,,
M-10-N-10-pa-0.55-pe-1.00,LinearSearch,10,10,True,33,177,61,3,1,1.8484848484848484,1.8484848484848484,zephyr,16,8448,81640,10,10,2.9120292619336396,3,,
M-10-N-10-pa-0.55-pe-1.00,LinearSearch With Preprocessing,10,10,True,33,177,61,3,1,1.8484848484848484,1.8484848484848484,zephyr,16,8448,81640,10,10,2.554977214895189,2,,
M-10-N-10-pa-0.55-pe-1.00,LinearSearch With Preprocessing,10,10,True,33,177,61,3,1,1.8484848484848484,1.8484848484848484,zephyr,16,8448,81640,10,10,2.9376288971398026,3,,
M-10-N-10-pa-0.55-pe-1.00,LinearSearch With Reduced Qubits,10,10,True,19,86,28,2,1,1.4736842105263157,1.4736842105263157,zephyr,16,8448,81640,10,10,0.9490036990027875,2,,
M-10-N-10-pa-0.55-pe-1.00,LinearSearch With Reduced Qubits,10,10,True,27,133,47,3,1,1.7407407407407407,1.7407407407407407,zephyr,16,8448,81640,10,10,1.2314577898941934,3,,
M-10-N-10-pa-0.55-pe-1.00,LinearSearch With Preprocessing and Reduced Qubits,10,10,True,19,86,28,2,1,1.4736842105263157,1.4736842105263157,zephyr,16,8448,81640,10,10,0.9114365419372916,2,,
M-10-N-10-pa-0.55-pe-1.00,LinearSearch With Preprocessing and Reduced Qubits,10,10,True,27,133,47,3,1,1.7407407407407407,1.7407407407407407,zephyr,16,8448,81640,10,10,1.160892023006454,3,,
M-10-N-25-pa-0.35-pe-1.00,BinSearch,10,25,True,12,52,18,2,1,1.5,1.5,zephyr,16,8448,81640,10,10,0.6052206549793482,6,,
M-10-N-25-pa-0.35-pe-1.00,LinearSearch,10,25,True,12,52,18,2,1,1.5,1.5,zephyr,16,8448,81640,10,10,0.6749777179211378,2,,
M-10-N-25-pa-0.35-pe-1.00,LinearSearch,10,25,True,12,52,18,2,1,1.5,1.5,zephyr,16,8448,81640,10,10,0.744353739079088,3,,
M-10-N-25-pa-0.35-pe-1.00,LinearSearch,10,25,True,12,52,18,2,1,1.5,1.5,zephyr,16,8448,81640,10,10,0.6552576038520783,4,,
M-10-N-25-pa-0.35-pe-1.00,LinearSearch,10,25,True,12,52,18,2,1,1.5,1.5,zephyr,16,8448,81640,10,10,0.7604510621167719,5,,
M-10-N-25-pa-0.35-pe-1.00,LinearSearch,10,25,True,12,52,18,2,1,1.5,1.5,zephyr,16,8448,81640,10,10,0.6649064507801086,6,,
M-10-N-25-pa-0.35-pe-1.00,LinearSearch With Preprocessing,10,25,True,12,52,18,2,1,1.5,1.5,zephyr,16,8448,81640,10,10,0.6665271101519465,6,,
M-10-N-25-pa-0.35-pe-1.00,LinearSearch With Reduced Qubits,10,25,True,11,48,18,2,1,1.6363636363636365,1.6363636363636365,zephyr,16,8448,81640,10,10,0.7259333240799606,2,,
M-10-N-25-pa-0.35-pe-1.00,LinearSearch With Reduced Qubits,10,25,True,12,52,18,2,1,1.5,1.5,zephyr,16,8448,81640,10,10,0.6704594739712775,3,,
M-10-N-25-pa-0.35-pe-1.00,LinearSearch With Reduced Qubits,10,25,True,12,52,18,2,1,1.5,1.5,zephyr,16,8448,81640,10,10,0.6844396039377898,4,,
M-10-N-25-pa-0.35-pe-1.00,LinearSearch With Reduced Qubits,10,25,True,12,52,18,2,1,1.5,1.5,zephyr,16,8448,81640,10,10,0.6918088470119983,5,,
M-10-N-25-pa-0.35-pe-1.00,LinearSearch With Reduced Qubits,10,25,True,12,52,18,2,1,1.5,1.5,zephyr,16,8448,81640,10,10,0.6153157951775938,6,,
M-10-N-25-pa-0.35-pe-1.00,LinearSearch With Preprocessing and Reduced Qubits,10,25,True,12,52,18,2,1,1.5,1.5,zephyr,16,8448,81640,10,10,0.7018292150460184,6,,
M-10-N-10-pa-0.35-pe-1.00,BinSearch,10,10,True,19,79,28,2,1,1.4736842105263157,1.4736842105263157,zephyr,16,8448,81640,10,10,0.8049945719540119,3,,
M-10-N-10-pa-0.35-pe-1.00,LinearSearch,10,10,True,19,79,28,2,1,1.4736842105263157,1.4736842105263157,zephyr,16,8448,81640,10,10,0.791799996048212,2,,
M-10-N-10-pa-0.35-pe-1.00,LinearSearch,10,10,True,19,79,28,2,1,1.4736842105263157,1.4736842105263157,zephyr,16,8448,81640,10,10,0.9247531739529222,3,,
M-10-N-10-pa-0.35-pe-1.00,LinearSearch With Preprocessing,10,10,True,19,79,28,2,1,1.4736842105263157,1.4736842105263157,zephyr,16,8448,81640,10,10,0.7212756890803576,3,,
M-10-N-10-pa-0.35-pe-1.00,LinearSearch With Reduced Qubits,10,10,True,15,61,23,2,1,1.5333333333333334,1.5333333333333334,zephyr,16,8448,81640,10,10,0.6630690519232303,2,,
M-10-N-10-pa-0.35-pe-1.00,LinearSearch With Reduced Qubits,10,10,True,19,79,28,2,1,1.4736842105263157,1.4736842105263157,zephyr,16,8448,81640,10,10,0.7603226050268859,3,,
M-10-N-10-pa-0.35-pe-1.00,LinearSearch With Preprocessing and Reduced Qubits,10,10,True,19,79,28,2,1,1.4736842105263157,1.4736842105263157,zephyr,16,8448,81640,10,10,0.8059669390786439,3,,
M-10-N-50-pa-0.25-pe-1.00,BinSearch,10,45,True,12,49,19,2,1,1.5833333333333333,1.5833333333333333,zephyr,16,8448,81640,10,10,0.6078892829827964,8,,
M-10-N-50-pa-0.25-pe-1.00,LinearSearch,10,45,True,12,49,19,2,1,1.5833333333333333,1.5833333333333333,zephyr,16,8448,81640,10,10,0.6045053449925035,2,,
M-10-N-50-pa-0.25-pe-1.00,LinearSearch,10,45,True,12,49,19,2,1,1.5833333333333333,1.5833333333333333,zephyr,16,8448,81640,10,10,0.5871324148029089,3,,
M-10-N-50-pa-0.25-pe-1.00,LinearSearch,10,45,True,12,49,19,2,1,1.5833333333333333,1.5833333333333333,zephyr,16,8448,81640,10,10,0.5939818939659745,4,,
M-10-N-50-pa-0.25-pe-1.00,LinearSearch,10,45,True,12,49,19,2,1,1.5833333333333333,1.5833333333333333,zephyr,16,8448,81640,10,10,0.6723776471335441,5,,
M-10-N-50-pa-0.25-pe-1.00,LinearSearch,10,45,True,12,49,19,2,1,1.5833333333333333,1.5833333333333333,zephyr,16,8448,81640,10,10,0.5695635431911796,6,,
M-10-N-50-pa-0.25-pe-1.00,LinearSearch,10,45,True,12,49,19,2,1,1.5833333333333333,1.5833333333333333,zephyr,16,8448,81640,10,10,0.633791555184871,7,,
M-10-N-50-pa-0.25-pe-1.00,LinearSearch,10,45,True,12,49,19,2,1,1.5833333333333333,1.5833333333333333,zephyr,16,8448,81640,10,10,0.7288844238501042,8,,
M-10-N-50-pa-0.25-pe-1.00,LinearSearch With Preprocessing,10,45,True,12,49,19,2,1,1.5833333333333333,1.5833333333333333,zephyr,16,8448,81640,10,10,0.7199574729893357,8,,
M-10-N-50-pa-0.25-pe-1.00,LinearSearch With Reduced Qubits,10,45,True,12,49,19,2,1,1.5833333333333333,1.5833333333333333,zephyr,16,8448,81640,10,10,0.7525723418220878,2,,
M-10-N-50-pa-0.25-pe-1.00,LinearSearch With Reduced Qubits,10,45,True,12,49,19,2,1,1.5833333333333333,1.5833333333333333,zephyr,16,8448,81640,10,10,0.672638530144468,3,,
M-10-N-50-pa-0.25-pe-1.00,LinearSearch With Reduced Qubits,10,45,True,12,49,19,2,1,1.5833333333333333,1.5833333333333333,zephyr,16,8448,81640,10,10,0.6883920219261199,4,,
M-10-N-50-pa-0.25-pe-1.00,LinearSearch With Reduced Qubits,10,45,True,12,49,19,2,1,1.5833333333333333,1.5833333333333333,zephyr,16,8448,81640,10,10,0.7509891630616039,5,,
M-10-N-50-pa-0.25-pe-1.00,LinearSearch With Reduced Qubits,10,45,True,12,49,19,2,1,1.5833333333333333,1.5833333333333333,zephyr,16,8448,81640,10,10,0.7635996569879353,6,,
M-10-N-50-pa-0.25-pe-1.00,LinearSearch With Reduced Qubits,10,45,True,12,49,19,2,1,1.5833333333333333,1.5833333333333333,zephyr,16,8448,81640,10,10,0.6931059688795358,7,,
M-10-N-50-pa-0.25-pe-1.00,LinearSearch With Reduced Qubits,10,45,True,12,49,19,2,1,1.5833333333333333,1.5833333333333333,zephyr,16,8448,81640,10,10,0.6497614681720734,8,,
M-10-N-50-pa-0.25-pe-1.00,LinearSearch With Preprocessing and Reduced Qubits,10,45,True,12,49,19,2,1,1.5833333333333333,1.5833333333333333,zephyr,16,8448,81640,10,10,0.5826562701258808,8,,
M-10-N-25-pa-0.15-pe-1.00,BinSearch,10,21,True,13,51,20,2,1,1.5384615384615385,1.5384615384615385,zephyr,16,8448,81640,10,10,0.6419095541350543,7,,
M-10-N-25-pa-0.15-pe-1.00,LinearSearch,10,21,True,13,51,20,2,1,1.5384615384615385,1.5384615384615385,zephyr,16,8448,81640,10,10,0.6480050878599286,2,,
M-10-N-25-pa-0.15-pe-1.00,LinearSearch,10,21,True,13,51,20,2,1,1.5384615384615385,1.5384615384615385,zephyr,16,8448,81640,10,10,0.6151559988502413,3,,
M-10-N-25-pa-0.15-pe-1.00,LinearSearch,10,21,True,13,51,20,2,1,1.5384615384615385,1.5384615384615385,zephyr,16,8448,81640,10,10,0.6504604639485478,4,,
M-10-N-25-pa-0.15-pe-1.00,LinearSearch,10,21,True,13,51,20,2,1,1.5384615384615385,1.5384615384615385,zephyr,16,8448,81640,10,10,0.6038012730423361,5,,
M-10-N-25-pa-0.15-pe-1.00,LinearSearch,10,21,True,13,51,20,2,1,1.5384615384615385,1.5384615384615385,zephyr,16,8448,81640,10,10,0.6505210739560425,6,,
M-10-N-25-pa-0.15-pe-1.00,LinearSearch,10,21,True,13,51,20,2,1,1.5384615384615385,1.5384615384615385,zephyr,16,8448,81640,10,10,0.5998665809165686,7,,
M-10-N-25-pa-0.15-pe-1.00,LinearSearch With Preprocessing,10,21,True,13,51,20,2,1,1.5384615384615385,1.5384615384615385,zephyr,16,8448,81640,10,10,0.5693398748990148,7,,
M-10-N-25-pa-0.15-pe-1.00,LinearSearch With Reduced Qubits,10,21,True,13,51,20,2,1,1.5384615384615385,1.5384615384615385,zephyr,16,8448,81640,10,10,0.6487661651335657,2,,
M-10-N-25-pa-0.15-pe-1.00,LinearSearch With Reduced Qubits,10,21,True,13,51,20,2,1,1.5384615384615385,1.5384615384615385,zephyr,16,8448,81640,10,10,0.558064549928531,3,,
M-10-N-25-pa-0.15-pe-1.00,LinearSearch With Reduced Qubits,10,21,True,13,51,20,2,1,1.5384615384615385,1.5384615384615385,zephyr,16,8448,81640,10,10,0.6542346570640802,4,,
M-10-N-25-pa-0.15-pe-1.00,LinearSearch With Reduced Qubits,10,21,True,13,51,20,2,1,1.5384615384615385,1.5384615384615385,zephyr,16,8448,81640,10,10,0.589185131015256,5,,
M-10-N-25-pa-0.15-pe-1.00,LinearSearch With Reduced Qubits,10,21,True,13,51,20,2,1,1.5384615384615385,1.5384615384615385,zephyr,16,8448,81640,10,10,0.5833957160357386,6,,
M-10-N-25-pa-0.15-pe-1.00,LinearSearch With Reduced Qubits,10,21,True,13,51,20,2,1,1.5384615384615385,1.5384615384615385,zephyr,16,8448,81640,10,10,0.6540150460787117,7,,
M-10-N-25-pa-0.15-pe-1.00,LinearSearch With Preprocessing and Reduced Qubits,10,21,True,13,51,20,2,1,1.5384615384615385,1.5384615384615385,zephyr,16,8448,81640,10,10,0.7080920289736241,7,,
M-10-N-50-pa-0.85-pe-1.00,BinSearch,10,29,True,20,114,33,3,1,1.65,1.65,zephyr,16,8448,81640,10,10,1.0910931071266532,2,,
M-10-N-50-pa-0.85-pe-1.00,LinearSearch,10,29,True,40,282,95,4,1,2.375,2.375,zephyr,16,8448,81640,10,10,4.200715623097494,2,,
M-10-N-50-pa-0.85-pe-1.00,LinearSearch With Preprocessing,10,29,True,40,282,95,4,1,2.375,2.375,zephyr,16,8448,81640,10,10,3.5856721659656614,2,,
M-10-N-50-pa-0.85-pe-1.00,LinearSearch With Reduced Qubits,10,29,True,20,114,33,3,1,1.65,1.65,zephyr,16,8448,81640,10,10,1.0512711890041828,2,,
M-10-N-50-pa-0.85-pe-1.00,LinearSearch With Preprocessing and Reduced Qubits,10,29,True,20,114,33,3,1,1.65,1.65,zephyr,16,8448,81640,10,10,1.0535294329747558,2,,
M-10-N-25-pa-0.45-pe-1.00,BinSearch,10,25,True,28,114,43,3,1,1.5357142857142858,1.5357142857142858,zephyr,16,8448,81640,10,10,1.193994557019323,3,,
M-10-N-25-pa-0.45-pe-1.00,BinSearch,10,25,True,28,114,43,3,1,1.5357142857142858,1.5357142857142858,zephyr,16,8448,81640,10,10,1.1235360491555184,4,,
M-10-N-25-pa-0.45-pe-1.00,LinearSearch,10,25,True,30,128,47,3,1,1.5666666666666667,1.5666666666666667,zephyr,16,8448,81640,10,10,1.0882812950294465,2,,
M-10-N-25-pa-0.45-pe-1.00,LinearSearch,10,25,True,30,128,47,3,1,1.5666666666666667,1.5666666666666667,zephyr,16,8448,81640,10,10,1.120089059928432,3,,
M-10-N-25-pa-0.45-pe-1.00,LinearSearch,10,25,True,30,128,47,3,1,1.5666666666666667,1.5666666666666667,zephyr,16,8448,81640,10,10,1.2136218030937016,4,,
M-10-N-25-pa-0.45-pe-1.00,LinearSearch With Preprocessing,10,25,True,30,128,47,3,1,1.5666666666666667,1.5666666666666667,zephyr,16,8448,81640,10,10,1.0364087270572782,3,,
M-10-N-25-pa-0.45-pe-1.00,LinearSearch With Preprocessing,10,25,True,30,128,47,3,1,1.5666666666666667,1.5666666666666667,zephyr,16,8448,81640,10,10,1.301608073990792,4,,
M-10-N-25-pa-0.45-pe-1.00,LinearSearch With Reduced Qubits,10,25,True,21,80,29,2,1,1.380952380952381,1.380952380952381,zephyr,16,8448,81640,10,10,0.7305397738236934,2,,
M-10-N-25-pa-0.45-pe-1.00,LinearSearch With Reduced Qubits,10,25,True,28,114,43,3,1,1.5357142857142858,1.5357142857142858,zephyr,16,8448,81640,10,10,1.1093329808209091,3,,
M-10-N-25-pa-0.45-pe-1.00,LinearSearch With Reduced Qubits,10,25,True,28,114,43,3,1,1.5357142857142858,1.5357142857142858,zephyr,16,8448,81640,10,10,1.0665325929876417,4,,
M-10-N-25-pa-0.45-pe-1.00,LinearSearch With Preprocessing and Reduced Qubits,10,25,True,28,114,43,3,1,1.5357142857142858,1.5357142857142858,zephyr,16,8448,81640,10,10,1.127427016152069,3,,
M-10-N-25-pa-0.45-pe-1.00,LinearSearch With Preprocessing and Reduced Qubits,10,25,True,28,114,43,3,1,1.5357142857142858,1.5357142857142858,zephyr,16,8448,81640,10,10,0.9849078310653567,4,,
M-10-N-5-pa-0.05-pe-1.00,BinSearch,6,5,True,7,17,9,2,1,1.2857142857142858,1.2857142857142858,zephyr,16,8448,81640,10,10,0.6172184189781547,4,,
M-10-N-5-pa-0.05-pe-1.00,LinearSearch,6,5,True,7,17,9,2,1,1.2857142857142858,1.2857142857142858,zephyr,16,8448,81640,10,10,0.5708659309893847,2,,
M-10-N-5-pa-0.05-pe-1.00,LinearSearch,6,5,True,7,17,9,2,1,1.2857142857142858,1.2857142857142858,zephyr,16,8448,81640,10,10,0.6049830780830234,3,,
M-10-N-5-pa-0.05-pe-1.00,LinearSearch,6,5,True,7,17,9,2,1,1.2857142857142858,1.2857142857142858,zephyr,16,8448,81640,10,10,0.7179917439352721,4,,
M-10-N-5-pa-0.05-pe-1.00,LinearSearch With Preprocessing,6,5,True,7,17,9,2,1,1.2857142857142858,1.2857142857142858,zephyr,16,8448,81640,10,10,0.6203711580019444,4,,
M-10-N-5-pa-0.05-pe-1.00,LinearSearch With Reduced Qubits,6,5,True,7,17,9,2,1,1.2857142857142858,1.2857142857142858,zephyr,16,8448,81640,10,10,0.6790851291734725,2,,
M-10-N-5-pa-0.05-pe-1.00,LinearSearch With Reduced Qubits,6,5,True,7,17,9,2,1,1.2857142857142858,1.2857142857142858,zephyr,16,8448,81640,10,10,0.5976605559699237,3,,
M-10-N-5-pa-0.05-pe-1.00,LinearSearch With Reduced Qubits,6,5,True,7,17,9,2,1,1.2857142857142858,1.2857142857142858,zephyr,16,8448,81640,10,10,0.6925263372249901,4,,
M-10-N-5-pa-0.05-pe-1.00,LinearSearch With Preprocessing and Reduced Qubits,6,5,True,7,17,9,2,1,1.2857142857142858,1.2857142857142858,zephyr,16,8448,81640,10,10,0.6185559469740838,4,,
M-10-N-10-pa-0.45-pe-1.00,BinSearch,10,10,True,17,72,25,2,1,1.4705882352941178,1.4705882352941178,zephyr,16,8448,81640,10,10,0.7550611200276762,2,,
M-10-N-10-pa-0.45-pe-1.00,BinSearch,10,10,True,24,106,37,3,1,1.5416666666666667,1.5416666666666667,zephyr,16,8448,81640,10,10,0.9720781790092587,3,,
M-10-N-10-pa-0.45-pe-1.00,LinearSearch,10,10,True,26,121,40,3,1,1.5384615384615385,1.5384615384615385,zephyr,16,8448,81640,10,10,1.072347710840404,2,,
M-10-N-10-pa-0.45-pe-1.00,LinearSearch,10,10,True,26,121,40,3,1,1.5384615384615385,1.5384615384615385,zephyr,16,8448,81640,10,10,1.1446911010425538,3,,
M-10-N-10-pa-0.45-pe-1.00,LinearSearch With Preprocessing,10,10,True,26,121,40,3,1,1.5384615384615385,1.5384615384615385,zephyr,16,8448,81640,10,10,0.9043643379118294,2,,
M-10-N-10-pa-0.45-pe-1.00,LinearSearch With Preprocessing,10,10,True,26,121,40,3,1,1.5384615384615385,1.5384615384615385,zephyr,16,8448,81640,10,10,0.9721021698787808,3,,
M-10-N-10-pa-0.45-pe-1.00,LinearSearch With Reduced Qubits,10,10,True,17,72,25,2,1,1.4705882352941178,1.4705882352941178,zephyr,16,8448,81640,10,10,0.7637927019968629,2,,
M-10-N-10-pa-0.45-pe-1.00,LinearSearch With Reduced Qubits,10,10,True,24,106,37,3,1,1.5416666666666667,1.5416666666666667,zephyr,16,8448,81640,10,10,1.1110356871504337,3,,
M-10-N-10-pa-0.45-pe-1.00,LinearSearch With Preprocessing and Reduced Qubits,10,10,True,17,72,25,2,1,1.4705882352941178,1.4705882352941178,zephyr,16,8448,81640,10,10,0.8170425018761307,2,,
M-10-N-10-pa-0.45-pe-1.00,LinearSearch With Preprocessing and Reduced Qubits,10,10,True,24,106,37,3,1,1.5416666666666667,1.5416666666666667,zephyr,16,8448,81640,10,10,1.144539332948625,3,,
M-10-N-10-pa-0.25-pe-1.00,BinSearch,9,10,True,13,49,19,2,1,1.4615384615384615,1.4615384615384615,zephyr,16,8448,81640,10,10,0.6940010979305953,5,,
M-10-N-10-pa-0.25-pe-1.00,LinearSearch,9,10,True,13,49,19,2,1,1.4615384615384615,1.4615384615384615,zephyr,16,8448,81640,10,10,0.7129660588689148,2,,
M-10-N-10-pa-0.25-pe-1.00,LinearSearch,9,10,True,13,49,19,2,1,1.4615384615384615,1.4615384615384615,zephyr,16,8448,81640,10,10,0.6330856750719249,3,,
M-10-N-10-pa-0.25-pe-1.00,LinearSearch,9,10,True,13,49,19,2,1,1.4615384615384615,1.4615384615384615,zephyr,16,8448,81640,10,10,0.7732158889994025,4,,
M-10-N-10-pa-0.25-pe-1.00,LinearSearch,9,10,True,13,49,19,2,1,1.4615384615384615,1.4615384615384615,zephyr,16,8448,81640,10,10,0.695568508002907,5,,
M-10-N-10-pa-0.25-pe-1.00,LinearSearch With Preprocessing,9,10,True,13,49,19,2,1,1.4615384615384615,1.4615384615384615,zephyr,16,8448,81640,10,10,0.7264116380829364,5,,
M-10-N-10-pa-0.25-pe-1.00,LinearSearch With Reduced Qubits,9,10,True,12,44,17,2,1,1.4166666666666667,1.4166666666666667,zephyr,16,8448,81640,10,10,0.5952023060526699,2,,
M-10-N-10-pa-0.25-pe-1.00,LinearSearch With Reduced Qubits,9,10,True,13,49,19,2,1,1.4615384615384615,1.4615384615384615,zephyr,16,8448,81640,10,10,0.6801197279710323,3,,
M-10-N-10-pa-0.25-pe-1.00,LinearSearch With Reduced Qubits,9,10,True,13,49,19,2,1,1.4615384615384615,1.4615384615384615,zephyr,16,8448,81640,10,10,0.6801983891054988,4,,
M-10-N-10-pa-0.25-pe-1.00,LinearSearch With Reduced Qubits,9,10,True,13,49,19,2,1,1.4615384615384615,1.4615384615384615,zephyr,16,8448,81640,10,10,0.8076025799382478,5,,
M-10-N-10-pa-0.25-pe-1.00,LinearSearch With Preprocessing and Reduced Qubits,9,10,True,13,49,19,2,1,1.4615384615384615,1.4615384615384615,zephyr,16,8448,81640,10,10,0.6762749969493598,5,,
M-10-N-50-pa-0.55-pe-1.00,BinSearch,10,48,True,64,328,134,6,1,2.09375,2.09375,zephyr,16,8448,81640,10,10,12.068094846792519,3,,
M-10-N-50-pa-0.55-pe-1.00,BinSearch,10,48,True,64,328,134,6,1,2.09375,2.09375,zephyr,16,8448,81640,10,10,12.081329308915883,4,,
M-10-N-50-pa-0.55-pe-1.00,LinearSearch,10,48,True,82,458,196,8,1,2.3902439024390243,2.3902439024390243,zephyr,16,8448,81640,10,10,27.39602737314999,2,,
M-10-N-50-pa-0.55-pe-1.00,LinearSearch,10,48,True,82,458,196,8,1,2.3902439024390243,2.3902439024390243,zephyr,16,8448,81640,10,10,29.96014509582892,3,,
M-10-N-50-pa-0.55-pe-1.00,LinearSearch,10,48,True,82,458,196,8,1,2.3902439024390243,2.3902439024390243,zephyr,16,8448,81640,10,10,29.213167560985312,4,,
M-10-N-50-pa-0.55-pe-1.00,LinearSearch With Preprocessing,10,48,True,82,458,196,8,1,2.3902439024390243,2.3902439024390243,zephyr,16,8448,81640,10,10,26.997656574007124,2,,
M-10-N-50-pa-0.55-pe-1.00,LinearSearch With Preprocessing,10,48,True,82,458,196,8,1,2.3902439024390243,2.3902439024390243,zephyr,16,8448,81640,10,10,27.374286473030224,3,,
M-10-N-50-pa-0.55-pe-1.00,LinearSearch With Preprocessing,10,48,True,82,458,196,8,1,2.3902439024390243,2.3902439024390243,zephyr,16,8448,81640,10,10,27.588726022979245,4,,
M-10-N-50-pa-0.55-pe-1.00,LinearSearch With Reduced Qubits,10,48,True,37,173,60,4,1,1.6216216216216217,1.6216216216216217,zephyr,16,8448,81640,10,10,1.6933100461028516,2,,
M-10-N-50-pa-0.55-pe-1.00,LinearSearch With Reduced Qubits,10,48,True,64,328,134,6,1,2.09375,2.09375,zephyr,16,8448,81640,10,10,11.98492437810637,3,,
M-10-N-50-pa-0.55-pe-1.00,LinearSearch With Reduced Qubits,10,48,True,64,328,134,6,1,2.09375,2.09375,zephyr,16,8448,81640,10,10,14.30655938689597,4,,
M-10-N-50-pa-0.55-pe-1.00,LinearSearch With Preprocessing and Reduced Qubits,10,48,True,37,173,60,4,1,1.6216216216216217,1.6216216216216217,zephyr,16,8448,81640,10,10,1.856815431965515,2,,
M-10-N-50-pa-0.55-pe-1.00,LinearSearch With Preprocessing and Reduced Qubits,10,48,True,64,328,134,6,1,2.09375,2.09375,zephyr,16,8448,81640,10,10,12.07317725988105,3,,
M-10-N-50-pa-0.55-pe-1.00,LinearSearch With Preprocessing and Reduced Qubits,10,48,True,64,328,134,6,1,2.09375,2.09375,zephyr,16,8448,81640,10,10,12.233511158032343,4,,
M-10-N-10-pa-0.05-pe-1.00,BinSearch,5,6,True,5,10,6,2,1,1.2,1.2,zephyr,16,8448,81640,10,10,0.6104316851124167,5,,
M-10-N-10-pa-0.05-pe-1.00,LinearSearch,5,6,True,5,10,6,2,1,1.2,1.2,zephyr,16,8448,81640,10,10,0.608421394135803,2,,
M-10-N-10-pa-0.05-pe-1.00,LinearSearch,5,6,True,5,10,6,2,1,1.2,1.2,zephyr,16,8448,81640,10,10,0.524564609862864,3,,
M-10-N-10-pa-0.05-pe-1.00,LinearSearch,5,6,True,5,10,6,2,1,1.2,1.2,zephyr,16,8448,81640,10,10,0.6038852869533002,4,,
M-10-N-10-pa-0.05-pe-1.00,LinearSearch,5,6,True,5,10,6,2,1,1.2,1.2,zephyr,16,8448,81640,10,10,0.6142104880418628,5,,
M-10-N-10-pa-0.05-pe-1.00,LinearSearch With Preprocessing,5,6,True,5,10,6,2,1,1.2,1.2,zephyr,16,8448,81640,10,10,0.5983894248493016,5,,
M-10-N-10-pa-0.05-pe-1.00,LinearSearch With Reduced Qubits,5,6,True,5,10,6,2,1,1.2,1.2,zephyr,16,8448,81640,10,10,0.6079152210149914,2,,
M-10-N-10-pa-0.05-pe-1.00,LinearSearch With Reduced Qubits,5,6,True,5,10,6,2,1,1.2,1.2,zephyr,16,8448,81640,10,10,0.6545892159920186,3,,
M-10-N-10-pa-0.05-pe-1.00,LinearSearch With Reduced Qubits,5,6,True,5,10,6,2,1,1.2,1.2,zephyr,16,8448,81640,10,10,0.5696570861618966,4,,
M-10-N-10-pa-0.05-pe-1.00,LinearSearch With Reduced Qubits,5,6,True,5,10,6,2,1,1.2,1.2,zephyr,16,8448,81640,10,10,0.6394188371486962,5,,
M-10-N-10-pa-0.05-pe-1.00,LinearSearch With Preprocessing and Reduced Qubits,5,6,True,5,10,6,2,1,1.2,1.2,zephyr,16,8448,81640,10,10,0.5862403139472008,5,,
M-10-N-10-pa-0.65-pe-1.00,BinSearch,10,10,True,17,81,26,2,1,1.5294117647058822,1.5294117647058822,zephyr,16,8448,81640,10,10,0.8430272368714213,2,,
M-10-N-10-pa-0.65-pe-1.00,LinearSearch,10,10,True,28,156,52,3,1,1.8571428571428572,1.8571428571428572,zephyr,16,8448,81640,10,10,1.592645653989166,2,,
M-10-N-10-pa-0.65-pe-1.00,LinearSearch With Preprocessing,10,10,True,28,156,52,3,1,1.8571428571428572,1.8571428571428572,zephyr,16,8448,81640,10,10,1.4512986021582037,2,,
M-10-N-10-pa-0.65-pe-1.00,LinearSearch With Reduced Qubits,10,10,True,17,81,26,2,1,1.5294117647058822,1.5294117647058822,zephyr,16,8448,81640,10,10,0.8126626489683986,2,,
M-10-N-10-pa-0.65-pe-1.00,LinearSearch With Preprocessing and Reduced Qubits,10,10,True,17,81,26,2,1,1.5294117647058822,1.5294117647058822,zephyr,16,8448,81640,10,10,0.986627564067021,2,,
M-10-N-25-pa-0.65-pe-1.00,BinSearch,10,25,True,20,99,31,3,1,1.55,1.55,zephyr,16,8448,81640,10,10,0.9450660101138055,2,,
M-10-N-25-pa-0.65-pe-1.00,LinearSearch,10,25,True,39,231,80,4,1,2.051282051282051,2.051282051282051,zephyr,16,8448,81640,10,10,3.539802164072171,2,,
M-10-N-25-pa-0.65-pe-1.00,LinearSearch With Preprocessing,10,25,True,39,231,80,4,1,2.051282051282051,2.051282051282051,zephyr,16,8448,81640,10,10,2.792944323970005,2,,
M-10-N-25-pa-0.65-pe-1.00,LinearSearch With Reduced Qubits,10,25,True,20,99,31,3,1,1.55,1.55,zephyr,16,8448,81640,10,10,0.9816022762097418,2,,
M-10-N-25-pa-0.65-pe-1.00,LinearSearch With Preprocessing and Reduced Qubits,10,25,True,20,99,31,3,1,1.55,1.55,zephyr,16,8448,81640,10,10,0.9336557839997113,2,,
M-10-N-25-pa-0.55-pe-1.00,BinSearch,10,25,True,22,98,33,3,1,1.5,1.5,zephyr,16,8448,81640,10,10,1.03397006704472,2,,
M-10-N-25-pa-0.55-pe-1.00,BinSearch,10,25,True,33,160,56,3,1,1.696969696969697,1.696969696969697,zephyr,16,8448,81640,10,10,1.7251379329245538,3,,
M-10-N-25-pa-0.55-pe-1.00,LinearSearch,10,25,True,40,212,80,4,1,2.0,2.0,zephyr,16,8448,81640,10,10,2.711900641908869,2,,
M-10-N-25-pa-0.55-pe-1.00,LinearSearch,10,25,True,40,212,80,4,1,2.0,2.0,zephyr,16,8448,81640,10,10,3.09616943099536,3,,
M-10-N-25-pa-0.55-pe-1.00,LinearSearch With Preprocessing,10,25,True,40,212,80,4,1,2.0,2.0,zephyr,16,8448,81640,10,10,2.745073881931603,2,,
M-10-N-25-pa-0.55-pe-1.00,LinearSearch With Preprocessing,10,25,True,40,212,80,4,1,2.0,2.0,zephyr,16,8448,81640,10,10,3.2227911029476672,3,,
M-10-N-25-pa-0.55-pe-1.00,LinearSearch With Reduced Qubits,10,25,True,22,98,33,3,1,1.5,1.5,zephyr,16,8448,81640,10,10,0.8862468900624663,2,,
M-10-N-25-pa-0.55-pe-1.00,LinearSearch With Reduced Qubits,10,25,True,33,160,56,3,1,1.696969696969697,1.696969696969697,zephyr,16,8448,81640,10,10,1.7831245318520814,3,,
M-10-N-25-pa-0.55-pe-1.00,LinearSearch With Preprocessing and Reduced Qubits,10,25,True,22,98,33,3,1,1.5,1.5,zephyr,16,8448,81640,10,10,0.940679551102221,2,,
M-10-N-25-pa-0.55-pe-1.00,LinearSearch With Preprocessing and Reduced Qubits,10,25,True,33,160,56,3,1,1.696969696969697,1.696969696969697,zephyr,16,8448,81640,10,10,2.1218472020700574,3,,
M-10-N-5-pa-0.45-pe-1.00,BinSearch,9,5,True,14,56,21,2,1,1.5,1.5,zephyr,16,8448,81640,10,10,0.6821265760809183,2,,
M-10-N-5-pa-0.45-pe-1.00,LinearSearch,9,5,True,20,89,32,2,1,1.6,1.6,zephyr,16,8448,81640,10,10,0.9410015440080315,2,,
M-10-N-5-pa-0.45-pe-1.00,LinearSearch With Preprocessing,9,5,True,20,89,32,2,1,1.6,1.6,zephyr,16,8448,81640,10,10,0.7613603540230542,2,,
M-10-N-5-pa-0.45-pe-1.00,LinearSearch With Reduced Qubits,9,5,True,14,56,21,2,1,1.5,1.5,zephyr,16,8448,81640,10,10,0.7923718178644776,2,,
M-10-N-5-pa-0.45-pe-1.00,LinearSearch With Preprocessing and Reduced Qubits,9,5,True,14,56,21,2,1,1.5,1.5,zephyr,16,8448,81640,10,10,0.6991793171036988,2,,
M-10-N-50-pa-0.65-pe-1.00,BinSearch,10,47,True,50,275,104,5,1,2.08,2.08,zephyr,16,8448,81640,10,10,4.979347806191072,3,,
M-10-N-50-pa-0.65-pe-1.00,BinSearch,10,47,True,30,150,49,3,1,1.6333333333333333,1.6333333333333333,zephyr,16,8448,81640,10,10,1.2676205451134592,2,,
M-10-N-50-pa-0.65-pe-1.00,LinearSearch,10,47,True,64,384,149,6,1,2.328125,2.328125,zephyr,16,8448,81640,10,10,18.441982330055907,2,,
M-10-N-50-pa-0.65-pe-1.00,LinearSearch,10,47,True,64,384,149,6,1,2.328125,2.328125,zephyr,16,8448,81640,10,10,18.472171521978453,3,,
M-10-N-50-pa-0.65-pe-1.00,LinearSearch With Preprocessing,10,47,True,64,384,149,6,1,2.328125,2.328125,zephyr,16,8448,81640,10,10,18.383726282045245,2,,
M-10-N-50-pa-0.65-pe-1.00,LinearSearch With Preprocessing,10,47,True,64,384,149,6,1,2.328125,2.328125,zephyr,16,8448,81640,10,10,18.38420930504799,3,,
M-10-N-50-pa-0.65-pe-1.00,LinearSearch With Reduced Qubits,10,47,True,30,150,49,3,1,1.6333333333333333,1.6333333333333333,zephyr,16,8448,81640,10,10,1.5278568719513714,2,,
M-10-N-50-pa-0.65-pe-1.00,LinearSearch With Reduced Qubits,10,47,True,50,275,104,5,1,2.08,2.08,zephyr,16,8448,81640,10,10,5.159962286008522,3,,
M-10-N-50-pa-0.65-pe-1.00,LinearSearch With Preprocessing and Reduced Qubits,10,47,True,30,150,49,3,1,1.6333333333333333,1.6333333333333333,zephyr,16,8448,81640,10,10,1.4237757481168956,2,,
M-10-N-50-pa-0.65-pe-1.00,LinearSearch With Preprocessing and Reduced Qubits,10,47,True,50,275,104,5,1,2.08,2.08,zephyr,16,8448,81640,10,10,4.770977639127523,3,,
M-10-N-25-pa-0.75-pe-1.00,BinSearch,10,22,True,23,130,40,3,1,1.7391304347826086,1.7391304347826086,zephyr,16,8448,81640,10,10,1.199162668082863,2,,
M-10-N-25-pa-0.75-pe-1.00,LinearSearch,10,22,True,49,339,121,5,1,2.4693877551020407,2.4693877551020407,zephyr,16,8448,81640,10,10,7.979499123059213,2,,
M-10-N-25-pa-0.75-pe-1.00,LinearSearch With Preprocessing,10,22,True,49,339,121,5,1,2.4693877551020407,2.4693877551020407,zephyr,16,8448,81640,10,10,7.853821212891489,2,,
M-10-N-25-pa-0.75-pe-1.00,LinearSearch With Reduced Qubits,10,22,True,23,130,40,3,1,1.7391304347826086,1.7391304347826086,zephyr,16,8448,81640,10,10,1.1195317110978067,2,,
M-10-N-25-pa-0.75-pe-1.00,LinearSearch With Preprocessing and Reduced Qubits,10,22,True,23,130,40,3,1,1.7391304347826086,1.7391304347826086,zephyr,16,8448,81640,10,10,1.344500696985051,2,,
M-10-N-25-pa-0.05-pe-1.00,BinSearch,9,11,True,9,36,14,2,1,1.5555555555555556,1.5555555555555556,zephyr,16,8448,81640,10,10,0.5837749738711864,9,,
M-10-N-25-pa-0.05-pe-1.00,LinearSearch,9,11,True,9,36,14,2,1,1.5555555555555556,1.5555555555555556,zephyr,16,8448,81640,10,10,0.6847299030050635,2,,
M-10-N-25-pa-0.05-pe-1.00,LinearSearch,9,11,True,9,36,14,2,1,1.5555555555555556,1.5555555555555556,zephyr,16,8448,81640,10,10,0.6617799559608102,3,,
M-10-N-25-pa-0.05-pe-1.00,LinearSearch,9,11,True,9,36,14,2,1,1.5555555555555556,1.5555555555555556,zephyr,16,8448,81640,10,10,0.6841530401725322,4,,
M-10-N-25-pa-0.05-pe-1.00,LinearSearch,9,11,True,9,36,14,2,1,1.5555555555555556,1.5555555555555556,zephyr,16,8448,81640,10,10,0.6678511230275035,5,,
M-10-N-25-pa-0.05-pe-1.00,LinearSearch,9,11,True,9,36,14,2,1,1.5555555555555556,1.5555555555555556,zephyr,16,8448,81640,10,10,0.7116163519676775,6,,
M-10-N-25-pa-0.05-pe-1.00,LinearSearch,9,11,True,9,36,14,2,1,1.5555555555555556,1.5555555555555556,zephyr,16,8448,81640,10,10,0.685654949164018,7,,
M-10-N-25-pa-0.05-pe-1.00,LinearSearch,9,11,True,9,36,14,2,1,1.5555555555555556,1.5555555555555556,zephyr,16,8448,81640,10,10,0.6215978481341153,8,,
M-10-N-25-pa-0.05-pe-1.00,LinearSearch,9,11,True,9,36,14,2,1,1.5555555555555556,1.5555555555555556,zephyr,16,8448,81640,10,10,0.7007458989974111,9,,
M-10-N-25-pa-0.05-pe-1.00,LinearSearch With Preprocessing,9,11,True,9,36,14,2,1,1.5555555555555556,1.5555555555555556,zephyr,16,8448,81640,10,10,0.7002470649313182,9,,
M-10-N-25-pa-0.05-pe-1.00,LinearSearch With Reduced Qubits,9,11,True,9,36,14,2,1,1.5555555555555556,1.5555555555555556,zephyr,16,8448,81640,10,10,0.6576831128913909,2,,
M-10-N-25-pa-0.05-pe-1.00,LinearSearch With Reduced Qubits,9,11,True,9,36,14,2,1,1.5555555555555556,1.5555555555555556,zephyr,16,8448,81640,10,10,0.6122829739470035,3,,
M-10-N-25-pa-0.05-pe-1.00,LinearSearch With Reduced Qubits,9,11,True,9,36,14,2,1,1.5555555555555556,1.5555555555555556,zephyr,16,8448,81640,10,10,0.6864520248491317,4,,
M-10-N-25-pa-0.05-pe-1.00,LinearSearch With Reduced Qubits,9,11,True,9,36,14,2,1,1.5555555555555556,1.5555555555555556,zephyr,16,8448,81640,10,10,0.6510090839583427,5,,
M-10-N-25-pa-0.05-pe-1.00,LinearSearch With Reduced Qubits,9,11,True,9,36,14,2,1,1.5555555555555556,1.5555555555555556,zephyr,16,8448,81640,10,10,0.7439008350484073,6,,
M-10-N-25-pa-0.05-pe-1.00,LinearSearch With Reduced Qubits,9,11,True,9,36,14,2,1,1.5555555555555556,1.5555555555555556,zephyr,16,8448,81640,10,10,0.7258482980541885,7,,
M-10-N-25-pa-0.05-pe-1.00,LinearSearch With Reduced Qubits,9,11,True,9,36,14,2,1,1.5555555555555556,1.5555555555555556,zephyr,16,8448,81640,10,10,0.6400112588889897,8,,
M-10-N-25-pa-0.05-pe-1.00,LinearSearch With Reduced Qubits,9,11,True,9,36,14,2,1,1.5555555555555556,1.5555555555555556,zephyr,16,8448,81640,10,10,0.6785775979515165,9,,
M-10-N-25-pa-0.05-pe-1.00,LinearSearch With Preprocessing and Reduced Qubits,9,11,True,9,36,14,2,1,1.5555555555555556,1.5555555555555556,zephyr,16,8448,81640,10,10,0.6841970919631422,9,,
M-25-N-50-pa-0.35-pe-1.00,BinSearch,25,50,True,117,1106,492,12,1,4.205128205128205,4.205128205128205,zephyr,16,8448,81640,10,10,32.85284815100022,4,,
M-25-N-50-pa-0.35-pe-1.00,BinSearch,25,50,True,161,1566,829,23,1,5.149068322981367,5.149068322981367,zephyr,16,8448,81640,10,10,39.490826030028984,5,,
M-25-N-50-pa-0.35-pe-1.00,LinearSearch,25,50,True,182,1840,1044,31,1,5.736263736263736,5.736263736263736,zephyr,16,8448,81640,10,10,36.8719105978962,2,,
M-25-N-50-pa-0.35-pe-1.00,LinearSearch,25,50,True,182,1840,1044,31,1,5.736263736263736,5.736263736263736,zephyr,16,8448,81640,10,10,37.3377461140044,3,,
M-25-N-50-pa-0.35-pe-1.00,LinearSearch,25,50,True,182,1840,1044,31,1,5.736263736263736,5.736263736263736,zephyr,16,8448,81640,10,10,37.097601333167404,4,,
M-25-N-50-pa-0.35-pe-1.00,LinearSearch,25,50,True,182,1840,1044,31,1,5.736263736263736,5.736263736263736,zephyr,16,8448,81640,10,10,36.50029128487222,5,,
M-25-N-50-pa-0.35-pe-1.00,LinearSearch With Preprocessing,25,50,True,182,1840,1044,31,1,5.736263736263736,5.736263736263736,zephyr,16,8448,81640,10,10,37.36009401315823,3,,
M-25-N-50-pa-0.35-pe-1.00,LinearSearch With Preprocessing,25,50,True,182,1840,1044,31,1,5.736263736263736,5.736263736263736,zephyr,16,8448,81640,10,10,37.82475762604736,4,,
M-25-N-50-pa-0.35-pe-1.00,LinearSearch With Preprocessing,25,50,True,182,1840,1044,31,1,5.736263736263736,5.736263736263736,zephyr,16,8448,81640,10,10,37.418272922048345,5,,
M-25-N-50-pa-0.35-pe-1.00,LinearSearch With Reduced Qubits,25,50,True,71,680,226,6,1,3.183098591549296,3.183098591549296,zephyr,16,8448,81640,10,10,26.368087138049304,2,,
M-25-N-50-pa-0.35-pe-1.00,LinearSearch With Reduced Qubits,25,50,True,117,1106,498,12,1,4.256410256410256,4.256410256410256,zephyr,16,8448,81640,10,10,32.84953599702567,3,,
M-25-N-50-pa-0.35-pe-1.00,LinearSearch With Reduced Qubits,25,50,True,117,1106,498,12,1,4.256410256410256,4.256410256410256,zephyr,16,8448,81640,10,10,33.281067008152604,4,,
M-25-N-50-pa-0.35-pe-1.00,LinearSearch With Reduced Qubits,25,50,True,161,1566,829,23,1,5.149068322981367,5.149068322981367,zephyr,16,8448,81640,10,10,39.51969897001982,5,,
M-25-N-50-pa-0.35-pe-1.00,LinearSearch With Preprocessing and Reduced Qubits,25,50,True,117,1106,501,12,1,4.282051282051282,4.282051282051282,zephyr,16,8448,81640,10,10,33.014739006059244,3,,
M-25-N-50-pa-0.35-pe-1.00,LinearSearch With Preprocessing and Reduced Qubits,25,50,True,117,1106,498,12,1,4.256410256410256,4.256410256410256,zephyr,16,8448,81640,10,10,32.88356599700637,4,,
M-25-N-50-pa-0.35-pe-1.00,LinearSearch With Preprocessing and Reduced Qubits,25,50,True,161,1566,829,23,1,5.149068322981367,5.149068322981367,zephyr,16,8448,81640,10,10,39.67200721614063,5,,
M-25-N-50-pa-0.15-pe-1.00,BinSearch,25,49,True,59,451,149,5,1,2.5254237288135593,2.5254237288135593,zephyr,16,8448,81640,10,10,6.604484491050243,9,,
M-25-N-50-pa-0.15-pe-1.00,LinearSearch,25,49,True,59,451,149,5,1,2.5254237288135593,2.5254237288135593,zephyr,16,8448,81640,10,10,7.068922217004001,2,,
M-25-N-50-pa-0.15-pe-1.00,LinearSearch,25,49,True,59,451,149,5,1,2.5254237288135593,2.5254237288135593,zephyr,16,8448,81640,10,10,6.758183795958757,3,,
M-25-N-50-pa-0.15-pe-1.00,LinearSearch,25,49,True,59,451,149,5,1,2.5254237288135593,2.5254237288135593,zephyr,16,8448,81640,10,10,7.323149456875399,4,,
M-25-N-50-pa-0.15-pe-1.00,LinearSearch,25,49,True,59,451,149,5,1,2.5254237288135593,2.5254237288135593,zephyr,16,8448,81640,10,10,6.950140286935493,5,,
M-25-N-50-pa-0.15-pe-1.00,LinearSearch,25,49,True,59,451,149,5,1,2.5254237288135593,2.5254237288135593,zephyr,16,8448,81640,10,10,6.716293724952266,6,,
M-25-N-50-pa-0.15-pe-1.00,LinearSearch,25,49,True,59,451,149,5,1,2.5254237288135593,2.5254237288135593,zephyr,16,8448,81640,10,10,6.75543199502863,7,,
M-25-N-50-pa-0.15-pe-1.00,LinearSearch,25,49,True,59,451,149,5,1,2.5254237288135593,2.5254237288135593,zephyr,16,8448,81640,10,10,7.252219214104116,8,,
M-25-N-50-pa-0.15-pe-1.00,LinearSearch,25,49,True,59,451,149,5,1,2.5254237288135593,2.5254237288135593,zephyr,16,8448,81640,10,10,7.356511078076437,9,,
M-25-N-50-pa-0.15-pe-1.00,LinearSearch With Preprocessing,25,49,True,59,451,149,5,1,2.5254237288135593,2.5254237288135593,zephyr,16,8448,81640,10,10,6.039248016895726,9,,
M-25-N-50-pa-0.15-pe-1.00,LinearSearch With Reduced Qubits,25,49,True,42,362,98,4,1,2.3333333333333335,2.3333333333333335,zephyr,16,8448,81640,10,10,4.763262216001749,2,,
M-25-N-50-pa-0.15-pe-1.00,LinearSearch With Reduced Qubits,25,49,True,57,435,131,4,1,2.2982456140350878,2.2982456140350878,zephyr,16,8448,81640,10,10,9.491100269835442,3,,
M-25-N-50-pa-0.15-pe-1.00,LinearSearch With Reduced Qubits,25,49,True,57,435,131,4,1,2.2982456140350878,2.2982456140350878,zephyr,16,8448,81640,10,10,9.519661941099912,4,,
M-25-N-50-pa-0.15-pe-1.00,LinearSearch With Reduced Qubits,25,49,True,59,451,149,5,1,2.5254237288135593,2.5254237288135593,zephyr,16,8448,81640,10,10,6.386930410051718,5,,
M-25-N-50-pa-0.15-pe-1.00,LinearSearch With Reduced Qubits,25,49,True,59,451,149,5,1,2.5254237288135593,2.5254237288135593,zephyr,16,8448,81640,10,10,6.913505382835865,6,,
M-25-N-50-pa-0.15-pe-1.00,LinearSearch With Reduced Qubits,25,49,True,59,451,149,5,1,2.5254237288135593,2.5254237288135593,zephyr,16,8448,81640,10,10,6.104047802975401,7,,
M-25-N-50-pa-0.15-pe-1.00,LinearSearch With Reduced Qubits,25,49,True,59,451,149,5,1,2.5254237288135593,2.5254237288135593,zephyr,16,8448,81640,10,10,6.341286448063329,8,,
M-25-N-50-pa-0.15-pe-1.00,LinearSearch With Reduced Qubits,25,49,True,59,451,149,5,1,2.5254237288135593,2.5254237288135593,zephyr,16,8448,81640,10,10,6.221015664981678,9,,
M-25-N-50-pa-0.15-pe-1.00,LinearSearch With Preprocessing and Reduced Qubits,25,49,True,59,451,149,5,1,2.5254237288135593,2.5254237288135593,zephyr,16,8448,81640,10,10,7.278444344876334,9,,
M-25-N-25-pa-0.85-pe-1.00,BinSearch,25,25,True,49,813,174,5,2,3.5510204081632653,3.5510204081632653,zephyr,16,8448,81640,10,10,13.487230002880096,2,,
M-25-N-25-pa-0.85-pe-1.00,LinearSearch,25,25,True,145,3105,951,22,3,6.558620689655172,6.558620689655172,zephyr,16,8448,81640,10,10,38.02585000614636,2,,
M-25-N-25-pa-0.85-pe-1.00,LinearSearch With Preprocessing,25,25,True,145,3105,951,22,3,6.558620689655172,6.558620689655172,zephyr,16,8448,81640,10,10,46.30596046592109,2,,
M-25-N-25-pa-0.85-pe-1.00,LinearSearch With Reduced Qubits,25,25,True,49,813,174,5,2,3.5510204081632653,3.5510204081632653,zephyr,16,8448,81640,10,10,16.534285112051293,2,,
M-25-N-25-pa-0.85-pe-1.00,LinearSearch With Preprocessing and Reduced Qubits,25,25,True,49,813,174,5,2,3.5510204081632653,3.5510204081632653,zephyr,16,8448,81640,10,10,15.737241847906262,2,,
M-25-N-25-pa-0.05-pe-1.00,BinSearch,22,23,True,27,241,61,3,1,2.259259259259259,2.259259259259259,zephyr,16,8448,81640,10,10,1.7622695819009095,16,,
M-25-N-25-pa-0.05-pe-1.00,LinearSearch,22,23,True,27,241,61,3,1,2.259259259259259,2.259259259259259,zephyr,16,8448,81640,10,10,1.7813799728173763,2,,
M-25-N-25-pa-0.05-pe-1.00,LinearSearch,22,23,True,27,241,61,3,1,2.259259259259259,2.259259259259259,zephyr,16,8448,81640,10,10,1.7984205482061952,3,,
M-25-N-25-pa-0.05-pe-1.00,LinearSearch,22,23,True,27,241,61,3,1,2.259259259259259,2.259259259259259,zephyr,16,8448,81640,10,10,2.2270650849677622,4,,
M-25-N-25-pa-0.05-pe-1.00,LinearSearch,22,23,True,27,241,61,3,1,2.259259259259259,2.259259259259259,zephyr,16,8448,81640,10,10,2.2079035190399736,5,,
M-25-N-25-pa-0.05-pe-1.00,LinearSearch,22,23,True,27,241,61,3,1,2.259259259259259,2.259259259259259,zephyr,16,8448,81640,10,10,1.7674906568136066,6,,
M-25-N-25-pa-0.05-pe-1.00,LinearSearch,22,23,True,27,241,61,3,1,2.259259259259259,2.259259259259259,zephyr,16,8448,81640,10,10,1.7598788728937507,7,,
M-25-N-25-pa-0.05-pe-1.00,LinearSearch,22,23,True,27,241,61,3,1,2.259259259259259,2.259259259259259,zephyr,16,8448,81640,10,10,1.7540778208058327,8,,
M-25-N-25-pa-0.05-pe-1.00,LinearSearch,22,23,True,27,241,61,3,1,2.259259259259259,2.259259259259259,zephyr,16,8448,81640,10,10,1.8411643989384174,9,,
M-25-N-25-pa-0.05-pe-1.00,LinearSearch,22,23,True,27,241,61,3,1,2.259259259259259,2.259259259259259,zephyr,16,8448,81640,10,10,1.8228586509358138,10,,
M-25-N-25-pa-0.05-pe-1.00,LinearSearch,22,23,True,27,241,61,3,1,2.259259259259259,2.259259259259259,zephyr,16,8448,81640,10,10,1.7776454470586032,11,,
M-25-N-25-pa-0.05-pe-1.00,LinearSearch,22,23,True,27,241,61,3,1,2.259259259259259,2.259259259259259,zephyr,16,8448,81640,10,10,1.786692997906357,12,,
M-25-N-25-pa-0.05-pe-1.00,LinearSearch,22,23,True,27,241,61,3,1,2.259259259259259,2.259259259259259,zephyr,16,8448,81640,10,10,1.7484921121504158,13,,
M-25-N-25-pa-0.05-pe-1.00,LinearSearch,22,23,True,27,241,61,3,1,2.259259259259259,2.259259259259259,zephyr,16,8448,81640,10,10,1.7724958760663867,14,,
M-25-N-25-pa-0.05-pe-1.00,LinearSearch,22,23,True,27,241,61,3,1,2.259259259259259,2.259259259259259,zephyr,16,8448,81640,10,10,1.77536526392214,15,,
M-25-N-25-pa-0.05-pe-1.00,LinearSearch,22,23,True,27,241,61,3,1,2.259259259259259,2.259259259259259,zephyr,16,8448,81640,10,10,1.8070100601762533,16,,
M-25-N-25-pa-0.05-pe-1.00,LinearSearch With Preprocessing,22,23,True,27,241,61,3,1,2.259259259259259,2.259259259259259,zephyr,16,8448,81640,10,10,1.8189299700316042,16,,
M-25-N-25-pa-0.05-pe-1.00,LinearSearch With Reduced Qubits,22,23,True,27,241,61,3,1,2.259259259259259,2.259259259259259,zephyr,16,8448,81640,10,10,1.7522862490732223,2,,
M-25-N-25-pa-0.05-pe-1.00,LinearSearch With Reduced Qubits,22,23,True,27,241,61,3,1,2.259259259259259,2.259259259259259,zephyr,16,8448,81640,10,10,1.7554157390259206,3,,
M-25-N-25-pa-0.05-pe-1.00,LinearSearch With Reduced Qubits,22,23,True,27,241,61,3,1,2.259259259259259,2.259259259259259,zephyr,16,8448,81640,10,10,1.8337374350521713,4,,
M-25-N-25-pa-0.05-pe-1.00,LinearSearch With Reduced Qubits,22,23,True,27,241,61,3,1,2.259259259259259,2.259259259259259,zephyr,16,8448,81640,10,10,2.2519971530418843,5,,
M-25-N-25-pa-0.05-pe-1.00,LinearSearch With Reduced Qubits,22,23,True,27,241,61,3,1,2.259259259259259,2.259259259259259,zephyr,16,8448,81640,10,10,1.8532162948977202,6,,
M-25-N-25-pa-0.05-pe-1.00,LinearSearch With Reduced Qubits,22,23,True,27,241,61,3,1,2.259259259259259,2.259259259259259,zephyr,16,8448,81640,10,10,1.8188541869167238,7,,
M-25-N-25-pa-0.05-pe-1.00,LinearSearch With Reduced Qubits,22,23,True,27,241,61,3,1,2.259259259259259,2.259259259259259,zephyr,16,8448,81640,10,10,2.045421363087371,8,,
M-25-N-25-pa-0.05-pe-1.00,LinearSearch With Reduced Qubits,22,23,True,27,241,61,3,1,2.259259259259259,2.259259259259259,zephyr,16,8448,81640,10,10,2.0733524030074477,9,,
M-25-N-25-pa-0.05-pe-1.00,LinearSearch With Reduced Qubits,22,23,True,27,241,61,3,1,2.259259259259259,2.259259259259259,zephyr,16,8448,81640,10,10,1.823215140029788,10,,
M-25-N-25-pa-0.05-pe-1.00,LinearSearch With Reduced Qubits,22,23,True,27,241,61,3,1,2.259259259259259,2.259259259259259,zephyr,16,8448,81640,10,10,1.7874180220533162,11,,
M-25-N-25-pa-0.05-pe-1.00,LinearSearch With Reduced Qubits,22,23,True,27,241,61,3,1,2.259259259259259,2.259259259259259,zephyr,16,8448,81640,10,10,2.0804908550344408,12,,
M-25-N-25-pa-0.05-pe-1.00,LinearSearch With Reduced Qubits,22,23,True,27,241,61,3,1,2.259259259259259,2.259259259259259,zephyr,16,8448,81640,10,10,1.8615075158886611,13,,
M-25-N-25-pa-0.05-pe-1.00,LinearSearch With Reduced Qubits,22,23,True,27,241,61,3,1,2.259259259259259,2.259259259259259,zephyr,16,8448,81640,10,10,1.8660355950705707,14,,
M-25-N-25-pa-0.05-pe-1.00,LinearSearch With Reduced Qubits,22,23,True,27,241,61,3,1,2.259259259259259,2.259259259259259,zephyr,16,8448,81640,10,10,1.7819900459144264,15,,
M-25-N-25-pa-0.05-pe-1.00,LinearSearch With Reduced Qubits,22,23,True,27,241,61,3,1,2.259259259259259,2.259259259259259,zephyr,16,8448,81640,10,10,2.25420223781839,16,,
M-25-N-25-pa-0.05-pe-1.00,LinearSearch With Preprocessing and Reduced Qubits,22,23,True,27,241,61,3,1,2.259259259259259,2.259259259259259,zephyr,16,8448,81640,10,10,1.7732211409602314,16,,
M-25-N-50-pa-0.25-pe-1.00,BinSearch,25,50,True,125,1051,521,12,1,4.168,4.168,zephyr,16,8448,81640,10,10,33.37406676495448,6,,
M-25-N-50-pa-0.25-pe-1.00,BinSearch,25,50,True,125,1051,521,12,1,4.168,4.168,zephyr,16,8448,81640,10,10,32.912470107898116,7,,
M-25-N-50-pa-0.25-pe-1.00,LinearSearch,25,50,True,131,1127,564,15,1,4.305343511450381,4.305343511450381,zephyr,16,8448,81640,10,10,33.95797852403484,2,,
M-25-N-50-pa-0.25-pe-1.00,LinearSearch,25,50,True,131,1127,564,15,1,4.305343511450381,4.305343511450381,zephyr,16,8448,81640,10,10,33.171513217967004,3,,
M-25-N-50-pa-0.25-pe-1.00,LinearSearch,25,50,True,131,1127,564,15,1,4.305343511450381,4.305343511450381,zephyr,16,8448,81640,10,10,34.23493666900322,4,,
M-25-N-50-pa-0.25-pe-1.00,LinearSearch,25,50,True,131,1127,564,15,1,4.305343511450381,4.305343511450381,zephyr,16,8448,81640,10,10,34.11325074499473,5,,
M-25-N-50-pa-0.25-pe-1.00,LinearSearch,25,50,True,131,1127,564,15,1,4.305343511450381,4.305343511450381,zephyr,16,8448,81640,10,10,33.91595261404291,6,,
M-25-N-50-pa-0.25-pe-1.00,LinearSearch,25,50,True,131,1127,564,15,1,4.305343511450381,4.305343511450381,zephyr,16,8448,81640,10,10,33.499405150068924,7,,
M-25-N-50-pa-0.25-pe-1.00,LinearSearch With Preprocessing,25,50,True,131,1127,564,15,1,4.305343511450381,4.305343511450381,zephyr,16,8448,81640,10,10,33.02223261492327,5,,
M-25-N-50-pa-0.25-pe-1.00,LinearSearch With Preprocessing,25,50,True,131,1127,564,15,1,4.305343511450381,4.305343511450381,zephyr,16,8448,81640,10,10,32.99078958318569,6,,
M-25-N-50-pa-0.25-pe-1.00,LinearSearch With Preprocessing,25,50,True,131,1127,564,15,1,4.305343511450381,4.305343511450381,zephyr,16,8448,81640,10,10,34.12521528801881,7,,
M-25-N-50-pa-0.25-pe-1.00,LinearSearch With Reduced Qubits,25,50,True,61,530,178,5,1,2.918032786885246,2.918032786885246,zephyr,16,8448,81640,10,10,12.267619480844587,2,,
M-25-N-50-pa-0.25-pe-1.00,LinearSearch With Reduced Qubits,25,50,True,97,796,336,8,1,3.463917525773196,3.463917525773196,zephyr,16,8448,81640,10,10,31.62980109709315,3,,
M-25-N-50-pa-0.25-pe-1.00,LinearSearch With Reduced Qubits,25,50,True,97,796,336,8,1,3.463917525773196,3.463917525773196,zephyr,16,8448,81640,10,10,31.809026814065874,4,,
M-25-N-50-pa-0.25-pe-1.00,LinearSearch With Reduced Qubits,25,50,True,125,1051,521,12,1,4.168,4.168,zephyr,16,8448,81640,10,10,32.527436847100034,5,,
M-25-N-50-pa-0.25-pe-1.00,LinearSearch With Reduced Qubits,25,50,True,125,1051,521,12,1,4.168,4.168,zephyr,16,8448,81640,10,10,32.33657718100585,6,,
M-25-N-50-pa-0.25-pe-1.00,LinearSearch With Reduced Qubits,25,50,True,125,1051,521,12,1,4.168,4.168,zephyr,16,8448,81640,10,10,34.59462553006597,7,,
M-25-N-50-pa-0.25-pe-1.00,LinearSearch With Preprocessing and Reduced Qubits,25,50,True,125,1051,524,13,1,4.192,4.192,zephyr,16,8448,81640,10,10,33.05175646790303,5,,
M-25-N-50-pa-0.25-pe-1.00,LinearSearch With Preprocessing and Reduced Qubits,25,50,True,125,1051,521,12,1,4.168,4.168,zephyr,16,8448,81640,10,10,32.34726166003384,6,,
M-25-N-50-pa-0.25-pe-1.00,LinearSearch With Preprocessing and Reduced Qubits,25,50,True,125,1051,521,12,1,4.168,4.168,zephyr,16,8448,81640,10,10,32.76775335799903,7,,
M-25-N-5-pa-0.35-pe-1.00,BinSearch,24,5,True,29,325,80,4,1,2.7586206896551726,2.7586206896551726,zephyr,16,8448,81640,10,10,3.7934524088632315,2,,
M-25-N-5-pa-0.35-pe-1.00,LinearSearch,24,5,True,43,491,130,5,1,3.0232558139534884,3.0232558139534884,zephyr,16,8448,81640,10,10,5.769396740011871,2,,
M-25-N-5-pa-0.35-pe-1.00,LinearSearch With Preprocessing,24,5,True,43,491,130,5,1,3.0232558139534884,3.0232558139534884,zephyr,16,8448,81640,10,10,6.343701147008687,2,,
M-25-N-5-pa-0.35-pe-1.00,LinearSearch With Reduced Qubits,24,5,True,29,325,80,4,1,2.7586206896551726,2.7586206896551726,zephyr,16,8448,81640,10,10,3.2845771540887654,2,,
M-25-N-5-pa-0.35-pe-1.00,LinearSearch With Preprocessing and Reduced Qubits,24,5,True,29,325,80,4,1,2.7586206896551726,2.7586206896551726,zephyr,16,8448,81640,10,10,3.181554673006758,2,,
M-25-N-5-pa-0.05-pe-1.00,BinSearch,8,5,True,11,37,15,2,1,1.3636363636363635,1.3636363636363635,zephyr,16,8448,81640,10,10,0.5441033160313964,5,,
M-25-N-5-pa-0.05-pe-1.00,LinearSearch,8,5,True,11,37,15,2,1,1.3636363636363635,1.3636363636363635,zephyr,16,8448,81640,10,10,0.5634217029437423,2,,
M-25-N-5-pa-0.05-pe-1.00,LinearSearch,8,5,True,11,37,15,2,1,1.3636363636363635,1.3636363636363635,zephyr,16,8448,81640,10,10,0.6340685479808599,3,,
M-25-N-5-pa-0.05-pe-1.00,LinearSearch,8,5,True,11,37,15,2,1,1.3636363636363635,1.3636363636363635,zephyr,16,8448,81640,10,10,0.5921585208270699,4,,
M-25-N-5-pa-0.05-pe-1.00,LinearSearch,8,5,True,11,37,15,2,1,1.3636363636363635,1.3636363636363635,zephyr,16,8448,81640,10,10,0.6543615299742669,5,,
M-25-N-5-pa-0.05-pe-1.00,LinearSearch With Preprocessing,8,5,True,11,37,15,2,1,1.3636363636363635,1.3636363636363635,zephyr,16,8448,81640,10,10,0.5998815619386733,5,,
M-25-N-5-pa-0.05-pe-1.00,LinearSearch With Reduced Qubits,8,5,True,10,33,14,2,1,1.4,1.4,zephyr,16,8448,81640,10,10,0.5770054319873452,2,,
M-25-N-5-pa-0.05-pe-1.00,LinearSearch With Reduced Qubits,8,5,True,11,37,15,2,1,1.3636363636363635,1.3636363636363635,zephyr,16,8448,81640,10,10,0.6048491939436644,3,,
M-25-N-5-pa-0.05-pe-1.00,LinearSearch With Reduced Qubits,8,5,True,11,37,15,2,1,1.3636363636363635,1.3636363636363635,zephyr,16,8448,81640,10,10,0.5200089670252055,4,,
M-25-N-5-pa-0.05-pe-1.00,LinearSearch With Reduced Qubits,8,5,True,11,37,15,2,1,1.3636363636363635,1.3636363636363635,zephyr,16,8448,81640,10,10,0.6285085501149297,5,,
M-25-N-5-pa-0.05-pe-1.00,LinearSearch With Preprocessing and Reduced Qubits,8,5,True,11,37,15,2,1,1.3636363636363635,1.3636363636363635,zephyr,16,8448,81640,10,10,0.6168488028924912,5,,
M-25-N-25-pa-0.35-pe-1.00,BinSearch,25,25,True,50,521,154,5,1,3.08,3.08,zephyr,16,8448,81640,10,10,12.372794465860352,2,,
M-25-N-25-pa-0.35-pe-1.00,BinSearch,25,25,True,75,767,261,7,1,3.48,3.48,zephyr,16,8448,81640,10,10,30.358821912901476,3,,
M-25-N-25-pa-0.35-pe-1.00,LinearSearch,25,25,True,117,1259,557,14,1,4.760683760683761,4.760683760683761,zephyr,16,8448,81640,10,10,32.29787702392787,2,,
M-25-N-25-pa-0.35-pe-1.00,LinearSearch,25,25,True,117,1259,557,14,1,4.760683760683761,4.760683760683761,zephyr,16,8448,81640,10,10,33.77297477400862,3,,
M-25-N-25-pa-0.35-pe-1.00,LinearSearch With Preprocessing,25,25,True,117,1259,557,14,1,4.760683760683761,4.760683760683761,zephyr,16,8448,81640,10,10,34.26028252393007,2,,
M-25-N-25-pa-0.35-pe-1.00,LinearSearch With Preprocessing,25,25,True,117,1259,593,14,1,5.068376068376068,5.068376068376068,zephyr,16,8448,81640,10,10,32.30416409019381,3,,
M-25-N-25-pa-0.35-pe-1.00,LinearSearch With Reduced Qubits,25,25,True,50,521,154,5,1,3.08,3.08,zephyr,16,8448,81640,10,10,10.810313671128824,2,,
M-25-N-25-pa-0.35-pe-1.00,LinearSearch With Reduced Qubits,25,25,True,75,767,261,7,1,3.48,3.48,zephyr,16,8448,81640,10,10,30.947079300880432,3,,
M-25-N-25-pa-0.35-pe-1.00,LinearSearch With Preprocessing and Reduced Qubits,25,25,True,50,521,154,5,1,3.08,3.08,zephyr,16,8448,81640,10,10,11.20539583498612,2,,
M-25-N-25-pa-0.35-pe-1.00,LinearSearch With Preprocessing and Reduced Qubits,25,25,True,75,767,261,7,1,3.48,3.48,zephyr,16,8448,81640,10,10,30.91937259095721,3,,
M-25-N-10-pa-0.35-pe-1.00,BinSearch,23,10,True,33,336,91,4,1,2.757575757575758,2.757575757575758,zephyr,16,8448,81640,10,10,4.345627200091258,2,,
M-25-N-10-pa-0.35-pe-1.00,LinearSearch,23,10,True,59,609,196,6,1,3.3220338983050848,3.3220338983050848,zephyr,16,8448,81640,10,10,12.796784723177552,2,,
M-25-N-10-pa-0.35-pe-1.00,LinearSearch With Preprocessing,23,10,True,59,609,196,6,1,3.3220338983050848,3.3220338983050848,zephyr,16,8448,81640,10,10,11.533392081037164,2,,
M-25-N-10-pa-0.35-pe-1.00,LinearSearch With Reduced Qubits,23,10,True,33,336,91,4,1,2.757575757575758,2.757575757575758,zephyr,16,8448,81640,10,10,3.7862228190060705,2,,
M-25-N-10-pa-0.35-pe-1.00,LinearSearch With Preprocessing and Reduced Qubits,23,10,True,33,336,91,4,1,2.757575757575758,2.757575757575758,zephyr,16,8448,81640,10,10,3.8868630591314286,2,,
M-25-N-10-pa-0.25-pe-1.00,BinSearch,24,10,True,44,396,115,4,1,2.6136363636363638,2.6136363636363638,zephyr,16,8448,81640,10,10,6.241982527077198,3,,
M-25-N-10-pa-0.25-pe-1.00,LinearSearch,24,10,True,52,461,153,5,1,2.9423076923076925,2.9423076923076925,zephyr,16,8448,81640,10,10,7.635056096129119,2,,
M-25-N-10-pa-0.25-pe-1.00,LinearSearch,24,10,True,52,461,153,5,1,2.9423076923076925,2.9423076923076925,zephyr,16,8448,81640,10,10,7.501172563992441,3,,
M-25-N-10-pa-0.25-pe-1.00,LinearSearch With Preprocessing,24,10,True,52,461,153,5,1,2.9423076923076925,2.9423076923076925,zephyr,16,8448,81640,10,10,9.143270587082952,3,,
M-25-N-10-pa-0.25-pe-1.00,LinearSearch With Reduced Qubits,24,10,True,34,331,84,3,1,2.4705882352941178,2.4705882352941178,zephyr,16,8448,81640,10,10,3.7493084059096873,2,,
M-25-N-10-pa-0.25-pe-1.00,LinearSearch With Reduced Qubits,24,10,True,44,396,115,4,1,2.6136363636363638,2.6136363636363638,zephyr,16,8448,81640,10,10,5.9965324169024825,3,,
M-25-N-10-pa-0.25-pe-1.00,LinearSearch With Preprocessing and Reduced Qubits,24,10,True,44,396,115,4,1,2.6136363636363638,2.6136363636363638,zephyr,16,8448,81640,10,10,5.982817451003939,3,,
M-25-N-10-pa-0.45-pe-1.00,BinSearch,25,10,True,35,412,107,5,2,3.057142857142857,3.057142857142857,zephyr,16,8448,81640,10,10,5.559059857856482,2,,
M-25-N-10-pa-0.45-pe-1.00,LinearSearch,25,10,True,65,808,255,7,2,3.923076923076923,3.923076923076923,zephyr,16,8448,81640,10,10,23.1757142720744,2,,
M-25-N-10-pa-0.45-pe-1.00,LinearSearch With Preprocessing,25,10,True,65,808,255,7,2,3.923076923076923,3.923076923076923,zephyr,16,8448,81640,10,10,21.918680373113602,2,,
M-25-N-10-pa-0.45-pe-1.00,LinearSearch With Reduced Qubits,25,10,True,35,412,107,5,2,3.057142857142857,3.057142857142857,zephyr,16,8448,81640,10,10,5.803295525023714,2,,
M-25-N-10-pa-0.45-pe-1.00,LinearSearch With Preprocessing and Reduced Qubits,25,10,True,35,412,107,5,2,3.057142857142857,3.057142857142857,zephyr,16,8448,81640,10,10,5.350366908824071,2,,
M-25-N-50-pa-0.55-pe-1.00,BinSearch,25,50,True,121,1646,601,15,2,4.966942148760331,4.966942148760331,zephyr,16,8448,81640,10,10,33.30904916487634,3,,
M-25-N-50-pa-0.55-pe-1.00,BinSearch,25,50,True,73,949,266,7,1,3.643835616438356,3.643835616438356,zephyr,16,8448,81640,10,10,31.17140857502818,2,,
M-25-N-50-pa-0.55-pe-1.00,LinearSearch,25,50,True,222,3304,1696,44,2,7.63963963963964,7.63963963963964,zephyr,16,8448,81640,10,10,47.352551952935755,2,,
M-25-N-50-pa-0.55-pe-1.00,LinearSearch,25,50,True,222,3304,1696,44,2,7.63963963963964,7.63963963963964,zephyr,16,8448,81640,10,9,48.370887201977894,3,,
M-25-N-50-pa-0.55-pe-1.00,LinearSearch With Preprocessing,25,50,True,222,3304,1694,40,2,7.63063063063063,7.63063063063063,zephyr,16,8448,81640,10,9,44.33724850602448,2,,
M-25-N-50-pa-0.55-pe-1.00,LinearSearch With Preprocessing,25,50,True,222,3304,1740,43,2,7.837837837837838,7.837837837837838,zephyr,16,8448,81640,10,10,48.30543294805102,3,,
M-25-N-50-pa-0.55-pe-1.00,LinearSearch With Reduced Qubits,25,50,True,73,949,266,7,1,3.643835616438356,3.643835616438356,zephyr,16,8448,81640,10,10,30.83962876512669,2,,
M-25-N-50-pa-0.55-pe-1.00,LinearSearch With Reduced Qubits,25,50,True,121,1646,578,15,2,4.776859504132231,4.776859504132231,zephyr,16,8448,81640,10,10,33.29089971189387,3,,
M-25-N-50-pa-0.55-pe-1.00,LinearSearch With Preprocessing and Reduced Qubits,25,50,True,73,949,266,7,1,3.643835616438356,3.643835616438356,zephyr,16,8448,81640,10,10,31.215057377004996,2,,
M-25-N-50-pa-0.55-pe-1.00,LinearSearch With Preprocessing and Reduced Qubits,25,50,True,121,1646,598,15,2,4.9421487603305785,4.9421487603305785,zephyr,16,8448,81640,10,10,36.277790426043794,3,,
M-25-N-50-pa-0.65-pe-1.00,BinSearch,25,50,True,73,1076,262,7,1,3.589041095890411,3.589041095890411,zephyr,16,8448,81640,10,10,31.043279208010063,2,,
M-25-N-50-pa-0.65-pe-1.00,LinearSearch,25,50,True,239,4176,2020,57,2,8.451882845188285,8.451882845188285,zephyr,16,8448,81640,10,10,49.45369213493541,2,,
M-25-N-50-pa-0.65-pe-1.00,LinearSearch With Preprocessing,25,50,True,239,4176,2020,57,2,8.451882845188285,8.451882845188285,zephyr,16,8448,81640,10,10,50.33861765288748,2,,
M-25-N-50-pa-0.65-pe-1.00,LinearSearch With Reduced Qubits,25,50,True,73,1076,262,7,1,3.589041095890411,3.589041095890411,zephyr,16,8448,81640,10,10,30.68486158712767,2,,
M-25-N-50-pa-0.65-pe-1.00,LinearSearch With Preprocessing and Reduced Qubits,25,50,True,73,1076,262,7,1,3.589041095890411,3.589041095890411,zephyr,16,8448,81640,10,10,30.344495880883187,2,,
M-25-N-25-pa-0.75-pe-1.00,BinSearch,25,25,True,47,705,158,5,2,3.3617021276595747,3.3617021276595747,zephyr,16,8448,81640,10,10,11.568106784950942,2,,
M-25-N-25-pa-0.75-pe-1.00,LinearSearch,25,25,True,132,2491,746,16,3,5.651515151515151,5.651515151515151,zephyr,16,8448,81640,10,10,40.30612432095222,2,,
M-25-N-25-pa-0.75-pe-1.00,LinearSearch With Preprocessing,25,25,True,132,2491,746,16,3,5.651515151515151,5.651515151515151,zephyr,16,8448,81640,10,10,37.70956529211253,2,,
M-25-N-25-pa-0.75-pe-1.00,LinearSearch With Reduced Qubits,25,25,True,47,705,158,5,2,3.3617021276595747,3.3617021276595747,zephyr,16,8448,81640,10,10,12.111185462912545,2,,
M-25-N-25-pa-0.75-pe-1.00,LinearSearch With Preprocessing and Reduced Qubits,25,25,True,47,705,158,5,2,3.3617021276595747,3.3617021276595747,zephyr,16,8448,81640,10,10,12.750714367022738,2,,
M-25-N-25-pa-0.45-pe-1.00,BinSearch,25,25,True,50,565,164,5,1,3.28,3.28,zephyr,16,8448,81640,10,10,10.14916523406282,2,,
M-25-N-25-pa-0.45-pe-1.00,BinSearch,25,25,True,75,855,286,7,2,3.8133333333333335,3.8133333333333335,zephyr,16,8448,81640,10,10,30.973580760182813,3,,
M-25-N-25-pa-0.45-pe-1.00,LinearSearch,25,25,True,118,1434,596,13,2,5.0508474576271185,5.0508474576271185,zephyr,16,8448,81640,10,10,34.175743594998494,2,,
M-25-N-25-pa-0.45-pe-1.00,LinearSearch,25,25,True,118,1434,596,13,2,5.0508474576271185,5.0508474576271185,zephyr,16,8448,81640,10,10,34.266778465826064,3,,
M-25-N-25-pa-0.45-pe-1.00,LinearSearch With Preprocessing,25,25,True,118,1434,577,13,2,4.889830508474576,4.889830508474576,zephyr,16,8448,81640,10,10,34.29919388704002,2,,
M-25-N-25-pa-0.45-pe-1.00,LinearSearch With Preprocessing,25,25,True,118,1434,596,13,2,5.0508474576271185,5.0508474576271185,zephyr,16,8448,81640,10,10,34.267616281984374,3,,
M-25-N-25-pa-0.45-pe-1.00,LinearSearch With Reduced Qubits,25,25,True,50,565,164,5,1,3.28,3.28,zephyr,16,8448,81640,10,10,9.857787086162716,2,,
M-25-N-25-pa-0.45-pe-1.00,LinearSearch With Reduced Qubits,25,25,True,75,855,286,7,2,3.8133333333333335,3.8133333333333335,zephyr,16,8448,81640,10,10,30.95424984395504,3,,
M-25-N-25-pa-0.45-pe-1.00,LinearSearch With Preprocessing and Reduced Qubits,25,25,True,50,565,164,5,1,3.28,3.28,zephyr,16,8448,81640,10,10,10.807649163063616,2,,
M-25-N-25-pa-0.45-pe-1.00,LinearSearch With Preprocessing and Reduced Qubits,25,25,True,75,855,286,7,2,3.8133333333333335,3.8133333333333335,zephyr,16,8448,81640,10,10,31.001011044019833,3,,
M-25-N-10-pa-0.65-pe-1.00,BinSearch,25,10,True,35,459,115,4,2,3.2857142857142856,3.2857142857142856,zephyr,16,8448,81640,10,10,4.521119378041476,2,,
M-25-N-10-pa-0.65-pe-1.00,LinearSearch,25,10,True,68,1059,299,8,2,4.397058823529412,4.397058823529412,zephyr,16,8448,81640,10,10,30.84069413691759,2,,
M-25-N-10-pa-0.65-pe-1.00,LinearSearch With Preprocessing,25,10,True,68,1059,299,8,2,4.397058823529412,4.397058823529412,zephyr,16,8448,81640,10,10,30.90993917407468,2,,
M-25-N-10-pa-0.65-pe-1.00,LinearSearch With Reduced Qubits,25,10,True,35,459,115,4,2,3.2857142857142856,3.2857142857142856,zephyr,16,8448,81640,10,10,4.210134637076408,2,,
M-25-N-10-pa-0.65-pe-1.00,LinearSearch With Preprocessing and Reduced Qubits,25,10,True,35,459,115,4,2,3.2857142857142856,3.2857142857142856,zephyr,16,8448,81640,10,10,4.1108689359389246,2,,
M-25-N-5-pa-0.45-pe-1.00,BinSearch,25,5,True,30,364,88,4,2,2.933333333333333,2.933333333333333,zephyr,16,8448,81640,10,10,5.11148511711508,2,,
M-25-N-5-pa-0.45-pe-1.00,LinearSearch,25,5,True,45,586,153,5,2,3.4,3.4,zephyr,16,8448,81640,10,10,7.779975711135194,2,,
M-25-N-5-pa-0.45-pe-1.00,LinearSearch With Preprocessing,25,5,True,45,586,153,5,2,3.4,3.4,zephyr,16,8448,81640,10,10,8.729557620827109,2,,
M-25-N-5-pa-0.45-pe-1.00,LinearSearch With Reduced Qubits,25,5,True,30,364,88,4,2,2.933333333333333,2.933333333333333,zephyr,16,8448,81640,10,10,4.830852693179622,2,,
M-25-N-5-pa-0.45-pe-1.00,LinearSearch With Preprocessing and Reduced Qubits,25,5,True,30,364,88,4,2,2.933333333333333,2.933333333333333,zephyr,16,8448,81640,10,10,4.472633860073984,2,,
M-25-N-25-pa-0.65-pe-1.00,BinSearch,25,25,True,50,706,172,5,2,3.44,3.44,zephyr,16,8448,81640,10,10,15.016141551081091,2,,
M-25-N-25-pa-0.65-pe-1.00,LinearSearch,25,25,True,137,2340,816,22,2,5.956204379562044,5.956204379562044,zephyr,16,8448,81640,10,10,40.89682640694082,2,,
M-25-N-25-pa-0.65-pe-1.00,LinearSearch With Preprocessing,25,25,True,137,2340,816,22,2,5.956204379562044,5.956204379562044,zephyr,16,8448,81640,10,10,40.40282496181317,2,,
M-25-N-25-pa-0.65-pe-1.00,LinearSearch With Reduced Qubits,25,25,True,50,706,172,5,2,3.44,3.44,zephyr,16,8448,81640,10,10,15.23803164693527,2,,
M-25-N-25-pa-0.65-pe-1.00,LinearSearch With Preprocessing and Reduced Qubits,25,25,True,50,706,172,5,2,3.44,3.44,zephyr,16,8448,81640,10,10,16.849742138991132,2,,
M-25-N-25-pa-0.55-pe-1.00,BinSearch,25,25,True,49,643,168,6,1,3.4285714285714284,3.4285714285714284,zephyr,16,8448,81640,10,10,11.940314067993313,2,,
M-25-N-25-pa-0.55-pe-1.00,BinSearch,25,25,True,73,1010,297,8,2,4.068493150684931,4.068493150684931,zephyr,16,8448,81640,10,10,27.589273867197335,3,,
M-25-N-25-pa-0.55-pe-1.00,LinearSearch,25,25,True,125,1902,713,17,2,5.704,5.704,zephyr,16,8448,81640,10,10,35.482677838997915,2,,
M-25-N-25-pa-0.55-pe-1.00,LinearSearch,25,25,True,125,1902,749,17,2,5.992,5.992,zephyr,16,8448,81640,10,10,36.2816734588705,3,,
M-25-N-25-pa-0.55-pe-1.00,LinearSearch With Preprocessing,25,25,True,125,1902,713,17,2,5.704,5.704,zephyr,16,8448,81640,10,10,35.18719464610331,2,,
M-25-N-25-pa-0.55-pe-1.00,LinearSearch With Preprocessing,25,25,True,125,1902,713,17,2,5.704,5.704,zephyr,16,8448,81640,10,10,34.773178591858596,3,,
M-25-N-25-pa-0.55-pe-1.00,LinearSearch With Reduced Qubits,25,25,True,49,643,168,6,1,3.4285714285714284,3.4285714285714284,zephyr,16,8448,81640,10,10,12.094832650152966,2,,
M-25-N-25-pa-0.55-pe-1.00,LinearSearch With Reduced Qubits,25,25,True,73,1010,297,8,2,4.068493150684931,4.068493150684931,zephyr,16,8448,81640,10,10,30.864864341914654,3,,
M-25-N-25-pa-0.55-pe-1.00,LinearSearch With Preprocessing and Reduced Qubits,25,25,True,49,643,168,6,1,3.4285714285714284,3.4285714285714284,zephyr,16,8448,81640,10,10,12.69032846391201,2,,
M-25-N-25-pa-0.55-pe-1.00,LinearSearch With Preprocessing and Reduced Qubits,25,25,True,73,1010,297,8,2,4.068493150684931,4.068493150684931,zephyr,16,8448,81640,10,10,27.775535092921928,3,,
M-25-N-5-pa-0.25-pe-1.00,BinSearch,16,5,True,21,154,42,3,1,2.0,2.0,zephyr,16,8448,81640,10,10,1.5928475321270525,2,,
M-25-N-5-pa-0.25-pe-1.00,LinearSearch,16,5,True,31,243,71,3,1,2.2903225806451615,2.2903225806451615,zephyr,16,8448,81640,10,10,1.857948251068592,2,,
M-25-N-5-pa-0.25-pe-1.00,LinearSearch With Preprocessing,16,5,True,31,243,71,3,1,2.2903225806451615,2.2903225806451615,zephyr,16,8448,81640,10,10,2.2594289989210665,2,,
M-25-N-5-pa-0.25-pe-1.00,LinearSearch With Reduced Qubits,16,5,True,21,154,42,3,1,2.0,2.0,zephyr,16,8448,81640,10,10,1.260716666933149,2,,
M-25-N-5-pa-0.25-pe-1.00,LinearSearch With Preprocessing and Reduced Qubits,16,5,True,21,154,42,3,1,2.0,2.0,zephyr,16,8448,81640,10,10,1.2521675520110875,2,,
M-25-N-50-pa-0.75-pe-1.00,BinSearch,25,50,True,71,1141,267,7,2,3.76056338028169,3.76056338028169,zephyr,16,8448,81640,10,10,31.329840812133625,2,,
M-25-N-50-pa-0.75-pe-1.00,LinearSearch,25,50,True,243,4736,2027,51,2,8.34156378600823,8.34156378600823,zephyr,16,8448,81640,10,10,59.00628348602913,2,,
M-25-N-50-pa-0.75-pe-1.00,LinearSearch With Preprocessing,25,50,True,243,4736,2027,51,2,8.34156378600823,8.34156378600823,zephyr,16,8448,81640,10,10,50.69216615520418,2,,
M-25-N-50-pa-0.75-pe-1.00,LinearSearch With Reduced Qubits,25,50,True,71,1141,267,7,2,3.76056338028169,3.76056338028169,zephyr,16,8448,81640,10,10,30.55549594690092,2,,
M-25-N-50-pa-0.75-pe-1.00,LinearSearch With Preprocessing and Reduced Qubits,25,50,True,71,1141,267,7,2,3.76056338028169,3.76056338028169,zephyr,16,8448,81640,10,10,30.953080428997055,2,,
M-25-N-25-pa-0.15-pe-1.00,BinSearch,24,25,True,48,376,114,4,1,2.375,2.375,zephyr,16,8448,81640,10,10,5.469958511181176,7,,
M-25-N-25-pa-0.15-pe-1.00,BinSearch,24,25,True,48,376,114,4,1,2.375,2.375,zephyr,16,8448,81640,10,10,5.122100541135296,8,,
M-25-N-25-pa-0.15-pe-1.00,LinearSearch,24,25,True,48,376,114,4,1,2.375,2.375,zephyr,16,8448,81640,10,10,5.907781852176413,2,,
M-25-N-25-pa-0.15-pe-1.00,LinearSearch,24,25,True,48,376,114,4,1,2.375,2.375,zephyr,16,8448,81640,10,10,5.279676403151825,3,,
M-25-N-25-pa-0.15-pe-1.00,LinearSearch,24,25,True,48,376,114,4,1,2.375,2.375,zephyr,16,8448,81640,10,10,5.5234207808971405,4,,
M-25-N-25-pa-0.15-pe-1.00,LinearSearch,24,25,True,48,376,114,4,1,2.375,2.375,zephyr,16,8448,81640,10,10,5.2346954299137,5,,
M-25-N-25-pa-0.15-pe-1.00,LinearSearch,24,25,True,48,376,114,4,1,2.375,2.375,zephyr,16,8448,81640,10,10,5.187411241000518,6,,
M-25-N-25-pa-0.15-pe-1.00,LinearSearch,24,25,True,48,376,114,4,1,2.375,2.375,zephyr,16,8448,81640,10,10,5.140349383931607,7,,
M-25-N-25-pa-0.15-pe-1.00,LinearSearch,24,25,True,48,376,114,4,1,2.375,2.375,zephyr,16,8448,81640,10,10,5.209282462019473,8,,
M-25-N-25-pa-0.15-pe-1.00,LinearSearch With Preprocessing,24,25,True,48,376,114,4,1,2.375,2.375,zephyr,16,8448,81640,10,10,5.4657001320738345,7,,
M-25-N-25-pa-0.15-pe-1.00,LinearSearch With Preprocessing,24,25,True,48,376,114,4,1,2.375,2.375,zephyr,16,8448,81640,10,10,5.328319659922272,8,,
M-25-N-25-pa-0.15-pe-1.00,LinearSearch With Reduced Qubits,24,25,True,36,316,82,4,1,2.2777777777777777,2.2777777777777777,zephyr,16,8448,81640,10,10,3.4936176750343293,2,,
M-25-N-25-pa-0.15-pe-1.00,LinearSearch With Reduced Qubits,24,25,True,46,362,106,4,1,2.3043478260869565,2.3043478260869565,zephyr,16,8448,81640,10,10,4.292631655931473,3,,
M-25-N-25-pa-0.15-pe-1.00,LinearSearch With Reduced Qubits,24,25,True,46,362,106,4,1,2.3043478260869565,2.3043478260869565,zephyr,16,8448,81640,10,10,4.217337595066056,4,,
M-25-N-25-pa-0.15-pe-1.00,LinearSearch With Reduced Qubits,24,25,True,48,376,114,4,1,2.375,2.375,zephyr,16,8448,81640,10,10,5.23008882207796,5,,
M-25-N-25-pa-0.15-pe-1.00,LinearSearch With Reduced Qubits,24,25,True,48,376,114,4,1,2.375,2.375,zephyr,16,8448,81640,10,10,5.759947621962056,6,,
M-25-N-25-pa-0.15-pe-1.00,LinearSearch With Reduced Qubits,24,25,True,48,376,114,4,1,2.375,2.375,zephyr,16,8448,81640,10,10,6.068429878912866,7,,
M-25-N-25-pa-0.15-pe-1.00,LinearSearch With Reduced Qubits,24,25,True,48,376,114,4,1,2.375,2.375,zephyr,16,8448,81640,10,10,5.133108737878501,8,,
M-25-N-25-pa-0.15-pe-1.00,LinearSearch With Preprocessing and Reduced Qubits,24,25,True,48,376,114,4,1,2.375,2.375,zephyr,16,8448,81640,10,10,6.318914317060262,7,,
M-25-N-25-pa-0.15-pe-1.00,LinearSearch With Preprocessing and Reduced Qubits,24,25,True,48,376,114,4,1,2.375,2.375,zephyr,16,8448,81640,10,10,5.1076632488984615,8,,
M-25-N-50-pa-0.45-pe-1.00,BinSearch,25,50,True,125,1526,629,18,2,5.032,5.032,zephyr,16,8448,81640,10,10,33.78440148406662,3,,
M-25-N-50-pa-0.45-pe-1.00,BinSearch,25,50,True,75,888,265,7,1,3.533333333333333,3.533333333333333,zephyr,16,8448,81640,10,10,31.368315811036155,2,,
M-25-N-50-pa-0.45-pe-1.00,LinearSearch,25,50,True,224,2962,1644,43,1,7.339285714285714,7.339285714285714,zephyr,16,8448,81640,10,9,40.74073235504329,2,,
M-25-N-50-pa-0.45-pe-1.00,LinearSearch,25,50,True,224,2962,1679,47,1,7.495535714285714,7.495535714285714,zephyr,16,8448,81640,10,9,41.039965266827494,3,,
M-25-N-50-pa-0.45-pe-1.00,LinearSearch With Preprocessing,25,50,True,224,2962,1644,43,1,7.339285714285714,7.339285714285714,zephyr,16,8448,81640,10,9,44.595537424087524,2,,
M-25-N-50-pa-0.45-pe-1.00,LinearSearch With Preprocessing,25,50,True,224,2962,1644,43,1,7.339285714285714,7.339285714285714,zephyr,16,8448,81640,10,9,45.58533910708502,3,,
M-25-N-50-pa-0.45-pe-1.00,LinearSearch With Reduced Qubits,25,50,True,75,888,265,7,1,3.533333333333333,3.533333333333333,zephyr,16,8448,81640,10,10,30.615586682921275,2,,
M-25-N-50-pa-0.45-pe-1.00,LinearSearch With Reduced Qubits,25,50,True,125,1526,623,18,2,4.984,4.984,zephyr,16,8448,81640,10,10,34.58418224588968,3,,
M-25-N-50-pa-0.45-pe-1.00,LinearSearch With Preprocessing and Reduced Qubits,25,50,True,75,888,265,7,1,3.533333333333333,3.533333333333333,zephyr,16,8448,81640,10,10,30.689560849918053,2,,
M-25-N-50-pa-0.45-pe-1.00,LinearSearch With Preprocessing and Reduced Qubits,25,50,True,125,1526,623,18,2,4.984,4.984,zephyr,16,8448,81640,10,10,34.7379759689793,3,,
M-25-N-25-pa-0.25-pe-1.00,BinSearch,25,25,True,73,658,253,7,1,3.4657534246575343,3.4657534246575343,zephyr,16,8448,81640,10,10,21.61125441803597,4,,
M-25-N-25-pa-0.25-pe-1.00,BinSearch,25,25,True,96,868,349,8,1,3.6354166666666665,3.6354166666666665,zephyr,16,8448,81640,10,10,31.697423428995535,5,,
M-25-N-25-pa-0.25-pe-1.00,LinearSearch,25,25,True,99,910,383,10,1,3.8686868686868685,3.8686868686868685,zephyr,16,8448,81640,10,10,31.24258189392276,2,,
M-25-N-25-pa-0.25-pe-1.00,LinearSearch,25,25,True,99,910,387,9,1,3.909090909090909,3.909090909090909,zephyr,16,8448,81640,10,10,31.419527220074087,3,,
M-25-N-25-pa-0.25-pe-1.00,LinearSearch,25,25,True,99,910,383,10,1,3.8686868686868685,3.8686868686868685,zephyr,16,8448,81640,10,10,31.654463025042787,4,,
M-25-N-25-pa-0.25-pe-1.00,LinearSearch,25,25,True,99,910,383,10,1,3.8686868686868685,3.8686868686868685,zephyr,16,8448,81640,10,10,31.443469451973215,5,,
M-25-N-25-pa-0.25-pe-1.00,LinearSearch With Preprocessing,25,25,True,99,910,383,10,1,3.8686868686868685,3.8686868686868685,zephyr,16,8448,81640,10,10,31.37975135492161,3,,
M-25-N-25-pa-0.25-pe-1.00,LinearSearch With Preprocessing,25,25,True,99,910,383,10,1,3.8686868686868685,3.8686868686868685,zephyr,16,8448,81640,10,10,31.241038348991424,4,,
M-25-N-25-pa-0.25-pe-1.00,LinearSearch With Preprocessing,25,25,True,99,910,383,10,1,3.8686868686868685,3.8686868686868685,zephyr,16,8448,81640,10,10,31.91767521481961,5,,
M-25-N-25-pa-0.25-pe-1.00,LinearSearch With Reduced Qubits,25,25,True,49,467,142,5,1,2.8979591836734695,2.8979591836734695,zephyr,16,8448,81640,10,10,8.250225347001106,2,,
M-25-N-25-pa-0.25-pe-1.00,LinearSearch With Reduced Qubits,25,25,True,73,658,253,7,1,3.4657534246575343,3.4657534246575343,zephyr,16,8448,81640,10,10,21.691817315062508,3,,
M-25-N-25-pa-0.25-pe-1.00,LinearSearch With Reduced Qubits,25,25,True,73,658,253,7,1,3.4657534246575343,3.4657534246575343,zephyr,16,8448,81640,10,10,21.69153288495727,4,,
M-25-N-25-pa-0.25-pe-1.00,LinearSearch With Reduced Qubits,25,25,True,96,868,349,8,1,3.6354166666666665,3.6354166666666665,zephyr,16,8448,81640,10,10,31.001800891943276,5,,
M-25-N-25-pa-0.25-pe-1.00,LinearSearch With Preprocessing and Reduced Qubits,25,25,True,73,658,253,7,1,3.4657534246575343,3.4657534246575343,zephyr,16,8448,81640,10,10,21.074603450018913,3,,
M-25-N-25-pa-0.25-pe-1.00,LinearSearch With Preprocessing and Reduced Qubits,25,25,True,73,658,253,7,1,3.4657534246575343,3.4657534246575343,zephyr,16,8448,81640,10,10,21.64523049793206,4,,
M-25-N-25-pa-0.25-pe-1.00,LinearSearch With Preprocessing and Reduced Qubits,25,25,True,96,868,349,8,1,3.6354166666666665,3.6354166666666665,zephyr,16,8448,81640,10,10,31.318852117983624,5,,
M-25-N-5-pa-0.15-pe-1.00,BinSearch,21,5,True,30,266,69,3,1,2.3,2.3,zephyr,16,8448,81640,10,10,3.09309099894017,3,,
M-25-N-5-pa-0.15-pe-1.00,LinearSearch,21,5,True,35,311,84,4,1,2.4,2.4,zephyr,16,8448,81640,10,10,2.7056843279860914,2,,
M-25-N-5-pa-0.15-pe-1.00,LinearSearch,21,5,True,35,311,84,4,1,2.4,2.4,zephyr,16,8448,81640,10,10,2.7107307640835643,3,,
M-25-N-5-pa-0.15-pe-1.00,LinearSearch With Preprocessing,21,5,True,35,311,84,4,1,2.4,2.4,zephyr,16,8448,81640,10,10,2.6967991788405925,3,,
M-25-N-5-pa-0.15-pe-1.00,LinearSearch With Reduced Qubits,21,5,True,26,237,59,3,1,2.269230769230769,2.269230769230769,zephyr,16,8448,81640,10,10,2.0470444469247013,2,,
M-25-N-5-pa-0.15-pe-1.00,LinearSearch With Reduced Qubits,21,5,True,30,266,69,3,1,2.3,2.3,zephyr,16,8448,81640,10,10,3.2372072429861873,3,,
M-25-N-5-pa-0.15-pe-1.00,LinearSearch With Preprocessing and Reduced Qubits,21,5,True,30,266,69,3,1,2.3,2.3,zephyr,16,8448,81640,10,10,3.1254208139143884,3,,
M-25-N-10-pa-0.15-pe-1.00,BinSearch,20,10,True,34,264,75,3,1,2.2058823529411766,2.2058823529411766,zephyr,16,8448,81640,10,10,2.9339023649226874,4,,
M-25-N-10-pa-0.15-pe-1.00,LinearSearch,20,10,True,38,297,85,4,1,2.236842105263158,2.236842105263158,zephyr,16,8448,81640,10,10,2.7767545292153955,2,,
M-25-N-10-pa-0.15-pe-1.00,LinearSearch,20,10,True,38,297,85,4,1,2.236842105263158,2.236842105263158,zephyr,16,8448,81640,10,10,2.7489054640755057,3,,
M-25-N-10-pa-0.15-pe-1.00,LinearSearch,20,10,True,38,297,85,4,1,2.236842105263158,2.236842105263158,zephyr,16,8448,81640,10,10,2.9386366182006896,4,,
M-25-N-10-pa-0.15-pe-1.00,LinearSearch With Preprocessing,20,10,True,38,297,85,4,1,2.236842105263158,2.236842105263158,zephyr,16,8448,81640,10,10,2.685071990825236,4,,
M-25-N-10-pa-0.15-pe-1.00,LinearSearch With Reduced Qubits,20,10,True,28,226,60,3,1,2.142857142857143,2.142857142857143,zephyr,16,8448,81640,10,10,2.318167910911143,2,,
M-25-N-10-pa-0.15-pe-1.00,LinearSearch With Reduced Qubits,20,10,True,34,264,75,3,1,2.2058823529411766,2.2058823529411766,zephyr,16,8448,81640,10,10,2.812202025903389,3,,
M-25-N-10-pa-0.15-pe-1.00,LinearSearch With Reduced Qubits,20,10,True,34,264,75,3,1,2.2058823529411766,2.2058823529411766,zephyr,16,8448,81640,10,10,2.7575034899637103,4,,
M-25-N-10-pa-0.15-pe-1.00,LinearSearch With Preprocessing and Reduced Qubits,20,10,True,34,264,75,3,1,2.2058823529411766,2.2058823529411766,zephyr,16,8448,81640,10,10,2.936578538035974,4,,
M-25-N-10-pa-0.55-pe-1.00,BinSearch,25,10,True,35,425,108,4,2,3.085714285714286,3.085714285714286,zephyr,16,8448,81640,10,10,3.9775477331131697,2,,
M-25-N-10-pa-0.55-pe-1.00,LinearSearch,25,10,True,65,860,257,7,1,3.953846153846154,3.953846153846154,zephyr,16,8448,81640,10,10,23.5744511669036,2,,
M-25-N-10-pa-0.55-pe-1.00,LinearSearch With Preprocessing,25,10,True,65,860,257,7,1,3.953846153846154,3.953846153846154,zephyr,16,8448,81640,10,10,23.229913549032062,2,,
M-25-N-10-pa-0.55-pe-1.00,LinearSearch With Reduced Qubits,25,10,True,35,425,108,4,2,3.085714285714286,3.085714285714286,zephyr,16,8448,81640,10,10,3.940240804105997,2,,
M-25-N-10-pa-0.55-pe-1.00,LinearSearch With Preprocessing and Reduced Qubits,25,10,True,35,425,108,4,2,3.085714285714286,3.085714285714286,zephyr,16,8448,81640,10,10,3.876426334027201,2,,
M-25-N-50-pa-0.85-pe-1.00,BinSearch,25,50,True,65,1133,238,7,2,3.6615384615384614,3.6615384615384614,zephyr,16,8448,81640,10,10,31.213644593022764,2,,
M-25-N-50-pa-0.85-pe-1.00,LinearSearch,25,50,True,225,4865,1943,40,2,8.635555555555555,8.635555555555555,zephyr,16,8448,81640,10,9,51.105701765976846,2,,
M-25-N-50-pa-0.85-pe-1.00,LinearSearch With Preprocessing,25,50,True,225,4865,1943,40,2,8.635555555555555,8.635555555555555,zephyr,16,8448,81640,10,9,50.77688008104451,2,,
M-25-N-50-pa-0.85-pe-1.00,LinearSearch With Reduced Qubits,25,50,True,65,1133,238,7,2,3.6615384615384614,3.6615384615384614,zephyr,16,8448,81640,10,10,31.173640799010172,2,,
M-25-N-50-pa-0.85-pe-1.00,LinearSearch With Preprocessing and Reduced Qubits,25,50,True,65,1133,238,7,2,3.6615384615384614,3.6615384615384614,zephyr,16,8448,81640,10,10,31.240129915066063,2,,
M-25-N-10-pa-0.05-pe-1.00,BinSearch,12,9,True,17,76,27,2,1,1.588235294117647,1.588235294117647,zephyr,16,8448,81640,10,10,0.7795706430915743,6,,
M-25-N-10-pa-0.05-pe-1.00,LinearSearch,12,9,True,17,76,27,2,1,1.588235294117647,1.588235294117647,zephyr,16,8448,81640,10,10,0.8051019490230829,2,,
M-25-N-10-pa-0.05-pe-1.00,LinearSearch,12,9,True,17,76,27,2,1,1.588235294117647,1.588235294117647,zephyr,16,8448,81640,10,10,0.8351713889278471,3,,
M-25-N-10-pa-0.05-pe-1.00,LinearSearch,12,9,True,17,76,27,2,1,1.588235294117647,1.588235294117647,zephyr,16,8448,81640,10,10,0.7946501180995256,4,,
M-25-N-10-pa-0.05-pe-1.00,LinearSearch,12,9,True,17,76,27,2,1,1.588235294117647,1.588235294117647,zephyr,16,8448,81640,10,10,0.864591364050284,5,,
M-25-N-10-pa-0.05-pe-1.00,LinearSearch,12,9,True,17,76,27,2,1,1.588235294117647,1.588235294117647,zephyr,16,8448,81640,10,10,0.7180244799237698,6,,
M-25-N-10-pa-0.05-pe-1.00,LinearSearch With Preprocessing,12,9,True,17,76,27,2,1,1.588235294117647,1.588235294117647,zephyr,16,8448,81640,10,10,0.7340735639445484,6,,
M-25-N-10-pa-0.05-pe-1.00,LinearSearch With Reduced Qubits,12,9,True,17,76,27,2,1,1.588235294117647,1.588235294117647,zephyr,16,8448,81640,10,10,0.7448074850253761,2,,
M-25-N-10-pa-0.05-pe-1.00,LinearSearch With Reduced Qubits,12,9,True,17,76,27,2,1,1.588235294117647,1.588235294117647,zephyr,16,8448,81640,10,10,0.7025856610853225,3,,
M-25-N-10-pa-0.05-pe-1.00,LinearSearch With Reduced Qubits,12,9,True,17,76,27,2,1,1.588235294117647,1.588235294117647,zephyr,16,8448,81640,10,10,0.7528913870919496,4,,
M-25-N-10-pa-0.05-pe-1.00,LinearSearch With Reduced Qubits,12,9,True,17,76,27,2,1,1.588235294117647,1.588235294117647,zephyr,16,8448,81640,10,10,0.75300631695427,5,,
M-25-N-10-pa-0.05-pe-1.00,LinearSearch With Reduced Qubits,12,9,True,17,76,27,2,1,1.588235294117647,1.588235294117647,zephyr,16,8448,81640,10,10,0.7194602598901838,6,,
M-25-N-10-pa-0.05-pe-1.00,LinearSearch With Preprocessing and Reduced Qubits,12,9,True,17,76,27,2,1,1.588235294117647,1.588235294117647,zephyr,16,8448,81640,10,10,0.7546598301269114,6,,
M-25-N-50-pa-0.05-pe-1.00,BinSearch,24,37,True,29,289,69,3,1,2.3793103448275863,2.3793103448275863,zephyr,16,8448,81640,10,10,2.6962676369585097,17,,
M-25-N-50-pa-0.05-pe-1.00,LinearSearch,24,37,True,29,289,69,3,1,2.3793103448275863,2.3793103448275863,zephyr,16,8448,81640,10,10,2.649858659133315,2,,
M-25-N-50-pa-0.05-pe-1.00,LinearSearch,24,37,True,29,289,69,3,1,2.3793103448275863,2.3793103448275863,zephyr,16,8448,81640,10,10,2.6424221280030906,3,,
M-25-N-50-pa-0.05-pe-1.00,LinearSearch,24,37,True,29,289,69,3,1,2.3793103448275863,2.3793103448275863,zephyr,16,8448,81640,10,10,2.6499024629592896,4,,
M-25-N-50-pa-0.05-pe-1.00,LinearSearch,24,37,True,29,289,69,3,1,2.3793103448275863,2.3793103448275863,zephyr,16,8448,81640,10,10,2.668119898997247,5,,
M-25-N-50-pa-0.05-pe-1.00,LinearSearch,24,37,True,29,289,69,3,1,2.3793103448275863,2.3793103448275863,zephyr,16,8448,81640,10,10,2.684365410124883,6,,
M-25-N-50-pa-0.05-pe-1.00,LinearSearch,24,37,True,29,289,69,3,1,2.3793103448275863,2.3793103448275863,zephyr,16,8448,81640,10,10,2.5698070200160146,7,,
M-25-N-50-pa-0.05-pe-1.00,LinearSearch,24,37,True,29,289,69,3,1,2.3793103448275863,2.3793103448275863,zephyr,16,8448,81640,10,10,2.6640329379588366,8,,
M-25-N-50-pa-0.05-pe-1.00,LinearSearch,24,37,True,29,289,69,3,1,2.3793103448275863,2.3793103448275863,zephyr,16,8448,81640,10,10,2.544627380790189,9,,
M-25-N-50-pa-0.05-pe-1.00,LinearSearch,24,37,True,29,289,69,3,1,2.3793103448275863,2.3793103448275863,zephyr,16,8448,81640,10,10,2.548791910056025,10,,
M-25-N-50-pa-0.05-pe-1.00,LinearSearch,24,37,True,29,289,69,3,1,2.3793103448275863,2.3793103448275863,zephyr,16,8448,81640,10,10,2.646518013905734,11,,
M-25-N-50-pa-0.05-pe-1.00,LinearSearch,24,37,True,29,289,69,3,1,2.3793103448275863,2.3793103448275863,zephyr,16,8448,81640,10,10,2.6622394011355937,12,,
M-25-N-50-pa-0.05-pe-1.00,LinearSearch,24,37,True,29,289,69,3,1,2.3793103448275863,2.3793103448275863,zephyr,16,8448,81640,10,10,2.7399940229952335,13,,
M-25-N-50-pa-0.05-pe-1.00,LinearSearch,24,37,True,29,289,69,3,1,2.3793103448275863,2.3793103448275863,zephyr,16,8448,81640,10,10,2.6058704040478915,14,,
M-25-N-50-pa-0.05-pe-1.00,LinearSearch,24,37,True,29,289,69,3,1,2.3793103448275863,2.3793103448275863,zephyr,16,8448,81640,10,10,2.5822195201180875,15,,
M-25-N-50-pa-0.05-pe-1.00,LinearSearch,24,37,True,29,289,69,3,1,2.3793103448275863,2.3793103448275863,zephyr,16,8448,81640,10,10,2.568544853013009,16,,
M-25-N-50-pa-0.05-pe-1.00,LinearSearch,24,37,True,29,289,69,3,1,2.3793103448275863,2.3793103448275863,zephyr,16,8448,81640,10,10,2.5902311159297824,17,,
M-25-N-50-pa-0.05-pe-1.00,LinearSearch With Preprocessing,24,37,True,29,289,69,3,1,2.3793103448275863,2.3793103448275863,zephyr,16,8448,81640,10,10,2.7010367189068347,17,,
M-25-N-50-pa-0.05-pe-1.00,LinearSearch With Reduced Qubits,24,37,True,28,285,66,3,1,2.357142857142857,2.357142857142857,zephyr,16,8448,81640,10,10,2.3961819978430867,2,,
M-25-N-50-pa-0.05-pe-1.00,LinearSearch With Reduced Qubits,24,37,True,29,289,69,3,1,2.3793103448275863,2.3793103448275863,zephyr,16,8448,81640,10,10,2.591088913148269,3,,
M-25-N-50-pa-0.05-pe-1.00,LinearSearch With Reduced Qubits,24,37,True,29,289,69,3,1,2.3793103448275863,2.3793103448275863,zephyr,16,8448,81640,10,10,2.7008780979085714,4,,
M-25-N-50-pa-0.05-pe-1.00,LinearSearch With Reduced Qubits,24,37,True,29,289,69,3,1,2.3793103448275863,2.3793103448275863,zephyr,16,8448,81640,10,10,2.679042798001319,5,,
M-25-N-50-pa-0.05-pe-1.00,LinearSearch With Reduced Qubits,24,37,True,29,289,69,3,1,2.3793103448275863,2.3793103448275863,zephyr,16,8448,81640,10,10,2.8157127879094332,6,,
M-25-N-50-pa-0.05-pe-1.00,LinearSearch With Reduced Qubits,24,37,True,29,289,69,3,1,2.3793103448275863,2.3793103448275863,zephyr,16,8448,81640,10,10,2.5720885950140655,7,,
M-25-N-50-pa-0.05-pe-1.00,LinearSearch With Reduced Qubits,24,37,True,29,289,69,3,1,2.3793103448275863,2.3793103448275863,zephyr,16,8448,81640,10,10,2.5915608720388263,8,,
M-25-N-50-pa-0.05-pe-1.00,LinearSearch With Reduced Qubits,24,37,True,29,289,69,3,1,2.3793103448275863,2.3793103448275863,zephyr,16,8448,81640,10,10,2.6777781459968537,9,,
M-25-N-50-pa-0.05-pe-1.00,LinearSearch With Reduced Qubits,24,37,True,29,289,69,3,1,2.3793103448275863,2.3793103448275863,zephyr,16,8448,81640,10,10,2.5813796578440815,10,,
M-25-N-50-pa-0.05-pe-1.00,LinearSearch With Reduced Qubits,24,37,True,29,289,69,3,1,2.3793103448275863,2.3793103448275863,zephyr,16,8448,81640,10,10,2.6094462890177965,11,,
M-25-N-50-pa-0.05-pe-1.00,LinearSearch With Reduced Qubits,24,37,True,29,289,69,3,1,2.3793103448275863,2.3793103448275863,zephyr,16,8448,81640,10,10,2.6375831589102745,12,,
M-25-N-50-pa-0.05-pe-1.00,LinearSearch With Reduced Qubits,24,37,True,29,289,69,3,1,2.3793103448275863,2.3793103448275863,zephyr,16,8448,81640,10,10,2.6231348970904946,13,,
M-25-N-50-pa-0.05-pe-1.00,LinearSearch With Reduced Qubits,24,37,True,29,289,69,3,1,2.3793103448275863,2.3793103448275863,zephyr,16,8448,81640,10,10,2.758787717903033,14,,
M-25-N-50-pa-0.05-pe-1.00,LinearSearch With Reduced Qubits,24,37,True,29,289,69,3,1,2.3793103448275863,2.3793103448275863,zephyr,16,8448,81640,10,10,2.6856129560619593,15,,
M-25-N-50-pa-0.05-pe-1.00,LinearSearch With Reduced Qubits,24,37,True,29,289,69,3,1,2.3793103448275863,2.3793103448275863,zephyr,16,8448,81640,10,10,2.7043664162047207,16,,
M-25-N-50-pa-0.05-pe-1.00,LinearSearch With Reduced Qubits,24,37,True,29,289,69,3,1,2.3793103448275863,2.3793103448275863,zephyr,16,8448,81640,10,10,2.6647768409457058,17,,
M-25-N-50-pa-0.05-pe-1.00,LinearSearch With Preprocessing and Reduced Qubits,24,37,True,29,289,69,3,1,2.3793103448275863,2.3793103448275863,zephyr,16,8448,81640,10,10,2.8214965919032693,17,,
M-50-N-50-pa-0.25-pe-1.00,BinSearch,50,50,True,150,2475,1391,27,1,9.273333333333333,9.273333333333333,zephyr,16,8448,81640,10,10,39.11179669783451,4,,
M-50-N-50-pa-0.25-pe-1.00,BinSearch,50,50,True,200,3175,2060,37,1,10.3,10.3,zephyr,16,8448,81640,10,10,44.37007346004248,5,,
M-50-N-50-pa-0.25-pe-1.00,BinSearch,50,50,True,200,3175,2079,37,1,10.395,10.395,zephyr,16,8448,81640,10,10,44.435934067936614,6,,
M-50-N-50-pa-0.25-pe-1.00,LinearSearch,50,50,True,247,3905,2750,48,2,11.133603238866396,11.133603238866396,zephyr,16,8448,81640,10,10,42.731015068944544,2,,
M-50-N-50-pa-0.25-pe-1.00,LinearSearch,50,50,True,247,3905,2750,48,2,11.133603238866396,11.133603238866396,zephyr,16,8448,81640,10,10,48.00927852001041,3,,
M-50-N-50-pa-0.25-pe-1.00,LinearSearch,50,50,True,247,3905,2750,48,2,11.133603238866396,11.133603238866396,zephyr,16,8448,81640,10,10,44.14766984805465,4,,
M-50-N-50-pa-0.25-pe-1.00,LinearSearch,50,50,True,247,3905,2750,48,2,11.133603238866396,11.133603238866396,zephyr,16,8448,81640,10,10,48.180339181097224,5,,
M-50-N-50-pa-0.25-pe-1.00,LinearSearch,50,50,True,247,3905,2750,48,2,11.133603238866396,11.133603238866396,zephyr,16,8448,81640,10,10,47.046267272904515,6,,
M-50-N-50-pa-0.25-pe-1.00,LinearSearch With Preprocessing,50,50,True,247,3905,2750,48,2,11.133603238866396,11.133603238866396,zephyr,16,8448,81640,10,10,42.50468651391566,3,,
M-50-N-50-pa-0.25-pe-1.00,LinearSearch With Preprocessing,50,50,True,247,3905,2750,48,2,11.133603238866396,11.133603238866396,zephyr,16,8448,81640,10,10,47.629484015051275,4,,
M-50-N-50-pa-0.25-pe-1.00,LinearSearch With Preprocessing,50,50,True,247,3905,2750,48,2,11.133603238866396,11.133603238866396,zephyr,16,8448,81640,10,10,45.36584791284986,5,,
M-50-N-50-pa-0.25-pe-1.00,LinearSearch With Preprocessing,50,50,True,247,3905,2750,48,2,11.133603238866396,11.133603238866396,zephyr,16,8448,81640,10,10,42.67746819509193,6,,
M-50-N-50-pa-0.25-pe-1.00,LinearSearch With Reduced Qubits,50,50,True,100,1825,623,12,2,6.23,6.23,zephyr,16,8448,81640,10,10,34.81052574608475,2,,
M-50-N-50-pa-0.25-pe-1.00,LinearSearch With Reduced Qubits,50,50,True,150,2475,1396,24,1,9.306666666666667,9.306666666666667,zephyr,16,8448,81640,10,10,42.53485243814066,3,,
M-50-N-50-pa-0.25-pe-1.00,LinearSearch With Reduced Qubits,50,50,True,150,2475,1391,27,1,9.273333333333333,9.273333333333333,zephyr,16,8448,81640,10,10,40.23077463894151,4,,
M-50-N-50-pa-0.25-pe-1.00,LinearSearch With Reduced Qubits,50,50,True,200,3175,2079,37,1,10.395,10.395,zephyr,16,8448,81640,10,10,42.88985788798891,5,,
M-50-N-50-pa-0.25-pe-1.00,LinearSearch With Reduced Qubits,50,50,True,200,3175,2079,37,1,10.395,10.395,zephyr,16,8448,81640,10,10,40.65105516486801,6,,
M-50-N-50-pa-0.25-pe-1.00,LinearSearch With Preprocessing and Reduced Qubits,50,50,True,150,2475,1391,27,1,9.273333333333333,9.273333333333333,zephyr,16,8448,81640,10,10,39.290065007982776,3,,
M-50-N-50-pa-0.25-pe-1.00,LinearSearch With Preprocessing and Reduced Qubits,50,50,True,150,2475,1443,28,2,9.62,9.62,zephyr,16,8448,81640,10,10,43.69175721495412,4,,
M-50-N-50-pa-0.25-pe-1.00,LinearSearch With Preprocessing and Reduced Qubits,50,50,True,200,3175,2079,37,1,10.395,10.395,zephyr,16,8448,81640,10,10,44.62896278104745,5,,
M-50-N-50-pa-0.25-pe-1.00,LinearSearch With Preprocessing and Reduced Qubits,50,50,True,200,3175,2079,37,1,10.395,10.395,zephyr,16,8448,81640,10,10,42.123018032172695,6,,
M-50-N-5-pa-0.05-pe-1.00,BinSearch,15,5,True,22,138,41,3,1,1.8636363636363635,1.8636363636363635,zephyr,16,8448,81640,10,10,3.6462172728497535,3,,
M-50-N-5-pa-0.05-pe-1.00,LinearSearch,15,5,True,24,153,44,3,1,1.8333333333333333,1.8333333333333333,zephyr,16,8448,81640,10,10,4.201322064967826,2,,
M-50-N-5-pa-0.05-pe-1.00,LinearSearch,15,5,True,24,153,44,3,1,1.8333333333333333,1.8333333333333333,zephyr,16,8448,81640,10,10,4.269753128057346,3,,
M-50-N-5-pa-0.05-pe-1.00,LinearSearch With Preprocessing,15,5,True,24,153,44,3,1,1.8333333333333333,1.8333333333333333,zephyr,16,8448,81640,10,10,4.077250414062291,3,,
M-50-N-5-pa-0.05-pe-1.00,LinearSearch With Reduced Qubits,15,5,True,19,121,35,3,1,1.8421052631578947,1.8421052631578947,zephyr,16,8448,81640,10,10,3.7988163800910115,2,,
M-50-N-5-pa-0.05-pe-1.00,LinearSearch With Reduced Qubits,15,5,True,22,138,41,3,1,1.8636363636363635,1.8636363636363635,zephyr,16,8448,81640,10,10,3.9367751048412174,3,,
M-50-N-5-pa-0.05-pe-1.00,LinearSearch With Preprocessing and Reduced Qubits,15,5,True,22,138,41,3,1,1.8636363636363635,1.8636363636363635,zephyr,16,8448,81640,10,10,4.380214059026912,3,,
M-50-N-50-pa-0.55-pe-1.00,BinSearch,50,50,True,100,2624,700,13,3,7.0,7.0,zephyr,16,8448,81640,10,10,35.6404283430893,2,,
M-50-N-50-pa-0.55-pe-1.00,BinSearch,50,50,True,150,4073,1712,32,5,11.413333333333334,11.413333333333334,zephyr,16,8448,81640,10,10,41.51133115286939,3,,
M-50-N-50-pa-0.55-pe-1.00,LinearSearch,50,50,False,305,8919,,,,,,zephyr,16,8448,81640,10,0,56.382894427049905,2,,
M-50-N-50-pa-0.55-pe-1.00,LinearSearch,50,50,False,305,8919,,,,,,zephyr,16,8448,81640,10,0,55.35005129384808,3,,
M-50-N-50-pa-0.55-pe-1.00,LinearSearch With Preprocessing,50,50,False,305,8919,,,,,,zephyr,16,8448,81640,10,0,55.8843580679968,2,,
M-50-N-50-pa-0.55-pe-1.00,LinearSearch With Preprocessing,50,50,False,305,8919,,,,,,zephyr,16,8448,81640,10,0,56.05323607008904,3,,
M-50-N-50-pa-0.55-pe-1.00,LinearSearch With Reduced Qubits,50,50,True,100,2624,702,13,3,7.02,7.02,zephyr,16,8448,81640,10,10,35.489366233116016,2,,
M-50-N-50-pa-0.55-pe-1.00,LinearSearch With Reduced Qubits,50,50,True,150,4073,1712,32,5,11.413333333333334,11.413333333333334,zephyr,16,8448,81640,10,10,41.80021693697199,3,,
M-50-N-50-pa-0.55-pe-1.00,LinearSearch With Preprocessing and Reduced Qubits,50,50,True,100,2624,702,13,3,7.02,7.02,zephyr,16,8448,81640,10,10,35.1792749739252,2,,
M-50-N-50-pa-0.55-pe-1.00,LinearSearch With Preprocessing and Reduced Qubits,50,50,True,150,4073,1719,29,3,11.46,11.46,zephyr,16,8448,81640,10,10,42.002098412951455,3,,
M-50-N-50-pa-0.85-pe-1.00,BinSearch,50,50,True,98,3279,700,13,4,7.142857142857143,7.142857142857143,zephyr,16,8448,81640,10,10,35.404076545033604,2,,
M-50-N-50-pa-0.85-pe-1.00,LinearSearch,50,50,False,338,14269,,,,,,zephyr,16,8448,81640,10,0,77.26966520398855,2,,
M-50-N-50-pa-0.85-pe-1.00,LinearSearch With Preprocessing,50,50,False,338,14269,,,,,,zephyr,16,8448,81640,10,0,85.83045123005286,2,,
M-50-N-50-pa-0.85-pe-1.00,LinearSearch With Reduced Qubits,50,50,True,98,3279,700,13,4,7.142857142857143,7.142857142857143,zephyr,16,8448,81640,10,10,35.148914702935144,2,,
M-50-N-50-pa-0.85-pe-1.00,LinearSearch With Preprocessing and Reduced Qubits,50,50,True,98,3279,700,13,4,7.142857142857143,7.142857142857143,zephyr,16,8448,81640,10,10,34.71468205493875,2,,
M-50-N-25-pa-0.55-pe-1.00,BinSearch,50,25,True,75,1919,449,9,3,5.986666666666666,5.986666666666666,zephyr,16,8448,81640,10,10,34.38251809310168,2,,
M-50-N-25-pa-0.55-pe-1.00,LinearSearch,50,25,True,178,5061,2433,38,4,13.668539325842696,13.668539325842696,zephyr,16,8448,81640,10,10,47.11902530491352,2,,
M-50-N-25-pa-0.55-pe-1.00,LinearSearch With Preprocessing,50,25,True,178,5061,2433,38,4,13.668539325842696,13.668539325842696,zephyr,16,8448,81640,10,10,46.959454021183774,2,,
M-50-N-25-pa-0.55-pe-1.00,LinearSearch With Reduced Qubits,50,25,True,75,1919,449,9,3,5.986666666666666,5.986666666666666,zephyr,16,8448,81640,10,10,35.086012532003224,2,,
M-50-N-25-pa-0.55-pe-1.00,LinearSearch With Preprocessing and Reduced Qubits,50,25,True,75,1919,449,9,3,5.986666666666666,5.986666666666666,zephyr,16,8448,81640,10,10,34.81132581597194,2,,
M-50-N-5-pa-0.25-pe-1.00,BinSearch,39,5,True,44,808,173,5,2,3.9318181818181817,3.9318181818181817,zephyr,16,8448,81640,10,10,20.189919248921797,2,,
M-50-N-5-pa-0.25-pe-1.00,LinearSearch,39,5,True,60,1060,281,7,2,4.683333333333334,4.683333333333334,zephyr,16,8448,81640,10,10,27.768962166970596,2,,
M-50-N-5-pa-0.25-pe-1.00,LinearSearch With Preprocessing,39,5,True,60,1060,281,7,2,4.683333333333334,4.683333333333334,zephyr,16,8448,81640,10,10,27.750167948193848,2,,
M-50-N-5-pa-0.25-pe-1.00,LinearSearch With Reduced Qubits,39,5,True,44,808,173,5,2,3.9318181818181817,3.9318181818181817,zephyr,16,8448,81640,10,10,19.557624072069302,2,,
M-50-N-5-pa-0.25-pe-1.00,LinearSearch With Preprocessing and Reduced Qubits,39,5,True,44,808,173,5,2,3.9318181818181817,3.9318181818181817,zephyr,16,8448,81640,10,10,18.94951707497239,2,,
M-50-N-25-pa-0.05-pe-1.00,BinSearch,41,25,True,68,931,244,7,1,3.588235294117647,3.588235294117647,zephyr,16,8448,81640,10,10,25.04972305917181,11,,
M-50-N-25-pa-0.05-pe-1.00,LinearSearch,41,25,True,68,931,244,7,1,3.588235294117647,3.588235294117647,zephyr,16,8448,81640,10,10,24.488036015070975,2,,
M-50-N-25-pa-0.05-pe-1.00,LinearSearch,41,25,True,68,931,244,7,1,3.588235294117647,3.588235294117647,zephyr,16,8448,81640,10,10,24.86646771687083,3,,
M-50-N-25-pa-0.05-pe-1.00,LinearSearch,41,25,True,68,931,244,7,1,3.588235294117647,3.588235294117647,zephyr,16,8448,81640,10,10,24.117464517010376,4,,
M-50-N-25-pa-0.05-pe-1.00,LinearSearch,41,25,True,68,931,244,7,1,3.588235294117647,3.588235294117647,zephyr,16,8448,81640,10,10,24.41509493603371,5,,
M-50-N-25-pa-0.05-pe-1.00,LinearSearch,41,25,True,68,931,244,7,1,3.588235294117647,3.588235294117647,zephyr,16,8448,81640,10,10,24.37000219593756,6,,
M-50-N-25-pa-0.05-pe-1.00,LinearSearch,41,25,True,68,931,244,7,1,3.588235294117647,3.588235294117647,zephyr,16,8448,81640,10,10,24.04189765988849,7,,
M-50-N-25-pa-0.05-pe-1.00,LinearSearch,41,25,True,68,931,244,7,1,3.588235294117647,3.588235294117647,zephyr,16,8448,81640,10,10,24.385223117889836,8,,
M-50-N-25-pa-0.05-pe-1.00,LinearSearch,41,25,True,68,931,244,7,1,3.588235294117647,3.588235294117647,zephyr,16,8448,81640,10,10,24.004311193013564,9,,
M-50-N-25-pa-0.05-pe-1.00,LinearSearch,41,25,True,68,931,244,7,1,3.588235294117647,3.588235294117647,zephyr,16,8448,81640,10,10,24.17373225092888,10,,
M-50-N-25-pa-0.05-pe-1.00,LinearSearch,41,25,True,68,931,244,7,1,3.588235294117647,3.588235294117647,zephyr,16,8448,81640,10,10,24.481543169124052,11,,
M-50-N-25-pa-0.05-pe-1.00,LinearSearch With Preprocessing,41,25,True,68,931,244,7,1,3.588235294117647,3.588235294117647,zephyr,16,8448,81640,10,10,24.23488339711912,11,,
M-50-N-25-pa-0.05-pe-1.00,LinearSearch With Reduced Qubits,41,25,True,57,869,209,6,1,3.6666666666666665,3.6666666666666665,zephyr,16,8448,81640,10,10,22.34147968608886,2,,
M-50-N-25-pa-0.05-pe-1.00,LinearSearch With Reduced Qubits,41,25,True,65,910,229,6,1,3.523076923076923,3.523076923076923,zephyr,16,8448,81640,10,10,21.312096431851387,3,,
M-50-N-25-pa-0.05-pe-1.00,LinearSearch With Reduced Qubits,41,25,True,65,910,229,6,1,3.523076923076923,3.523076923076923,zephyr,16,8448,81640,10,10,20.790082447929308,4,,
M-50-N-25-pa-0.05-pe-1.00,LinearSearch With Reduced Qubits,41,25,True,68,931,244,7,1,3.588235294117647,3.588235294117647,zephyr,16,8448,81640,10,10,24.784675918053836,5,,
M-50-N-25-pa-0.05-pe-1.00,LinearSearch With Reduced Qubits,41,25,True,68,931,244,7,1,3.588235294117647,3.588235294117647,zephyr,16,8448,81640,10,10,24.11977037601173,6,,
M-50-N-25-pa-0.05-pe-1.00,LinearSearch With Reduced Qubits,41,25,True,68,931,244,7,1,3.588235294117647,3.588235294117647,zephyr,16,8448,81640,10,10,24.556618167087436,7,,
M-50-N-25-pa-0.05-pe-1.00,LinearSearch With Reduced Qubits,41,25,True,68,931,244,7,1,3.588235294117647,3.588235294117647,zephyr,16,8448,81640,10,10,24.28194726188667,8,,
M-50-N-25-pa-0.05-pe-1.00,LinearSearch With Reduced Qubits,41,25,True,68,931,244,7,1,3.588235294117647,3.588235294117647,zephyr,16,8448,81640,10,10,23.963331470033154,9,,
M-50-N-25-pa-0.05-pe-1.00,LinearSearch With Reduced Qubits,41,25,True,68,931,244,7,1,3.588235294117647,3.588235294117647,zephyr,16,8448,81640,10,10,23.93312250985764,10,,
M-50-N-25-pa-0.05-pe-1.00,LinearSearch With Reduced Qubits,41,25,True,68,931,244,7,1,3.588235294117647,3.588235294117647,zephyr,16,8448,81640,10,10,23.939522636821494,11,,
M-50-N-25-pa-0.05-pe-1.00,LinearSearch With Preprocessing and Reduced Qubits,41,25,True,68,931,244,7,1,3.588235294117647,3.588235294117647,zephyr,16,8448,81640,10,10,24.40747661399655,11,,
M-50-N-10-pa-0.05-pe-1.00,BinSearch,21,10,True,33,249,69,3,1,2.090909090909091,2.090909090909091,zephyr,16,8448,81640,10,10,5.5820284420624375,8,,
M-50-N-10-pa-0.05-pe-1.00,LinearSearch,21,10,True,33,249,69,3,1,2.090909090909091,2.090909090909091,zephyr,16,8448,81640,10,10,5.643303018994629,2,,
M-50-N-10-pa-0.05-pe-1.00,LinearSearch,21,10,True,33,249,69,3,1,2.090909090909091,2.090909090909091,zephyr,16,8448,81640,10,10,5.412123799091205,3,,
M-50-N-10-pa-0.05-pe-1.00,LinearSearch,21,10,True,33,249,69,3,1,2.090909090909091,2.090909090909091,zephyr,16,8448,81640,10,10,5.634782336186618,4,,
M-50-N-10-pa-0.05-pe-1.00,LinearSearch,21,10,True,33,249,69,3,1,2.090909090909091,2.090909090909091,zephyr,16,8448,81640,10,10,5.452923991950229,5,,
M-50-N-10-pa-0.05-pe-1.00,LinearSearch,21,10,True,33,249,69,3,1,2.090909090909091,2.090909090909091,zephyr,16,8448,81640,10,10,5.161949593108147,6,,
M-50-N-10-pa-0.05-pe-1.00,LinearSearch,21,10,True,33,249,69,3,1,2.090909090909091,2.090909090909091,zephyr,16,8448,81640,10,10,5.636488353833556,7,,
M-50-N-10-pa-0.05-pe-1.00,LinearSearch,21,10,True,33,249,69,3,1,2.090909090909091,2.090909090909091,zephyr,16,8448,81640,10,10,5.431239786092192,8,,
M-50-N-10-pa-0.05-pe-1.00,LinearSearch With Preprocessing,21,10,True,33,249,69,3,1,2.090909090909091,2.090909090909091,zephyr,16,8448,81640,10,10,5.331625437131152,8,,
M-50-N-10-pa-0.05-pe-1.00,LinearSearch With Reduced Qubits,21,10,True,28,229,60,3,1,2.142857142857143,2.142857142857143,zephyr,16,8448,81640,10,10,4.239374950993806,2,,
M-50-N-10-pa-0.05-pe-1.00,LinearSearch With Reduced Qubits,21,10,True,33,249,69,3,1,2.090909090909091,2.090909090909091,zephyr,16,8448,81640,10,10,5.483122545061633,3,,
M-50-N-10-pa-0.05-pe-1.00,LinearSearch With Reduced Qubits,21,10,True,33,249,69,3,1,2.090909090909091,2.090909090909091,zephyr,16,8448,81640,10,10,5.414179090876132,4,,
M-50-N-10-pa-0.05-pe-1.00,LinearSearch With Reduced Qubits,21,10,True,33,249,69,3,1,2.090909090909091,2.090909090909091,zephyr,16,8448,81640,10,10,5.75438457983546,5,,
M-50-N-10-pa-0.05-pe-1.00,LinearSearch With Reduced Qubits,21,10,True,33,249,69,3,1,2.090909090909091,2.090909090909091,zephyr,16,8448,81640,10,10,5.667575781000778,6,,
M-50-N-10-pa-0.05-pe-1.00,LinearSearch With Reduced Qubits,21,10,True,33,249,69,3,1,2.090909090909091,2.090909090909091,zephyr,16,8448,81640,10,10,5.459203521953896,7,,
M-50-N-10-pa-0.05-pe-1.00,LinearSearch With Reduced Qubits,21,10,True,33,249,69,3,1,2.090909090909091,2.090909090909091,zephyr,16,8448,81640,10,10,5.4007779019884765,8,,
M-50-N-10-pa-0.05-pe-1.00,LinearSearch With Preprocessing and Reduced Qubits,21,10,True,33,249,69,3,1,2.090909090909091,2.090909090909091,zephyr,16,8448,81640,10,10,5.454552246024832,8,,
M-50-N-10-pa-0.55-pe-1.00,BinSearch,50,10,True,60,1499,328,7,3,5.466666666666667,5.466666666666667,zephyr,16,8448,81640,10,10,33.77933463593945,2,,
M-50-N-10-pa-0.55-pe-1.00,LinearSearch,50,10,True,101,2737,799,15,4,7.910891089108911,7.910891089108911,zephyr,16,8448,81640,10,10,38.190536750946194,2,,
M-50-N-10-pa-0.55-pe-1.00,LinearSearch With Preprocessing,50,10,True,101,2737,800,15,4,7.920792079207921,7.920792079207921,zephyr,16,8448,81640,10,10,38.50948665197939,2,,
M-50-N-10-pa-0.55-pe-1.00,LinearSearch With Reduced Qubits,50,10,True,60,1499,328,7,3,5.466666666666667,5.466666666666667,zephyr,16,8448,81640,10,10,34.233242731075734,2,,
M-50-N-10-pa-0.55-pe-1.00,LinearSearch With Preprocessing and Reduced Qubits,50,10,True,60,1499,328,7,3,5.466666666666667,5.466666666666667,zephyr,16,8448,81640,10,10,33.339677520794794,2,,
M-50-N-50-pa-0.05-pe-1.00,BinSearch,45,48,True,74,1095,270,7,1,3.6486486486486487,3.6486486486486487,zephyr,16,8448,81640,10,10,30.03302987618372,20,,
M-50-N-50-pa-0.05-pe-1.00,LinearSearch,45,48,True,74,1095,270,7,1,3.6486486486486487,3.6486486486486487,zephyr,16,8448,81640,10,10,30.061839865054935,2,,
M-50-N-50-pa-0.05-pe-1.00,LinearSearch,45,48,True,74,1095,270,7,1,3.6486486486486487,3.6486486486486487,zephyr,16,8448,81640,10,10,29.00013450998813,3,,
M-50-N-50-pa-0.05-pe-1.00,LinearSearch,45,48,True,74,1095,270,7,1,3.6486486486486487,3.6486486486486487,zephyr,16,8448,81640,10,10,29.800573440035805,4,,
M-50-N-50-pa-0.05-pe-1.00,LinearSearch,45,48,True,74,1095,270,7,1,3.6486486486486487,3.6486486486486487,zephyr,16,8448,81640,10,10,29.656904868083075,5,,
M-50-N-50-pa-0.05-pe-1.00,LinearSearch,45,48,True,74,1095,270,7,1,3.6486486486486487,3.6486486486486487,zephyr,16,8448,81640,10,10,29.644100809004158,6,,
M-50-N-50-pa-0.05-pe-1.00,LinearSearch,45,48,True,74,1095,270,7,1,3.6486486486486487,3.6486486486486487,zephyr,16,8448,81640,10,10,32.441175430081785,7,,
M-50-N-50-pa-0.05-pe-1.00,LinearSearch,45,48,True,74,1095,270,7,1,3.6486486486486487,3.6486486486486487,zephyr,16,8448,81640,10,10,29.59362303488888,8,,
M-50-N-50-pa-0.05-pe-1.00,LinearSearch,45,48,True,74,1095,270,7,1,3.6486486486486487,3.6486486486486487,zephyr,16,8448,81640,10,10,29.21149426116608,9,,
M-50-N-50-pa-0.05-pe-1.00,LinearSearch,45,48,True,74,1095,270,7,1,3.6486486486486487,3.6486486486486487,zephyr,16,8448,81640,10,10,29.087190197082236,10,,
M-50-N-50-pa-0.05-pe-1.00,LinearSearch,45,48,True,74,1095,270,7,1,3.6486486486486487,3.6486486486486487,zephyr,16,8448,81640,10,10,30.01193813304417,11,,
M-50-N-50-pa-0.05-pe-1.00,LinearSearch,45,48,True,74,1095,270,7,1,3.6486486486486487,3.6486486486486487,zephyr,16,8448,81640,10,10,29.312262854073197,12,,
M-50-N-50-pa-0.05-pe-1.00,LinearSearch,45,48,True,74,1095,270,7,1,3.6486486486486487,3.6486486486486487,zephyr,16,8448,81640,10,10,29.810477131046355,13,,
M-50-N-50-pa-0.05-pe-1.00,LinearSearch,45,48,True,74,1095,270,7,1,3.6486486486486487,3.6486486486486487,zephyr,16,8448,81640,10,10,29.48263868293725,14,,
M-50-N-50-pa-0.05-pe-1.00,LinearSearch,45,48,True,74,1095,270,7,1,3.6486486486486487,3.6486486486486487,zephyr,16,8448,81640,10,10,30.135268965968862,15,,
M-50-N-50-pa-0.05-pe-1.00,LinearSearch,45,48,True,74,1095,270,7,1,3.6486486486486487,3.6486486486486487,zephyr,16,8448,81640,10,10,29.969713361002505,16,,
M-50-N-50-pa-0.05-pe-1.00,LinearSearch,45,48,True,74,1095,270,7,1,3.6486486486486487,3.6486486486486487,zephyr,16,8448,81640,10,10,30.49992548301816,17,,
M-50-N-50-pa-0.05-pe-1.00,LinearSearch,45,48,True,74,1095,270,7,1,3.6486486486486487,3.6486486486486487,zephyr,16,8448,81640,10,10,30.349570928141475,18,,
M-50-N-50-pa-0.05-pe-1.00,LinearSearch,45,48,True,74,1095,270,7,1,3.6486486486486487,3.6486486486486487,zephyr,16,8448,81640,10,10,30.080051575787365,19,,
M-50-N-50-pa-0.05-pe-1.00,LinearSearch,45,48,True,74,1095,270,7,1,3.6486486486486487,3.6486486486486487,zephyr,16,8448,81640,10,10,30.73743386217393,20,,
M-50-N-50-pa-0.05-pe-1.00,LinearSearch With Preprocessing,45,48,True,74,1095,270,7,1,3.6486486486486487,3.6486486486486487,zephyr,16,8448,81640,10,10,31.157189801102504,20,,
M-50-N-50-pa-0.05-pe-1.00,LinearSearch With Reduced Qubits,45,48,True,63,1042,246,7,1,3.9047619047619047,3.9047619047619047,zephyr,16,8448,81640,10,10,18.84748011501506,2,,
M-50-N-50-pa-0.05-pe-1.00,LinearSearch With Reduced Qubits,45,48,True,73,1088,267,7,1,3.6575342465753424,3.6575342465753424,zephyr,16,8448,81640,10,10,28.728070619981736,3,,
M-50-N-50-pa-0.05-pe-1.00,LinearSearch With Reduced Qubits,45,48,True,73,1088,267,7,1,3.6575342465753424,3.6575342465753424,zephyr,16,8448,81640,10,10,28.436932287178934,4,,
M-50-N-50-pa-0.05-pe-1.00,LinearSearch With Reduced Qubits,45,48,True,74,1095,270,7,1,3.6486486486486487,3.6486486486486487,zephyr,16,8448,81640,10,10,30.264760619029403,5,,
M-50-N-50-pa-0.05-pe-1.00,LinearSearch With Reduced Qubits,45,48,True,74,1095,270,7,1,3.6486486486486487,3.6486486486486487,zephyr,16,8448,81640,10,10,30.959986699046567,6,,
M-50-N-50-pa-0.05-pe-1.00,LinearSearch With Reduced Qubits,45,48,True,74,1095,270,7,1,3.6486486486486487,3.6486486486486487,zephyr,16,8448,81640,10,10,29.797376590082422,7,,
M-50-N-50-pa-0.05-pe-1.00,LinearSearch With Reduced Qubits,45,48,True,74,1095,270,7,1,3.6486486486486487,3.6486486486486487,zephyr,16,8448,81640,10,10,31.220707927132025,8,,
M-50-N-50-pa-0.05-pe-1.00,LinearSearch With Reduced Qubits,45,48,True,74,1095,270,7,1,3.6486486486486487,3.6486486486486487,zephyr,16,8448,81640,10,10,29.19403019384481,9,,
M-50-N-50-pa-0.05-pe-1.00,LinearSearch With Reduced Qubits,45,48,True,74,1095,270,7,1,3.6486486486486487,3.6486486486486487,zephyr,16,8448,81640,10,10,31.071350953076035,10,,
M-50-N-50-pa-0.05-pe-1.00,LinearSearch With Reduced Qubits,45,48,True,74,1095,270,7,1,3.6486486486486487,3.6486486486486487,zephyr,16,8448,81640,10,10,29.88259892188944,11,,
M-50-N-50-pa-0.05-pe-1.00,LinearSearch With Reduced Qubits,45,48,True,74,1095,270,7,1,3.6486486486486487,3.6486486486486487,zephyr,16,8448,81640,10,10,31.16389284702018,12,,
M-50-N-50-pa-0.05-pe-1.00,LinearSearch With Reduced Qubits,45,48,True,74,1095,270,7,1,3.6486486486486487,3.6486486486486487,zephyr,16,8448,81640,10,10,29.84245858201757,13,,
M-50-N-50-pa-0.05-pe-1.00,LinearSearch With Reduced Qubits,45,48,True,74,1095,270,7,1,3.6486486486486487,3.6486486486486487,zephyr,16,8448,81640,10,10,31.30599261680618,14,,
M-50-N-50-pa-0.05-pe-1.00,LinearSearch With Reduced Qubits,45,48,True,74,1095,270,7,1,3.6486486486486487,3.6486486486486487,zephyr,16,8448,81640,10,10,29.549684984842315,15,,
M-50-N-50-pa-0.05-pe-1.00,LinearSearch With Reduced Qubits,45,48,True,74,1095,270,7,1,3.6486486486486487,3.6486486486486487,zephyr,16,8448,81640,10,10,31.282798764994368,16,,
M-50-N-50-pa-0.05-pe-1.00,LinearSearch With Reduced Qubits,45,48,True,74,1095,270,7,1,3.6486486486486487,3.6486486486486487,zephyr,16,8448,81640,10,10,29.80238290783018,17,,
M-50-N-50-pa-0.05-pe-1.00,LinearSearch With Reduced Qubits,45,48,True,74,1095,270,7,1,3.6486486486486487,3.6486486486486487,zephyr,16,8448,81640,10,10,31.406569036189467,18,,
M-50-N-50-pa-0.05-pe-1.00,LinearSearch With Reduced Qubits,45,48,True,74,1095,270,7,1,3.6486486486486487,3.6486486486486487,zephyr,16,8448,81640,10,10,29.345701058162376,19,,
M-50-N-50-pa-0.05-pe-1.00,LinearSearch With Reduced Qubits,45,48,True,74,1095,270,7,1,3.6486486486486487,3.6486486486486487,zephyr,16,8448,81640,10,10,31.74720385018736,20,,
M-50-N-50-pa-0.05-pe-1.00,LinearSearch With Preprocessing and Reduced Qubits,45,48,True,74,1095,270,7,1,3.6486486486486487,3.6486486486486487,zephyr,16,8448,81640,10,10,31.281594668049365,20,,
M-50-N-50-pa-0.65-pe-1.00,BinSearch,50,50,True,100,2813,679,13,3,6.79,6.79,zephyr,16,8448,81640,10,10,36.22280235704966,2,,
M-50-N-50-pa-0.65-pe-1.00,BinSearch,50,50,True,150,4451,1502,29,4,10.013333333333334,10.013333333333334,zephyr,16,8448,81640,10,10,42.20193049008958,3,,
M-50-N-50-pa-0.65-pe-1.00,LinearSearch,50,50,False,321,10489,,,,,,zephyr,16,8448,81640,10,0,55.23391460208222,2,,
M-50-N-50-pa-0.65-pe-1.00,LinearSearch,50,50,False,321,10489,,,,,,zephyr,16,8448,81640,10,0,55.366816591937095,3,,
M-50-N-50-pa-0.65-pe-1.00,LinearSearch With Preprocessing,50,50,False,321,10489,,,,,,zephyr,16,8448,81640,10,0,55.064489191863686,2,,
M-50-N-50-pa-0.65-pe-1.00,LinearSearch With Preprocessing,50,50,False,321,10489,,,,,,zephyr,16,8448,81640,10,0,54.56154929008335,3,,
M-50-N-50-pa-0.65-pe-1.00,LinearSearch With Reduced Qubits,50,50,True,100,2813,679,13,3,6.79,6.79,zephyr,16,8448,81640,10,10,35.6048905311618,2,,
M-50-N-50-pa-0.65-pe-1.00,LinearSearch With Reduced Qubits,50,50,True,150,4451,1502,29,4,10.013333333333334,10.013333333333334,zephyr,16,8448,81640,10,10,41.2742310538888,3,,
M-50-N-50-pa-0.65-pe-1.00,LinearSearch With Preprocessing and Reduced Qubits,50,50,True,100,2813,679,13,3,6.79,6.79,zephyr,16,8448,81640,10,10,35.83360615698621,2,,
M-50-N-50-pa-0.65-pe-1.00,LinearSearch With Preprocessing and Reduced Qubits,50,50,True,150,4451,1502,29,4,10.013333333333334,10.013333333333334,zephyr,16,8448,81640,10,10,39.78431283799,3,,
M-50-N-50-pa-0.35-pe-1.00,BinSearch,50,50,True,150,3051,1471,23,3,9.806666666666667,9.806666666666667,zephyr,16,8448,81640,10,10,40.32479694113135,3,,
M-50-N-50-pa-0.35-pe-1.00,BinSearch,50,50,True,150,3051,1622,23,3,10.813333333333333,10.813333333333333,zephyr,16,8448,81640,10,10,38.38401359808631,4,,
M-50-N-50-pa-0.35-pe-1.00,LinearSearch,50,50,True,287,5930,4053,67,2,14.121951219512194,14.121951219512194,zephyr,16,8448,81640,10,9,51.07548056310043,2,,
M-50-N-50-pa-0.35-pe-1.00,LinearSearch,50,50,True,287,5930,4053,67,2,14.121951219512194,14.121951219512194,zephyr,16,8448,81640,10,9,52.362715368159115,3,,
M-50-N-50-pa-0.35-pe-1.00,LinearSearch,50,50,True,287,5930,4053,67,2,14.121951219512194,14.121951219512194,zephyr,16,8448,81640,10,9,53.07041954691522,4,,
M-50-N-50-pa-0.35-pe-1.00,LinearSearch With Preprocessing,50,50,True,287,5930,4053,67,2,14.121951219512194,14.121951219512194,zephyr,16,8448,81640,10,9,52.24030231288634,2,,
M-50-N-50-pa-0.35-pe-1.00,LinearSearch With Preprocessing,50,50,True,287,5930,4053,67,2,14.121951219512194,14.121951219512194,zephyr,16,8448,81640,10,9,51.93467206903733,3,,
M-50-N-50-pa-0.35-pe-1.00,LinearSearch With Preprocessing,50,50,True,287,5930,4053,67,2,14.121951219512194,14.121951219512194,zephyr,16,8448,81640,10,9,52.741751425899565,4,,
M-50-N-50-pa-0.35-pe-1.00,LinearSearch With Reduced Qubits,50,50,True,100,2113,622,11,3,6.22,6.22,zephyr,16,8448,81640,10,10,36.04180071991868,2,,
M-50-N-50-pa-0.35-pe-1.00,LinearSearch With Reduced Qubits,50,50,True,150,3051,1586,23,3,10.573333333333334,10.573333333333334,zephyr,16,8448,81640,10,10,40.393012929940596,3,,
M-50-N-50-pa-0.35-pe-1.00,LinearSearch With Reduced Qubits,50,50,True,150,3051,1471,23,3,9.806666666666667,9.806666666666667,zephyr,16,8448,81640,10,10,40.677252151072025,4,,
M-50-N-50-pa-0.35-pe-1.00,LinearSearch With Preprocessing and Reduced Qubits,50,50,True,100,2113,622,11,3,6.22,6.22,zephyr,16,8448,81640,10,10,36.25516795506701,2,,
M-50-N-50-pa-0.35-pe-1.00,LinearSearch With Preprocessing and Reduced Qubits,50,50,True,150,3051,1520,28,3,10.133333333333333,10.133333333333333,zephyr,16,8448,81640,10,10,40.220170164015144,3,,
M-50-N-50-pa-0.35-pe-1.00,LinearSearch With Preprocessing and Reduced Qubits,50,50,True,150,3051,1520,28,3,10.133333333333333,10.133333333333333,zephyr,16,8448,81640,10,10,37.9646069877781,4,,
M-50-N-10-pa-0.65-pe-1.00,BinSearch,50,10,True,60,1553,333,8,3,5.55,5.55,zephyr,16,8448,81640,10,10,34.368311726953834,2,,
M-50-N-10-pa-0.65-pe-1.00,LinearSearch,50,10,True,105,3163,978,18,4,9.314285714285715,9.314285714285715,zephyr,16,8448,81640,10,10,35.48121323506348,2,,
M-50-N-10-pa-0.65-pe-1.00,LinearSearch With Preprocessing,50,10,True,105,3163,948,16,5,9.028571428571428,9.028571428571428,zephyr,16,8448,81640,10,10,35.1108853740152,2,,
M-50-N-10-pa-0.65-pe-1.00,LinearSearch With Reduced Qubits,50,10,True,60,1553,333,8,3,5.55,5.55,zephyr,16,8448,81640,10,10,33.78851995407604,2,,
M-50-N-10-pa-0.65-pe-1.00,LinearSearch With Preprocessing and Reduced Qubits,50,10,True,60,1553,333,8,3,5.55,5.55,zephyr,16,8448,81640,10,10,33.77106336108409,2,,
M-50-N-10-pa-0.25-pe-1.00,BinSearch,47,10,True,57,1198,283,7,1,4.964912280701754,4.964912280701754,zephyr,16,8448,81640,10,10,30.63118943804875,2,,
M-50-N-10-pa-0.25-pe-1.00,BinSearch,47,10,True,67,1325,351,8,2,5.2388059701492535,5.2388059701492535,zephyr,16,8448,81640,10,10,33.79469771008007,3,,
M-50-N-10-pa-0.25-pe-1.00,LinearSearch,47,10,True,87,1609,473,10,2,5.436781609195402,5.436781609195402,zephyr,16,8448,81640,10,10,34.971554999938235,2,,
M-50-N-10-pa-0.25-pe-1.00,LinearSearch,47,10,True,87,1609,473,10,2,5.436781609195402,5.436781609195402,zephyr,16,8448,81640,10,10,34.973123636096716,3,,
M-50-N-10-pa-0.25-pe-1.00,LinearSearch With Preprocessing,47,10,True,87,1609,473,10,2,5.436781609195402,5.436781609195402,zephyr,16,8448,81640,10,10,35.19897249597125,2,,
M-50-N-10-pa-0.25-pe-1.00,LinearSearch With Preprocessing,47,10,True,87,1609,473,10,2,5.436781609195402,5.436781609195402,zephyr,16,8448,81640,10,10,34.615084090968594,3,,
M-50-N-10-pa-0.25-pe-1.00,LinearSearch With Reduced Qubits,47,10,True,57,1198,283,7,1,4.964912280701754,4.964912280701754,zephyr,16,8448,81640,10,10,30.649803794920444,2,,
M-50-N-10-pa-0.25-pe-1.00,LinearSearch With Reduced Qubits,47,10,True,67,1325,351,8,2,5.2388059701492535,5.2388059701492535,zephyr,16,8448,81640,10,10,33.42694415501319,3,,
M-50-N-10-pa-0.25-pe-1.00,LinearSearch With Preprocessing and Reduced Qubits,47,10,True,57,1198,283,7,1,4.964912280701754,4.964912280701754,zephyr,16,8448,81640,10,10,30.735898545011878,2,,
M-50-N-10-pa-0.25-pe-1.00,LinearSearch With Preprocessing and Reduced Qubits,47,10,True,67,1325,351,8,2,5.2388059701492535,5.2388059701492535,zephyr,16,8448,81640,10,10,33.911948098102584,3,,
M-50-N-25-pa-0.45-pe-1.00,BinSearch,50,25,True,75,1801,444,9,3,5.92,5.92,zephyr,16,8448,81640,10,10,33.97761926287785,2,,
M-50-N-25-pa-0.45-pe-1.00,BinSearch,50,25,True,100,2402,774,14,3,7.74,7.74,zephyr,16,8448,81640,10,10,35.67937437398359,3,,
M-50-N-25-pa-0.45-pe-1.00,LinearSearch,50,25,True,175,4355,2161,36,4,12.348571428571429,12.348571428571429,zephyr,16,8448,81640,10,10,40.75520581798628,2,,
M-50-N-25-pa-0.45-pe-1.00,LinearSearch,50,25,True,175,4355,2161,36,4,12.348571428571429,12.348571428571429,zephyr,16,8448,81640,10,10,41.84637185605243,3,,
M-50-N-25-pa-0.45-pe-1.00,LinearSearch With Preprocessing,50,25,True,175,4355,2161,36,4,12.348571428571429,12.348571428571429,zephyr,16,8448,81640,10,10,41.031475950963795,2,,
M-50-N-25-pa-0.45-pe-1.00,LinearSearch With Preprocessing,50,25,True,175,4355,2161,36,4,12.348571428571429,12.348571428571429,zephyr,16,8448,81640,10,10,41.78460646700114,3,,
M-50-N-25-pa-0.45-pe-1.00,LinearSearch With Reduced Qubits,50,25,True,75,1801,444,9,3,5.92,5.92,zephyr,16,8448,81640,10,10,34.288905686931685,2,,
M-50-N-25-pa-0.45-pe-1.00,LinearSearch With Reduced Qubits,50,25,True,100,2402,774,14,3,7.74,7.74,zephyr,16,8448,81640,10,10,35.96679745498113,3,,
M-50-N-25-pa-0.45-pe-1.00,LinearSearch With Preprocessing and Reduced Qubits,50,25,True,75,1801,444,9,3,5.92,5.92,zephyr,16,8448,81640,10,10,34.71018826798536,2,,
M-50-N-25-pa-0.45-pe-1.00,LinearSearch With Preprocessing and Reduced Qubits,50,25,True,100,2402,774,14,3,7.74,7.74,zephyr,16,8448,81640,10,10,35.63979944703169,3,,
M-50-N-25-pa-0.25-pe-1.00,BinSearch,50,25,True,100,1858,627,11,1,6.27,6.27,zephyr,16,8448,81640,10,10,34.956142037175596,3,,
M-50-N-25-pa-0.25-pe-1.00,BinSearch,50,25,True,100,1858,627,11,1,6.27,6.27,zephyr,16,8448,81640,10,10,35.628303261939436,4,,
M-50-N-25-pa-0.25-pe-1.00,LinearSearch,50,25,True,149,2613,1351,24,3,9.06711409395973,9.06711409395973,zephyr,16,8448,81640,10,10,37.93072766601108,2,,
M-50-N-25-pa-0.25-pe-1.00,LinearSearch,50,25,True,149,2613,1351,24,3,9.06711409395973,9.06711409395973,zephyr,16,8448,81640,10,10,37.66297187213786,3,,
M-50-N-25-pa-0.25-pe-1.00,LinearSearch,50,25,True,149,2613,1351,24,3,9.06711409395973,9.06711409395973,zephyr,16,8448,81640,10,10,38.07495380495675,4,,
M-50-N-25-pa-0.25-pe-1.00,LinearSearch With Preprocessing,50,25,True,149,2613,1351,24,3,9.06711409395973,9.06711409395973,zephyr,16,8448,81640,10,10,38.12677475716919,3,,
M-50-N-25-pa-0.25-pe-1.00,LinearSearch With Preprocessing,50,25,True,149,2613,1351,24,3,9.06711409395973,9.06711409395973,zephyr,16,8448,81640,10,10,38.01539746695198,4,,
M-50-N-25-pa-0.25-pe-1.00,LinearSearch With Reduced Qubits,50,25,True,75,1529,421,9,2,5.613333333333333,5.613333333333333,zephyr,16,8448,81640,10,10,34.270443035056815,2,,
M-50-N-25-pa-0.25-pe-1.00,LinearSearch With Reduced Qubits,50,25,True,100,1858,627,11,1,6.27,6.27,zephyr,16,8448,81640,10,10,34.56111463299021,3,,
M-50-N-25-pa-0.25-pe-1.00,LinearSearch With Reduced Qubits,50,25,True,100,1858,627,11,1,6.27,6.27,zephyr,16,8448,81640,10,10,35.68476253794506,4,,
M-50-N-25-pa-0.25-pe-1.00,LinearSearch With Preprocessing and Reduced Qubits,50,25,True,100,1858,627,11,1,6.27,6.27,zephyr,16,8448,81640,10,10,35.16829914995469,3,,
M-50-N-25-pa-0.25-pe-1.00,LinearSearch With Preprocessing and Reduced Qubits,50,25,True,100,1858,627,11,1,6.27,6.27,zephyr,16,8448,81640,10,10,35.09659574786201,4,,
M-50-N-25-pa-0.75-pe-1.00,BinSearch,50,25,True,75,2170,460,10,4,6.133333333333334,6.133333333333334,zephyr,16,8448,81640,10,10,34.76952718710527,2,,
M-50-N-25-pa-0.75-pe-1.00,LinearSearch,50,25,True,199,7234,3026,53,5,15.206030150753769,15.206030150753769,zephyr,16,8448,81640,10,8,50.87422579107806,2,,
M-50-N-25-pa-0.75-pe-1.00,LinearSearch With Preprocessing,50,25,True,199,7234,3026,53,5,15.206030150753769,15.206030150753769,zephyr,16,8448,81640,10,8,50.9766183369793,2,,
M-50-N-25-pa-0.75-pe-1.00,LinearSearch With Reduced Qubits,50,25,True,75,2170,460,10,4,6.133333333333334,6.133333333333334,zephyr,16,8448,81640,10,10,33.83964955084957,2,,
M-50-N-25-pa-0.75-pe-1.00,LinearSearch With Preprocessing and Reduced Qubits,50,25,True,75,2170,460,10,4,6.133333333333334,6.133333333333334,zephyr,16,8448,81640,10,10,34.374989934964105,2,,
M-50-N-50-pa-0.75-pe-1.00,BinSearch,50,50,True,100,3086,686,11,4,6.86,6.86,zephyr,16,8448,81640,10,10,35.110764781944454,2,,
M-50-N-50-pa-0.75-pe-1.00,LinearSearch,50,50,False,347,13030,,,,,,zephyr,16,8448,81640,10,0,71.10783247905783,2,,
M-50-N-50-pa-0.75-pe-1.00,LinearSearch With Preprocessing,50,50,False,347,13030,,,,,,zephyr,16,8448,81640,10,0,71.45086047099903,2,,
M-50-N-50-pa-0.75-pe-1.00,LinearSearch With Reduced Qubits,50,50,True,100,3086,688,11,4,6.88,6.88,zephyr,16,8448,81640,10,10,35.27144999499433,2,,
M-50-N-50-pa-0.75-pe-1.00,LinearSearch With Preprocessing and Reduced Qubits,50,50,True,100,3086,686,11,4,6.86,6.86,zephyr,16,8448,81640,10,10,35.09267803700641,2,,
M-50-N-10-pa-0.35-pe-1.00,BinSearch,49,10,True,59,1346,314,7,3,5.322033898305085,5.322033898305085,zephyr,16,8448,81640,10,10,33.90898330998607,2,,
M-50-N-10-pa-0.35-pe-1.00,LinearSearch,49,10,True,94,2045,633,13,2,6.73404255319149,6.73404255319149,zephyr,16,8448,81640,10,10,34.69659813004546,2,,
M-50-N-10-pa-0.35-pe-1.00,LinearSearch With Preprocessing,49,10,True,94,2045,633,13,2,6.73404255319149,6.73404255319149,zephyr,16,8448,81640,10,10,35.24207623000257,2,,
M-50-N-10-pa-0.35-pe-1.00,LinearSearch With Reduced Qubits,49,10,True,59,1346,314,7,3,5.322033898305085,5.322033898305085,zephyr,16,8448,81640,10,10,34.05003105313517,2,,
M-50-N-10-pa-0.35-pe-1.00,LinearSearch With Preprocessing and Reduced Qubits,49,10,True,59,1346,314,7,3,5.322033898305085,5.322033898305085,zephyr,16,8448,81640,10,10,34.43065389385447,2,,
M-50-N-10-pa-0.45-pe-1.00,BinSearch,50,10,True,60,1462,348,8,4,5.8,5.8,zephyr,16,8448,81640,10,10,34.02328752516769,2,,
M-50-N-10-pa-0.45-pe-1.00,LinearSearch,50,10,True,100,2510,798,14,3,7.98,7.98,zephyr,16,8448,81640,10,10,36.74319971399382,2,,
M-50-N-10-pa-0.45-pe-1.00,LinearSearch With Preprocessing,50,10,True,100,2510,798,14,3,7.98,7.98,zephyr,16,8448,81640,10,10,36.535394554026425,2,,
M-50-N-10-pa-0.45-pe-1.00,LinearSearch With Reduced Qubits,50,10,True,60,1462,348,8,4,5.8,5.8,zephyr,16,8448,81640,10,10,33.666858667042106,2,,
M-50-N-10-pa-0.45-pe-1.00,LinearSearch With Preprocessing and Reduced Qubits,50,10,True,60,1462,348,8,4,5.8,5.8,zephyr,16,8448,81640,10,10,34.01985569205135,2,,
M-50-N-50-pa-0.15-pe-1.00,BinSearch,50,50,True,194,2436,1426,26,1,7.350515463917525,7.350515463917525,zephyr,16,8448,81640,10,10,41.86475375900045,7,,
M-50-N-50-pa-0.15-pe-1.00,BinSearch,50,50,True,206,2603,1581,35,1,7.674757281553398,7.674757281553398,zephyr,16,8448,81640,10,10,40.29636239213869,9,,
M-50-N-50-pa-0.15-pe-1.00,BinSearch,50,50,True,194,2436,1463,28,1,7.541237113402062,7.541237113402062,zephyr,16,8448,81640,10,10,40.50998234888539,8,,
M-50-N-50-pa-0.15-pe-1.00,LinearSearch,50,50,True,206,2603,1554,29,1,7.543689320388349,7.543689320388349,zephyr,16,8448,81640,10,10,39.633809414925054,2,,
M-50-N-50-pa-0.15-pe-1.00,LinearSearch,50,50,True,206,2603,1554,29,1,7.543689320388349,7.543689320388349,zephyr,16,8448,81640,10,10,41.87089936085977,3,,
M-50-N-50-pa-0.15-pe-1.00,LinearSearch,50,50,True,206,2603,1582,32,1,7.679611650485437,7.679611650485437,zephyr,16,8448,81640,10,10,39.6051014829427,4,,
M-50-N-50-pa-0.15-pe-1.00,LinearSearch,50,50,True,206,2603,1554,29,1,7.543689320388349,7.543689320388349,zephyr,16,8448,81640,10,10,41.55170861701481,5,,
M-50-N-50-pa-0.15-pe-1.00,LinearSearch,50,50,True,206,2603,1576,32,1,7.650485436893204,7.650485436893204,zephyr,16,8448,81640,10,10,39.78766076895408,6,,
M-50-N-50-pa-0.15-pe-1.00,LinearSearch,50,50,True,206,2603,1554,29,1,7.543689320388349,7.543689320388349,zephyr,16,8448,81640,10,10,43.8416772170458,7,,
M-50-N-50-pa-0.15-pe-1.00,LinearSearch,50,50,True,206,2603,1554,29,1,7.543689320388349,7.543689320388349,zephyr,16,8448,81640,10,10,42.28601193986833,8,,
M-50-N-50-pa-0.15-pe-1.00,LinearSearch,50,50,True,206,2603,1554,29,1,7.543689320388349,7.543689320388349,zephyr,16,8448,81640,10,10,44.466013551922515,9,,
M-50-N-50-pa-0.15-pe-1.00,LinearSearch With Preprocessing,50,50,True,206,2603,1554,29,1,7.543689320388349,7.543689320388349,zephyr,16,8448,81640,10,10,41.31587940710597,5,,
M-50-N-50-pa-0.15-pe-1.00,LinearSearch With Preprocessing,50,50,True,206,2603,1581,35,1,7.674757281553398,7.674757281553398,zephyr,16,8448,81640,10,10,43.1939195569139,6,,
M-50-N-50-pa-0.15-pe-1.00,LinearSearch With Preprocessing,50,50,True,206,2603,1554,29,1,7.543689320388349,7.543689320388349,zephyr,16,8448,81640,10,10,41.96301641501486,7,,
M-50-N-50-pa-0.15-pe-1.00,LinearSearch With Preprocessing,50,50,True,206,2603,1581,35,1,7.674757281553398,7.674757281553398,zephyr,16,8448,81640,10,10,42.14380311593413,8,,
M-50-N-50-pa-0.15-pe-1.00,LinearSearch With Preprocessing,50,50,True,206,2603,1581,35,1,7.674757281553398,7.674757281553398,zephyr,16,8448,81640,10,10,39.683246238855645,9,,
M-50-N-50-pa-0.15-pe-1.00,LinearSearch With Reduced Qubits,50,50,True,100,1590,547,10,1,5.47,5.47,zephyr,16,8448,81640,10,10,34.7911422168836,2,,
M-50-N-50-pa-0.15-pe-1.00,LinearSearch With Reduced Qubits,50,50,True,150,2005,926,15,1,6.173333333333333,6.173333333333333,zephyr,16,8448,81640,10,10,41.156336206011474,3,,
M-50-N-50-pa-0.15-pe-1.00,LinearSearch With Reduced Qubits,50,50,True,150,2005,926,15,1,6.173333333333333,6.173333333333333,zephyr,16,8448,81640,10,10,39.40833649993874,4,,
M-50-N-50-pa-0.15-pe-1.00,LinearSearch With Reduced Qubits,50,50,True,194,2436,1463,28,1,7.541237113402062,7.541237113402062,zephyr,16,8448,81640,10,10,40.54329104418866,5,,
M-50-N-50-pa-0.15-pe-1.00,LinearSearch With Reduced Qubits,50,50,True,194,2436,1426,26,1,7.350515463917525,7.350515463917525,zephyr,16,8448,81640,10,10,40.854299143888056,6,,
M-50-N-50-pa-0.15-pe-1.00,LinearSearch With Reduced Qubits,50,50,True,194,2436,1426,26,1,7.350515463917525,7.350515463917525,zephyr,16,8448,81640,10,10,40.31269756495021,7,,
M-50-N-50-pa-0.15-pe-1.00,LinearSearch With Reduced Qubits,50,50,True,194,2436,1426,26,1,7.350515463917525,7.350515463917525,zephyr,16,8448,81640,10,10,42.34294866700657,8,,
M-50-N-50-pa-0.15-pe-1.00,LinearSearch With Reduced Qubits,50,50,True,206,2603,1554,29,1,7.543689320388349,7.543689320388349,zephyr,16,8448,81640,10,10,41.97651022602804,9,,
M-50-N-50-pa-0.15-pe-1.00,LinearSearch With Preprocessing and Reduced Qubits,50,50,True,194,2436,1426,26,1,7.350515463917525,7.350515463917525,zephyr,16,8448,81640,10,10,42.64294432196766,5,,
M-50-N-50-pa-0.15-pe-1.00,LinearSearch With Preprocessing and Reduced Qubits,50,50,True,194,2436,1463,28,1,7.541237113402062,7.541237113402062,zephyr,16,8448,81640,10,10,42.12978963996284,6,,
M-50-N-50-pa-0.15-pe-1.00,LinearSearch With Preprocessing and Reduced Qubits,50,50,True,194,2436,1426,26,1,7.350515463917525,7.350515463917525,zephyr,16,8448,81640,10,10,42.808042933931574,7,,
M-50-N-50-pa-0.15-pe-1.00,LinearSearch With Preprocessing and Reduced Qubits,50,50,True,194,2436,1426,26,1,7.350515463917525,7.350515463917525,zephyr,16,8448,81640,10,10,42.06186540098861,8,,
M-50-N-50-pa-0.15-pe-1.00,LinearSearch With Preprocessing and Reduced Qubits,50,50,True,206,2603,1576,32,1,7.650485436893204,7.650485436893204,zephyr,16,8448,81640,10,10,40.22302562603727,9,,
M-50-N-5-pa-0.15-pe-1.00,BinSearch,34,5,True,44,644,151,5,1,3.4318181818181817,3.4318181818181817,zephyr,16,8448,81640,10,10,14.392132553970441,3,,
M-50-N-5-pa-0.15-pe-1.00,LinearSearch,34,5,True,50,715,170,6,1,3.4,3.4,zephyr,16,8448,81640,10,10,15.65952673391439,2,,
M-50-N-5-pa-0.15-pe-1.00,LinearSearch,34,5,True,50,715,170,6,1,3.4,3.4,zephyr,16,8448,81640,10,10,15.577129249926656,3,,
M-50-N-5-pa-0.15-pe-1.00,LinearSearch With Preprocessing,34,5,True,50,715,170,6,1,3.4,3.4,zephyr,16,8448,81640,10,10,15.433227458037436,3,,
M-50-N-5-pa-0.15-pe-1.00,LinearSearch With Reduced Qubits,34,5,True,39,600,141,5,2,3.6153846153846154,3.6153846153846154,zephyr,16,8448,81640,10,10,10.266340437810868,2,,
M-50-N-5-pa-0.15-pe-1.00,LinearSearch With Reduced Qubits,34,5,True,44,644,151,5,1,3.4318181818181817,3.4318181818181817,zephyr,16,8448,81640,10,10,14.352149826008826,3,,
M-50-N-5-pa-0.15-pe-1.00,LinearSearch With Preprocessing and Reduced Qubits,34,5,True,44,644,151,5,1,3.4318181818181817,3.4318181818181817,zephyr,16,8448,81640,10,10,13.740369974868372,3,,
M-50-N-25-pa-0.35-pe-1.00,BinSearch,50,25,True,75,1676,448,9,2,5.973333333333334,5.973333333333334,zephyr,16,8448,81640,10,10,34.91828838805668,2,,
M-50-N-25-pa-0.35-pe-1.00,BinSearch,50,25,True,100,2152,705,12,3,7.05,7.05,zephyr,16,8448,81640,10,10,36.260756900999695,3,,
M-50-N-25-pa-0.35-pe-1.00,LinearSearch,50,25,True,167,3586,1905,35,3,11.407185628742514,11.407185628742514,zephyr,16,8448,81640,10,10,42.28964754403569,2,,
M-50-N-25-pa-0.35-pe-1.00,LinearSearch,50,25,True,167,3586,1905,35,3,11.407185628742514,11.407185628742514,zephyr,16,8448,81640,10,10,42.056849321117625,3,,
M-50-N-25-pa-0.35-pe-1.00,LinearSearch With Preprocessing,50,25,True,167,3586,1905,35,3,11.407185628742514,11.407185628742514,zephyr,16,8448,81640,10,10,42.727951887995005,2,,
M-50-N-25-pa-0.35-pe-1.00,LinearSearch With Preprocessing,50,25,True,167,3586,1905,35,3,11.407185628742514,11.407185628742514,zephyr,16,8448,81640,10,10,43.0313293938525,3,,
M-50-N-25-pa-0.35-pe-1.00,LinearSearch With Reduced Qubits,50,25,True,75,1676,448,9,2,5.973333333333334,5.973333333333334,zephyr,16,8448,81640,10,10,34.78187639708631,2,,
M-50-N-25-pa-0.35-pe-1.00,LinearSearch With Reduced Qubits,50,25,True,100,2152,705,12,3,7.05,7.05,zephyr,16,8448,81640,10,10,35.994212073041126,3,,
M-50-N-25-pa-0.35-pe-1.00,LinearSearch With Preprocessing and Reduced Qubits,50,25,True,75,1676,448,9,2,5.973333333333334,5.973333333333334,zephyr,16,8448,81640,10,10,34.70011691306718,2,,
M-50-N-25-pa-0.35-pe-1.00,LinearSearch With Preprocessing and Reduced Qubits,50,25,True,100,2152,705,12,3,7.05,7.05,zephyr,16,8448,81640,10,10,35.704640868119895,3,,
M-50-N-25-pa-0.15-pe-1.00,BinSearch,50,25,True,118,1817,694,13,1,5.88135593220339,5.88135593220339,zephyr,16,8448,81640,10,10,35.94263482908718,6,,
M-50-N-25-pa-0.15-pe-1.00,BinSearch,50,25,True,118,1817,694,13,1,5.88135593220339,5.88135593220339,zephyr,16,8448,81640,10,10,36.01294947601855,7,,
M-50-N-25-pa-0.15-pe-1.00,LinearSearch,50,25,True,127,1937,779,14,1,6.133858267716535,6.133858267716535,zephyr,16,8448,81640,10,10,35.374611692968756,2,,
M-50-N-25-pa-0.15-pe-1.00,LinearSearch,50,25,True,127,1937,779,14,1,6.133858267716535,6.133858267716535,zephyr,16,8448,81640,10,10,37.019067778019235,3,,
M-50-N-25-pa-0.15-pe-1.00,LinearSearch,50,25,True,127,1937,779,14,1,6.133858267716535,6.133858267716535,zephyr,16,8448,81640,10,10,36.438686228124425,4,,
M-50-N-25-pa-0.15-pe-1.00,LinearSearch,50,25,True,127,1937,779,14,1,6.133858267716535,6.133858267716535,zephyr,16,8448,81640,10,10,35.061352689052,5,,
M-50-N-25-pa-0.15-pe-1.00,LinearSearch,50,25,True,127,1937,779,14,1,6.133858267716535,6.133858267716535,zephyr,16,8448,81640,10,10,36.437168339965865,6,,
M-50-N-25-pa-0.15-pe-1.00,LinearSearch,50,25,True,127,1937,779,14,1,6.133858267716535,6.133858267716535,zephyr,16,8448,81640,10,10,35.68789534503594,7,,
M-50-N-25-pa-0.15-pe-1.00,LinearSearch With Preprocessing,50,25,True,127,1937,779,14,1,6.133858267716535,6.133858267716535,zephyr,16,8448,81640,10,10,36.559600353008136,5,,
M-50-N-25-pa-0.15-pe-1.00,LinearSearch With Preprocessing,50,25,True,127,1937,779,14,1,6.133858267716535,6.133858267716535,zephyr,16,8448,81640,10,10,36.83372991811484,6,,
M-50-N-25-pa-0.15-pe-1.00,LinearSearch With Preprocessing,50,25,True,127,1937,779,14,1,6.133858267716535,6.133858267716535,zephyr,16,8448,81640,10,10,36.69838331802748,7,,
M-50-N-25-pa-0.15-pe-1.00,LinearSearch With Reduced Qubits,50,25,True,74,1406,368,8,1,4.972972972972973,4.972972972972973,zephyr,16,8448,81640,10,10,33.76868581888266,2,,
M-50-N-25-pa-0.15-pe-1.00,LinearSearch With Reduced Qubits,50,25,True,98,1611,544,10,1,5.551020408163265,5.551020408163265,zephyr,16,8448,81640,10,10,35.245537529932335,3,,
M-50-N-25-pa-0.15-pe-1.00,LinearSearch With Reduced Qubits,50,25,True,98,1611,544,10,1,5.551020408163265,5.551020408163265,zephyr,16,8448,81640,10,10,35.302273381035775,4,,
M-50-N-25-pa-0.15-pe-1.00,LinearSearch With Reduced Qubits,50,25,True,118,1817,694,13,1,5.88135593220339,5.88135593220339,zephyr,16,8448,81640,10,10,35.48239079210907,5,,
M-50-N-25-pa-0.15-pe-1.00,LinearSearch With Reduced Qubits,50,25,True,118,1817,694,13,1,5.88135593220339,5.88135593220339,zephyr,16,8448,81640,10,10,36.57940557808615,6,,
M-50-N-25-pa-0.15-pe-1.00,LinearSearch With Reduced Qubits,50,25,True,118,1817,694,13,1,5.88135593220339,5.88135593220339,zephyr,16,8448,81640,10,10,36.32511460618116,7,,
M-50-N-25-pa-0.15-pe-1.00,LinearSearch With Preprocessing and Reduced Qubits,50,25,True,118,1817,694,13,1,5.88135593220339,5.88135593220339,zephyr,16,8448,81640,10,10,35.528263138839975,5,,
M-50-N-25-pa-0.15-pe-1.00,LinearSearch With Preprocessing and Reduced Qubits,50,25,True,118,1817,694,13,1,5.88135593220339,5.88135593220339,zephyr,16,8448,81640,10,10,35.88060600007884,6,,
M-50-N-25-pa-0.15-pe-1.00,LinearSearch With Preprocessing and Reduced Qubits,50,25,True,118,1817,694,13,1,5.88135593220339,5.88135593220339,zephyr,16,8448,81640,10,10,35.16520852618851,7,,
M-50-N-25-pa-0.65-pe-1.00,BinSearch,50,25,True,75,2022,485,10,4,6.466666666666667,6.466666666666667,zephyr,16,8448,81640,10,10,33.845074204029515,2,,
M-50-N-25-pa-0.65-pe-1.00,LinearSearch,50,25,True,186,5905,2617,39,4,14.06989247311828,14.06989247311828,zephyr,16,8448,81640,10,10,44.92790986713953,2,,
M-50-N-25-pa-0.65-pe-1.00,LinearSearch With Preprocessing,50,25,True,186,5905,2617,39,4,14.06989247311828,14.06989247311828,zephyr,16,8448,81640,10,10,46.018179080914706,2,,
M-50-N-25-pa-0.65-pe-1.00,LinearSearch With Reduced Qubits,50,25,True,75,2022,485,10,4,6.466666666666667,6.466666666666667,zephyr,16,8448,81640,10,10,34.54456049390137,2,,
M-50-N-25-pa-0.65-pe-1.00,LinearSearch With Preprocessing and Reduced Qubits,50,25,True,75,2022,485,10,4,6.466666666666667,6.466666666666667,zephyr,16,8448,81640,10,10,34.17446743394248,2,,
M-50-N-10-pa-0.15-pe-1.00,BinSearch,39,10,True,59,889,232,6,1,3.9322033898305087,3.9322033898305087,zephyr,16,8448,81640,10,10,31.0362882821355,3,,
M-50-N-10-pa-0.15-pe-1.00,BinSearch,39,10,True,59,889,232,6,1,3.9322033898305087,3.9322033898305087,zephyr,16,8448,81640,10,10,31.3952047820203,4,,
M-50-N-10-pa-0.15-pe-1.00,LinearSearch,39,10,True,70,1006,270,7,1,3.857142857142857,3.857142857142857,zephyr,16,8448,81640,10,10,32.586289185099304,2,,
M-50-N-10-pa-0.15-pe-1.00,LinearSearch,39,10,True,70,1006,270,7,1,3.857142857142857,3.857142857142857,zephyr,16,8448,81640,10,10,32.79104396793991,3,,
M-50-N-10-pa-0.15-pe-1.00,LinearSearch,39,10,True,70,1006,272,7,1,3.8857142857142857,3.8857142857142857,zephyr,16,8448,81640,10,10,33.25060485303402,4,,
M-50-N-10-pa-0.15-pe-1.00,LinearSearch With Preprocessing,39,10,True,70,1006,272,7,1,3.8857142857142857,3.8857142857142857,zephyr,16,8448,81640,10,10,32.98259766609408,3,,
M-50-N-10-pa-0.15-pe-1.00,LinearSearch With Preprocessing,39,10,True,70,1006,272,7,1,3.8857142857142857,3.8857142857142857,zephyr,16,8448,81640,10,10,32.574351381044835,4,,
M-50-N-10-pa-0.15-pe-1.00,LinearSearch With Reduced Qubits,39,10,True,49,810,195,6,1,3.979591836734694,3.979591836734694,zephyr,16,8448,81640,10,10,17.42978359782137,2,,
M-50-N-10-pa-0.15-pe-1.00,LinearSearch With Reduced Qubits,39,10,True,59,889,232,6,1,3.9322033898305087,3.9322033898305087,zephyr,16,8448,81640,10,10,31.45144135202281,3,,
M-50-N-10-pa-0.15-pe-1.00,LinearSearch With Reduced Qubits,39,10,True,59,889,232,6,1,3.9322033898305087,3.9322033898305087,zephyr,16,8448,81640,10,10,31.73457919782959,4,,
M-50-N-10-pa-0.15-pe-1.00,LinearSearch With Preprocessing and Reduced Qubits,39,10,True,59,889,232,6,1,3.9322033898305087,3.9322033898305087,zephyr,16,8448,81640,10,10,31.55908234184608,3,,
M-50-N-10-pa-0.15-pe-1.00,LinearSearch With Preprocessing and Reduced Qubits,39,10,True,59,889,232,6,1,3.9322033898305087,3.9322033898305087,zephyr,16,8448,81640,10,10,31.1765416408889,4,,
M-50-N-50-pa-0.45-pe-1.00,BinSearch,50,50,True,150,3555,1580,31,4,10.533333333333333,10.533333333333333,zephyr,16,8448,81640,10,10,41.63408010988496,3,,
M-50-N-50-pa-0.45-pe-1.00,BinSearch,50,50,True,100,2365,717,13,3,7.17,7.17,zephyr,16,8448,81640,10,10,34.95742568699643,2,,
M-50-N-50-pa-0.45-pe-1.00,LinearSearch,50,50,True,300,7425,5002,79,3,16.673333333333332,16.673333333333332,zephyr,16,8448,81640,10,3,54.07177821593359,2,,
M-50-N-50-pa-0.45-pe-1.00,LinearSearch,50,50,True,300,7425,5002,79,3,16.673333333333332,16.673333333333332,zephyr,16,8448,81640,10,4,54.06590027012862,3,,
M-50-N-50-pa-0.45-pe-1.00,LinearSearch With Preprocessing,50,50,True,300,7425,5002,79,3,16.673333333333332,16.673333333333332,zephyr,16,8448,81640,10,4,54.213661529822275,2,,
M-50-N-50-pa-0.45-pe-1.00,LinearSearch With Preprocessing,50,50,True,300,7425,5002,79,3,16.673333333333332,16.673333333333332,zephyr,16,8448,81640,10,3,54.74641867307946,3,,
M-50-N-50-pa-0.45-pe-1.00,LinearSearch With Reduced Qubits,50,50,True,100,2365,717,13,3,7.17,7.17,zephyr,16,8448,81640,10,10,34.464647381799296,2,,
M-50-N-50-pa-0.45-pe-1.00,LinearSearch With Reduced Qubits,50,50,True,150,3555,1580,31,4,10.533333333333333,10.533333333333333,zephyr,16,8448,81640,10,10,41.04863984603435,3,,
M-50-N-50-pa-0.45-pe-1.00,LinearSearch With Preprocessing and Reduced Qubits,50,50,True,100,2365,717,13,3,7.17,7.17,zephyr,16,8448,81640,10,10,35.069497066084296,2,,
M-50-N-50-pa-0.45-pe-1.00,LinearSearch With Preprocessing and Reduced Qubits,50,50,True,150,3555,1580,31,4,10.533333333333333,10.533333333333333,zephyr,16,8448,81640,10,10,38.56663609412499,3,,
