problem_id,algorithm,universe_size,num_test_cases,activation_probability,topology,topology_size,embedding_success,mean_chain_length,max_chain_length,mean_num_physical_qubits,runtime_seconds,num_embedding_calls,mean_attempts_per_submission,physical_logical_qubit_ratio,hitman_runtime_seconds,embedding_over_hitman,log_embedding_over_hitman
M-10-N-10-pa-0.05-pe-1.00,BinSearch,5,6,0.05,pegasus,16,1.0,1.2,2.0,6.0,0.04214351270929907,1,10.0,1.2,0.0004716061521321,89.3616684799581,1.9511512689459047
M-10-N-10-pa-0.15-pe-1.00,BinSearch,10,9,0.15,pegasus,16,1.0,1.6066666666666667,2.7,24.1,0.26481039339560075,2,10.0,1.5333333333333334,0.0013284040614962,199.34476329287668,2.2996048314077338
M-10-N-10-pa-0.25-pe-1.00,BinSearch,9,10,0.25,pegasus,16,1.0,1.523076923076923,2.5,19.8,0.11931154710473488,1,10.0,1.3846153846153846,0.0008463929407298,140.96472361985215,2.149110444190688
M-10-N-10-pa-0.35-pe-1.00,BinSearch,10,10,0.35,pegasus,16,1.0,1.7157894736842105,3.1,32.6,0.21683461539796553,1,10.0,1.5263157894736843,0.0007756720297038,279.54419756662145,2.4464504821414956
M-10-N-10-pa-0.45-pe-1.00,BinSearch,10,10,0.45,pegasus,16,1.0,1.825122549019608,3.2,37.400000000000006,0.5262755386065692,2,10.0,1.6654411764705883,0.0017262550536543,304.86545843132154,2.484108221143944
M-10-N-10-pa-0.55-pe-1.00,BinSearch,10,10,0.55,pegasus,16,1.0,2.014912280701754,3.55,46.55,0.7737987058935687,2,10.0,1.7758284600389864,0.0020302031189203,381.14349165414825,2.581088508226191
M-10-N-10-pa-0.65-pe-1.00,BinSearch,10,10,0.65,pegasus,16,1.0,1.941176470588235,2.9,33.0,0.23815312450169582,1,10.0,1.8235294117647056,0.0010380870662629,229.41536602476768,2.3606225031759305
M-10-N-10-pa-0.75-pe-1.00,BinSearch,10,10,0.75,pegasus,16,1.0,2.1235294117647054,3.1,36.1,0.31089975698851047,1,10.0,2.0588235294117645,0.0033400568645447,93.08217479638887,1.9688665217050134
M-10-N-25-pa-0.05-pe-1.00,BinSearch,9,11,0.05,pegasus,16,1.0,1.5666666666666669,2.1,14.1,0.08001165859168391,1,10.0,1.5555555555555556,0.0006407799664884,124.86604240344383,2.096444347090996
M-10-N-25-pa-0.15-pe-1.00,BinSearch,10,21,0.15,pegasus,16,1.0,1.6153846153846154,2.5,21.0,0.10951677239499982,1,10.0,1.5384615384615383,0.0008783668745309,124.68226597093158,2.095804686532486
M-10-N-25-pa-0.25-pe-1.00,BinSearch,10,24,0.25,pegasus,16,1.0,1.6384615384615384,2.5,21.3,0.11884169999975706,1,10.0,1.5384615384615383,0.0009035978000611,131.52057238320035,2.1189936902720485
M-10-N-25-pa-0.35-pe-1.00,BinSearch,10,25,0.35,pegasus,16,1.0,1.6583333333333332,2.5,19.9,0.11666822950355704,1,10.0,1.5,0.0008877338841557,131.4225258880307,2.1186698099035075
M-10-N-25-pa-0.45-pe-1.00,BinSearch,10,25,0.45,pegasus,16,1.0,1.7678571428571428,3.4,49.5,0.9044706895074341,2,10.0,1.6428571428571428,0.0018612260464578,485.9542400789131,2.6865953758124124
M-10-N-25-pa-0.55-pe-1.00,BinSearch,10,25,0.55,pegasus,16,1.0,1.9856060606060606,3.75,55.05,1.0683104487950912,2,10.0,1.7954545454545454,0.0012604820076376,847.5412115955398,2.9281608249090167
M-10-N-25-pa-0.65-pe-1.00,BinSearch,10,25,0.65,pegasus,16,1.0,2.065,3.1,41.3,0.3360168572049588,1,10.0,1.95,0.0010089969728142,333.0206788775107,2.522471201806593
M-10-N-25-pa-0.75-pe-1.00,BinSearch,10,22,0.75,pegasus,16,1.0,2.221739130434783,3.8,51.1,0.49651503200875596,1,10.0,2.0,0.0015025539323687,330.44739425464604,2.5191023315885
M-10-N-25-pa-0.85-pe-1.00,BinSearch,10,21,0.85,pegasus,16,1.0,2.163157894736842,3.2,41.1,0.38816157290712,1,10.0,2.0,0.0028012790717184,138.5658346886669,2.1416561622013894
M-10-N-5-pa-0.05-pe-1.00,BinSearch,6,5,0.05,pegasus,16,1.0,1.3142857142857145,2.0,9.2,0.052005603793077115,1,10.0,1.2857142857142858,0.000561132794246,92.67967267940188,1.9669844913133778
M-10-N-5-pa-0.15-pe-1.00,BinSearch,8,5,0.15,pegasus,16,1.0,1.4818181818181817,2.2,16.3,0.08835863479180259,1,10.0,1.3636363636363635,0.0007028528489172,125.71427262792166,2.0993845869324725
M-10-N-5-pa-0.25-pe-1.00,BinSearch,7,5,0.25,pegasus,16,1.0,1.3333333333333333,2.0,12.0,0.06069868330960158,1,10.0,1.3333333333333333,0.000760270981118,79.83822181468011,1.9022108556327604
M-10-N-5-pa-0.45-pe-1.00,BinSearch,9,5,0.45,pegasus,16,1.0,1.75,2.3,24.5,0.13176266838563602,1,10.0,1.6428571428571428,0.0010972078889608,120.08906387862697,2.079503459417694
M-10-N-5-pa-0.55-pe-1.00,BinSearch,10,5,0.55,pegasus,16,1.0,1.8714285714285714,2.8,26.2,0.17146245911135333,1,10.0,1.6428571428571428,0.0013913670554757,123.23308814401838,2.090727331767751
M-10-N-50-pa-0.05-pe-1.00,BinSearch,10,22,0.05,pegasus,16,1.0,1.7100000000000002,2.4,17.1,0.09585527229355643,1,10.0,1.6,0.0008135489188134,117.82361202758688,2.07123233243951
M-10-N-50-pa-0.15-pe-1.00,BinSearch,10,36,0.15,pegasus,16,1.0,1.7100000000000002,2.4,17.1,0.097856125497492,1,10.0,1.6,0.0008703300263732,112.43565362537011,2.050904048937335
M-10-N-50-pa-0.25-pe-1.00,BinSearch,10,45,0.25,pegasus,16,1.0,1.6,2.3,19.2,0.11338862120173868,1,10.0,1.5,0.0013078558258712,86.69810454031445,1.9380096027086378
M-10-N-50-pa-0.35-pe-1.00,BinSearch,10,46,0.35,pegasus,16,1.0,1.5045454545454544,2.9,33.1,0.3529543326003476,2,10.0,1.4090909090909092,0.0014712840784341,239.8954338825609,2.3800219817811503
M-10-N-50-pa-0.45-pe-1.00,BinSearch,10,46,0.45,pegasus,16,1.0,1.9825,5.0,79.3,1.8366528827871662,2,10.0,1.8,0.0014524541329592,1264.5169577786878,3.1019246578169413
M-10-N-50-pa-0.55-pe-1.00,BinSearch,10,48,0.55,pegasus,16,1.0,2.4109375,7.8,154.3,16.296301821392262,2,10.0,2.109375,0.0047015969175845,3466.120576388874,3.5398436664995345
M-10-N-50-pa-0.65-pe-1.00,BinSearch,10,47,0.65,pegasus,16,1.0,2.3099999999999996,5.45,94.1,4.682282413321081,2,10.0,2.1433333333333335,0.0019774779211729,2367.805152623943,3.3743459613018665
M-10-N-50-pa-0.75-pe-1.00,BinSearch,10,48,0.75,pegasus,16,1.0,2.0951612903225807,3.8,54.95,1.1343750700994861,2,10.0,1.9124423963133639,0.0026195000391453,433.0502205438271,2.6365382641143453
M-10-N-50-pa-0.85-pe-1.00,BinSearch,10,29,0.85,pegasus,16,1.0,2.185,3.4,43.7,0.44391518971533517,1,10.0,2.0,0.0021144880447536,209.93979635251355,2.322094771589913
M-10-N-50-pa-0.95-pe-1.00,BinSearch,10,16,0.95,pegasus,16,1.0,2.1588235294117646,3.0,36.7,0.38446384338894857,1,10.0,2.117647058823529,0.0030071141663938,127.85142897389724,2.1067055864269193
M-25-N-10-pa-0.05-pe-1.00,BinSearch,12,9,0.05,pegasus,16,1.0,1.7941176470588236,3.0,30.5,0.20008050600299607,1,10.0,1.6470588235294117,0.0010182480327785,196.49486113961865,2.2933511969126488
M-25-N-10-pa-0.15-pe-1.00,BinSearch,20,10,0.15,pegasus,16,1.0,2.8235294117647056,4.8,96.0,1.8099723502993583,1,10.0,2.4705882352941178,0.0011958058457821,1513.600518988909,3.180011267970471
M-25-N-10-pa-0.25-pe-1.00,BinSearch,24,10,0.25,pegasus,16,1.0,3.4340909090909095,6.1,151.1,3.749450633401284,1,10.0,3.159090909090909,0.0012443189043551,3013.2553779139735,3.47903594034219
M-25-N-10-pa-0.35-pe-1.00,BinSearch,23,10,0.35,pegasus,16,1.0,3.6666666666666665,5.3,121.0,2.7017863161978313,1,10.0,3.4242424242424243,0.0012732530012726,2121.955582571158,3.3267362888745593
M-25-N-10-pa-0.45-pe-1.00,BinSearch,25,10,0.45,pegasus,16,1.0,4.048571428571429,5.6,141.7,4.695541625196347,1,10.0,3.914285714285714,0.0014512289781123,3235.5621978197782,3.50994975276295
M-25-N-10-pa-0.55-pe-1.00,BinSearch,25,10,0.55,pegasus,16,1.0,3.9885714285714284,5.6,139.6,4.477341998496558,1,10.0,3.8857142857142857,0.0019621721003204,2281.829405016834,3.3582831724095166
M-25-N-10-pa-0.65-pe-1.00,BinSearch,25,10,0.65,pegasus,16,1.0,4.134285714285714,6.0,144.7,3.6874713554105254,1,10.0,3.971428571428572,0.0096548849251121,381.92804819843906,2.58198155345203
M-25-N-25-pa-0.05-pe-1.00,BinSearch,22,23,0.05,pegasus,16,1.0,2.7703703703703706,4.0,74.8,1.4131422405072953,1,10.0,2.592592592592593,0.0027349609881639,516.6955748569213,2.7132347421276406
M-25-N-25-pa-0.15-pe-1.00,BinSearch,24,25,0.15,pegasus,16,1.0,3.0354166666666664,6.0,145.7,7.076514216099167,2,10.0,2.833333333333333,0.0038146940059959,1855.067327319387,3.268359676405397
M-25-N-25-pa-0.25-pe-1.00,BinSearch,25,25,0.25,pegasus,16,1.0,4.50111301369863,10.6,383.35,44.99977995350491,2,10.0,4.2176797945205475,0.0185795067809522,2422.0115464645646,3.3841762092256613
M-25-N-25-pa-0.35-pe-1.00,BinSearch,25,25,0.35,pegasus,16,1.0,4.352333333333333,8.1,275.3,28.86260956830229,2,10.0,3.996666666666666,0.0017900988459587,16123.472520715048,4.207458581772648
M-25-N-25-pa-0.45-pe-1.00,BinSearch,25,25,0.45,pegasus,16,1.0,4.518333333333333,8.0,285.85,31.040807479288198,2,10.0,4.18,0.0039325749967247,7893.252511966769,3.897255996483275
M-25-N-25-pa-0.55-pe-1.00,BinSearch,25,25,0.55,pegasus,16,1.0,4.598979591836735,8.3,284.15,33.512020792305705,2,10.0,4.355745037741124,0.0460209399461746,728.1907068993521,2.862245132208369
M-25-N-25-pa-0.65-pe-1.00,BinSearch,25,25,0.65,pegasus,16,1.0,4.612,7.7,230.6,7.437463064101758,1,10.0,4.38,0.0025866238866001,2875.3554390941326,3.4586915379633973
M-25-N-25-pa-0.75-pe-1.00,BinSearch,25,25,0.75,pegasus,16,1.0,4.448936170212766,6.9,209.1,9.993687958887312,1,10.0,4.340425531914893,0.0073460608255118,1360.4145398334128,3.133671264936466
M-25-N-25-pa-0.85-pe-1.00,BinSearch,25,25,0.85,pegasus,16,1.0,4.548979591836735,7.2,222.9,13.32688384031062,1,10.0,4.448979591836735,0.018967960961163,702.5997083658536,2.8467079651897045
M-25-N-5-pa-0.05-pe-1.00,BinSearch,8,5,0.05,pegasus,16,1.0,1.3818181818181816,2.0,15.2,0.08558648148900826,1,10.0,1.3636363636363635,0.0009209879208356,92.92899446328003,1.9681512379038721
M-25-N-5-pa-0.15-pe-1.00,BinSearch,21,5,0.15,pegasus,16,1.0,3.04,4.5,91.2,1.7597341517044698,1,10.0,2.8666666666666667,0.0017518601380288,1004.4946582779347,3.001947631590652
M-25-N-5-pa-0.25-pe-1.00,BinSearch,16,5,0.25,pegasus,16,1.0,2.528571428571429,3.4,53.1,0.6462400068237912,1,10.0,2.333333333333333,0.0017105161678045,377.8040913085645,2.5772666566651328
M-25-N-5-pa-0.35-pe-1.00,BinSearch,24,5,0.35,pegasus,16,1.0,3.6448275862068966,4.9,105.7,2.341635062912246,1,10.0,3.413793103448276,0.0021965519990772,1066.050365677638,3.0277777234704373
M-25-N-5-pa-0.45-pe-1.00,BinSearch,25,5,0.45,pegasus,16,1.0,3.85,5.3,115.5,2.91905690250569,1,10.0,3.533333333333333,0.0074717588722705,390.678681153421,2.591819712965292
M-25-N-50-pa-0.05-pe-1.00,BinSearch,24,37,0.05,pegasus,16,1.0,3.013793103448276,4.4,87.4,1.8327490327006672,1,10.0,2.827586206896552,0.0024259348865598,755.4815432594702,2.87822385880304
M-25-N-50-pa-0.15-pe-1.00,BinSearch,25,49,0.15,pegasus,16,1.0,3.1542372881355933,6.9,186.1,5.350550526194274,1,10.0,2.915254237288136,0.0017964020371437,2978.481660888801,3.473994930404622
M-25-N-50-pa-0.25-pe-1.00,BinSearch,25,50,0.25,pegasus,16,1.0,5.1,18.0,637.5,61.9371921259968,2,10.0,4.672,0.0305402551311999,2028.0509071678896,3.307078852251355
M-25-N-50-pa-0.35-pe-1.00,BinSearch,25,50,0.35,pegasus,16,1.0,5.8560200668896325,21.6,826.05,64.55312378358212,2,10.0,5.246854594680682,0.0156691691372543,4119.75409889372,3.614871294508712
M-25-N-50-pa-0.45-pe-1.00,BinSearch,25,50,0.45,pegasus,16,1.0,5.098933333333333,13.2,524.5,53.545025634183546,2,10.0,4.486666666666666,0.003422019071877,15647.202570722828,4.194436705033042
M-25-N-50-pa-0.55-pe-1.00,BinSearch,25,50,0.55,pegasus,16,1.0,5.104024680176611,13.049999999999999,507.45,51.810640461090955,2,10.0,4.675138684478659,0.0053581960964947,9669.418498011997,3.9854003571545507
M-25-N-50-pa-0.65-pe-1.00,BinSearch,25,50,0.65,pegasus,16,1.0,4.635616438356164,9.5,338.4,20.03077475959435,1,10.0,4.465753424657534,0.0025254930369555,7931.431391238426,3.8993515718344636
M-25-N-50-pa-0.75-pe-1.00,BinSearch,25,50,0.75,pegasus,16,1.0,4.687323943661972,9.2,332.8,23.620358731696616,1,10.0,4.52112676056338,0.0036391660105437,6490.59665230196,3.8122846214370556
M-25-N-50-pa-0.85-pe-1.00,BinSearch,25,50,0.85,pegasus,16,1.0,4.615384615384615,8.7,300.0,19.95000091031543,1,10.0,4.476923076923077,0.0143512829672545,1390.1196815954,3.1430521922101855
M-5-N-10-pa-0.05-pe-1.00,BinSearch,5,5,0.05,pegasus,16,1.0,1.2,2.0,6.0,0.042925009905593434,1,10.0,1.2,0.0006558150053024,65.45292421350979,1.8159290541271722
M-5-N-10-pa-0.15-pe-1.00,BinSearch,4,5,0.15,pegasus,16,1.0,1.0,1.0,4.0,0.036585791007382754,1,10.0,1.0,0.0004031639546155,90.74668133843507,1.9578307515959565
M-5-N-10-pa-0.25-pe-1.00,BinSearch,4,6,0.25,pegasus,16,1.0,1.0,1.0,4.0,0.03658172780997115,1,10.0,1.0,0.000390850007534,93.59531025004163,1.971254088241916
M-5-N-10-pa-0.35-pe-1.00,BinSearch,5,9,0.35,pegasus,16,1.0,1.1666666666666667,2.0,7.0,0.044115241384133655,1,10.0,1.1666666666666667,0.0006384730804711,69.09491200864433,1.8394460681087046
M-5-N-10-pa-0.45-pe-1.00,BinSearch,5,10,0.45,pegasus,16,1.0,1.2222222222222223,2.0,11.0,0.05136286139604633,1,10.0,1.2222222222222223,0.0010825009085237,47.44833093825849,1.6762209401215413
M-5-N-10-pa-0.55-pe-1.00,BinSearch,5,7,0.55,pegasus,16,1.0,1.2333333333333334,2.0,11.1,0.057127548195421665,1,10.0,1.2222222222222223,0.0008417139761149,67.87049965741907,1.8316810464535433
M-5-N-10-pa-0.65-pe-1.00,BinSearch,5,9,0.65,pegasus,16,1.0,1.22,2.0,12.2,0.05995928869815539,1,10.0,1.2,0.0006646660622209,90.20964363307364,1.9552529671806507
M-5-N-10-pa-0.75-pe-1.00,BinSearch,5,8,0.75,pegasus,16,1.0,1.2222222222222223,2.0,11.0,0.05734383890521708,1,10.0,1.2222222222222223,0.0007658789400011,74.87324149461726,1.8743266354963943
M-5-N-25-pa-0.05-pe-1.00,BinSearch,5,10,0.05,pegasus,16,1.0,1.2,2.0,6.0,0.042437217303086014,1,10.0,1.2,0.0005439899396151,78.01103317296902,1.89215602971711
M-5-N-25-pa-0.15-pe-1.00,BinSearch,5,10,0.15,pegasus,16,1.0,1.2,2.0,6.0,0.04194406031747343,1,10.0,1.2,0.0005103149451315,82.19249825119783,1.9148321810931899
M-5-N-25-pa-0.25-pe-1.00,BinSearch,5,12,0.25,pegasus,16,1.0,1.2,2.0,6.0,0.042363813886186055,1,10.0,1.2,0.0005640911404043,75.10100899780434,1.875645771891051
M-5-N-25-pa-0.35-pe-1.00,BinSearch,5,14,0.35,pegasus,16,1.0,1.2,2.0,6.0,0.04202278798911715,1,10.0,1.2,0.000479273032397,87.68026794928828,1.942901868348616
M-5-N-25-pa-0.45-pe-1.00,BinSearch,5,15,0.45,pegasus,16,1.0,1.1666666666666667,2.0,7.0,0.044143145007546944,1,10.0,1.1666666666666667,0.0005876100622117,75.12319439574227,1.8757740467725232
M-5-N-25-pa-0.55-pe-1.00,BinSearch,5,20,0.55,pegasus,16,1.0,1.1666666666666667,2.0,7.0,0.04386301069171164,1,10.0,1.1666666666666667,0.0006183551158756,70.93498459807513,1.8508604787838112
M-5-N-25-pa-0.65-pe-1.00,BinSearch,5,18,0.65,pegasus,16,1.0,1.1857142857142857,2.0,8.3,0.04732623161398803,1,10.0,1.1428571428571428,0.0005612131208181,84.32844809592207,1.9259741080490849
M-5-N-25-pa-0.75-pe-1.00,BinSearch,5,12,0.75,pegasus,16,1.0,1.2,2.0,12.0,0.05488451760611492,1,10.0,1.2,0.0007152801845222,76.73149447869262,1.884973656927906
M-5-N-25-pa-0.85-pe-1.00,BinSearch,5,10,0.85,pegasus,16,1.0,1.28,2.1,12.8,0.06689581250539045,1,10.0,1.2,0.0010143858380615,65.94710802280305,1.8191957551993079
M-5-N-5-pa-0.05-pe-1.00,BinSearch,2,2,0.05,pegasus,16,1.0,1.0,1.0,2.0,0.03214850720833051,1,10.0,1.0,0.0006711098831146,47.903492362870296,1.6803671764475852
M-5-N-5-pa-0.15-pe-1.00,BinSearch,4,4,0.15,pegasus,16,1.0,1.0,1.0,4.0,0.03679297099588434,1,10.0,1.0,0.000424635130912,86.64608326262838,1.937748935718713
M-5-N-5-pa-0.25-pe-1.00,BinSearch,5,5,0.25,pegasus,16,1.0,1.1666666666666667,2.0,7.0,0.044195330596994556,1,10.0,1.1666666666666667,0.0005269679240882,83.86721182242253,1.9235922050844654
M-5-N-5-pa-0.35-pe-1.00,BinSearch,5,5,0.35,pegasus,16,1.0,1.2,2.0,6.0,0.042410700209438754,1,10.0,1.2,0.0004162609111517,101.88489711948456,2.008109811261144
M-5-N-5-pa-0.45-pe-1.00,BinSearch,4,4,0.45,pegasus,16,1.0,1.04,1.2,5.2,0.04071991531527596,1,10.0,1.0,0.0009264559485018,43.9523490967628,1.6429820915364521
M-5-N-50-pa-0.05-pe-1.00,BinSearch,5,8,0.05,pegasus,16,1.0,1.2,2.0,6.0,0.04279977930709715,1,10.0,1.2,0.0005306389648467,80.65706075467868,1.9066423917298212
M-5-N-50-pa-0.15-pe-1.00,BinSearch,5,16,0.15,pegasus,16,1.0,1.2,2.0,6.0,0.04215306119876908,1,10.0,1.2,0.0005716341547667,73.74132698951763,1.8677109485643666
M-5-N-50-pa-0.25-pe-1.00,BinSearch,5,19,0.25,pegasus,16,1.0,1.2,2.0,6.0,0.042485233495244704,1,10.0,1.2,0.0005924180150032,71.71495860621366,1.8556097520875217
M-5-N-50-pa-0.35-pe-1.00,BinSearch,5,22,0.35,pegasus,16,1.0,1.2,2.0,6.0,0.042063633305951906,1,10.0,1.2,0.0006251609884202,67.28448194594395,1.8279149129363386
M-5-N-50-pa-0.45-pe-1.00,BinSearch,5,29,0.45,pegasus,16,1.0,1.2,2.0,6.0,0.04242995990207414,1,10.0,1.2,0.000660239951685,64.26445374825332,1.8079708203739446
M-5-N-50-pa-0.55-pe-1.00,BinSearch,5,24,0.55,pegasus,16,1.0,1.2,2.0,6.0,0.04241811480605969,1,10.0,1.2,0.0007064789533615,60.04158304247894,1.7784521342401958
M-5-N-50-pa-0.65-pe-1.00,BinSearch,5,23,0.65,pegasus,16,1.0,1.2,2.0,6.0,0.04260834938613695,1,10.0,1.2,0.0005509010516107,77.3430168343617,1.888421108126902
M-5-N-50-pa-0.75-pe-1.00,BinSearch,5,14,0.75,pegasus,16,1.0,1.2125,2.0,9.7,0.05059473178116601,1,10.0,1.125,0.0012077179271727,41.89283822069015,1.6221397846197048
M-5-N-50-pa-0.85-pe-1.00,BinSearch,5,13,0.85,pegasus,16,1.0,1.2222222222222223,2.0,11.0,0.05508746849372979,1,10.0,1.2222222222222223,0.0007176059298217,76.76562599009107,1.8851667957601677
M-5-N-50-pa-0.95-pe-1.00,BinSearch,5,7,0.95,pegasus,16,1.0,1.3333333333333333,2.0,12.0,0.06349090439616699,1,10.0,1.3333333333333333,0.0010656050872057,59.58202067435227,1.7751152278694127
M-50-N-10-pa-0.05-pe-1.00,BinSearch,21,10,0.05,pegasus,16,1.0,2.5393939393939395,4.3,83.8,1.447052065411117,1,10.0,2.4545454545454546,0.024531627073884,58.98720296839338,1.7707578034555653
M-50-N-10-pa-0.15-pe-1.00,BinSearch,39,10,0.15,pegasus,16,1.0,5.074576271186441,8.2,299.4,24.980651826021493,2,10.0,4.796610169491525,0.0049238819628953,5073.365285600635,3.7052961329283796
M-50-N-10-pa-0.25-pe-1.00,BinSearch,47,10,0.25,pegasus,16,1.0,6.450968840010473,9.3,400.25,48.357452265784374,2,10.0,6.021078816444096,0.0137870959006249,3507.442945985828,3.5449906152827153
M-50-N-10-pa-0.35-pe-1.00,BinSearch,49,10,0.35,pegasus,16,1.0,7.147457627118643,10.3,421.7,22.87499200309394,1,10.0,6.406779661016949,0.0019898468162864,11495.855763555253,4.060541306145237
M-50-N-10-pa-0.45-pe-1.00,BinSearch,50,10,0.45,pegasus,16,1.0,7.348333333333334,10.9,440.9,20.047239458619153,1,10.0,6.7,0.0094068488106131,2131.1323122223566,3.328610413902037
M-50-N-10-pa-0.55-pe-1.00,BinSearch,50,10,0.55,pegasus,16,1.0,7.083333333333333,9.9,425.0,20.728716782905394,1,10.0,6.616666666666666,0.0160874100401997,1288.5055288464305,3.11008628640448
M-50-N-10-pa-0.65-pe-1.00,BinSearch,50,10,0.65,pegasus,16,1.0,7.436666666666667,10.5,446.2,29.615899364306824,1,10.0,6.75,0.0605381538625806,489.2104808984533,2.689495752836062
M-50-N-25-pa-0.05-pe-1.00,BinSearch,41,25,0.05,pegasus,16,1.0,4.538235294117647,8.3,308.6,15.304739155806601,1,10.0,4.073529411764706,0.0067836639937013,2256.1169255672285,3.3533616036503187
M-50-N-25-pa-0.15-pe-1.00,BinSearch,50,25,0.15,pegasus,16,1.0,7.8449152542372875,18.6,925.7,62.40954554911004,2,10.0,6.677966101694915,0.0446713319979608,1397.0827095677803,3.1452221178146873
M-50-N-25-pa-0.25-pe-1.00,BinSearch,50,25,0.25,pegasus,16,1.0,7.784999999999999,14.1,778.5,62.26909784991294,2,10.0,7.21,0.0042791510932147,14551.740866102886,4.162914952312744
M-50-N-25-pa-0.35-pe-1.00,BinSearch,50,25,0.35,pegasus,16,1.0,8.022666666666666,13.75,710.8,60.67351646090974,2,10.0,7.251666666666667,0.0129734410438686,4676.748154253802,3.6699439835149312
M-50-N-25-pa-0.45-pe-1.00,BinSearch,50,25,0.45,pegasus,16,1.0,8.686833333333333,14.85,772.0,61.419222871301464,2,10.0,7.715,0.1000351051334291,613.9766913701458,2.7881518841680935
M-50-N-25-pa-0.55-pe-1.00,BinSearch,50,25,0.55,pegasus,16,1.0,7.721333333333332,12.1,579.1,28.881098522403043,1,10.0,7.253333333333333,0.0045045979786664,6411.470824426802,3.806957670339134
M-50-N-25-pa-0.65-pe-1.00,BinSearch,50,25,0.65,pegasus,16,1.0,7.749333333333334,11.9,581.2,28.131678279704648,1,10.0,7.386666666666667,0.0139154540374875,2021.6141134811537,3.305698260859633
M-50-N-25-pa-0.75-pe-1.00,BinSearch,50,25,0.75,pegasus,16,1.0,7.782666666666667,11.9,583.7,30.044688007503282,1,10.0,7.173333333333333,0.0683498550206422,439.5720809940266,2.643030100823163
M-50-N-5-pa-0.05-pe-1.00,BinSearch,15,5,0.05,pegasus,16,1.0,2.1409090909090907,3.1,47.1,0.44469841780955904,1,10.0,1.9545454545454544,0.0008152250666171,545.491589346499,2.7367880588143123
M-50-N-5-pa-0.15-pe-1.00,BinSearch,34,5,0.15,pegasus,16,1.0,4.609090909090909,6.9,202.8,6.455697679001605,1,10.0,4.340909090909091,0.0060092159546911,1074.2994970729349,3.031125372419243
M-50-N-5-pa-0.25-pe-1.00,BinSearch,39,5,0.25,pegasus,16,1.0,5.465909090909092,7.5,240.5,9.554449664196,1,10.0,5.136363636363637,0.0054949130862951,1738.7808528376975,3.2402448491673863
M-50-N-50-pa-0.05-pe-1.00,BinSearch,45,48,0.05,pegasus,16,1.0,4.768918918918919,9.4,352.9,18.483283061004478,1,10.0,4.418918918918919,0.015680351993069,1178.7543460756283,3.071423306995193
M-50-N-50-pa-0.15-pe-1.00,BinSearch,50,50,0.15,pegasus,16,1.0,9.5475094251493,36.4,1892.3333333333333,99.52653561637271,3,10.0,8.343459113201881,0.4722636910155415,210.74356870870832,2.323754330072882
M-50-N-50-pa-0.25-pe-1.00,BinSearch,50,50,0.25,pegasus,16,1.0,11.803111111111113,39.300000000000004,2186.0333333333333,97.22658465649585,3,10.0,9.524444444444445,0.964678772026673,100.78648714549178,2.003402308383907
M-50-N-50-pa-0.35-pe-1.00,BinSearch,50,50,0.35,pegasus,16,1.0,11.702666666666667,31.3,1755.4,63.82657505010138,2,10.0,9.48,0.1565399540122598,407.7334470450586,2.6103763388038885
M-50-N-50-pa-0.45-pe-1.00,BinSearch,50,50,0.45,pegasus,16,1.0,9.756,21.75,1255.9499999999998,63.54851966372808,2,10.0,7.945,0.0330474260263145,1922.9491462119831,3.283967799157077
M-50-N-50-pa-0.55-pe-1.00,BinSearch,50,50,0.55,pegasus,16,1.0,10.311666666666667,22.6,1328.3,63.7788203930948,2,10.0,8.166666666666666,0.2603020560927689,245.01850408019706,2.3891988840235694
M-50-N-50-pa-0.65-pe-1.00,BinSearch,50,50,0.65,pegasus,16,1.0,10.686,24.45,1378.65,65.11688988060924,2,10.0,8.518333333333333,1.2274657760281116,53.0498618798679,1.7246842575137225
M-50-N-50-pa-0.75-pe-1.00,BinSearch,50,50,0.75,pegasus,16,1.0,9.203,17.4,920.3,31.23251339191338,1,10.0,7.93,0.0220239411573857,1418.116456419131,3.1517118967874533
M-50-N-50-pa-0.85-pe-1.00,BinSearch,50,50,0.85,pegasus,16,1.0,8.683673469387756,15.9,851.0,32.19526513480232,1,10.0,8.061224489795919,0.1089125829748809,295.6064786557498,2.4707139480367712
M-10-N-10-pa-0.05-pe-1.00,LinearSearch,5,6,0.05,pegasus,16,1.0,1.2,2.0,6.0,0.16854681318509374,4,10.0,1.2,0.0004716061521321,357.38891883771214,2.5531410826930703
M-10-N-10-pa-0.15-pe-1.00,LinearSearch,10,9,0.15,pegasus,16,1.0,1.6066666666666667,2.7,24.1,0.5268270024040247,4,10.0,1.5333333333333334,0.0013284040614962,396.58641318370076,2.598337831452506
M-10-N-10-pa-0.25-pe-1.00,LinearSearch,9,10,0.25,pegasus,16,1.0,1.523076923076923,2.5,19.8,0.4768488984089343,4,10.0,1.3846153846153846,0.0008463929407298,563.3895025570312,2.7508087506662346
M-10-N-10-pa-0.35-pe-1.00,LinearSearch,10,10,0.35,pegasus,16,1.0,1.7157894736842105,3.1,32.6,0.43357745770481404,2,10.0,1.5263157894736843,0.0007756720297038,558.9700808361117,2.747388562671823
M-10-N-10-pa-0.45-pe-1.00,LinearSearch,10,10,0.45,pegasus,16,1.0,1.903846153846154,3.4,49.5,0.8180467434984167,2,10.0,1.7692307692307692,0.0017262550536543,473.8852125546643,2.6756731568828616
M-10-N-10-pa-0.55-pe-1.00,LinearSearch,10,10,0.55,pegasus,16,1.0,2.3515151515151516,4.9,77.6,2.035415579308756,2,10.0,2.090909090909091,0.0020302031189203,1002.5674570870823,3.0011136034920085
M-10-N-10-pa-0.65-pe-1.00,LinearSearch,10,10,0.65,pegasus,16,1.0,2.2285714285714286,4.2,62.4,0.7648539468063973,1,10.0,1.9285714285714288,0.0010380870662629,736.7917113379227,2.8673447315481413
M-10-N-10-pa-0.75-pe-1.00,LinearSearch,10,10,0.75,pegasus,16,1.0,2.5709677419354837,4.2,79.7,1.2601246864825952,1,10.0,2.419354838709677,0.0033400568645447,377.27641690228916,2.5766596588209976
M-10-N-25-pa-0.05-pe-1.00,LinearSearch,9,11,0.05,pegasus,16,1.0,1.5666666666666669,2.1,14.1,0.6313739243603774,8,10.0,1.5555555555555556,0.0006407799664884,985.3209469626672,2.993577715565814
M-10-N-25-pa-0.15-pe-1.00,LinearSearch,10,21,0.15,pegasus,16,1.0,1.6153846153846156,2.5,21.0,0.6583494472899472,6,10.0,1.5384615384615383,0.0008783668745309,749.5153399222045,2.87478052574452
M-10-N-25-pa-0.25-pe-1.00,LinearSearch,10,24,0.25,pegasus,16,1.0,1.6384615384615384,2.5,21.3,0.5921849094855132,5,10.0,1.5384615384615383,0.0009035978000611,655.3633804665163,2.8164821707888734
M-10-N-25-pa-0.35-pe-1.00,LinearSearch,10,25,0.35,pegasus,16,1.0,1.6583333333333332,2.5,19.9,0.5813437792181501,5,10.0,1.5,0.0008877338841557,654.8626665480815,2.816150232185056
M-10-N-25-pa-0.45-pe-1.00,LinearSearch,10,25,0.45,pegasus,16,1.0,1.8366666666666667,3.7000000000000006,55.1,1.2996018177771476,3,10.0,1.7,0.0018612260464578,698.250392289663,2.8440111883679178
M-10-N-25-pa-0.55-pe-1.00,LinearSearch,10,25,0.55,pegasus,16,1.0,2.4025,5.3,96.1,3.8811007404117843,2,10.0,2.175,0.0012604820076376,3079.0607988183,3.488418264522213
M-10-N-25-pa-0.65-pe-1.00,LinearSearch,10,25,0.65,pegasus,16,1.0,2.5282051282051285,5.4,98.6,2.4667519621900285,1,10.0,2.2051282051282053,0.0010089969728142,2444.7565515139636,3.3882356186343983
M-10-N-25-pa-0.75-pe-1.00,LinearSearch,10,22,0.75,pegasus,16,1.0,2.963265306122449,6.9,145.2,4.400086058495799,1,10.0,2.7346938775510203,0.0015025539323687,2928.4047386112006,3.4666311009376147
M-10-N-25-pa-0.85-pe-1.00,LinearSearch,10,21,0.85,pegasus,16,1.0,2.9135135135135135,5.6,107.8,2.6382648760976735,1,10.0,2.5405405405405403,0.0028012790717184,941.8072272026309,2.9739620187912803
M-10-N-5-pa-0.05-pe-1.00,LinearSearch,6,5,0.05,pegasus,16,1.0,1.3142857142857145,2.0,9.2,0.1552103329100645,3,10.0,1.2857142857142858,0.000561132794246,276.6017852191663,2.441854978770779
M-10-N-5-pa-0.15-pe-1.00,LinearSearch,8,5,0.15,pegasus,16,1.0,1.4818181818181817,2.2,16.3,0.17487572669633655,2,10.0,1.3636363636363635,0.0007028528489172,248.80844790902947,2.3958651220742744
M-10-N-5-pa-0.25-pe-1.00,LinearSearch,7,5,0.25,pegasus,16,1.0,1.3333333333333333,2.0,12.0,0.24376039599883353,4,10.0,1.3333333333333333,0.000760270981118,320.6230432730103,2.505994732014547
M-10-N-5-pa-0.45-pe-1.00,LinearSearch,9,5,0.45,pegasus,16,1.0,1.7899999999999998,3.1,35.8,0.2823445630958304,1,10.0,1.6,0.0010972078889608,257.33005174244397,2.410490507330427
M-10-N-5-pa-0.55-pe-1.00,LinearSearch,10,5,0.55,pegasus,16,1.0,1.9599999999999997,3.0,39.2,0.35448583009419965,1,10.0,1.7,0.0013913670554757,254.77520719234502,2.4061571634469607
M-10-N-50-pa-0.05-pe-1.00,LinearSearch,10,22,0.05,pegasus,16,1.0,1.7100000000000002,2.4,17.1,0.8683322565164413,9,10.0,1.6,0.0008135489188134,1067.338712361153,3.028302261567629
M-10-N-50-pa-0.15-pe-1.00,LinearSearch,10,36,0.15,pegasus,16,1.0,1.7100000000000002,2.4,17.1,0.7735180172778198,8,10.0,1.6,0.0008703300263732,888.7640239328812,2.9487864665863315
M-10-N-50-pa-0.25-pe-1.00,LinearSearch,10,45,0.25,pegasus,16,1.0,1.6,2.3,19.2,0.7929873783898072,7,10.0,1.5,0.0013078558258712,606.3262953737652,2.7827064032810203
M-10-N-50-pa-0.35-pe-1.00,LinearSearch,10,46,0.35,pegasus,16,1.0,1.5045454545454544,2.9,33.1,0.8921677258214912,5,10.0,1.4090909090909092,0.0014712840784341,606.3871269270077,2.78274997302701
M-10-N-50-pa-0.45-pe-1.00,LinearSearch,10,46,0.45,pegasus,16,1.0,2.0142857142857142,5.0,84.6,3.5654613081074786,3,10.0,1.809523809523809,0.0014524541329592,2454.7840959276955,3.3900133009110154
M-10-N-50-pa-0.55-pe-1.00,LinearSearch,10,48,0.55,pegasus,16,1.0,2.8573170731707314,10.9,234.30000000000004,68.9740109081904,3,10.0,2.707317073170732,0.0047015969175845,14670.336930745701,4.166440088313861
M-10-N-50-pa-0.65-pe-1.00,LinearSearch,10,47,0.65,pegasus,16,1.0,2.7828125,8.7,178.1,23.96572922539199,2,10.0,2.5,0.0019774779211729,12119.340983113416,4.0834790047165255
M-10-N-50-pa-0.75-pe-1.00,LinearSearch,10,48,0.75,pegasus,16,1.0,2.5794871794871796,5.5,100.6,4.67819204228581,2,10.0,2.2051282051282053,0.0026195000391453,1785.910276995574,3.251859636420188
M-10-N-50-pa-0.85-pe-1.00,LinearSearch,10,29,0.85,pegasus,16,1.0,2.825,5.6,113.0,3.0344771575066263,1,10.0,2.55,0.0021144880447536,1435.088348501466,3.1568786384120227
M-10-N-50-pa-0.95-pe-1.00,LinearSearch,10,16,0.95,pegasus,16,1.0,2.978787878787879,5.1,98.3,1.870418025489198,1,10.0,2.636363636363636,0.0030071141663938,621.9976766330253,2.793788762460599
M-25-N-10-pa-0.05-pe-1.00,LinearSearch,12,9,0.05,pegasus,16,1.0,1.7941176470588236,3.0,30.5,0.9961162306775803,5,10.0,1.6470588235294117,0.0010182480327785,978.2648211764345,2.990456436390563
M-25-N-10-pa-0.15-pe-1.00,LinearSearch,20,10,0.15,pegasus,16,1.0,3.0263157894736836,5.2,115.0,6.519091075391043,3,10.0,2.6842105263157894,0.0011958058457821,5451.630039219028,3.7365263758902585
M-25-N-10-pa-0.25-pe-1.00,LinearSearch,24,10,0.25,pegasus,16,1.0,3.5115384615384615,6.5,182.6,10.87177656230051,2,10.0,3.326923076923077,0.0012443189043551,8737.130421720914,3.941368818601919
M-25-N-10-pa-0.35-pe-1.00,LinearSearch,23,10,0.35,pegasus,16,1.0,4.164406779661017,7.8,245.7,13.818792169197696,1,10.0,3.830508474576271,0.0012732530012726,10853.139277529957,4.035555376314668
M-25-N-10-pa-0.45-pe-1.00,LinearSearch,25,10,0.45,pegasus,16,1.0,4.984615384615385,9.3,324.0,19.78994135080138,1,10.0,4.476923076923077,0.0014512289781123,13636.677351155611,4.134708565053441
M-25-N-10-pa-0.55-pe-1.00,LinearSearch,25,10,0.55,pegasus,16,1.0,5.016923076923076,8.8,326.1,21.09339197789668,1,10.0,4.661538461538462,0.0019621721003204,10750.021348128614,4.031409326704226
M-25-N-10-pa-0.65-pe-1.00,LinearSearch,25,10,0.65,pegasus,16,1.0,5.510294117647058,10.5,374.7,17.86420777529711,1,10.0,5.235294117647059,0.0096548849251121,1850.2766125137857,3.2672366593804574
M-25-N-25-pa-0.05-pe-1.00,LinearSearch,22,23,0.05,pegasus,16,1.0,2.7703703703703706,4.0,74.8,21.165407360560494,15,10.0,2.592592592592593,0.0027349609881639,7738.833367064198,3.8886754955105234
M-25-N-25-pa-0.15-pe-1.00,LinearSearch,24,25,0.15,pegasus,16,1.0,3.0354166666666664,6.0,145.7,24.695735254947795,7,10.0,2.833333333333333,0.0038146940059959,6473.844352825529,3.8111622536823293
M-25-N-25-pa-0.25-pe-1.00,LinearSearch,25,25,0.25,pegasus,16,1.0,4.904040404040404,12.9,485.5,120.62108285029535,4,10.0,4.494949494949495,0.0185795067809522,6492.157421932455,3.812389042061114
M-25-N-25-pa-0.35-pe-1.00,LinearSearch,25,25,0.35,pegasus,16,1.0,5.956410256410257,19.1,696.9,63.407166907086506,2,10.0,5.307692307692308,0.0017900988459587,35421.04225965651,4.549261336101886
M-25-N-25-pa-0.45-pe-1.00,LinearSearch,25,25,0.45,pegasus,16,1.0,6.032203389830508,17.15,711.8,62.885927233600526,2,10.0,5.508474576271187,0.0039325749967247,15991.030627511216,4.203876455079378
M-25-N-25-pa-0.55-pe-1.00,LinearSearch,25,25,0.55,pegasus,16,1.0,7.1823999999999995,22.4,897.8,64.23007636238472,2,10.0,6.584,0.0460209399461746,1395.6706759164758,3.1447829537420797
M-25-N-25-pa-0.65-pe-1.00,LinearSearch,25,25,0.65,pegasus,16,1.0,7.135036496350365,22.5,977.5,33.002447411115284,1,10.0,6.510948905109489,0.0025866238866001,12758.889133176352,4.105812863700732
M-25-N-25-pa-0.75-pe-1.00,LinearSearch,25,25,0.75,pegasus,16,1.0,7.051515151515152,21.5,930.8,32.38153235909412,1,10.0,6.606060606060606,0.0073460608255118,4408.013100331236,3.6442428765409094
M-25-N-25-pa-0.85-pe-1.00,LinearSearch,25,25,0.85,pegasus,16,1.0,7.061379310344828,22.6,1023.9,32.36543751349673,1,10.0,6.406896551724138,0.018967960961163,1706.3213899511295,3.232060835000665
M-25-N-5-pa-0.05-pe-1.00,LinearSearch,8,5,0.05,pegasus,16,1.0,1.3818181818181816,2.0,15.2,0.341184858890483,4,10.0,1.3636363636363635,0.0009209879208356,370.45530218298114,2.5687358150525723
M-25-N-5-pa-0.15-pe-1.00,LinearSearch,21,5,0.15,pegasus,16,1.0,3.1485714285714286,4.8,110.2,4.135974559612805,2,10.0,2.9714285714285715,0.0017518601380288,2360.9045422460013,3.3730784277336774
M-25-N-5-pa-0.25-pe-1.00,LinearSearch,16,5,0.25,pegasus,16,1.0,2.9161290322580644,4.6,90.4,1.2529638572887052,1,10.0,2.7419354838709675,0.0017105161678045,732.5062926265214,2.864811359867772
M-25-N-5-pa-0.35-pe-1.00,LinearSearch,24,5,0.35,pegasus,16,1.0,4.0162790697674415,6.2,172.7,4.524500303197419,1,10.0,3.767441860465116,0.0021965519990772,2059.8193455189776,3.3138291326582556
M-25-N-5-pa-0.45-pe-1.00,LinearSearch,25,5,0.45,pegasus,16,1.0,4.466666666666667,6.8,201.0,7.371442954195663,1,10.0,4.155555555555556,0.0074717588722705,986.5739886984699,2.9941296609805916
M-25-N-50-pa-0.05-pe-1.00,LinearSearch,24,37,0.05,pegasus,16,1.0,3.013793103448276,4.4,87.4,29.36283743967069,16,10.0,2.827586206896552,0.0024259348865598,12103.720339009671,4.082918880594455
M-25-N-50-pa-0.15-pe-1.00,LinearSearch,25,49,0.15,pegasus,16,1.0,3.1542372881355933,6.9,186.1,43.1614728686749,8,10.0,2.915254237288136,0.0017964020371437,24026.622076912983,4.380692717267644
M-25-N-50-pa-0.25-pe-1.00,LinearSearch,25,50,0.25,pegasus,16,1.0,5.135114503816794,17.3,672.7,186.63104505404482,6,10.0,4.648854961832061,0.0305402551311999,6110.985132448082,3.7861112271163906
M-25-N-50-pa-0.35-pe-1.00,LinearSearch,25,50,0.35,pegasus,16,1.0,7.045604395604395,33.2,1282.3,133.48718200320144,4,10.0,6.483516483516484,0.0156691691372543,8519.097651279375,3.930393596430582
M-25-N-50-pa-0.45-pe-1.00,LinearSearch,25,50,0.45,pegasus,16,1.0,8.381250000000001,48.65,1877.4,69.39516087978845,2,10.0,7.477678571428571,0.003422019071877,20279.010549595136,4.3070467611477925
M-25-N-50-pa-0.55-pe-1.00,LinearSearch,25,50,0.55,pegasus,16,1.0,8.164864864864864,43.0,1812.6,69.20316841750173,2,10.0,7.157657657657658,0.0053581960964947,12915.385543627011,4.111107375044423
M-25-N-50-pa-0.65-pe-1.00,LinearSearch,25,50,0.65,pegasus,16,1.0,9.06610878661088,55.2,2166.8,34.565648513910126,1,10.0,7.912133891213389,0.0025254930369555,13686.693249367487,4.136298533815342
M-25-N-50-pa-0.75-pe-1.00,LinearSearch,25,50,0.75,pegasus,16,1.0,9.174485596707818,57.9,2229.4,36.21286592478864,1,10.0,7.31275720164609,0.0036391660105437,9950.869460178179,3.997861029013135
M-25-N-50-pa-0.85-pe-1.00,LinearSearch,25,50,0.85,pegasus,16,1.0,8.974222222222222,48.3,2019.2,34.18007222500164,1,10.0,7.6,0.0143512829672545,2381.6736315916182,3.3768822484524272
M-5-N-10-pa-0.05-pe-1.00,LinearSearch,5,5,0.05,pegasus,16,1.0,1.2,2.0,6.0,0.0845635762088931,2,10.0,1.2,0.0006558150053024,128.94425317541507,2.110401991148949
M-5-N-10-pa-0.15-pe-1.00,LinearSearch,4,5,0.15,pegasus,16,1.0,1.0,1.0,4.0,0.11015356092830174,3,10.0,1.0,0.0004031639546155,273.2227407584915,2.4365168435306797
M-5-N-10-pa-0.25-pe-1.00,LinearSearch,4,6,0.25,pegasus,16,1.0,1.0,1.0,4.0,0.07330620360444291,2,10.0,1.0,0.000390850007534,187.55584496313506,2.2731306029937715
M-5-N-10-pa-0.35-pe-1.00,LinearSearch,5,9,0.35,pegasus,16,1.0,1.1666666666666667,2.0,7.0,0.1330893600010312,3,10.0,1.1666666666666667,0.0006384730804711,208.44944581591633,2.319000744850998
M-5-N-10-pa-0.45-pe-1.00,LinearSearch,5,10,0.45,pegasus,16,1.0,1.2222222222222223,2.0,11.0,0.10248436182155266,2,10.0,1.2222222222222223,0.0010825009085237,94.67369580931414,1.9762293311541708
M-5-N-10-pa-0.55-pe-1.00,LinearSearch,5,7,0.55,pegasus,16,1.0,1.309090909090909,2.2,14.4,0.07181087231147099,1,10.0,1.181818181818182,0.0008417139761149,85.31505269475677,1.93102566336029
M-5-N-10-pa-0.65-pe-1.00,LinearSearch,5,9,0.65,pegasus,16,1.0,1.3,2.0,16.9,0.07715618039947,1,10.0,1.2307692307692308,0.0006646660622209,116.0826235441892,2.0647672148892093
M-5-N-10-pa-0.75-pe-1.00,LinearSearch,5,8,0.75,pegasus,16,1.0,1.3416666666666666,2.1,16.1,0.07826854619779622,1,10.0,1.25,0.0007658789400011,102.19440959623384,2.0094271389753486
M-5-N-25-pa-0.05-pe-1.00,LinearSearch,5,10,0.05,pegasus,16,1.0,1.2,2.0,6.0,0.17000410439213717,4,10.0,1.2,0.0005439899396151,312.51332368372516,2.494868537775353
M-5-N-25-pa-0.15-pe-1.00,LinearSearch,5,10,0.15,pegasus,16,1.0,1.2,2.0,6.0,0.16790100350626724,4,10.0,1.2,0.0005103149451315,329.0144738637576,2.5172150036695697
M-5-N-25-pa-0.25-pe-1.00,LinearSearch,5,12,0.25,pegasus,16,1.0,1.2,2.0,6.0,0.16974251108476873,4,10.0,1.2,0.0005640911404043,300.91327203294884,2.4784413430884653
M-5-N-25-pa-0.35-pe-1.00,LinearSearch,5,14,0.35,pegasus,16,1.0,1.2,2.0,6.0,0.12624996089725743,3,10.0,1.2,0.000479273032397,263.41970463562427,2.420648258459285
M-5-N-25-pa-0.45-pe-1.00,LinearSearch,5,15,0.45,pegasus,16,1.0,1.1666666666666667,2.0,7.0,0.13253576181014054,3,10.0,1.1666666666666667,0.0005876100622117,225.55053105411417,2.353243853975689
M-5-N-25-pa-0.55-pe-1.00,LinearSearch,5,20,0.55,pegasus,16,1.0,1.1666666666666667,2.0,7.0,0.13219011720502735,3,10.0,1.1666666666666667,0.0006183551158756,213.77702488005966,2.329961028733997
M-5-N-25-pa-0.65-pe-1.00,LinearSearch,5,18,0.65,pegasus,16,1.0,1.1857142857142857,2.0,8.3,0.09465540479286566,2,10.0,1.1428571428571428,0.0005612131208181,168.6621376318163,2.227017600299118
M-5-N-25-pa-0.75-pe-1.00,LinearSearch,5,12,0.75,pegasus,16,1.0,1.2,2.0,12.0,0.05465730900759806,1,10.0,1.2,0.0007152801845222,76.41384469177592,1.8831720513653076
M-5-N-25-pa-0.85-pe-1.00,LinearSearch,5,10,0.85,pegasus,16,1.0,1.4066666666666667,2.5,21.1,0.1026658474875148,1,10.0,1.3333333333333333,0.0010143858380615,101.20985874812709,2.005222818746846
M-5-N-5-pa-0.05-pe-1.00,LinearSearch,2,2,0.05,pegasus,16,1.0,1.0,1.0,2.0,0.03230226911255153,1,10.0,1.0,0.0006711098831146,48.132608201961055,1.6824393958073374
M-5-N-5-pa-0.15-pe-1.00,LinearSearch,4,4,0.15,pegasus,16,1.0,1.0,1.0,4.0,0.10977718061185428,3,10.0,1.0,0.000424635130912,258.521192341203,2.4124961502950173
M-5-N-5-pa-0.25-pe-1.00,LinearSearch,5,5,0.25,pegasus,16,1.0,1.1666666666666667,2.0,7.0,0.1323362184222786,3,10.0,1.1666666666666667,0.0005269679240882,251.1276533578949,2.3998945384409396
M-5-N-5-pa-0.35-pe-1.00,LinearSearch,5,5,0.35,pegasus,16,1.0,1.2,2.0,6.0,0.04232171539333645,1,10.0,1.2,0.0004162609111517,101.67112538761012,2.007197630756484
M-5-N-5-pa-0.45-pe-1.00,LinearSearch,4,4,0.45,pegasus,16,1.0,1.04,1.2,5.2,0.040298519103089306,1,10.0,1.0,0.0009264559485018,43.497501553916045,1.6384643123100273
M-5-N-50-pa-0.05-pe-1.00,LinearSearch,5,8,0.05,pegasus,16,1.0,1.2,2.0,6.0,0.16972717156750133,4,10.0,1.2,0.0005306389648467,319.854331271509,2.5049522360459164
M-5-N-50-pa-0.15-pe-1.00,LinearSearch,5,16,0.15,pegasus,16,1.0,1.2,2.0,6.0,0.16891247371677293,4,10.0,1.2,0.0005716341547667,295.4905196142808,2.470543551733375
M-5-N-50-pa-0.25-pe-1.00,LinearSearch,5,19,0.25,pegasus,16,1.0,1.2,2.0,6.0,0.16952071230043636,4,10.0,1.2,0.0005924180150032,286.150501370844,2.45659451118494
M-5-N-50-pa-0.35-pe-1.00,LinearSearch,5,22,0.35,pegasus,16,1.0,1.2,2.0,6.0,0.1692621010995934,4,10.0,1.2,0.0006251609884202,270.7496212400809,2.4325678577525265
M-5-N-50-pa-0.45-pe-1.00,LinearSearch,5,29,0.45,pegasus,16,1.0,1.2,2.0,6.0,0.16974935221951437,4,10.0,1.2,0.000660239951685,257.10251481933824,2.4101063246688343
M-5-N-50-pa-0.55-pe-1.00,LinearSearch,5,24,0.55,pegasus,16,1.0,1.2,2.0,6.0,0.1266330069920512,3,10.0,1.2,0.0007064789533615,179.24526443466291,2.253447690663703
M-5-N-50-pa-0.65-pe-1.00,LinearSearch,5,23,0.65,pegasus,16,1.0,1.2,2.0,6.0,0.08505525321234009,2,10.0,1.2,0.0005509010516107,154.3929763961538,2.188627539646181
M-5-N-50-pa-0.75-pe-1.00,LinearSearch,5,14,0.75,pegasus,16,1.0,1.2125,2.0,9.7,0.05081056139897548,1,10.0,1.125,0.0012077179271727,42.0715468518819,1.6239884800998623
M-5-N-50-pa-0.85-pe-1.00,LinearSearch,5,13,0.85,pegasus,16,1.0,1.2818181818181817,2.0,14.1,0.06867302060127253,1,10.0,1.181818181818182,0.0007176059298217,95.69739832367047,1.98090013100122
M-5-N-50-pa-0.95-pe-1.00,LinearSearch,5,7,0.95,pegasus,16,1.0,1.4692307692307693,2.4,19.1,0.10161604378954503,1,10.0,1.3846153846153846,0.0010656050872057,95.35994611347941,1.979365996987
M-50-N-10-pa-0.05-pe-1.00,LinearSearch,21,10,0.05,pegasus,16,1.0,2.5393939393939395,4.3,83.8,9.888973811501637,7,10.0,2.4545454545454546,0.024531627073884,403.11120747576416,2.605424872767875
M-50-N-10-pa-0.15-pe-1.00,LinearSearch,39,10,0.15,pegasus,16,1.0,5.275714285714285,9.5,369.3,61.573766263807194,3,10.0,4.942857142857143,0.0049238819628953,12505.126385096359,4.097088085356618
M-50-N-10-pa-0.25-pe-1.00,LinearSearch,47,10,0.25,pegasus,16,1.0,7.1080459770114945,13.0,618.4,60.839346752880374,2,10.0,6.252873563218391,0.0137870959006249,4412.774610910631,3.644711745770887
M-50-N-10-pa-0.35-pe-1.00,LinearSearch,49,10,0.35,pegasus,16,1.0,8.895744680851063,16.5,836.2,31.605708583991508,1,10.0,7.882978723404255,0.0019898468162864,15883.488271269514,4.200945886667867
M-50-N-10-pa-0.45-pe-1.00,LinearSearch,50,10,0.45,pegasus,16,1.0,9.989,19.1,998.9,31.289600095304195,1,10.0,9.14,0.0094068488106131,3326.2573601348877,3.521955848540273
M-50-N-10-pa-0.55-pe-1.00,LinearSearch,50,10,0.55,pegasus,16,1.0,10.336633663366337,19.5,1044.0,31.656234370794845,1,10.0,9.247524752475249,0.0160874100401997,1967.7644996754318,3.293973121223699
M-50-N-10-pa-0.65-pe-1.00,LinearSearch,50,10,0.65,pegasus,16,1.0,11.127619047619046,22.6,1168.4,31.536729102401296,1,10.0,9.476190476190476,0.0605381538625806,520.9397229632667,2.7167874747412175
M-50-N-25-pa-0.05-pe-1.00,LinearSearch,41,25,0.05,pegasus,16,1.0,4.538235294117647,8.3,308.6,153.1299816392886,10,10.0,4.073529411764706,0.0067836639937013,22573.3441041446,4.353595901939747
M-50-N-25-pa-0.15-pe-1.00,LinearSearch,50,25,0.15,pegasus,16,1.0,8.046456692913386,19.9,1021.9,189.79952874930459,6,10.0,7.094488188976378,0.0446713319979608,4248.799403467977,3.628266227436082
M-50-N-25-pa-0.25-pe-1.00,LinearSearch,50,25,0.25,pegasus,16,1.0,10.791946308724832,30.100000000000005,1608.0,97.25834967119152,3,10.0,9.751677852348994,0.0042791510932147,22728.421485906925,4.356569274538638
M-50-N-25-pa-0.35-pe-1.00,LinearSearch,50,25,0.35,pegasus,16,1.0,12.798203592814371,38.0,2137.3,65.12584728620713,2,10.0,11.155688622754491,0.0129734410438686,5019.93627295716,3.700698203902252
M-50-N-25-pa-0.45-pe-1.00,LinearSearch,50,25,0.45,pegasus,16,1.0,13.837714285714288,39.2,2421.6,66.84929356250214,2,10.0,12.234285714285717,0.1000351051334291,668.2583426355055,2.8249443892586577
M-50-N-25-pa-0.55-pe-1.00,LinearSearch,50,25,0.55,pegasus,16,1.0,14.83370786516854,45.6,2640.4,31.89703866470372,1,10.0,11.97191011235955,0.0045045979786664,7080.995642382706,3.8500943271236543
M-50-N-25-pa-0.65-pe-1.00,LinearSearch,50,25,0.65,pegasus,16,0.8,16.351478494623656,51.125,3041.375,34.314416173496284,1,10.0,13.908602150537634,0.0139154540374875,2465.9214193506823,3.3919792329709435
M-50-N-25-pa-0.75-pe-1.00,LinearSearch,50,25,0.75,pegasus,16,0.7,16.051687006460874,56.857142857142854,3194.285714285714,36.1572173964174,1,10.0,14.251256281407036,0.0683498550206422,529.002108123984,2.723457402743684
M-50-N-5-pa-0.05-pe-1.00,LinearSearch,15,5,0.05,pegasus,16,1.0,2.2291666666666665,3.5,53.5,1.0933171236014458,2,10.0,2.0416666666666665,0.0008152250666171,1341.1230432317395,3.1274686246418386
M-50-N-5-pa-0.15-pe-1.00,LinearSearch,34,5,0.15,pegasus,16,1.0,4.909999999999999,7.6,245.5,16.215230123809306,2,10.0,4.26,0.0060092159546911,2698.393641262381,3.431105304771776
M-50-N-5-pa-0.25-pe-1.00,LinearSearch,39,5,0.25,pegasus,16,1.0,5.706666666666667,8.6,342.4,24.807281021593372,1,10.0,5.25,0.0054949130862951,4514.590245103383,3.6546183388431044
M-50-N-50-pa-0.05-pe-1.00,LinearSearch,45,48,0.05,pegasus,16,1.0,4.768918918918919,9.4,352.9,351.4592741219036,19,10.0,4.418918918918919,0.015680351993069,22413.99136032412,4.350519200194832
M-50-N-50-pa-0.15-pe-1.00,LinearSearch,50,50,0.15,pegasus,16,1.0,9.999514563106796,39.55,2059.9,267.5243292442348,8,10.0,9.092233009708735,0.4722636910155415,566.4723634975879,2.7531787267796966
M-50-N-50-pa-0.25-pe-1.00,LinearSearch,50,50,0.25,pegasus,16,0.9,13.341340530814216,58.222222222222214,3295.311111111111,165.7950275748968,5,10.0,12.477732793522268,0.964678772026673,171.86552910914554,2.235188779427633
M-50-N-50-pa-0.35-pe-1.00,LinearSearch,50,50,0.35,pegasus,16,0.0,,,,112.33254096360761,3,10.0,,0.1565399540122598,717.5966140509561,2.855880380840868
M-50-N-50-pa-0.45-pe-1.00,LinearSearch,50,50,0.45,pegasus,16,0.0,,,,90.6118178341072,2,10.0,,0.0330474260263145,2741.8721736214598,3.4380472040695222
M-50-N-50-pa-0.55-pe-1.00,LinearSearch,50,50,0.55,pegasus,16,0.0,,,,80.9178053869924,2,10.0,,0.2603020560927689,310.8611841231223,2.4925664969754684
M-50-N-50-pa-0.65-pe-1.00,LinearSearch,50,50,0.65,pegasus,16,0.0,,,,89.53443571079988,2,10.0,,1.2274657760281116,72.9425108701983,1.86298070877628
M-50-N-50-pa-0.75-pe-1.00,LinearSearch,50,50,0.75,pegasus,16,0.0,,,,50.402997543895616,1,10.0,,0.0220239411573857,2288.5548586159607,3.3595613272980196
M-50-N-50-pa-0.85-pe-1.00,LinearSearch,50,50,0.85,pegasus,16,0.0,,,,51.23919646330178,1,10.0,,0.1089125829748809,470.46167727606723,2.672524252576501
M-10-N-10-pa-0.05-pe-1.00,LinearSearch With Preprocessing,5,6,0.05,pegasus,16,1.0,1.2,2.0,6.0,0.042298849218059285,1,10.0,1.2,0.0004716061521321,89.69104609246075,1.9527490893561263
M-10-N-10-pa-0.15-pe-1.00,LinearSearch With Preprocessing,10,9,0.15,pegasus,16,1.0,1.6066666666666667,2.7,24.1,0.2615879195975139,2,10.0,1.5333333333333334,0.0013284040614962,196.91893978851945,2.2942874888673837
M-10-N-10-pa-0.25-pe-1.00,LinearSearch With Preprocessing,9,10,0.25,pegasus,16,1.0,1.523076923076923,2.5,19.8,0.11890714600449426,1,10.0,1.3846153846153846,0.0008463929407298,140.48693005577286,2.1476359223323946
M-10-N-10-pa-0.35-pe-1.00,LinearSearch With Preprocessing,10,10,0.35,pegasus,16,1.0,1.7157894736842105,3.1,32.6,0.21654123979969878,1,10.0,1.5263157894736843,0.0007756720297038,279.1659763769254,2.445862487118762
M-10-N-10-pa-0.45-pe-1.00,LinearSearch With Preprocessing,10,10,0.45,pegasus,16,1.0,1.903846153846154,3.4,49.5,0.816975885705324,2,10.0,1.7692307692307692,0.0017262550536543,473.26487676465143,2.6751042746073086
M-10-N-10-pa-0.55-pe-1.00,LinearSearch With Preprocessing,10,10,0.55,pegasus,16,1.0,2.3515151515151516,4.9,77.6,2.0353945415990893,2,10.0,2.090909090909091,0.0020302031189203,1002.5570947201544,3.0011091146748203
M-10-N-10-pa-0.65-pe-1.00,LinearSearch With Preprocessing,10,10,0.65,pegasus,16,1.0,2.2285714285714286,4.2,62.4,0.7479200268047862,1,10.0,1.9285714285714288,0.0010380870662629,720.4790911968585,2.8576213818062604
M-10-N-10-pa-0.75-pe-1.00,LinearSearch With Preprocessing,10,10,0.75,pegasus,16,1.0,2.5709677419354837,4.2,79.7,1.261451320204651,1,10.0,2.419354838709677,0.0033400568645447,377.6736058650703,2.5771166347413152
M-10-N-25-pa-0.05-pe-1.00,LinearSearch With Preprocessing,9,11,0.05,pegasus,16,1.0,1.5666666666666669,2.1,14.1,0.07943313571740869,1,10.0,1.5555555555555556,0.0006407799664884,123.96320070484516,2.093292781113427
M-10-N-25-pa-0.15-pe-1.00,LinearSearch With Preprocessing,10,21,0.15,pegasus,16,1.0,1.6153846153846154,2.5,21.0,0.10984375849366183,1,10.0,1.5384615384615383,0.0008783668745309,125.05453194289731,2.097099435071904
M-10-N-25-pa-0.25-pe-1.00,LinearSearch With Preprocessing,10,24,0.25,pegasus,16,1.0,1.6384615384615384,2.5,21.3,0.11710944250808093,1,10.0,1.5384615384615383,0.0009035978000611,129.60350542083953,2.112616748176701
M-10-N-25-pa-0.35-pe-1.00,LinearSearch With Preprocessing,10,25,0.35,pegasus,16,1.0,1.6583333333333332,2.5,19.9,0.11618547380785456,1,10.0,1.5,0.0008877338841557,130.8787191191612,2.116869036008535
M-10-N-25-pa-0.45-pe-1.00,LinearSearch With Preprocessing,10,25,0.45,pegasus,16,1.0,1.8366666666666667,3.7,55.1,0.8656259803916327,2,10.0,1.7,0.0018612260464578,465.0837449722825,2.6675311608575214
M-10-N-25-pa-0.55-pe-1.00,LinearSearch With Preprocessing,10,25,0.55,pegasus,16,1.0,2.4025,5.3,96.1,3.8937901485012842,2,10.0,2.175,0.0012604820076376,3089.1279064823084,3.4898358907973326
M-10-N-25-pa-0.65-pe-1.00,LinearSearch With Preprocessing,10,25,0.65,pegasus,16,1.0,2.5282051282051285,5.4,98.6,2.47651810310781,1,10.0,2.2051282051282053,0.0010089969728142,2454.435610194252,3.3899516432789523
M-10-N-25-pa-0.75-pe-1.00,LinearSearch With Preprocessing,10,22,0.75,pegasus,16,1.0,2.963265306122449,6.9,145.2,4.399374438199447,1,10.0,2.7346938775510203,0.0015025539323687,2927.93113145438,3.46656085736559
M-10-N-25-pa-0.85-pe-1.00,LinearSearch With Preprocessing,10,21,0.85,pegasus,16,1.0,2.9135135135135135,5.6,107.8,2.605783201998565,1,10.0,2.5405405405405403,0.0028012790717184,930.2119261790925,2.968581903269157
M-10-N-5-pa-0.05-pe-1.00,LinearSearch With Preprocessing,6,5,0.05,pegasus,16,1.0,1.3142857142857145,2.0,9.2,0.05164909570012238,1,10.0,1.2857142857142858,0.000561132794246,92.04433627423163,1.9639970704092973
M-10-N-5-pa-0.15-pe-1.00,LinearSearch With Preprocessing,8,5,0.15,pegasus,16,1.0,1.4818181818181817,2.2,16.3,0.08867806821363042,1,10.0,1.3636363636363635,0.0007028528489172,126.16875384951088,2.100951813621942
M-10-N-5-pa-0.25-pe-1.00,LinearSearch With Preprocessing,7,5,0.25,pegasus,16,1.0,1.3333333333333333,2.0,12.0,0.0656299752008635,1,10.0,1.3333333333333333,0.000760270981118,86.32445107667837,1.936133825428022
M-10-N-5-pa-0.45-pe-1.00,LinearSearch With Preprocessing,9,5,0.45,pegasus,16,1.0,1.7899999999999998,3.1,35.8,0.2826344017928932,1,10.0,1.6,0.0010972078889608,257.5942119801844,2.410936100407837
M-10-N-5-pa-0.55-pe-1.00,LinearSearch With Preprocessing,10,5,0.55,pegasus,16,1.0,1.9599999999999997,3.0,39.2,0.3561207853024825,1,10.0,1.7,0.0013913670554757,255.95027828567976,2.4081556060807614
M-10-N-50-pa-0.05-pe-1.00,LinearSearch With Preprocessing,10,22,0.05,pegasus,16,1.0,1.7100000000000002,2.4,17.1,0.09672237248742019,1,10.0,1.6,0.0008135489188134,118.88943631024051,2.0751432679454447
M-10-N-50-pa-0.15-pe-1.00,LinearSearch With Preprocessing,10,36,0.15,pegasus,16,1.0,1.7100000000000002,2.4,17.1,0.09476065770140846,1,10.0,1.6,0.0008703300263732,108.8789938541036,2.0369440989225858
M-10-N-50-pa-0.25-pe-1.00,LinearSearch With Preprocessing,10,45,0.25,pegasus,16,1.0,1.6,2.3,19.2,0.11323731610318641,1,10.0,1.5,0.0013078558258712,86.58241510769997,1.9374296957489188
M-10-N-50-pa-0.35-pe-1.00,LinearSearch With Preprocessing,10,46,0.35,pegasus,16,1.0,1.5045454545454544,2.9,33.1,0.35369684728793793,2,10.0,1.4090909090909092,0.0014712840784341,240.40010507282886,2.380934653151147
M-10-N-50-pa-0.45-pe-1.00,LinearSearch With Preprocessing,10,46,0.45,pegasus,16,1.0,2.0142857142857142,5.0,84.6,2.371426309988601,2,10.0,1.809523809523809,0.0014524541329592,1632.7030606635426,3.2129072068792546
M-10-N-50-pa-0.55-pe-1.00,LinearSearch With Preprocessing,10,48,0.55,pegasus,16,1.0,2.856097560975609,10.9,234.20000000000002,69.097665246611,3,10.0,2.707317073170732,0.0047015969175845,14696.637428334474,4.167217980097211
M-10-N-50-pa-0.65-pe-1.00,LinearSearch With Preprocessing,10,47,0.65,pegasus,16,1.0,2.7828125,8.7,178.1,23.93567004171782,2,10.0,2.5,0.0019774779211729,12104.14021483321,4.082933945928536
M-10-N-50-pa-0.75-pe-1.00,LinearSearch With Preprocessing,10,48,0.75,pegasus,16,1.0,2.5794871794871796,5.5,100.6,4.699660816782853,2,10.0,2.2051282051282053,0.0026195000391453,1794.1060296842631,3.253848105790702
M-10-N-50-pa-0.85-pe-1.00,LinearSearch With Preprocessing,10,29,0.85,pegasus,16,1.0,2.825,5.6,113.0,3.038736703584436,1,10.0,2.55,0.0021144880447536,1437.1028058952377,3.1574878373312925
M-10-N-50-pa-0.95-pe-1.00,LinearSearch With Preprocessing,10,16,0.95,pegasus,16,1.0,2.978787878787879,5.1,98.3,1.8663337129051798,1,10.0,2.636363636363636,0.0030071141663938,620.6394599652631,2.7928393843653136
M-25-N-10-pa-0.05-pe-1.00,LinearSearch With Preprocessing,12,9,0.05,pegasus,16,1.0,1.7941176470588236,3.0,30.5,0.19870262990007173,1,10.0,1.6470588235294117,0.0010182480327785,195.14167796890203,2.290350035049384
M-25-N-10-pa-0.15-pe-1.00,LinearSearch With Preprocessing,20,10,0.15,pegasus,16,1.0,3.026315789473684,5.2,115.0,2.1692959987150973,1,10.0,2.6842105263157894,0.0011958058457821,1814.087131746887,3.2586581426625885
M-25-N-10-pa-0.25-pe-1.00,LinearSearch With Preprocessing,24,10,0.25,pegasus,16,1.0,3.5115384615384615,6.5,182.6,5.436181523982668,1,10.0,3.326923076923077,0.0012443189043551,4368.800876196048,3.6403622506286175
M-25-N-10-pa-0.35-pe-1.00,LinearSearch With Preprocessing,23,10,0.35,pegasus,16,1.0,4.164406779661017,7.8,245.7,13.818423209706088,1,10.0,3.830508474576271,0.0012732530012726,10852.849500485687,4.035543780568203
M-25-N-10-pa-0.45-pe-1.00,LinearSearch With Preprocessing,25,10,0.45,pegasus,16,1.0,4.984615384615385,9.3,324.0,19.640586416306906,1,10.0,4.476923076923077,0.0014512289781123,13533.761176903196,4.131418508450987
M-25-N-10-pa-0.55-pe-1.00,LinearSearch With Preprocessing,25,10,0.55,pegasus,16,1.0,5.016923076923076,8.8,326.1,21.065572684298967,1,10.0,4.661538461538462,0.0019621721003204,10735.84354304261,4.0308361737556035
M-25-N-10-pa-0.65-pe-1.00,LinearSearch With Preprocessing,25,10,0.65,pegasus,16,1.0,5.510294117647058,10.5,374.7,17.80708585870452,1,10.0,5.235294117647059,0.0096548849251121,1844.3602378464814,3.2658457507898557
M-25-N-25-pa-0.05-pe-1.00,LinearSearch With Preprocessing,22,23,0.05,pegasus,16,1.0,2.7703703703703706,4.0,74.8,1.4152594168845098,1,10.0,2.592592592592593,0.0027349609881639,517.4696906068727,2.713884917244862
M-25-N-25-pa-0.15-pe-1.00,LinearSearch With Preprocessing,24,25,0.15,pegasus,16,1.0,3.0354166666666664,6.0,145.7,7.191149560612393,2,10.0,2.833333333333333,0.0038146940059959,1885.1183207419242,3.275338614187834
M-25-N-25-pa-0.25-pe-1.00,LinearSearch With Preprocessing,25,25,0.25,pegasus,16,1.0,4.904040404040404,12.9,485.5,90.4583460524038,3,10.0,4.494949494949495,0.0185795067809522,4868.71622126554,3.687414461929328
M-25-N-25-pa-0.35-pe-1.00,LinearSearch With Preprocessing,25,25,0.35,pegasus,16,1.0,5.956410256410257,19.1,696.9,63.33812381229363,2,10.0,5.307692307692308,0.0017900988459587,35382.47282819178,4.548788181827234
M-25-N-25-pa-0.45-pe-1.00,LinearSearch With Preprocessing,25,25,0.45,pegasus,16,1.0,6.043220338983051,17.2,713.1,62.566378437401724,2,10.0,5.508474576271187,0.0039325749967247,15909.773742039562,4.201664003450333
M-25-N-25-pa-0.55-pe-1.00,LinearSearch With Preprocessing,25,25,0.55,pegasus,16,1.0,7.1823999999999995,22.4,897.8,64.12838221139391,2,10.0,6.584,0.0460209399461746,1393.4609394115819,3.1440947993602255
M-25-N-25-pa-0.65-pe-1.00,LinearSearch With Preprocessing,25,25,0.65,pegasus,16,1.0,7.175182481751824,22.5,983.0,32.49792781879078,1,10.0,6.510948905109489,0.0025866238866001,12563.839673244005,4.099122385743856
M-25-N-25-pa-0.75-pe-1.00,LinearSearch With Preprocessing,25,25,0.75,pegasus,16,1.0,7.051515151515152,21.5,930.8,32.33210048010805,1,10.0,6.606060606060606,0.0073460608255118,4401.2840682481265,3.6435793997584374
M-25-N-25-pa-0.85-pe-1.00,LinearSearch With Preprocessing,25,25,0.85,pegasus,16,1.0,7.061379310344828,22.6,1023.9,32.38035160120344,1,10.0,6.406896551724138,0.018967960961163,1707.1076678086417,3.232260913065873
M-25-N-5-pa-0.05-pe-1.00,LinearSearch With Preprocessing,8,5,0.05,pegasus,16,1.0,1.3818181818181816,2.0,15.2,0.08486779829836447,1,10.0,1.3636363636363635,0.0009209879208356,92.14865503253984,1.964489000805907
M-25-N-5-pa-0.15-pe-1.00,LinearSearch With Preprocessing,21,5,0.15,pegasus,16,1.0,3.1485714285714286,4.8,110.2,2.06944108029129,1,10.0,2.9714285714285715,0.0017518601380288,1181.282132167555,3.07235363496368
M-25-N-5-pa-0.25-pe-1.00,LinearSearch With Preprocessing,16,5,0.25,pegasus,16,1.0,2.9161290322580644,4.6,90.4,1.2572256583953276,1,10.0,2.7419354838709675,0.0017105161678045,734.9978218995834,2.8662860520935287
M-25-N-5-pa-0.35-pe-1.00,LinearSearch With Preprocessing,24,5,0.35,pegasus,16,1.0,4.0162790697674415,6.2,172.7,4.565861570410197,1,10.0,3.767441860465116,0.0021965519990772,2078.6494334073245,3.317781251248586
M-25-N-5-pa-0.45-pe-1.00,LinearSearch With Preprocessing,25,5,0.45,pegasus,16,1.0,4.466666666666667,6.8,201.0,7.374242604500614,1,10.0,4.155555555555556,0.0074717588722705,986.9486863235453,2.9942945733121977
M-25-N-50-pa-0.05-pe-1.00,LinearSearch With Preprocessing,24,37,0.05,pegasus,16,1.0,3.013793103448276,4.4,87.4,1.8431144994916395,1,10.0,2.827586206896552,0.0024259348865598,759.7543153128862,2.8806731754995036
M-25-N-50-pa-0.15-pe-1.00,LinearSearch With Preprocessing,25,49,0.15,pegasus,16,1.0,3.1542372881355933,6.9,186.1,5.4403727707045615,1,10.0,2.915254237288136,0.0017964020371437,3028.4828536079453,3.4812251191568926
M-25-N-50-pa-0.25-pe-1.00,LinearSearch With Preprocessing,25,50,0.25,pegasus,16,1.0,5.135114503816794,17.3,672.7,93.43721465360723,3,10.0,4.648854961832061,0.0305402551311999,3059.4772129160233,3.485647222905549
M-25-N-50-pa-0.35-pe-1.00,LinearSearch With Preprocessing,25,50,0.35,pegasus,16,1.0,7.045604395604395,33.2,1282.3,100.0982869773754,3,10.0,6.4835164835164845,0.0156691691372543,6388.23195372868,3.8053806767832246
M-25-N-50-pa-0.45-pe-1.00,LinearSearch With Preprocessing,25,50,0.45,pegasus,16,1.0,8.363839285714286,48.5,1873.5,70.57583578560734,2,10.0,7.477678571428571,0.003422019071877,20624.033438326805,4.314373604143791
M-25-N-50-pa-0.55-pe-1.00,LinearSearch With Preprocessing,25,50,0.55,pegasus,16,1.0,8.164864864864864,43.0,1812.6,69.32592129080439,2,10.0,7.157657657657658,0.0053581960964947,12938.294909217431,4.111877046015027
M-25-N-50-pa-0.65-pe-1.00,LinearSearch With Preprocessing,25,50,0.65,pegasus,16,1.0,9.06610878661088,55.2,2166.8,34.58922564889072,1,10.0,7.912133891213389,0.0025254930369555,13696.028905663605,4.136594663918732
M-25-N-50-pa-0.75-pe-1.00,LinearSearch With Preprocessing,25,50,0.75,pegasus,16,1.0,9.174485596707818,57.9,2229.4,36.30867912808899,1,10.0,7.31275720164609,0.0036391660105437,9977.197801066292,3.99900858232759
M-25-N-50-pa-0.85-pe-1.00,LinearSearch With Preprocessing,25,50,0.85,pegasus,16,1.0,8.974222222222222,48.3,2019.2,34.23175552139874,1,10.0,7.6,0.0143512829672545,2385.274933057935,3.377538444184699
M-5-N-10-pa-0.05-pe-1.00,LinearSearch With Preprocessing,5,5,0.05,pegasus,16,1.0,1.2,2.0,6.0,0.042171580204740114,1,10.0,1.2,0.0006558150053024,64.30407935083839,1.8082385247753079
M-5-N-10-pa-0.15-pe-1.00,LinearSearch With Preprocessing,4,5,0.15,pegasus,16,1.0,1.0,1.0,4.0,0.036877396405907294,1,10.0,1.0,0.0004031639546155,91.46997367264026,1.9612785540959594
M-5-N-10-pa-0.25-pe-1.00,LinearSearch With Preprocessing,4,6,0.25,pegasus,16,1.0,1.0,1.0,4.0,0.03673983010812658,1,10.0,1.0,0.000390850007534,93.99981912736887,1.9731270179512939
M-5-N-10-pa-0.35-pe-1.00,LinearSearch With Preprocessing,5,9,0.35,pegasus,16,1.0,1.1666666666666667,2.0,7.0,0.044346329907420975,1,10.0,1.1666666666666667,0.0006384730804711,69.45685134484135,1.8417150917608802
M-5-N-10-pa-0.45-pe-1.00,LinearSearch With Preprocessing,5,10,0.45,pegasus,16,1.0,1.2222222222222223,2.0,11.0,0.0512894899002276,1,10.0,1.2222222222222223,0.0010825009085237,47.38055132239562,1.6756001098962927
M-5-N-10-pa-0.55-pe-1.00,LinearSearch With Preprocessing,5,7,0.55,pegasus,16,1.0,1.309090909090909,2.2,14.4,0.07169053482357408,1,10.0,1.181818181818182,0.0008417139761149,85.17208549786005,1.9302972813847696
M-5-N-10-pa-0.65-pe-1.00,LinearSearch With Preprocessing,5,9,0.65,pegasus,16,1.0,1.3,2.0,16.9,0.07709912930731658,1,10.0,1.2307692307692308,0.0006646660622209,115.99678932560889,2.064445968564719
M-5-N-10-pa-0.75-pe-1.00,LinearSearch With Preprocessing,5,8,0.75,pegasus,16,1.0,1.3416666666666666,2.1,16.1,0.07824303959496316,1,10.0,1.25,0.0007658789400011,102.16110589578254,2.0092855855318215
M-5-N-25-pa-0.05-pe-1.00,LinearSearch With Preprocessing,5,10,0.05,pegasus,16,1.0,1.2,2.0,6.0,0.04239198309951458,1,10.0,1.2,0.0005439899396151,77.92788052584417,1.891692864515207
M-5-N-25-pa-0.15-pe-1.00,LinearSearch With Preprocessing,5,10,0.15,pegasus,16,1.0,1.2,2.0,6.0,0.04192244830192063,1,10.0,1.2,0.0005103149451315,82.15014790320855,1.914608349686364
M-5-N-25-pa-0.25-pe-1.00,LinearSearch With Preprocessing,5,12,0.25,pegasus,16,1.0,1.2,2.0,6.0,0.042041674093343265,1,10.0,1.2,0.0005640911404043,74.52993143746396,1.8723307217189817
M-5-N-25-pa-0.35-pe-1.00,LinearSearch With Preprocessing,5,14,0.35,pegasus,16,1.0,1.2,2.0,6.0,0.04223974389024074,1,10.0,1.2,0.000479273032397,88.13294499557617,1.9451382824886778
M-5-N-25-pa-0.45-pe-1.00,LinearSearch With Preprocessing,5,15,0.45,pegasus,16,1.0,1.1666666666666667,2.0,7.0,0.04423751279828133,1,10.0,1.1666666666666667,0.0005876100622117,75.28379033621783,1.8767014765377368
M-5-N-25-pa-0.55-pe-1.00,LinearSearch With Preprocessing,5,20,0.55,pegasus,16,1.0,1.1666666666666667,2.0,7.0,0.04392704160418358,1,10.0,1.1666666666666667,0.0006183551158756,71.03853498639484,1.8514939965038941
M-5-N-25-pa-0.65-pe-1.00,LinearSearch With Preprocessing,5,18,0.65,pegasus,16,1.0,1.1857142857142857,2.0,8.3,0.04742225920199413,1,10.0,1.1428571428571428,0.0005612131208181,84.49955526407774,1.9268544231971318
M-5-N-25-pa-0.75-pe-1.00,LinearSearch With Preprocessing,5,12,0.75,pegasus,16,1.0,1.2,2.0,12.0,0.05481563170906151,1,10.0,1.2,0.0007152801845222,76.63518830602389,1.8844282288844676
M-5-N-25-pa-0.85-pe-1.00,LinearSearch With Preprocessing,5,10,0.85,pegasus,16,1.0,1.4066666666666667,2.5,21.1,0.10245532629778605,1,10.0,1.3333333333333333,0.0010143858380615,101.0023231323662,2.0043313630142503
M-5-N-5-pa-0.05-pe-1.00,LinearSearch With Preprocessing,2,2,0.05,pegasus,16,1.0,1.0,1.0,2.0,0.0320180603070184,1,10.0,1.0,0.0006711098831146,47.709117485670845,1.6786013831487179
M-5-N-5-pa-0.15-pe-1.00,LinearSearch With Preprocessing,4,4,0.15,pegasus,16,1.0,1.0,1.0,4.0,0.036825224594213016,1,10.0,1.0,0.000424635130912,86.72203929147472,1.9381294818747075
M-5-N-5-pa-0.25-pe-1.00,LinearSearch With Preprocessing,5,5,0.25,pegasus,16,1.0,1.1666666666666667,2.0,7.0,0.04402330769808027,1,10.0,1.1666666666666667,0.0005269679240882,83.54077279126994,1.921898488384884
M-5-N-5-pa-0.35-pe-1.00,LinearSearch With Preprocessing,5,5,0.35,pegasus,16,1.0,1.2,2.0,6.0,0.04222698770463463,1,10.0,1.2,0.0004162609111517,101.44355732648191,2.0062244702420777
M-5-N-5-pa-0.45-pe-1.00,LinearSearch With Preprocessing,4,4,0.45,pegasus,16,1.0,1.04,1.2,5.2,0.04016312969033601,1,10.0,1.0,0.0009264559485018,43.351364640632575,1.6370027730241592
M-5-N-50-pa-0.05-pe-1.00,LinearSearch With Preprocessing,5,8,0.05,pegasus,16,1.0,1.2,2.0,6.0,0.04250655181240285,1,10.0,1.2,0.0005306389648467,80.1044675348679,1.903656737962561
M-5-N-50-pa-0.15-pe-1.00,LinearSearch With Preprocessing,5,16,0.15,pegasus,16,1.0,1.2,2.0,6.0,0.042058497393736585,1,10.0,1.2,0.0005716341547667,73.57589984686263,1.8667355823162892
M-5-N-50-pa-0.25-pe-1.00,LinearSearch With Preprocessing,5,19,0.25,pegasus,16,1.0,1.2,2.0,6.0,0.042321452480973645,1,10.0,1.2,0.0005924180150032,71.43849669950794,1.8539323070052869
M-5-N-50-pa-0.35-pe-1.00,LinearSearch With Preprocessing,5,22,0.35,pegasus,16,1.0,1.2,2.0,6.0,0.04217318388982672,1,10.0,1.2,0.0006251609884202,67.45971774236884,1.8290445197394347
M-5-N-50-pa-0.45-pe-1.00,LinearSearch With Preprocessing,5,29,0.45,pegasus,16,1.0,1.2,2.0,6.0,0.042545091104693664,1,10.0,1.2,0.000660239951685,64.43883156672874,1.8091476570099836
M-5-N-50-pa-0.55-pe-1.00,LinearSearch With Preprocessing,5,24,0.55,pegasus,16,1.0,1.2,2.0,6.0,0.04193952630157578,1,10.0,1.2,0.0007064789533615,59.364155213200654,1.7735242919276604
M-5-N-50-pa-0.65-pe-1.00,LinearSearch With Preprocessing,5,23,0.65,pegasus,16,1.0,1.2,2.0,6.0,0.04229088869760738,1,10.0,1.2,0.0005509010516107,76.76675965165143,1.885173209301403
M-5-N-50-pa-0.75-pe-1.00,LinearSearch With Preprocessing,5,14,0.75,pegasus,16,1.0,1.2125,2.0,9.7,0.05066793679725373,1,10.0,1.125,0.0012077179271727,41.9534525532094,1.6227677068445219
M-5-N-50-pa-0.85-pe-1.00,LinearSearch With Preprocessing,5,13,0.85,pegasus,16,1.0,1.2818181818181817,2.0,14.1,0.06854441281175236,1,10.0,1.181818181818182,0.0007176059298217,95.51818047722247,1.9800860410086707
M-5-N-50-pa-0.95-pe-1.00,LinearSearch With Preprocessing,5,7,0.95,pegasus,16,1.0,1.4692307692307693,2.4,19.1,0.10156176120508457,1,10.0,1.3846153846153846,0.0010656050872057,95.30900549292377,1.9791339379049964
M-50-N-10-pa-0.05-pe-1.00,LinearSearch With Preprocessing,21,10,0.05,pegasus,16,1.0,2.5393939393939395,4.3,83.8,1.4045566502027214,1,10.0,2.4545454545454546,0.024531627073884,57.25493241501035,1.7578129063545715
M-50-N-10-pa-0.15-pe-1.00,LinearSearch With Preprocessing,39,10,0.15,pegasus,16,1.0,5.275714285714285,9.5,369.3,40.913475282583384,2,10.0,4.942857142857143,0.0049238819628953,8309.190915335548,3.919558737609394
M-50-N-10-pa-0.25-pe-1.00,LinearSearch With Preprocessing,47,10,0.25,pegasus,16,1.0,7.1080459770114945,13.0,618.4,60.9133903910988,2,10.0,6.252873563218391,0.0137870959006249,4418.145113788593,3.6452399761534955
M-50-N-10-pa-0.35-pe-1.00,LinearSearch With Preprocessing,49,10,0.35,pegasus,16,1.0,8.895744680851063,16.5,836.2,31.315592670196203,1,10.0,7.882978723404255,0.0019898468162864,15737.690156924742,4.1969409906841095
M-50-N-10-pa-0.45-pe-1.00,LinearSearch With Preprocessing,50,10,0.45,pegasus,16,1.0,9.989,19.1,998.9,31.324818869604496,1,10.0,9.14,0.0094068488106131,3330.0013104210684,3.522444404409795
M-50-N-10-pa-0.55-pe-1.00,LinearSearch With Preprocessing,50,10,0.55,pegasus,16,1.0,10.322772277227724,19.4,1042.6,31.60129688849556,1,10.0,9.247524752475249,0.0160874100401997,1964.3495632649972,3.2932187746364767
M-50-N-10-pa-0.65-pe-1.00,LinearSearch With Preprocessing,50,10,0.65,pegasus,16,1.0,11.347619047619046,23.0,1191.5,31.77234420781024,1,10.0,9.98095238095238,0.0605381538625806,524.8317330490036,2.720020086031167
M-50-N-25-pa-0.05-pe-1.00,LinearSearch With Preprocessing,41,25,0.05,pegasus,16,1.0,4.538235294117647,8.3,308.6,15.233981416502502,1,10.0,4.073529411764706,0.0067836639937013,2245.6863176598545,3.3513490929657883
M-50-N-25-pa-0.15-pe-1.00,LinearSearch With Preprocessing,50,25,0.15,pegasus,16,1.0,8.046456692913386,19.9,1021.9,95.21588887260296,3,10.0,7.094488188976378,0.0446713319979608,2131.4763767245176,3.328680523699065
M-50-N-25-pa-0.25-pe-1.00,LinearSearch With Preprocessing,50,25,0.25,pegasus,16,1.0,10.791946308724832,30.1,1608.0,64.82900789069245,2,10.0,9.751677852348994,0.0042791510932147,15149.969342830536,4.180411754009749
M-50-N-25-pa-0.35-pe-1.00,LinearSearch With Preprocessing,50,25,0.35,pegasus,16,1.0,12.798203592814371,38.0,2137.3,65.25498943490092,2,10.0,11.155688622754491,0.0129734410438686,5029.890621094031,3.7015585410854
M-50-N-25-pa-0.45-pe-1.00,LinearSearch With Preprocessing,50,25,0.45,pegasus,16,1.0,13.837714285714288,39.2,2421.6,66.90750465129386,2,10.0,12.234285714285717,0.1000351051334291,668.8402492443255,2.825322400045122
M-50-N-25-pa-0.55-pe-1.00,LinearSearch With Preprocessing,50,25,0.55,pegasus,16,1.0,14.822471910112359,45.5,2638.4,32.506959260103756,1,10.0,11.859550561797754,0.0045045979786664,7216.395204819398,3.8583203092584566
M-50-N-25-pa-0.65-pe-1.00,LinearSearch With Preprocessing,50,25,0.65,pegasus,16,0.8,16.351478494623656,51.125,3041.375,34.166718414594655,1,10.0,13.908602150537634,0.0139154540374875,2455.3074818899913,3.3901058872232346
M-50-N-25-pa-0.75-pe-1.00,LinearSearch With Preprocessing,50,25,0.75,pegasus,16,0.7,16.051687006460874,56.857142857142854,3194.285714285714,36.23050712870899,1,10.0,14.251256281407036,0.0683498550206422,530.0743815365375,2.7243368153070446
M-50-N-5-pa-0.05-pe-1.00,LinearSearch With Preprocessing,15,5,0.05,pegasus,16,1.0,2.2291666666666665,3.5,53.5,0.5461621028021909,1,10.0,2.0416666666666665,0.0008152250666171,669.9525376453656,2.8260440364794674
M-50-N-5-pa-0.15-pe-1.00,LinearSearch With Preprocessing,34,5,0.15,pegasus,16,1.0,4.909999999999999,7.6,245.5,8.109741575893713,1,10.0,4.26,0.0060092159546911,1349.550696079292,3.1301892035379755
M-50-N-5-pa-0.25-pe-1.00,LinearSearch With Preprocessing,39,5,0.25,pegasus,16,1.0,5.706666666666667,8.6,342.4,24.87441207189695,1,10.0,5.25,0.0054949130862951,4526.8071899826,3.6557919970113124
M-50-N-50-pa-0.05-pe-1.00,LinearSearch With Preprocessing,45,48,0.05,pegasus,16,1.0,4.768918918918919,9.4,352.9,19.428276266291505,1,10.0,4.418918918918919,0.015680351993069,1239.0204169931985,3.0930784628849044
M-50-N-50-pa-0.15-pe-1.00,LinearSearch With Preprocessing,50,50,0.15,pegasus,16,1.0,10.029126213592232,39.6,2066.0,165.5037995060731,5,10.0,9.092233009708735,0.4722636910155415,350.447859224215,2.544623411359229
M-50-N-50-pa-0.25-pe-1.00,LinearSearch With Preprocessing,50,50,0.25,pegasus,16,0.9,13.327935222672064,58.22222222222222,3292.0,133.14994569880656,4,10.0,12.418016194331985,0.964678772026673,138.0251639817228,2.1399582717789607
M-50-N-50-pa-0.35-pe-1.00,LinearSearch With Preprocessing,50,50,0.35,pegasus,16,0.0,,,,113.53278716640779,3,10.0,,0.1565399540122598,725.2639614087974,2.8604960977703824
M-50-N-50-pa-0.45-pe-1.00,LinearSearch With Preprocessing,50,50,0.45,pegasus,16,0.0,,,,92.91647975890082,2,10.0,,0.0330474260263145,2811.610189613651,3.448955108582906
M-50-N-50-pa-0.55-pe-1.00,LinearSearch With Preprocessing,50,50,0.55,pegasus,16,0.0,,,,80.85996359578567,2,10.0,,0.2603020560927689,310.63897384912474,2.492255942911423
M-50-N-50-pa-0.65-pe-1.00,LinearSearch With Preprocessing,50,50,0.65,pegasus,16,0.0,,,,89.38723927739775,2,10.0,,1.2274657760281116,72.82259189870706,1.8622661322644212
M-50-N-50-pa-0.75-pe-1.00,LinearSearch With Preprocessing,50,50,0.75,pegasus,16,0.0,,,,50.45833740590024,1,10.0,,0.0220239411573857,2291.067572467067,3.3600378984066923
M-50-N-50-pa-0.85-pe-1.00,LinearSearch With Preprocessing,50,50,0.85,pegasus,16,0.0,,,,51.22038607639843,1,10.0,,0.1089125829748809,470.2889664065847,2.672364789749816
M-10-N-10-pa-0.05-pe-1.00,LinearSearch With Preprocessing and Reduced Qubits,5,6,0.05,pegasus,16,1.0,1.2,2.0,6.0,0.04223908329731779,1,10.0,1.2,0.0004716061521321,89.56431763409657,1.9521350214901323
M-10-N-10-pa-0.15-pe-1.00,LinearSearch With Preprocessing and Reduced Qubits,10,9,0.15,pegasus,16,1.0,1.6066666666666667,2.7,24.1,0.2646648413152433,2,10.0,1.5333333333333334,0.0013284040614962,199.23519416066253,2.2993660573810115
M-10-N-10-pa-0.25-pe-1.00,LinearSearch With Preprocessing and Reduced Qubits,9,10,0.25,pegasus,16,1.0,1.523076923076923,2.5,19.8,0.11911560617736536,1,10.0,1.3846153846153846,0.0008463929407298,140.73322248402147,2.1483966321812717
M-10-N-10-pa-0.35-pe-1.00,LinearSearch With Preprocessing and Reduced Qubits,10,10,0.35,pegasus,16,1.0,1.7157894736842105,3.1,32.6,0.21707076921011317,1,10.0,1.5263157894736843,0.0007756720297038,279.8486481627495,2.446923213346317
M-10-N-10-pa-0.45-pe-1.00,LinearSearch With Preprocessing and Reduced Qubits,10,10,0.45,pegasus,16,1.0,1.825122549019608,3.2,37.400000000000006,0.5261729177029337,2,10.0,1.6654411764705883,0.0017262550536543,304.80601130422474,2.484023527794734
M-10-N-10-pa-0.55-pe-1.00,LinearSearch With Preprocessing and Reduced Qubits,10,10,0.55,pegasus,16,1.0,2.014912280701754,3.55,46.55,0.7749176280107348,2,10.0,1.7758284600389864,0.0020302031189203,381.6946296689544,2.5817160495971665
M-10-N-10-pa-0.65-pe-1.00,LinearSearch With Preprocessing and Reduced Qubits,10,10,0.65,pegasus,16,1.0,1.941176470588235,2.9,33.0,0.23807099799741988,1,10.0,1.8235294117647056,0.0010380870662629,229.33625271446272,2.360472711990254
M-10-N-10-pa-0.75-pe-1.00,LinearSearch With Preprocessing and Reduced Qubits,10,10,0.75,pegasus,16,1.0,2.1235294117647054,3.1,36.1,0.31331824870430863,1,10.0,2.0588235294117645,0.0033400568645447,93.80626178447186,1.9722318295070593
M-10-N-25-pa-0.05-pe-1.00,LinearSearch With Preprocessing and Reduced Qubits,9,11,0.05,pegasus,16,1.0,1.5666666666666669,2.1,14.1,0.08140257518971333,1,10.0,1.5555555555555556,0.0006407799664884,127.03670420406355,2.103929218049977
M-10-N-25-pa-0.15-pe-1.00,LinearSearch With Preprocessing and Reduced Qubits,10,21,0.15,pegasus,16,1.0,1.6153846153846154,2.5,21.0,0.10932860270258966,1,10.0,1.5384615384615383,0.0008783668745309,124.46803920800131,2.0950578480016104
M-10-N-25-pa-0.25-pe-1.00,LinearSearch With Preprocessing and Reduced Qubits,10,24,0.25,pegasus,16,1.0,1.6384615384615384,2.5,21.3,0.1172832071082666,1,10.0,1.5384615384615383,0.0009035978000611,129.7958084565282,2.1132606678641013
M-10-N-25-pa-0.35-pe-1.00,LinearSearch With Preprocessing and Reduced Qubits,10,25,0.35,pegasus,16,1.0,1.6583333333333332,2.5,19.9,0.11621142068761399,1,10.0,1.5,0.0008877338841557,130.90794733742942,2.116966013093993
M-10-N-25-pa-0.45-pe-1.00,LinearSearch With Preprocessing and Reduced Qubits,10,25,0.45,pegasus,16,1.0,1.7678571428571428,3.4,49.5,0.9082634107675404,2,10.0,1.6428571428571428,0.0018612260464578,487.9919943137018,2.6884126973025695
M-10-N-25-pa-0.55-pe-1.00,LinearSearch With Preprocessing and Reduced Qubits,10,25,0.55,pegasus,16,1.0,1.9856060606060606,3.75,55.05,1.0674445112934334,2,10.0,1.7954545454545454,0.0012604820076376,846.8542224154295,2.9278086572621866
M-10-N-25-pa-0.65-pe-1.00,LinearSearch With Preprocessing and Reduced Qubits,10,25,0.65,pegasus,16,1.0,2.065,3.1,41.3,0.33453994419542143,1,10.0,1.95,0.0010089969728142,331.55693513212134,2.520558116423995
M-10-N-25-pa-0.75-pe-1.00,LinearSearch With Preprocessing and Reduced Qubits,10,22,0.75,pegasus,16,1.0,2.221739130434783,3.8,51.1,0.498874162795255,1,10.0,2.0,0.0015025539323687,332.01747485814883,2.5211609422432892
M-10-N-25-pa-0.85-pe-1.00,LinearSearch With Preprocessing and Reduced Qubits,10,21,0.85,pegasus,16,1.0,2.163157894736842,3.2,41.1,0.3885104247950949,1,10.0,2.0,0.0028012790717184,138.69036776049555,2.1420462997641843
M-10-N-5-pa-0.05-pe-1.00,LinearSearch With Preprocessing and Reduced Qubits,6,5,0.05,pegasus,16,1.0,1.3142857142857145,2.0,9.2,0.051638348301639735,1,10.0,1.2857142857142858,0.000561132794246,92.02518323492666,1.963906690868634
M-10-N-5-pa-0.15-pe-1.00,LinearSearch With Preprocessing and Reduced Qubits,8,5,0.15,pegasus,16,1.0,1.4818181818181817,2.2,16.3,0.0885110244096722,1,10.0,1.3636363636363635,0.0007028528489172,125.93108844916728,2.100132957080464
M-10-N-5-pa-0.25-pe-1.00,LinearSearch With Preprocessing and Reduced Qubits,7,5,0.25,pegasus,16,1.0,1.3333333333333333,2.0,12.0,0.06112625860259863,1,10.0,1.3333333333333333,0.000760270981118,80.40062035816509,1.9052593997143683
M-10-N-5-pa-0.45-pe-1.00,LinearSearch With Preprocessing and Reduced Qubits,9,5,0.45,pegasus,16,1.0,1.75,2.3,24.5,0.1319081885972991,1,10.0,1.6428571428571428,0.0010972078889608,120.22169162674524,2.079982834590741
M-10-N-5-pa-0.55-pe-1.00,LinearSearch With Preprocessing and Reduced Qubits,10,5,0.55,pegasus,16,1.0,1.8714285714285714,2.8,26.2,0.1707834480097517,1,10.0,1.6428571428571428,0.0013913670554757,122.74507091057781,2.089004061128971
M-10-N-50-pa-0.05-pe-1.00,LinearSearch With Preprocessing and Reduced Qubits,10,22,0.05,pegasus,16,1.0,1.7100000000000002,2.4,17.1,0.09513700300594788,1,10.0,1.6,0.0008135489188134,116.94072807295844,2.0679657934316378
M-10-N-50-pa-0.15-pe-1.00,LinearSearch With Preprocessing and Reduced Qubits,10,36,0.15,pegasus,16,1.0,1.7100000000000002,2.4,17.1,0.09641128181247036,1,10.0,1.6,0.0008703300263732,110.7755435067035,2.0444438895263275
M-10-N-50-pa-0.25-pe-1.00,LinearSearch With Preprocessing and Reduced Qubits,10,45,0.25,pegasus,16,1.0,1.6,2.3,19.2,0.11316727149533105,1,10.0,1.5,0.0013078558258712,86.52885828100989,1.9371609733880195
M-10-N-50-pa-0.35-pe-1.00,LinearSearch With Preprocessing and Reduced Qubits,10,46,0.35,pegasus,16,1.0,1.5045454545454544,2.9,33.1,0.35255284688901145,2,10.0,1.4090909090909092,0.0014712840784341,239.6225527191281,2.379527690431928
M-10-N-50-pa-0.45-pe-1.00,LinearSearch With Preprocessing and Reduced Qubits,10,46,0.45,pegasus,16,1.0,1.9825,5.0,79.3,1.8398143258062192,2,10.0,1.8,0.0014524541329592,1266.6935793635878,3.102671569196016
M-10-N-50-pa-0.55-pe-1.00,LinearSearch With Preprocessing and Reduced Qubits,10,48,0.55,pegasus,16,1.0,2.3018862612612616,6.833333333333333,128.5666666666667,17.76735568700824,3,10.0,2.0548986486486487,0.0047015969175845,3779.004452035718,3.577377403558586
M-10-N-50-pa-0.65-pe-1.00,LinearSearch With Preprocessing and Reduced Qubits,10,47,0.65,pegasus,16,1.0,2.3099999999999996,5.45,94.1,4.688549658504781,2,10.0,2.1433333333333335,0.0019774779211729,2370.974464965399,3.3749268767179097
M-10-N-50-pa-0.75-pe-1.00,LinearSearch With Preprocessing and Reduced Qubits,10,48,0.75,pegasus,16,1.0,2.0951612903225807,3.8,54.95,1.1345244558004197,2,10.0,1.9124423963133639,0.0026195000391453,433.10724886932593,2.636595452530971
M-10-N-50-pa-0.85-pe-1.00,LinearSearch With Preprocessing and Reduced Qubits,10,29,0.85,pegasus,16,1.0,2.185,3.4,43.7,0.44316045779269186,1,10.0,2.0,0.0021144880447536,209.582862708855,2.3213557681253723
M-10-N-50-pa-0.95-pe-1.00,LinearSearch With Preprocessing and Reduced Qubits,10,16,0.95,pegasus,16,1.0,2.1588235294117646,3.0,36.7,0.3837502816924825,1,10.0,2.117647058823529,0.0030071141663938,127.61413778482192,2.105898790544683
M-25-N-10-pa-0.05-pe-1.00,LinearSearch With Preprocessing and Reduced Qubits,12,9,0.05,pegasus,16,1.0,1.7941176470588236,3.0,30.5,0.19989064210676583,1,10.0,1.6470588235294117,0.0010182480327785,196.30839979628,2.2929388829293615
M-25-N-10-pa-0.15-pe-1.00,LinearSearch With Preprocessing and Reduced Qubits,20,10,0.15,pegasus,16,1.0,2.8235294117647056,4.8,96.0,1.8179328286147212,1,10.0,2.4705882352941178,0.0011958058457821,1520.2575179798273,3.181917159764001
M-25-N-10-pa-0.25-pe-1.00,LinearSearch With Preprocessing and Reduced Qubits,24,10,0.25,pegasus,16,1.0,3.4340909090909095,6.1,151.1,3.7001984558999537,1,10.0,3.159090909090909,0.0012443189043551,2973.673742298404,3.4732933180219345
M-25-N-10-pa-0.35-pe-1.00,LinearSearch With Preprocessing and Reduced Qubits,23,10,0.35,pegasus,16,1.0,3.6666666666666665,5.3,121.0,2.6980011323001234,1,10.0,3.4242424242424243,0.0012732530012726,2118.9827375113377,3.3261274187052416
M-25-N-10-pa-0.45-pe-1.00,LinearSearch With Preprocessing and Reduced Qubits,25,10,0.45,pegasus,16,1.0,4.048571428571429,5.6,141.7,4.695765619899612,1,10.0,3.914285714285714,0.0014512289781123,3235.716546104225,3.5099704697219596
M-25-N-10-pa-0.55-pe-1.00,LinearSearch With Preprocessing and Reduced Qubits,25,10,0.55,pegasus,16,1.0,3.9885714285714284,5.6,139.6,4.4998013020027425,1,10.0,3.8857142857142857,0.0019621721003204,2293.275548548826,3.3604562405235527
M-25-N-10-pa-0.65-pe-1.00,LinearSearch With Preprocessing and Reduced Qubits,25,10,0.65,pegasus,16,1.0,4.134285714285714,6.0,144.7,3.7330224127974363,1,10.0,3.971428571428572,0.0096548849251121,386.6459767636689,2.5873134954958767
M-25-N-25-pa-0.05-pe-1.00,LinearSearch With Preprocessing and Reduced Qubits,22,23,0.05,pegasus,16,1.0,2.7703703703703706,4.0,74.8,1.4156891659134998,1,10.0,2.592592592592593,0.0027349609881639,517.6268222920019,2.7140167724360595
M-25-N-25-pa-0.15-pe-1.00,LinearSearch With Preprocessing and Reduced Qubits,24,25,0.15,pegasus,16,1.0,3.0354166666666664,6.0,145.7,7.195242492097895,2,10.0,2.833333333333333,0.0038146940059959,1886.191259089796,3.2755857279326017
M-25-N-25-pa-0.25-pe-1.00,LinearSearch With Preprocessing and Reduced Qubits,25,25,0.25,pegasus,16,1.0,4.41398401826484,10.066666666666666,358.73333333333335,59.70149524098379,3,10.0,4.113156392694064,0.0185795067809522,3213.298175330292,3.506951027416501
M-25-N-25-pa-0.35-pe-1.00,LinearSearch With Preprocessing and Reduced Qubits,25,25,0.35,pegasus,16,1.0,4.352333333333333,8.1,275.3,28.80558968659607,2,10.0,3.996666666666666,0.0017900988459587,16091.619597172252,4.206599757381609
M-25-N-25-pa-0.45-pe-1.00,LinearSearch With Preprocessing and Reduced Qubits,25,25,0.45,pegasus,16,1.0,4.518333333333333,8.0,285.85,31.07182375510456,2,10.0,4.18,0.0039325749967247,7901.139526412598,3.897689731080833
M-25-N-25-pa-0.55-pe-1.00,LinearSearch With Preprocessing and Reduced Qubits,25,25,0.55,pegasus,16,1.0,4.598979591836735,8.3,284.15,33.910125387687,2,10.0,4.355745037741124,0.0460209399461746,736.8412167724288,2.8673739110489778
M-25-N-25-pa-0.65-pe-1.00,LinearSearch With Preprocessing and Reduced Qubits,25,25,0.65,pegasus,16,1.0,4.612,7.7,230.6,7.396987616311526,1,10.0,4.38,0.0025866238866001,2859.7074556419325,3.4563216076400303
M-25-N-25-pa-0.75-pe-1.00,LinearSearch With Preprocessing and Reduced Qubits,25,25,0.75,pegasus,16,1.0,4.448936170212766,6.9,209.1,9.998272127500968,1,10.0,4.340425531914893,0.0073460608255118,1361.0385706877603,3.1338704329179263
M-25-N-25-pa-0.85-pe-1.00,LinearSearch With Preprocessing and Reduced Qubits,25,25,0.85,pegasus,16,1.0,4.548979591836735,7.2,222.9,13.39556853341055,1,10.0,4.448979591836735,0.018967960961163,706.2207983310293,2.848940503466974
M-25-N-5-pa-0.05-pe-1.00,LinearSearch With Preprocessing and Reduced Qubits,8,5,0.05,pegasus,16,1.0,1.3818181818181816,2.0,15.2,0.08678588149487036,1,10.0,1.3636363636363635,0.0009209879208356,94.23129167850476,1.9741951442697516
M-25-N-5-pa-0.15-pe-1.00,LinearSearch With Preprocessing and Reduced Qubits,21,5,0.15,pegasus,16,1.0,3.04,4.5,91.2,1.768261325993808,1,10.0,2.8666666666666667,0.0017518601380288,1009.3621554595679,3.004047017474204
M-25-N-5-pa-0.25-pe-1.00,LinearSearch With Preprocessing and Reduced Qubits,16,5,0.25,pegasus,16,1.0,2.528571428571429,3.4,53.1,0.6472126170992851,1,10.0,2.333333333333333,0.0017105161678045,378.3726976118733,2.577919791302596
M-25-N-5-pa-0.35-pe-1.00,LinearSearch With Preprocessing and Reduced Qubits,24,5,0.35,pegasus,16,1.0,3.6448275862068966,4.9,105.7,2.344459816708695,1,10.0,3.413793103448276,0.0021965519990772,1067.3363601800897,3.028301304476215
M-25-N-5-pa-0.45-pe-1.00,LinearSearch With Preprocessing and Reduced Qubits,25,5,0.45,pegasus,16,1.0,3.85,5.3,115.5,2.9166394213971216,1,10.0,3.533333333333333,0.0074717588722705,390.3551320200012,2.5914598934313955
M-25-N-50-pa-0.05-pe-1.00,LinearSearch With Preprocessing and Reduced Qubits,24,37,0.05,pegasus,16,1.0,3.013793103448276,4.4,87.4,1.837362899800064,1,10.0,2.827586206896552,0.0024259348865598,757.3834356486916,2.879315802653231
M-25-N-50-pa-0.15-pe-1.00,LinearSearch With Preprocessing and Reduced Qubits,25,49,0.15,pegasus,16,1.0,3.1542372881355933,6.9,186.1,5.437850425211946,1,10.0,2.915254237288136,0.0017964020371437,3027.0787439270066,3.481023718481654
M-25-N-50-pa-0.25-pe-1.00,LinearSearch With Preprocessing and Reduced Qubits,25,50,0.25,pegasus,16,1.0,5.1,18.0,637.5,93.03487860719324,3,10.0,4.672,0.0305402551311999,3046.3032546543,3.4837731344784926
M-25-N-50-pa-0.35-pe-1.00,LinearSearch With Preprocessing and Reduced Qubits,25,50,0.35,pegasus,16,1.0,5.670680044593088,19.7,757.4,96.2253315102018,3,10.0,5.124683689901082,0.0156691691372543,6141.061511377767,3.7882434474746898
M-25-N-50-pa-0.45-pe-1.00,LinearSearch With Preprocessing and Reduced Qubits,25,50,0.45,pegasus,16,1.0,5.098933333333333,13.2,524.5,53.40804437120096,2,10.0,4.486666666666666,0.003422019071877,15607.173202076609,4.193324250025202
M-25-N-50-pa-0.55-pe-1.00,LinearSearch With Preprocessing and Reduced Qubits,25,50,0.55,pegasus,16,1.0,5.104024680176611,13.049999999999999,507.45,51.80419661410269,2,10.0,4.675138684478659,0.0053581960964947,9668.215883014149,3.985346339269239
M-25-N-50-pa-0.65-pe-1.00,LinearSearch With Preprocessing and Reduced Qubits,25,50,0.65,pegasus,16,1.0,4.635616438356164,9.5,338.4,19.943650001502828,1,10.0,4.465753424657534,0.0025254930369555,7896.933272739531,3.897458468340621
M-25-N-50-pa-0.75-pe-1.00,LinearSearch With Preprocessing and Reduced Qubits,25,50,0.75,pegasus,16,1.0,4.687323943661972,9.2,332.8,23.664561590220547,1,10.0,4.52112676056338,0.0036391660105437,6502.743077714737,3.8130965954449474
M-25-N-50-pa-0.85-pe-1.00,LinearSearch With Preprocessing and Reduced Qubits,25,50,0.85,pegasus,16,1.0,4.615384615384615,8.7,300.0,20.049848571792246,1,10.0,4.476923076923077,0.0143512829672545,1397.0770847556387,3.145220369292746
M-5-N-10-pa-0.05-pe-1.00,LinearSearch With Preprocessing and Reduced Qubits,5,5,0.05,pegasus,16,1.0,1.2,2.0,6.0,0.04247294079395938,1,10.0,1.2,0.0006558150053024,64.76360007897541,1.811330982324064
M-5-N-10-pa-0.15-pe-1.00,LinearSearch With Preprocessing and Reduced Qubits,4,5,0.15,pegasus,16,1.0,1.0,1.0,4.0,0.03651256249868306,1,10.0,1.0,0.0004031639546155,90.56504677592092,1.9569606157759623
M-5-N-10-pa-0.25-pe-1.00,LinearSearch With Preprocessing and Reduced Qubits,4,6,0.25,pegasus,16,1.0,1.0,1.0,4.0,0.03679791498580013,1,10.0,1.0,0.000390850007534,94.14843081063688,1.9738130859581056
M-5-N-10-pa-0.35-pe-1.00,LinearSearch With Preprocessing and Reduced Qubits,5,9,0.35,pegasus,16,1.0,1.1666666666666667,2.0,7.0,0.04451175740105097,1,10.0,1.1666666666666667,0.0006384730804711,69.71594996376642,1.8433321495395476
M-5-N-10-pa-0.45-pe-1.00,LinearSearch With Preprocessing and Reduced Qubits,5,10,0.45,pegasus,16,1.0,1.2222222222222223,2.0,11.0,0.05134260259801517,1,10.0,1.2222222222222223,0.0010825009085237,47.429616129011755,1.6760496097177495
M-5-N-10-pa-0.55-pe-1.00,LinearSearch With Preprocessing and Reduced Qubits,5,7,0.55,pegasus,16,1.0,1.2333333333333334,2.0,11.1,0.05744884510058903,1,10.0,1.2222222222222223,0.0008417139761149,68.2522170981448,1.834116763527694
M-5-N-10-pa-0.65-pe-1.00,LinearSearch With Preprocessing and Reduced Qubits,5,9,0.65,pegasus,16,1.0,1.22,2.0,12.2,0.05964319331105794,1,10.0,1.2,0.0006646660622209,89.73407341129086,1.9529573826796147
M-5-N-10-pa-0.75-pe-1.00,LinearSearch With Preprocessing and Reduced Qubits,5,8,0.75,pegasus,16,1.0,1.2222222222222223,2.0,11.0,0.0570797884895,1,10.0,1.2222222222222223,0.0007658789400011,74.5284736709036,1.8723222270597848
M-5-N-25-pa-0.05-pe-1.00,LinearSearch With Preprocessing and Reduced Qubits,5,10,0.05,pegasus,16,1.0,1.2,2.0,6.0,0.04246097829309287,1,10.0,1.2,0.0005439899396151,78.05471227111558,1.892399127159671
M-5-N-25-pa-0.15-pe-1.00,LinearSearch With Preprocessing and Reduced Qubits,5,10,0.15,pegasus,16,1.0,1.2,2.0,6.0,0.04207765969331371,1,10.0,1.2,0.0005103149451315,82.45429614062483,1.916213288754462
M-5-N-25-pa-0.25-pe-1.00,LinearSearch With Preprocessing and Reduced Qubits,5,12,0.25,pegasus,16,1.0,1.2,2.0,6.0,0.04259113799780602,1,10.0,1.2,0.0005640911404043,75.50400081053525,1.877969964671221
M-5-N-25-pa-0.35-pe-1.00,LinearSearch With Preprocessing and Reduced Qubits,5,14,0.35,pegasus,16,1.0,1.2,2.0,6.0,0.04197516259737308,1,10.0,1.2,0.000479273032397,87.58089788582672,1.9424093933083466
M-5-N-25-pa-0.45-pe-1.00,LinearSearch With Preprocessing and Reduced Qubits,5,15,0.45,pegasus,16,1.0,1.1666666666666667,2.0,7.0,0.04405478271073657,1,10.0,1.1666666666666667,0.0005876100622117,74.97281865791469,1.8749038387813732
M-5-N-25-pa-0.55-pe-1.00,LinearSearch With Preprocessing and Reduced Qubits,5,20,0.55,pegasus,16,1.0,1.1666666666666667,2.0,7.0,0.04418173590674992,1,10.0,1.1666666666666667,0.0006183551158756,71.45042500818886,1.854004816456094
M-5-N-25-pa-0.65-pe-1.00,LinearSearch With Preprocessing and Reduced Qubits,5,18,0.65,pegasus,16,1.0,1.1857142857142857,2.0,8.3,0.04710451600258234,1,10.0,1.1428571428571428,0.0005612131208181,83.93338318602221,1.9239347290130444
M-5-N-25-pa-0.75-pe-1.00,LinearSearch With Preprocessing and Reduced Qubits,5,12,0.75,pegasus,16,1.0,1.2,2.0,12.0,0.05453139109886246,1,10.0,1.2,0.0007152801845222,76.2378047129197,1.8821703821976288
M-5-N-25-pa-0.85-pe-1.00,LinearSearch With Preprocessing and Reduced Qubits,5,10,0.85,pegasus,16,1.0,1.28,2.1,12.8,0.06695265498710792,1,10.0,1.2,0.0010143858380615,66.00314437458223,1.8195646257301965
M-5-N-5-pa-0.05-pe-1.00,LinearSearch With Preprocessing and Reduced Qubits,2,2,0.05,pegasus,16,1.0,1.0,1.0,2.0,0.03187767640338274,1,10.0,1.0,0.0006711098831146,47.499935789858284,1.6766930225620886
M-5-N-5-pa-0.15-pe-1.00,LinearSearch With Preprocessing and Reduced Qubits,4,4,0.15,pegasus,16,1.0,1.0,1.0,4.0,0.03669013319886285,1,10.0,1.0,0.000424635130912,86.40390406149059,1.9365333660330553
M-5-N-5-pa-0.25-pe-1.00,LinearSearch With Preprocessing and Reduced Qubits,5,5,0.25,pegasus,16,1.0,1.1666666666666667,2.0,7.0,0.04421118518803265,1,10.0,1.1666666666666667,0.0005269679240882,83.89729826655562,1.9237479755367493
M-5-N-5-pa-0.35-pe-1.00,LinearSearch With Preprocessing and Reduced Qubits,5,5,0.35,pegasus,16,1.0,1.2,2.0,6.0,0.04213542810175564,1,10.0,1.2,0.0004162609111517,101.22360008282503,2.0052817792219773
M-5-N-5-pa-0.45-pe-1.00,LinearSearch With Preprocessing and Reduced Qubits,4,4,0.45,pegasus,16,1.0,1.04,1.2,5.2,0.04031907469034192,1,10.0,1.0,0.0009264559485018,43.51968888755416,1.6386857820386378
M-5-N-50-pa-0.05-pe-1.00,LinearSearch With Preprocessing and Reduced Qubits,5,8,0.05,pegasus,16,1.0,1.2,2.0,6.0,0.04228463869076217,1,10.0,1.2,0.0005306389648467,79.6862677117799,1.9013834861385992
M-5-N-50-pa-0.15-pe-1.00,LinearSearch With Preprocessing and Reduced Qubits,5,16,0.15,pegasus,16,1.0,1.2,2.0,6.0,0.04187617780407888,1,10.0,1.2,0.0005716341547667,73.25695531246339,1.8648488646736738
M-5-N-50-pa-0.25-pe-1.00,LinearSearch With Preprocessing and Reduced Qubits,5,19,0.25,pegasus,16,1.0,1.2,2.0,6.0,0.04230064710718574,1,10.0,1.2,0.0005924180150032,71.40337728513181,1.8537187538257784
M-5-N-50-pa-0.35-pe-1.00,LinearSearch With Preprocessing and Reduced Qubits,5,22,0.35,pegasus,16,1.0,1.2,2.0,6.0,0.04222286401200104,1,10.0,1.2,0.0006251609884202,67.53918546830674,1.8295558186911882
M-5-N-50-pa-0.45-pe-1.00,LinearSearch With Preprocessing and Reduced Qubits,5,29,0.45,pegasus,16,1.0,1.2,2.0,6.0,0.04241332640522155,1,10.0,1.2,0.000660239951685,64.23926063961919,1.8078005338066834
M-5-N-50-pa-0.55-pe-1.00,LinearSearch With Preprocessing and Reduced Qubits,5,24,0.55,pegasus,16,1.0,1.2,2.0,6.0,0.04246204218943597,1,10.0,1.2,0.0007064789533615,60.103760950405416,1.778901648533825
M-5-N-50-pa-0.65-pe-1.00,LinearSearch With Preprocessing and Reduced Qubits,5,23,0.65,pegasus,16,1.0,1.2,2.0,6.0,0.04238551720627579,1,10.0,1.2,0.0005509010516107,76.93853007797384,1.8861438847998249
M-5-N-50-pa-0.75-pe-1.00,LinearSearch With Preprocessing and Reduced Qubits,5,14,0.75,pegasus,16,1.0,1.2125,2.0,9.7,0.050663753907429,1,10.0,1.125,0.0012077179271727,41.94998908733947,1.6227318521981096
M-5-N-50-pa-0.85-pe-1.00,LinearSearch With Preprocessing and Reduced Qubits,5,13,0.85,pegasus,16,1.0,1.2222222222222223,2.0,11.0,0.054796660796273454,1,10.0,1.2222222222222223,0.0007176059298217,76.36037892486219,1.8828680748443845
M-5-N-50-pa-0.95-pe-1.00,LinearSearch With Preprocessing and Reduced Qubits,5,7,0.95,pegasus,16,1.0,1.3333333333333333,2.0,12.0,0.06327384160249488,1,10.0,1.3333333333333333,0.0010656050872057,59.378321577872164,1.7736279174202998
M-50-N-10-pa-0.05-pe-1.00,LinearSearch With Preprocessing and Reduced Qubits,21,10,0.05,pegasus,16,1.0,2.5393939393939395,4.3,83.8,1.40496595139266,1,10.0,2.4545454545454546,0.024531627073884,57.271617047818815,1.7579394454679307
M-50-N-10-pa-0.15-pe-1.00,LinearSearch With Preprocessing and Reduced Qubits,39,10,0.15,pegasus,16,1.0,5.074576271186441,8.2,299.4,25.278570793097607,2,10.0,4.796610169491525,0.0049238819628953,5133.870181790394,3.710444882636007
M-50-N-10-pa-0.25-pe-1.00,LinearSearch With Preprocessing and Reduced Qubits,47,10,0.25,pegasus,16,1.0,6.460185912542551,9.3,400.85,48.333910585503325,2,10.0,6.021078816444096,0.0137870959006249,3505.735430461962,3.5447791378199653
M-50-N-10-pa-0.35-pe-1.00,LinearSearch With Preprocessing and Reduced Qubits,49,10,0.35,pegasus,16,1.0,7.147457627118643,10.3,421.7,22.870930261700416,1,10.0,6.406779661016949,0.0019898468162864,11493.814530351654,4.0604641848722824
M-50-N-10-pa-0.45-pe-1.00,LinearSearch With Preprocessing and Reduced Qubits,50,10,0.45,pegasus,16,1.0,7.348333333333334,10.9,440.9,20.146795871289214,1,10.0,6.7,0.0094068488106131,2141.715708922339,3.3307618221259454
M-50-N-10-pa-0.55-pe-1.00,LinearSearch With Preprocessing and Reduced Qubits,50,10,0.55,pegasus,16,1.0,7.083333333333333,9.9,425.0,20.803496911592084,1,10.0,6.616666666666666,0.0160874100401997,1293.1538922868585,3.1116502113413547
M-50-N-10-pa-0.65-pe-1.00,LinearSearch With Preprocessing and Reduced Qubits,50,10,0.65,pegasus,16,1.0,7.436666666666667,10.5,446.2,29.626124572305706,1,10.0,6.75,0.0605381538625806,489.37938608214824,2.689645671800987
M-50-N-25-pa-0.05-pe-1.00,LinearSearch With Preprocessing and Reduced Qubits,41,25,0.05,pegasus,16,1.0,4.538235294117647,8.3,308.6,15.341536559618543,1,10.0,4.073529411764706,0.0067836639937013,2261.541339842565,3.3544045308400534
M-50-N-25-pa-0.15-pe-1.00,LinearSearch With Preprocessing and Reduced Qubits,50,25,0.15,pegasus,16,1.0,7.867796610169491,18.733333333333334,928.4,94.21470443228027,3,10.0,6.677966101694916,0.0446713319979608,2109.064140609732,3.324089787652859
M-50-N-25-pa-0.25-pe-1.00,LinearSearch With Preprocessing and Reduced Qubits,50,25,0.25,pegasus,16,1.0,7.784999999999999,14.1,778.5,62.53816170030041,2,10.0,7.21,0.0042791510932147,14614.618723057092,4.164787489646775
M-50-N-25-pa-0.35-pe-1.00,LinearSearch With Preprocessing and Reduced Qubits,50,25,0.35,pegasus,16,1.0,8.022666666666666,13.75,710.8,60.993315192684534,2,10.0,7.251666666666667,0.0129734410438686,4701.398417099933,3.67222705676497
M-50-N-25-pa-0.45-pe-1.00,LinearSearch With Preprocessing and Reduced Qubits,50,25,0.45,pegasus,16,1.0,8.686833333333333,14.85,772.0,61.52459679760504,2,10.0,7.715,0.1000351051334291,615.0300608464108,2.7888963433212144
M-50-N-25-pa-0.55-pe-1.00,LinearSearch With Preprocessing and Reduced Qubits,50,25,0.55,pegasus,16,1.0,7.749333333333334,12.2,581.2,28.922983564896278,1,10.0,7.253333333333333,0.0045045979786664,6420.769110907039,3.8075870530870604
M-50-N-25-pa-0.65-pe-1.00,LinearSearch With Preprocessing and Reduced Qubits,50,25,0.65,pegasus,16,1.0,7.749333333333334,11.9,581.2,28.330550614814275,1,10.0,7.386666666666667,0.0139154540374875,2035.9055864406118,3.308757634058355
M-50-N-25-pa-0.75-pe-1.00,LinearSearch With Preprocessing and Reduced Qubits,50,25,0.75,pegasus,16,1.0,7.782666666666667,11.9,583.7,30.245028849388472,1,10.0,7.173333333333333,0.0683498550206422,442.50318950657214,2.6459164053843947
M-50-N-5-pa-0.05-pe-1.00,LinearSearch With Preprocessing and Reduced Qubits,15,5,0.05,pegasus,16,1.0,2.1409090909090907,3.1,47.1,0.44528233250021004,1,10.0,1.9545454545454544,0.0008152250666171,546.2078512891768,2.7373579384759803
M-50-N-5-pa-0.15-pe-1.00,LinearSearch With Preprocessing and Reduced Qubits,34,5,0.15,pegasus,16,1.0,4.609090909090909,6.9,202.8,6.469588539202232,1,10.0,4.340909090909091,0.0060092159546911,1076.611089850271,3.0320588490409217
M-50-N-5-pa-0.25-pe-1.00,LinearSearch With Preprocessing and Reduced Qubits,39,5,0.25,pegasus,16,1.0,5.465909090909092,7.5,240.5,9.531941166898468,1,10.0,5.136363636363637,0.0054949130862951,1734.6846101965582,3.239220525523341
M-50-N-50-pa-0.05-pe-1.00,LinearSearch With Preprocessing and Reduced Qubits,45,48,0.05,pegasus,16,1.0,4.768918918918919,9.4,352.9,19.10202110980172,1,10.0,4.418918918918919,0.015680351993069,1218.213795010912,3.085723513128974
M-50-N-50-pa-0.15-pe-1.00,LinearSearch With Preprocessing and Reduced Qubits,50,50,0.15,pegasus,16,1.0,9.442228005204685,35.72,1855.72,167.17722396891332,5,10.0,8.222570313281953,0.4722636910155415,353.99127044695416,2.5489925522984938
M-50-N-50-pa-0.25-pe-1.00,LinearSearch With Preprocessing and Reduced Qubits,50,50,0.25,pegasus,16,1.0,11.451,36.525,2029.1,129.57851639222935,4,10.0,9.136666666666667,0.964678772026673,134.32296858763286,2.1281502813058557
M-50-N-50-pa-0.35-pe-1.00,LinearSearch With Preprocessing and Reduced Qubits,50,50,0.35,pegasus,16,1.0,10.70811111111111,26.03333333333333,1460.9000000000003,94.55251671259757,3,10.0,8.84,0.1565399540122598,604.0152324600047,2.781047891087874
M-50-N-50-pa-0.45-pe-1.00,LinearSearch With Preprocessing and Reduced Qubits,50,50,0.45,pegasus,16,1.0,9.756,21.75,1255.9499999999998,63.49207774181268,2,10.0,7.945,0.0330474260263145,1921.2412394640037,3.2835819002027384
M-50-N-50-pa-0.55-pe-1.00,LinearSearch With Preprocessing and Reduced Qubits,50,50,0.55,pegasus,16,1.0,10.311666666666667,22.6,1328.3,63.566744969587305,2,10.0,8.166666666666666,0.2603020560927689,244.20377588830334,2.387752374738996
M-50-N-50-pa-0.65-pe-1.00,LinearSearch With Preprocessing and Reduced Qubits,50,50,0.65,pegasus,16,1.0,10.69,24.45,1379.05,65.0043718745932,2,10.0,8.518333333333333,1.2274657760281116,52.9581949607461,1.7239331740912598
M-50-N-50-pa-0.75-pe-1.00,LinearSearch With Preprocessing and Reduced Qubits,50,50,0.75,pegasus,16,1.0,9.203,17.4,920.3,31.468401895317946,1,10.0,7.93,0.0220239411573857,1428.8270055305807,3.154979650000585
M-50-N-50-pa-0.85-pe-1.00,LinearSearch With Preprocessing and Reduced Qubits,50,50,0.85,pegasus,16,1.0,8.683673469387756,15.9,851.0,31.960095996200106,1,10.0,8.061224489795919,0.1089125829748809,293.44723192615663,2.467530017189645
M-10-N-10-pa-0.05-pe-1.00,LinearSearch With Reduced Qubits,5,6,0.05,pegasus,16,1.0,1.2,2.0,6.0,0.16848601519595813,4,10.0,1.2,0.0004716061521321,357.26000196770985,2.55298439628596
M-10-N-10-pa-0.15-pe-1.00,LinearSearch With Reduced Qubits,10,9,0.15,pegasus,16,1.0,1.5996428571428571,2.6750000000000003,23.6,0.5156900291156488,4,10.0,1.5071428571428571,0.0013284040614962,388.20268898200834,2.589058539311825
M-10-N-10-pa-0.25-pe-1.00,LinearSearch With Reduced Qubits,9,10,0.25,pegasus,16,1.0,1.5256410256410255,2.425,19.45,0.45847470636363125,4,10.0,1.392628205128205,0.0008463929407298,541.6806825286516,2.73374334801052
M-10-N-10-pa-0.35-pe-1.00,LinearSearch With Reduced Qubits,10,10,0.35,pegasus,16,1.0,1.7378947368421054,2.95,29.5,0.3789929701946675,2,10.0,1.5964912280701755,0.0007756720297038,488.5995049361148,2.6889530225984033
M-10-N-10-pa-0.45-pe-1.00,LinearSearch With Reduced Qubits,10,10,0.45,pegasus,16,1.0,1.825122549019608,3.2,37.400000000000006,0.5272263039893005,2,10.0,1.6654411764705883,0.0017262550536543,305.41622604828973,2.484892106382129
M-10-N-10-pa-0.55-pe-1.00,LinearSearch With Reduced Qubits,10,10,0.55,pegasus,16,1.0,2.014912280701754,3.55,46.55,0.7742798444989603,2,10.0,1.7758284600389864,0.0020302031189203,381.38048203243636,2.5813584633237885
M-10-N-10-pa-0.65-pe-1.00,LinearSearch With Reduced Qubits,10,10,0.65,pegasus,16,1.0,1.941176470588235,2.9,33.0,0.23773978750105013,1,10.0,1.8235294117647056,0.0010380870662629,229.0171942204165,2.359868089654913
M-10-N-10-pa-0.75-pe-1.00,LinearSearch With Reduced Qubits,10,10,0.75,pegasus,16,1.0,2.1235294117647054,3.1,36.1,0.31076412830152544,1,10.0,2.0588235294117645,0.0033400568645447,93.04156809642991,1.9686770212605658
M-10-N-25-pa-0.05-pe-1.00,LinearSearch With Reduced Qubits,9,11,0.05,pegasus,16,1.0,1.5666666666666669,2.1,14.1,0.6289770092174873,8,10.0,1.5555555555555556,0.0006407799664884,981.5803257439906,2.991925845047216
M-10-N-25-pa-0.15-pe-1.00,LinearSearch With Reduced Qubits,10,21,0.15,pegasus,16,1.0,1.6153846153846156,2.5,21.0,0.6577034696936604,6,10.0,1.5384615384615383,0.0008783668745309,748.7799096432607,2.8743541834228545
M-10-N-25-pa-0.25-pe-1.00,LinearSearch With Reduced Qubits,10,24,0.25,pegasus,16,1.0,1.6384615384615384,2.5,21.3,0.5855938997003247,5,10.0,1.5384615384615383,0.0009035978000611,648.0691951802655,2.8116213785265973
M-10-N-25-pa-0.35-pe-1.00,LinearSearch With Reduced Qubits,10,25,0.35,pegasus,16,1.0,1.6757575757575758,2.42,19.759999999999998,0.5726346394745631,5,10.0,1.5272727272727273,0.0008877338841557,645.0521367381717,2.809594818174961
M-10-N-25-pa-0.45-pe-1.00,LinearSearch With Reduced Qubits,10,25,0.45,pegasus,16,1.0,1.7547619047619047,3.266666666666667,45.1,1.1420274915988557,3,10.0,1.650793650793651,0.0018612260464578,613.5888185955281,2.78787743688246
M-10-N-25-pa-0.55-pe-1.00,LinearSearch With Reduced Qubits,10,25,0.55,pegasus,16,1.0,1.9856060606060606,3.75,55.05,1.0662310565006918,2,10.0,1.7954545454545454,0.0012604820076376,845.8915313302523,2.9273146770289236
M-10-N-25-pa-0.65-pe-1.00,LinearSearch With Reduced Qubits,10,25,0.65,pegasus,16,1.0,2.065,3.1,41.3,0.33530030529946087,1,10.0,1.95,0.0010089969728142,332.3105162862502,2.5215440851645132
M-10-N-25-pa-0.75-pe-1.00,LinearSearch With Reduced Qubits,10,22,0.75,pegasus,16,1.0,2.221739130434783,3.8,51.1,0.4982369638979435,1,10.0,2.0,0.0015025539323687,331.59339763658585,2.5206058747182385
M-10-N-25-pa-0.85-pe-1.00,LinearSearch With Reduced Qubits,10,21,0.85,pegasus,16,1.0,2.163157894736842,3.2,41.1,0.38952177449245934,1,10.0,2.0,0.0028012790717184,139.05139915762194,2.1431753631644535
M-10-N-5-pa-0.05-pe-1.00,LinearSearch With Reduced Qubits,6,5,0.05,pegasus,16,1.0,1.3142857142857145,2.0,9.2,0.15505931769730508,3,10.0,1.2857142857142858,0.000561132794246,276.3326595967845,2.4414322169657807
M-10-N-5-pa-0.15-pe-1.00,LinearSearch With Reduced Qubits,8,5,0.15,pegasus,16,1.0,1.4509090909090907,2.1,15.25,0.16197594690020187,2,10.0,1.3818181818181818,0.0007028528489172,230.4549905706202,2.3625861173398275
M-10-N-5-pa-0.25-pe-1.00,LinearSearch With Reduced Qubits,7,5,0.25,pegasus,16,1.0,1.3333333333333333,2.0,12.0,0.24895881030824946,4,10.0,1.3333333333333333,0.000760270981118,327.46062412468757,2.5151590852349655
M-10-N-5-pa-0.45-pe-1.00,LinearSearch With Reduced Qubits,9,5,0.45,pegasus,16,1.0,1.75,2.3,24.5,0.13169684600434262,1,10.0,1.6428571428571428,0.0010972078889608,120.02907307661428,2.0792864522798635
M-10-N-5-pa-0.55-pe-1.00,LinearSearch With Reduced Qubits,10,5,0.55,pegasus,16,1.0,1.8714285714285714,2.8,26.2,0.16995723960571918,1,10.0,1.6428571428571428,0.0013913670554757,122.1512603843136,2.0868979524837545
M-10-N-50-pa-0.05-pe-1.00,LinearSearch With Reduced Qubits,10,22,0.05,pegasus,16,1.0,1.7100000000000002,2.4,17.1,0.8605434977158434,9,10.0,1.6,0.0008135489188134,1057.764907257479,3.024389154631625
M-10-N-50-pa-0.15-pe-1.00,LinearSearch With Reduced Qubits,10,36,0.15,pegasus,16,1.0,1.7100000000000002,2.4,17.1,0.7656700360705141,8,10.0,1.6,0.0008703300263732,879.7467764974546,2.9443576842012518
M-10-N-50-pa-0.25-pe-1.00,LinearSearch With Reduced Qubits,10,45,0.25,pegasus,16,1.0,1.6,2.3,19.2,0.7929532073379957,7,10.0,1.5,0.0013078558258712,606.3001678365326,2.782687688457302
M-10-N-50-pa-0.35-pe-1.00,LinearSearch With Reduced Qubits,10,46,0.35,pegasus,16,1.0,1.5055411255411255,2.8600000000000003,32.82000000000001,0.8563687131972981,5,10.0,1.412987012987013,0.0014712840784341,582.0553115253468,2.7649642567274593
M-10-N-50-pa-0.45-pe-1.00,LinearSearch With Reduced Qubits,10,46,0.45,pegasus,16,1.0,1.9229012345679013,4.433333333333334,69.10000000000001,2.1527054592734203,3,10.0,1.7679012345679013,0.0014524541329592,1482.1159642442042,3.1708821851961826
M-10-N-50-pa-0.55-pe-1.00,LinearSearch With Reduced Qubits,10,48,0.55,pegasus,16,1.0,2.3018862612612616,6.833333333333333,128.5666666666667,17.77654087220435,3,10.0,2.0548986486486487,0.0047015969175845,3780.9580829732836,3.577601862648381
M-10-N-50-pa-0.65-pe-1.00,LinearSearch With Reduced Qubits,10,47,0.65,pegasus,16,1.0,2.3099999999999996,5.45,94.1,4.720938871399267,2,10.0,2.1433333333333335,0.0019774779211729,2387.353516549902,3.377916733593788
M-10-N-50-pa-0.75-pe-1.00,LinearSearch With Reduced Qubits,10,48,0.75,pegasus,16,1.0,2.0951612903225807,3.8,54.95,1.1342675126856192,2,10.0,1.9124423963133639,0.0026195000391453,433.0091602604835,2.636497083902249
M-10-N-50-pa-0.85-pe-1.00,LinearSearch With Reduced Qubits,10,29,0.85,pegasus,16,1.0,2.185,3.4,43.7,0.4431586041988339,1,10.0,2.0,0.0021144880447536,209.58198609294712,2.3213539516111648
M-10-N-50-pa-0.95-pe-1.00,LinearSearch With Reduced Qubits,10,16,0.95,pegasus,16,1.0,2.1588235294117646,3.0,36.7,0.3845603700901847,1,10.0,2.117647058823529,0.0030071141663938,127.88352842069668,2.1068146103384904
M-25-N-10-pa-0.05-pe-1.00,LinearSearch With Reduced Qubits,12,9,0.05,pegasus,16,1.0,1.7941176470588236,3.0,30.5,0.9992284412146545,5,10.0,1.6470588235294117,0.0010182480327785,981.3212577555707,2.991811206799778
M-25-N-10-pa-0.15-pe-1.00,LinearSearch With Reduced Qubits,20,10,0.15,pegasus,16,1.0,2.8240196078431374,4.566666666666666,90.36666666666667,4.898646920418832,3,10.0,2.539915966386555,0.0011958058457821,4096.523640188778,3.612415465426167
M-25-N-10-pa-0.25-pe-1.00,LinearSearch With Reduced Qubits,24,10,0.25,pegasus,16,1.0,3.4288101604278074,5.6,133.75,6.341861234378303,2,10.0,3.1530748663101607,0.0012443189043551,5096.652640320113,3.7072850354854094
M-25-N-10-pa-0.35-pe-1.00,LinearSearch With Reduced Qubits,23,10,0.35,pegasus,16,1.0,3.6666666666666665,5.3,121.0,2.708876933099236,1,10.0,3.4242424242424243,0.0012732530012726,2127.524481202262,3.327874566166836
M-25-N-10-pa-0.45-pe-1.00,LinearSearch With Reduced Qubits,25,10,0.45,pegasus,16,1.0,4.048571428571429,5.6,141.7,4.706525078596314,1,10.0,3.914285714285714,0.0014512289781123,3243.130578521965,3.510964435071424
M-25-N-10-pa-0.55-pe-1.00,LinearSearch With Reduced Qubits,25,10,0.55,pegasus,16,1.0,3.9885714285714284,5.6,139.6,4.496838752488839,1,10.0,3.8857142857142857,0.0019621721003204,2291.765716912799,3.3601702184208646
M-25-N-10-pa-0.65-pe-1.00,LinearSearch With Reduced Qubits,25,10,0.65,pegasus,16,1.0,4.134285714285714,6.0,144.7,3.701018394011771,1,10.0,3.971428571428572,0.0096548849251121,383.3311761181315,2.5835741416272113
M-25-N-25-pa-0.05-pe-1.00,LinearSearch With Reduced Qubits,22,23,0.05,pegasus,16,1.0,2.7703703703703706,4.0,74.8,21.19326518078451,15,10.0,2.592592592592593,0.0027349609881639,7749.019187020824,3.8892467362326504
M-25-N-25-pa-0.15-pe-1.00,LinearSearch With Reduced Qubits,24,25,0.15,pegasus,16,1.0,3.021014492753623,5.828571428571428,138.18571428571428,23.532188953924923,7,10.0,2.777605244996549,0.0038146940059959,6168.827410735546,3.7902026198770495
M-25-N-25-pa-0.25-pe-1.00,LinearSearch With Reduced Qubits,25,25,0.25,pegasus,16,1.0,4.266610462678222,9.075,315.9,66.50093396611629,4,10.0,3.9930305598266704,0.0185795067809522,3579.2626115734197,3.553793563875663
M-25-N-25-pa-0.35-pe-1.00,LinearSearch With Reduced Qubits,25,25,0.35,pegasus,16,1.0,4.352333333333333,8.1,275.3,28.875381725787882,2,10.0,3.996666666666666,0.0017900988459587,16130.607410225362,4.207650721384163
M-25-N-25-pa-0.45-pe-1.00,LinearSearch With Reduced Qubits,25,25,0.45,pegasus,16,1.0,4.518333333333333,8.0,285.85,30.979173397406704,2,10.0,4.18,0.0039325749967247,7877.57980847932,3.8963928117453346
M-25-N-25-pa-0.55-pe-1.00,LinearSearch With Reduced Qubits,25,25,0.55,pegasus,16,1.0,4.598979591836735,8.3,284.15,33.402062117215245,2,10.0,4.355745037741124,0.0460209399461746,725.8013885756352,2.8608177947410445
M-25-N-25-pa-0.65-pe-1.00,LinearSearch With Reduced Qubits,25,25,0.65,pegasus,16,1.0,4.612,7.7,230.6,7.381645987299271,1,10.0,4.38,0.0025866238866001,2853.7763154070494,3.4554199292581846
M-25-N-25-pa-0.75-pe-1.00,LinearSearch With Reduced Qubits,25,25,0.75,pegasus,16,1.0,4.448936170212766,6.9,209.1,9.985140054294607,1,10.0,4.340425531914893,0.0073460608255118,1359.2509359925823,3.133299640733033
M-25-N-25-pa-0.85-pe-1.00,LinearSearch With Reduced Qubits,25,25,0.85,pegasus,16,1.0,4.548979591836735,7.2,222.9,13.26739161098376,1,10.0,4.448979591836735,0.018967960961163,699.4632495000044,2.8447649011600604
M-25-N-5-pa-0.05-pe-1.00,LinearSearch With Reduced Qubits,8,5,0.05,pegasus,16,1.0,1.3963636363636363,2.0,15.0,0.337660306523321,4,10.0,1.3727272727272726,0.0009209879208356,366.62837646159136,2.564226075640451
M-25-N-5-pa-0.15-pe-1.00,LinearSearch With Reduced Qubits,21,5,0.15,pegasus,16,1.0,3.0296153846153846,4.4,84.85,3.4614313626021613,2,10.0,2.837179487179487,0.0017518601380288,1975.8605641436177,3.2957562933085804
M-25-N-5-pa-0.25-pe-1.00,LinearSearch With Reduced Qubits,16,5,0.25,pegasus,16,1.0,2.528571428571429,3.4,53.1,0.6484924710006453,1,10.0,2.333333333333333,0.0017105161678045,379.12092433121194,2.5787777545426565
M-25-N-5-pa-0.35-pe-1.00,LinearSearch With Reduced Qubits,24,5,0.35,pegasus,16,1.0,3.6448275862068966,4.9,105.7,2.344753916695481,1,10.0,3.413793103448276,0.0021965519990772,1067.470251837003,3.028355780987126
M-25-N-5-pa-0.45-pe-1.00,LinearSearch With Reduced Qubits,25,5,0.45,pegasus,16,1.0,3.85,5.3,115.5,2.9212098969030196,1,10.0,3.533333333333333,0.0074717588722705,390.9668321007209,2.5921399153330262
M-25-N-50-pa-0.05-pe-1.00,LinearSearch With Reduced Qubits,24,37,0.05,pegasus,16,1.0,3.0169488916256157,4.3875,87.30000000000001,29.56783840164426,16,10.0,2.831665640394089,0.0024259348865598,12188.224240175696,4.085940435817721
M-25-N-50-pa-0.15-pe-1.00,LinearSearch With Reduced Qubits,25,49,0.15,pegasus,16,1.0,3.127006074508305,6.5875,176.2625,40.96091668077279,8,10.0,2.872315853192303,0.0017964020371437,22801.642288882882,4.357966128198423
M-25-N-50-pa-0.25-pe-1.00,LinearSearch With Reduced Qubits,25,50,0.25,pegasus,16,1.0,4.647662103543462,14.083333333333334,498.6166666666666,159.14183800947504,6,10.0,4.247779618049687,0.0305402551311999,5210.887640610605,3.71691170882424
M-25-N-50-pa-0.35-pe-1.00,LinearSearch With Reduced Qubits,25,50,0.35,pegasus,16,1.0,5.293855103867351,16.775,641.95,114.45830904531176,4,10.0,4.825907133622994,0.0156691691372543,7304.6827202775075,3.8636013570498977
M-25-N-50-pa-0.45-pe-1.00,LinearSearch With Reduced Qubits,25,50,0.45,pegasus,16,1.0,5.098933333333333,13.2,524.5,53.512698499893304,2,10.0,4.486666666666666,0.003422019071877,15637.755769404137,4.194174426032097
M-25-N-50-pa-0.55-pe-1.00,LinearSearch With Reduced Qubits,25,50,0.55,pegasus,16,1.0,5.104024680176611,13.049999999999999,507.45,51.578248190705196,2,10.0,4.675138684478659,0.0053581960964947,9626.047134561075,3.9834479838975154
M-25-N-50-pa-0.65-pe-1.00,LinearSearch With Reduced Qubits,25,50,0.65,pegasus,16,1.0,4.635616438356164,9.5,338.4,19.87651613909984,1,10.0,4.465753424657534,0.0025254930369555,7870.350795023681,3.895994090039874
M-25-N-50-pa-0.75-pe-1.00,LinearSearch With Reduced Qubits,25,50,0.75,pegasus,16,1.0,4.687323943661972,9.2,332.8,23.751289788406574,1,10.0,4.52112676056338,0.0036391660105437,6526.57496609546,3.814685330806948
M-25-N-50-pa-0.85-pe-1.00,LinearSearch With Reduced Qubits,25,50,0.85,pegasus,16,1.0,4.615384615384615,8.7,300.0,20.037100939988157,1,10.0,4.476923076923077,0.0143512829672545,1396.1888274595985,3.14494415838601
M-5-N-10-pa-0.05-pe-1.00,LinearSearch With Reduced Qubits,5,5,0.05,pegasus,16,1.0,1.2,2.0,6.0,0.08455155700794412,2,10.0,1.2,0.0006558150053024,128.9259260544534,2.1103402595633898
M-5-N-10-pa-0.15-pe-1.00,LinearSearch With Reduced Qubits,4,5,0.15,pegasus,16,1.0,1.0,1.0,4.0,0.10979361290810616,3,10.0,1.0,0.0004031639546155,272.3299327205159,2.4350953787692085
M-5-N-10-pa-0.25-pe-1.00,LinearSearch With Reduced Qubits,4,6,0.25,pegasus,16,1.0,1.0,1.0,4.0,0.07342854911694294,2,10.0,1.0,0.000390850007534,187.8688691663554,2.2738548212486998
M-5-N-10-pa-0.35-pe-1.00,LinearSearch With Reduced Qubits,5,9,0.35,pegasus,16,1.0,1.1666666666666667,2.0,7.0,0.1332740057900081,3,10.0,1.1666666666666667,0.0006384730804711,208.7386448351631,2.3196028596340543
M-5-N-10-pa-0.45-pe-1.00,LinearSearch With Reduced Qubits,5,10,0.45,pegasus,16,1.0,1.2222222222222223,2.0,11.0,0.10253171061631283,2,10.0,1.2222222222222223,0.0010825009085237,94.71743599866974,1.9764299331890258
M-5-N-10-pa-0.55-pe-1.00,LinearSearch With Reduced Qubits,5,7,0.55,pegasus,16,1.0,1.2333333333333334,2.0,11.1,0.056997843290446285,1,10.0,1.2222222222222223,0.0008417139761149,67.71640348163741,1.8306938840346398
M-5-N-10-pa-0.65-pe-1.00,LinearSearch With Reduced Qubits,5,9,0.65,pegasus,16,1.0,1.22,2.0,12.2,0.059630618290975636,1,10.0,1.2,0.0006646660622209,89.71515410612676,1.9528658074749932
M-5-N-10-pa-0.75-pe-1.00,LinearSearch With Reduced Qubits,5,8,0.75,pegasus,16,1.0,1.2222222222222223,2.0,11.0,0.05729466851917092,1,10.0,1.2222222222222223,0.0007658789400011,74.80904024372258,1.8739540830422177
M-5-N-25-pa-0.05-pe-1.00,LinearSearch With Reduced Qubits,5,10,0.05,pegasus,16,1.0,1.2,2.0,6.0,0.16944793070433645,4,10.0,1.2,0.0005439899396151,311.49092667547933,2.49344540075004
M-5-N-25-pa-0.15-pe-1.00,LinearSearch With Reduced Qubits,5,10,0.15,pegasus,16,1.0,1.2,2.0,6.0,0.16815167729509978,4,10.0,1.2,0.0005103149451315,329.50568775183353,2.517862915557547
M-5-N-25-pa-0.25-pe-1.00,LinearSearch With Reduced Qubits,5,12,0.25,pegasus,16,1.0,1.2,2.0,6.0,0.17014272532542218,4,10.0,1.2,0.0005640911404043,301.62275709888536,2.479464105468258
M-5-N-25-pa-0.35-pe-1.00,LinearSearch With Reduced Qubits,5,14,0.35,pegasus,16,1.0,1.2,2.0,6.0,0.1263530330965294,3,10.0,1.2,0.000479273032397,263.63476409461657,2.421002677772831
M-5-N-25-pa-0.45-pe-1.00,LinearSearch With Reduced Qubits,5,15,0.45,pegasus,16,1.0,1.1666666666666667,2.0,7.0,0.13280217948486084,3,10.0,1.1666666666666667,0.0005876100622117,226.0039230080643,2.3541159777611482
M-5-N-25-pa-0.55-pe-1.00,LinearSearch With Reduced Qubits,5,20,0.55,pegasus,16,1.0,1.1666666666666667,2.0,7.0,0.1322597997030242,3,10.0,1.1666666666666667,0.0006183551158756,213.88971497689099,2.330189901750251
M-5-N-25-pa-0.65-pe-1.00,LinearSearch With Reduced Qubits,5,18,0.65,pegasus,16,1.0,1.1857142857142857,2.0,8.3,0.09460719731287093,2,10.0,1.1428571428571428,0.0005612131208181,168.57623892752628,2.2267963601516425
M-5-N-25-pa-0.75-pe-1.00,LinearSearch With Reduced Qubits,5,12,0.75,pegasus,16,1.0,1.2,2.0,12.0,0.05475446130149062,1,10.0,1.2,0.0007152801845222,76.54966880078801,1.88394331603109
M-5-N-25-pa-0.85-pe-1.00,LinearSearch With Reduced Qubits,5,10,0.85,pegasus,16,1.0,1.28,2.1,12.8,0.06727334560127925,1,10.0,1.2,0.0010143858380615,66.31928701165613,1.8216398485413166
M-5-N-5-pa-0.05-pe-1.00,LinearSearch With Reduced Qubits,2,2,0.05,pegasus,16,1.0,1.0,1.0,2.0,0.03213330790749748,1,10.0,1.0,0.0006711098831146,47.880844356645376,1.6801618003986516
M-5-N-5-pa-0.15-pe-1.00,LinearSearch With Reduced Qubits,4,4,0.15,pegasus,16,1.0,1.0,1.0,4.0,0.11011503500631065,3,10.0,1.0,0.000424635130912,259.3168269203183,2.413830698807757
M-5-N-5-pa-0.25-pe-1.00,LinearSearch With Reduced Qubits,5,5,0.25,pegasus,16,1.0,1.1666666666666667,2.0,7.0,0.13288187400321463,3,10.0,1.1666666666666667,0.0005269679240882,252.16311596379202,2.4016815623955328
M-5-N-5-pa-0.35-pe-1.00,LinearSearch With Reduced Qubits,5,5,0.35,pegasus,16,1.0,1.2,2.0,6.0,0.04223740110173818,1,10.0,1.2,0.0004162609111517,101.46857384088324,2.0063315563404123
M-5-N-5-pa-0.45-pe-1.00,LinearSearch With Reduced Qubits,4,4,0.45,pegasus,16,1.0,1.04,1.2,5.2,0.04040452291374091,1,10.0,1.0,0.0009264559485018,43.61192017328872,1.6396052084980968
M-5-N-50-pa-0.05-pe-1.00,LinearSearch With Reduced Qubits,5,8,0.05,pegasus,16,1.0,1.2,2.0,6.0,0.16966314160381427,4,10.0,1.2,0.0005306389648467,319.73366549344104,2.5047883665472517
M-5-N-50-pa-0.15-pe-1.00,LinearSearch With Reduced Qubits,5,16,0.15,pegasus,16,1.0,1.2,2.0,6.0,0.16848935940652138,4,10.0,1.2,0.0005716341547667,294.7503358691649,2.4694543086502536
M-5-N-50-pa-0.25-pe-1.00,LinearSearch With Reduced Qubits,5,19,0.25,pegasus,16,1.0,1.2,2.0,6.0,0.1699202122050336,4,10.0,1.2,0.0005924180150032,286.8248561234096,2.4576167844093537
M-5-N-50-pa-0.35-pe-1.00,LinearSearch With Reduced Qubits,5,22,0.35,pegasus,16,1.0,1.2,2.0,6.0,0.16921414389507825,4,10.0,1.2,0.0006251609884202,270.67290947250945,2.4324447912169234
M-5-N-50-pa-0.45-pe-1.00,LinearSearch With Reduced Qubits,5,29,0.45,pegasus,16,1.0,1.2,2.0,6.0,0.16991233602166156,4,10.0,1.2,0.000660239951685,257.34937022620113,2.4105231098041306
M-5-N-50-pa-0.55-pe-1.00,LinearSearch With Reduced Qubits,5,24,0.55,pegasus,16,1.0,1.2,2.0,6.0,0.12678687228471955,3,10.0,1.2,0.0007064789533615,179.4630561915418,2.253975059360773
M-5-N-50-pa-0.65-pe-1.00,LinearSearch With Reduced Qubits,5,23,0.65,pegasus,16,1.0,1.2,2.0,6.0,0.08473805710091245,2,10.0,1.2,0.0005509010516107,153.81719947591657,2.187004899968899
M-5-N-50-pa-0.75-pe-1.00,LinearSearch With Reduced Qubits,5,14,0.75,pegasus,16,1.0,1.2125,2.0,9.7,0.05078530189930456,1,10.0,1.125,0.0012077179271727,42.050631786301025,1.623772525213661
M-5-N-50-pa-0.85-pe-1.00,LinearSearch With Reduced Qubits,5,13,0.85,pegasus,16,1.0,1.2222222222222223,2.0,11.0,0.05484294150373895,1,10.0,1.2222222222222223,0.0007176059298217,76.42487213133904,1.8832347207760118
M-5-N-50-pa-0.95-pe-1.00,LinearSearch With Reduced Qubits,5,7,0.95,pegasus,16,1.0,1.3333333333333333,2.0,12.0,0.06339403109159317,1,10.0,1.3333333333333333,0.0010656050872057,59.49111147577014,1.7744520829557608
M-50-N-10-pa-0.05-pe-1.00,LinearSearch With Reduced Qubits,21,10,0.05,pegasus,16,1.0,2.5628478664192946,4.257142857142857,82.64285714285714,9.66777306573349,7,10.0,2.4559369202226344,0.024531627073884,394.0942456129036,2.595600093539061
M-50-N-10-pa-0.15-pe-1.00,LinearSearch With Reduced Qubits,39,10,0.15,pegasus,16,1.0,5.149717514124294,8.066666666666666,286.1666666666667,33.22855339569505,3,10.0,4.837195895307275,0.0049238819628953,6748.446376120647,3.829203801284397
M-50-N-10-pa-0.25-pe-1.00,LinearSearch With Reduced Qubits,47,10,0.25,pegasus,16,1.0,6.452723225975386,9.3,400.35,48.38836735600489,2,10.0,6.021078816444096,0.0137870959006249,3509.6852666631557,3.54526817256839
M-50-N-10-pa-0.35-pe-1.00,LinearSearch With Reduced Qubits,49,10,0.35,pegasus,16,1.0,7.147457627118643,10.3,421.7,22.867294215410947,1,10.0,6.406779661016949,0.0019898468162864,11491.987230753573,4.060395134756725
M-50-N-10-pa-0.45-pe-1.00,LinearSearch With Reduced Qubits,50,10,0.45,pegasus,16,1.0,7.348333333333334,10.9,440.9,20.17921609059558,1,10.0,6.7,0.0094068488106131,2145.1621573510993,3.3314601270014004
M-50-N-10-pa-0.55-pe-1.00,LinearSearch With Reduced Qubits,50,10,0.55,pegasus,16,1.0,7.083333333333333,9.9,425.0,20.763388359698002,1,10.0,6.616666666666666,0.0160874100401997,1290.6607282665866,3.1108120957088228
M-50-N-10-pa-0.65-pe-1.00,LinearSearch With Reduced Qubits,50,10,0.65,pegasus,16,1.0,7.436666666666667,10.5,446.2,29.666130312293536,1,10.0,6.75,0.0605381538625806,490.04022123212627,2.690231727257691
M-50-N-25-pa-0.05-pe-1.00,LinearSearch With Reduced Qubits,41,25,0.05,pegasus,16,1.0,4.541096689688021,8.190000000000001,300.95,140.58593956028926,10,10.0,4.1419159323648485,0.0067836639937013,20724.189710767,4.316477559197125
M-50-N-25-pa-0.15-pe-1.00,LinearSearch With Reduced Qubits,50,25,0.15,pegasus,16,1.0,7.228186730486972,15.166666666666666,761.3000000000001,180.30536416050163,6,10.0,6.367251114829808,0.0446713319979608,4036.2656785048657,3.6059797450056905
M-50-N-25-pa-0.25-pe-1.00,LinearSearch With Reduced Qubits,50,25,0.25,pegasus,16,1.0,7.548666666666667,12.966666666666667,695.9,90.70524162178044,3,10.0,7.0377777777777775,0.0042791510932147,21197.017731954253,4.326274763114464
M-50-N-25-pa-0.35-pe-1.00,LinearSearch With Reduced Qubits,50,25,0.35,pegasus,16,1.0,8.022666666666666,13.75,710.8,60.893297617987265,2,10.0,7.251666666666667,0.0129734410438686,4693.689007210039,3.671514310885301
M-50-N-25-pa-0.45-pe-1.00,LinearSearch With Reduced Qubits,50,25,0.45,pegasus,16,1.0,8.666833333333333,14.799999999999999,770.0,61.57677862021373,2,10.0,7.715,0.1000351051334291,615.5516959517928,2.789264532204483
M-50-N-25-pa-0.55-pe-1.00,LinearSearch With Reduced Qubits,50,25,0.55,pegasus,16,1.0,7.721333333333332,12.1,579.1,28.73912021841388,1,10.0,7.253333333333333,0.0045045979786664,6379.952294997529,3.8048174313705836
M-50-N-25-pa-0.65-pe-1.00,LinearSearch With Reduced Qubits,50,25,0.65,pegasus,16,1.0,7.749333333333334,11.9,581.2,28.297026054601883,1,10.0,7.386666666666667,0.0139154540374875,2033.4964260840995,3.3082434134589307
M-50-N-25-pa-0.75-pe-1.00,LinearSearch With Reduced Qubits,50,25,0.75,pegasus,16,1.0,7.782666666666667,11.9,583.7,30.129167267505544,1,10.0,7.173333333333333,0.0683498550206422,440.80806401075006,2.644249530769643
M-50-N-5-pa-0.05-pe-1.00,LinearSearch With Reduced Qubits,15,5,0.05,pegasus,16,1.0,2.16255980861244,3.05,44.3,0.8831496699946001,2,10.0,2.0299043062200957,0.0008152250666171,1083.3200610182946,3.0347567855257105
M-50-N-5-pa-0.15-pe-1.00,LinearSearch With Reduced Qubits,34,5,0.15,pegasus,16,1.0,4.64044289044289,6.75,192.5,11.767146199400305,2,10.0,4.401223776223777,0.0060092159546911,1958.1832781789258,3.2918533376084618
M-50-N-5-pa-0.25-pe-1.00,LinearSearch With Reduced Qubits,39,5,0.25,pegasus,16,1.0,5.465909090909092,7.5,240.5,9.490060352097498,1,10.0,5.136363636363637,0.0054949130862951,1727.0628672980574,3.237308146730042
M-50-N-50-pa-0.05-pe-1.00,LinearSearch With Reduced Qubits,45,48,0.05,pegasus,16,1.0,4.787444979225801,9.357894736842105,350.8736842105263,354.08248833836404,19,10.0,4.4425416249497,0.015680351993069,22581.284429858057,4.35374864108474
M-50-N-50-pa-0.15-pe-1.00,LinearSearch With Reduced Qubits,50,50,0.15,pegasus,16,1.0,8.881255046208254,30.2625,1565.75,261.62905203568516,8,10.0,7.683565208687819,0.4722636910155415,553.9893432682322,2.7435014105690163
M-50-N-50-pa-0.25-pe-1.00,LinearSearch With Reduced Qubits,50,50,0.25,pegasus,16,1.0,10.7486,32.019999999999996,1781.8200000000002,159.99062613509597,5,10.0,8.737333333333334,0.964678772026673,165.84860243043312,2.219711816167181
M-50-N-50-pa-0.35-pe-1.00,LinearSearch With Reduced Qubits,50,50,0.35,pegasus,16,1.0,10.70811111111111,26.03333333333333,1460.9000000000003,94.75129809829522,3,10.0,8.84,0.1565399540122598,605.2850768709773,2.7819599666393358
M-50-N-50-pa-0.45-pe-1.00,LinearSearch With Reduced Qubits,50,50,0.45,pegasus,16,1.0,9.756,21.75,1255.9499999999998,63.454403055616424,2,10.0,7.945,0.0330474260263145,1920.1012206871974,3.2833241237177178
M-50-N-50-pa-0.55-pe-1.00,LinearSearch With Reduced Qubits,50,50,0.55,pegasus,16,1.0,10.311666666666667,22.6,1328.3,64.07713072059559,2,10.0,8.166666666666666,0.2603020560927689,246.1645201047241,2.391225457884015
M-50-N-50-pa-0.65-pe-1.00,LinearSearch With Reduced Qubits,50,50,0.65,pegasus,16,1.0,10.684,24.45,1378.45,65.26468006570357,2,10.0,8.518333333333333,1.2274657760281116,53.17026457294537,1.7256688213501896
M-50-N-50-pa-0.75-pe-1.00,LinearSearch With Reduced Qubits,50,50,0.75,pegasus,16,1.0,9.203,17.4,920.3,31.389359046396567,1,10.0,7.93,0.0220239411573857,1425.2380543817858,3.153887409656668
M-50-N-50-pa-0.85-pe-1.00,LinearSearch With Reduced Qubits,50,50,0.85,pegasus,16,1.0,8.683673469387756,15.9,851.0,31.194582182809246,1,10.0,8.061224489795919,0.1089125829748809,286.4185324639431,2.457001115194609
