problem_id,algorithm,universe_size,num_test_cases,activation_probability,topology,topology_size,embedding_success,mean_chain_length,max_chain_length,mean_num_physical_qubits,runtime_seconds,num_embedding_calls,mean_attempts_per_submission,physical_logical_qubit_ratio,hitman_runtime_seconds,embedding_over_hitman,log_embedding_over_hitman
M-10-N-10-pa-0.05-pe-1.00,BinSearch,5,6,0.05,zephyr,16,1.0,1.2,2.0,6.0,0.07580777574330563,1,10.0,1.2,0.0004716061521321,160.74382244557225,2.20613429152826
M-10-N-10-pa-0.15-pe-1.00,BinSearch,10,9,0.15,zephyr,16,1.0,1.5266666666666668,2.0,22.9,0.36501077788416286,2,10.0,1.4666666666666666,0.0013284040614962,274.77390967795765,2.4389754932328733
M-10-N-10-pa-0.25-pe-1.00,BinSearch,9,10,0.25,zephyr,16,1.0,1.4923076923076923,2.0,19.4,0.1886388529092073,1,10.0,1.4615384615384617,0.0008463929407298,222.8738492592815,2.348059113845234
M-10-N-10-pa-0.35-pe-1.00,BinSearch,10,10,0.35,zephyr,16,1.0,1.5842105263157895,2.5,30.1,0.28866359107196327,1,10.0,1.4736842105263157,0.0007756720297038,372.1464480420244,2.570713878218256
M-10-N-10-pa-0.45-pe-1.00,BinSearch,10,10,0.45,zephyr,16,1.0,1.5791666666666666,2.5,32.65,0.6832408726681023,2,10.0,1.5061274509803924,0.0017262550536543,395.79369851862833,2.5974688754688575
M-10-N-10-pa-0.55-pe-1.00,BinSearch,10,10,0.55,zephyr,16,1.0,1.7124756335282652,2.9000000000000004,39.900000000000006,0.8463692996883765,2,10.0,1.6072124756335282,0.0020302031189203,416.8889759767498,2.6200204109920855
M-10-N-10-pa-0.65-pe-1.00,BinSearch,10,10,0.65,zephyr,16,1.0,1.6529411764705881,2.5,28.1,0.3112189525039866,1,10.0,1.5294117647058822,0.0010380870662629,299.80043323781155,2.4768322561075684
M-10-N-10-pa-0.75-pe-1.00,BinSearch,10,10,0.75,zephyr,16,1.0,1.7588235294117645,2.8,29.9,0.3167644917266443,1,10.0,1.7058823529411764,0.0033400568645447,94.8380535057106,1.97698263176467
M-10-N-25-pa-0.05-pe-1.00,BinSearch,9,11,0.05,zephyr,16,1.0,1.6333333333333335,2.0,14.7,0.15129824858158822,1,10.0,1.5555555555555556,0.0006407799664884,236.1157593215914,2.37312497462076
M-10-N-25-pa-0.15-pe-1.00,BinSearch,10,21,0.15,zephyr,16,1.0,1.5692307692307692,2.0,20.4,0.17124411456752567,1,10.0,1.5384615384615383,0.0008783668745309,194.95739119718374,2.2899397047499472
M-10-N-25-pa-0.25-pe-1.00,BinSearch,10,24,0.25,zephyr,16,1.0,1.546153846153846,2.0,20.1,0.17198769103270023,1,10.0,1.5384615384615383,0.0009035978000611,190.3365533102605,2.279522200672577
M-10-N-25-pa-0.35-pe-1.00,BinSearch,10,25,0.35,zephyr,16,1.0,1.625,2.0,19.5,0.18555402548518027,1,10.0,1.5,0.0008877338841557,209.01987474842855,2.32018758316217
M-10-N-25-pa-0.45-pe-1.00,BinSearch,10,25,0.45,zephyr,16,1.0,1.5785714285714287,3.0,44.2,1.0446446476271376,2,10.0,1.5357142857142858,0.0018612260464578,561.2669396358333,2.7491694616810136
M-10-N-25-pa-0.55-pe-1.00,BinSearch,10,25,0.55,zephyr,16,1.0,1.7378787878787878,3.2,48.55,1.3561352286254986,2,10.0,1.5984848484848486,0.0012604820076376,1075.886223946414,3.031766346679339
M-10-N-25-pa-0.65-pe-1.00,BinSearch,10,25,0.65,zephyr,16,1.0,1.685,3.0,33.7,0.37999482529703527,1,10.0,1.55,0.0010089969728142,376.6065064205126,2.5758878188100853
M-10-N-25-pa-0.75-pe-1.00,BinSearch,10,22,0.75,zephyr,16,1.0,1.7913043478260868,3.0,41.2,0.6068494944134727,1,10.0,1.7391304347826086,0.0015025539323687,403.8786767892761,2.606250924729976
M-10-N-25-pa-0.85-pe-1.00,BinSearch,10,21,0.85,zephyr,16,1.0,1.7736842105263158,3.0,33.7,0.47985410795081407,1,10.0,1.736842105263158,0.0028012790717184,171.2982160985328,2.2337528402425537
M-10-N-5-pa-0.05-pe-1.00,BinSearch,6,5,0.05,zephyr,16,1.0,1.3,2.0,9.1,0.09071423301938915,1,10.0,1.2857142857142858,0.000561132794246,161.66268268034509,2.208609781343503
M-10-N-5-pa-0.15-pe-1.00,BinSearch,8,5,0.15,zephyr,16,1.0,1.4181818181818182,2.0,15.6,0.1381702739745378,1,10.0,1.3636363636363635,0.0007028528489172,196.58492384403795,2.2935502086040374
M-10-N-5-pa-0.25-pe-1.00,BinSearch,7,5,0.25,zephyr,16,1.0,1.3444444444444443,2.0,12.1,0.11011994984000917,1,10.0,1.3333333333333333,0.000760270981118,144.84302627627804,2.1608975901709977
M-10-N-5-pa-0.45-pe-1.00,BinSearch,9,5,0.45,zephyr,16,1.0,1.5071428571428571,2.0,21.1,0.19559553535655136,1,10.0,1.5,0.0010972078889608,178.26661396277365,2.251070015474898
M-10-N-5-pa-0.55-pe-1.00,BinSearch,10,5,0.55,zephyr,16,1.0,1.592857142857143,2.0,22.3,0.22461542671080675,1,10.0,1.5714285714285714,0.0013913670554757,161.43506177280952,2.2079978642216966
M-10-N-50-pa-0.05-pe-1.00,BinSearch,10,22,0.05,zephyr,16,1.0,1.72,2.0,17.2,0.15869639406446365,1,10.0,1.7,0.0008135489188134,195.06681184072264,2.290183385950298
M-10-N-50-pa-0.15-pe-1.00,BinSearch,10,36,0.15,zephyr,16,1.0,1.72,2.0,17.2,0.18412113031372426,1,10.0,1.7,0.0008703300263732,211.55323213359915,2.325419664919324
M-10-N-50-pa-0.25-pe-1.00,BinSearch,10,45,0.25,zephyr,16,1.0,1.6333333333333333,2.0,19.6,0.16137775497045365,1,10.0,1.5833333333333333,0.0013078558258712,123.39108918184024,2.0912837977964474
M-10-N-50-pa-0.35-pe-1.00,BinSearch,10,46,0.35,zephyr,16,1.0,1.3863636363636362,2.1,30.5,0.43578976830467575,2,10.0,1.3636363636363635,0.0014712840784341,296.19688977555825,2.4715804938877244
M-10-N-50-pa-0.45-pe-1.00,BinSearch,10,46,0.45,zephyr,16,1.0,1.8625,4.0,74.5,1.9869180419947952,2,10.0,1.75,0.0014524541329592,1367.9730020656257,3.1360775263538905
M-10-N-50-pa-0.55-pe-1.00,BinSearch,10,48,0.55,zephyr,16,1.0,2.225,6.2,142.4,15.997120585362428,2,10.0,2.09375,0.0047015969175845,3402.4866151602473,3.531796425433525
M-10-N-50-pa-0.65-pe-1.00,BinSearch,10,47,0.65,zephyr,16,1.0,1.9816666666666665,4.3,81.75,3.9671773136127744,2,10.0,1.8566666666666667,0.0019774779211729,2006.1803315879981,3.302369968312422
M-10-N-50-pa-0.75-pe-1.00,BinSearch,10,48,0.75,zephyr,16,1.0,1.8305683563748079,3.15,48.2,1.3374151347205043,2,10.0,1.705069124423963,0.0026195000391453,510.5612194021267,2.708047824100979
M-10-N-50-pa-0.85-pe-1.00,BinSearch,10,29,0.85,zephyr,16,1.0,1.8050000000000002,3.0,36.1,0.46224152722861617,1,10.0,1.65,0.0021144880447536,218.60682927808847,2.3396637251876387
M-10-N-50-pa-0.95-pe-1.00,BinSearch,10,16,0.95,zephyr,16,1.0,1.764705882352941,2.8,30.0,0.32213939561042937,1,10.0,1.7058823529411764,0.0030071141663938,107.1257616699071,2.0298939228006234
M-25-N-10-pa-0.05-pe-1.00,BinSearch,12,9,0.05,zephyr,16,1.0,1.588235294117647,2.0,27.0,0.2373804928734898,1,10.0,1.588235294117647,0.0010182480327785,233.1263945510621,2.3675914470914052
M-25-N-10-pa-0.15-pe-1.00,BinSearch,20,10,0.15,zephyr,16,1.0,2.3558823529411765,3.8,80.1,1.5370661344146357,1,10.0,2.2058823529411766,0.0011958058457821,1285.3810161163397,3.1090318814959326
M-25-N-10-pa-0.25-pe-1.00,BinSearch,24,10,0.25,zephyr,16,1.0,2.856818181818182,4.6,125.7,3.993763033300638,1,10.0,2.613636363636364,0.0012443189043551,3209.597649053568,3.5064505932311865
M-25-N-10-pa-0.35-pe-1.00,BinSearch,23,10,0.35,zephyr,16,1.0,2.875757575757576,4.0,94.9,2.7399271782953294,1,10.0,2.757575757575758,0.0012732530012726,2151.911028998083,3.3328243114118195
M-25-N-10-pa-0.45-pe-1.00,BinSearch,25,10,0.45,zephyr,16,1.0,3.242857142857143,4.6,113.5,3.1094909199280663,1,10.0,3.057142857142857,0.0014512289781123,2142.6604379345467,3.330953350875866
M-25-N-10-pa-0.55-pe-1.00,BinSearch,25,10,0.55,zephyr,16,1.0,3.2628571428571425,4.5,114.2,2.9657882717670874,1,10.0,3.085714285714286,0.0019621721003204,1511.4822342909301,3.179403046919368
M-25-N-10-pa-0.65-pe-1.00,BinSearch,25,10,0.65,zephyr,16,1.0,3.38,4.7,118.3,3.292456661351025,1,10.0,3.2857142857142856,0.0096548849251121,341.014593809028,2.5327729651366484
M-25-N-25-pa-0.05-pe-1.00,BinSearch,22,23,0.05,zephyr,16,1.0,2.2888888888888888,3.0,61.8,1.0548899260582403,1,10.0,2.259259259259259,0.0027349609881639,385.70565731569314,2.5862560089026716
M-25-N-25-pa-0.15-pe-1.00,BinSearch,24,25,0.15,zephyr,16,1.0,2.5354166666666664,4.7,121.7,6.153000265802257,2,10.0,2.375,0.0038146940059959,1612.97347952891,3.2076272267883263
M-25-N-25-pa-0.25-pe-1.00,BinSearch,25,25,0.25,zephyr,16,1.0,3.8882634132420093,8.9,330.54999999999995,40.594967973278834,2,10.0,3.5505850456621006,0.0185795067809522,2184.9324876972546,3.3394380222339017
M-25-N-25-pa-0.35-pe-1.00,BinSearch,25,25,0.35,zephyr,16,1.0,3.5839999999999996,6.8,227.95,29.01431258539669,2,10.0,3.2800000000000002,0.0017900988459587,16208.218129792524,4.209735272779779
M-25-N-25-pa-0.45-pe-1.00,BinSearch,25,25,0.45,zephyr,16,1.0,3.823666666666666,6.8999999999999995,242.75,27.063640019809828,2,10.0,3.546666666666667,0.0039325749967247,6881.913259243179,3.8377091944009623
M-25-N-25-pa-0.55-pe-1.00,BinSearch,25,25,0.55,zephyr,16,1.0,3.934344422700587,7.050000000000001,244.35,31.518546605436132,2,10.0,3.74853228962818,0.0460209399461746,684.8740299875421,2.8356106983358536
M-25-N-25-pa-0.65-pe-1.00,BinSearch,25,25,0.65,zephyr,16,1.0,3.556,5.8,177.8,8.136863467283547,1,10.0,3.44,0.0025866238866001,3145.746664712443,3.497723744813855
M-25-N-25-pa-0.75-pe-1.00,BinSearch,25,25,0.75,zephyr,16,1.0,3.606382978723404,5.8,169.5,8.484087391360664,1,10.0,3.3617021276595747,0.0073460608255118,1154.9165725311918,3.062550613320893
M-25-N-25-pa-0.85-pe-1.00,BinSearch,25,25,0.85,zephyr,16,1.0,3.7122448979591836,5.9,181.9,8.934919982077554,1,10.0,3.5510204081632653,0.018967960961163,471.05326713297217,2.6730700203218998
M-25-N-5-pa-0.05-pe-1.00,BinSearch,8,5,0.05,zephyr,16,1.0,1.4272727272727272,2.0,15.7,0.141769579029642,1,10.0,1.3636363636363635,0.0009209879208356,153.93207192889597,2.1873291150302285
M-25-N-5-pa-0.15-pe-1.00,BinSearch,21,5,0.15,zephyr,16,1.0,2.413333333333333,3.3,72.4,1.3844509897986428,1,10.0,2.3,0.0017518601380288,790.2748392723621,2.897778155115394
M-25-N-5-pa-0.25-pe-1.00,BinSearch,16,5,0.25,zephyr,16,1.0,2.1333333333333333,3.0,44.8,0.786100834584795,1,10.0,2.0,0.0017105161678045,459.5693679611402,2.6623510736095004
M-25-N-5-pa-0.35-pe-1.00,BinSearch,24,5,0.35,zephyr,16,1.0,2.9172413793103447,4.0,84.6,2.1545516547979786,1,10.0,2.7586206896551726,0.0021965519990772,980.8789660896964,2.991615421648978
M-25-N-5-pa-0.45-pe-1.00,BinSearch,25,5,0.45,zephyr,16,1.0,3.05,4.0,91.5,2.3651231295196338,1,10.0,2.933333333333333,0.0074717588722705,316.5416831076595,2.5004309072498687
M-25-N-50-pa-0.05-pe-1.00,BinSearch,24,37,0.05,zephyr,16,1.0,2.479310344827586,3.3,71.9,1.5280868757050485,1,10.0,2.3793103448275863,0.0024259348865598,629.8960798746419,2.7992689055495394
M-25-N-50-pa-0.15-pe-1.00,BinSearch,25,49,0.15,zephyr,16,1.0,2.7288135593220337,5.6,161.0,4.690227963798679,1,10.0,2.5254237288135597,0.0017964020371437,2610.901047877509,3.4167904125449384
M-25-N-50-pa-0.25-pe-1.00,BinSearch,25,50,0.25,zephyr,16,1.0,4.4548000000000005,14.7,556.8499999999999,62.1976548276376,2,10.0,4.168,0.0305402551311999,2036.579411612706,3.3089013490416153
M-25-N-50-pa-0.35-pe-1.00,BinSearch,25,50,0.35,zephyr,16,1.0,5.250382226469183,19.05,740.05,65.4293085192563,2,10.0,4.677098264054786,0.0156691691372543,4175.671852282129,3.6207263620385852
M-25-N-50-pa-0.45-pe-1.00,BinSearch,25,50,0.45,zephyr,16,1.0,4.64,12.5,488.4,52.911470670229754,2,10.0,4.282666666666667,0.003422019071877,15462.061883175127,4.189267407097
M-25-N-50-pa-0.55-pe-1.00,BinSearch,25,50,0.55,zephyr,16,1.0,4.6444809238084455,11.5,471.9,54.39858289563563,2,10.0,4.305388882599344,0.0053581960964947,10152.406128075538,4.0065689825750574
M-25-N-50-pa-0.65-pe-1.00,BinSearch,25,50,0.65,zephyr,16,1.0,3.79041095890411,8.0,276.7,22.616619763476773,1,10.0,3.589041095890411,0.0025254930369555,8955.32849371303,3.952081520993594
M-25-N-50-pa-0.75-pe-1.00,BinSearch,25,50,0.75,zephyr,16,1.0,3.9183098591549297,7.6,278.2,21.499557445780376,1,10.0,3.76056338028169,0.0036391660105437,5907.825413180441,3.7714276526499733
M-25-N-50-pa-0.85-pe-1.00,BinSearch,25,50,0.85,zephyr,16,1.0,3.8,7.5,247.0,23.249497776245697,1,10.0,3.661538461538461,0.0143512829672545,1620.02922161554,3.209522848290751
M-5-N-10-pa-0.05-pe-1.00,BinSearch,5,5,0.05,zephyr,16,1.0,1.2,2.0,6.0,0.07679134882055218,1,10.0,1.2,0.0006558150053024,117.09300348815631,2.0685309459980554
M-5-N-10-pa-0.15-pe-1.00,BinSearch,4,5,0.15,zephyr,16,1.0,1.0,1.0,4.0,0.06961341812275346,1,10.0,1.0,0.0004031639546155,172.66776246521457,2.237211261196399
M-5-N-10-pa-0.25-pe-1.00,BinSearch,4,6,0.25,zephyr,16,1.0,1.0,1.0,4.0,0.06804861684795466,1,10.0,1.0,0.000390850007534,174.10417132442026,2.2408091764165112
M-5-N-10-pa-0.35-pe-1.00,BinSearch,5,9,0.35,zephyr,16,1.0,1.1666666666666667,2.0,7.0,0.0792536806315183,1,10.0,1.1666666666666667,0.0006384730804711,124.13002667067909,2.093876848708402
M-5-N-10-pa-0.45-pe-1.00,BinSearch,5,10,0.45,zephyr,16,1.0,1.2222222222222223,2.0,11.0,0.08974210822489108,1,10.0,1.2222222222222223,0.0010825009085237,82.90257073721774,1.9185679978612376
M-5-N-10-pa-0.55-pe-1.00,BinSearch,5,7,0.55,zephyr,16,1.0,1.2444444444444445,2.0,11.2,0.09824434402398761,1,10.0,1.2222222222222223,0.0008417139761149,116.7193924481743,2.0671430182910147
M-5-N-10-pa-0.65-pe-1.00,BinSearch,5,9,0.65,zephyr,16,1.0,1.22,2.0,12.2,0.10920561128295954,1,10.0,1.2,0.0006646660622209,164.30147005514456,2.2156414492210303
M-5-N-10-pa-0.75-pe-1.00,BinSearch,5,8,0.75,zephyr,16,1.0,1.2444444444444445,2.0,11.2,0.09894655984826381,1,10.0,1.2222222222222223,0.0007658789400011,129.19347242911292,2.111240571251439
M-5-N-25-pa-0.05-pe-1.00,BinSearch,5,10,0.05,zephyr,16,1.0,1.2,2.0,6.0,0.07647897663991894,1,10.0,1.2,0.0005439899396151,140.58895382043772,2.14795119918672
M-5-N-25-pa-0.15-pe-1.00,BinSearch,5,10,0.15,zephyr,16,1.0,1.2,2.0,6.0,0.08472809826489533,1,10.0,1.2,0.0005103149451315,166.03099499081154,2.2201891705568637
M-5-N-25-pa-0.25-pe-1.00,BinSearch,5,12,0.25,zephyr,16,1.0,1.2,2.0,6.0,0.09385651496704664,1,10.0,1.2,0.0005640911404043,166.38537299733454,2.221115144641073
M-5-N-25-pa-0.35-pe-1.00,BinSearch,5,14,0.35,zephyr,16,1.0,1.2,2.0,6.0,0.07939019557088609,1,10.0,1.2,0.000479273032397,165.64711560795072,2.219183877974992
M-5-N-25-pa-0.45-pe-1.00,BinSearch,5,15,0.45,zephyr,16,1.0,1.1666666666666667,2.0,7.0,0.07878159664105618,1,10.0,1.1666666666666667,0.0005876100622117,134.071217586812,2.1273355535104876
M-5-N-25-pa-0.55-pe-1.00,BinSearch,5,20,0.55,zephyr,16,1.0,1.1666666666666667,2.0,7.0,0.07840595452580595,1,10.0,1.1666666666666667,0.0006183551158756,126.7976157809972,2.1031110874401215
M-5-N-25-pa-0.65-pe-1.00,BinSearch,5,18,0.65,zephyr,16,1.0,1.157142857142857,2.0,8.1,0.084981254953891,1,10.0,1.1428571428571428,0.0005612131208181,151.42421238938007,2.1801953234278812
M-5-N-25-pa-0.75-pe-1.00,BinSearch,5,12,0.75,zephyr,16,1.0,1.2,2.0,12.0,0.1048699996899813,1,10.0,1.2,0.0007152801845222,146.61387497183293,2.1661750722094157
M-5-N-25-pa-0.85-pe-1.00,BinSearch,5,10,0.85,zephyr,16,1.0,1.29,2.0,12.9,0.11141092891339208,1,10.0,1.2,0.0010143858380615,109.83091898884196,2.0407246174948597
M-5-N-5-pa-0.05-pe-1.00,BinSearch,2,2,0.05,zephyr,16,1.0,1.0,1.0,2.0,0.06155336704105134,1,10.0,1.0,0.0006711098831146,91.71876096305618,1.962458179181592
M-5-N-5-pa-0.15-pe-1.00,BinSearch,4,4,0.15,zephyr,16,1.0,1.0,1.0,4.0,0.06823186436668034,1,10.0,1.0,0.000424635130912,160.68351212358115,2.2059713157173646
M-5-N-5-pa-0.25-pe-1.00,BinSearch,5,5,0.25,zephyr,16,1.0,1.1666666666666667,2.0,7.0,0.08169615841470654,1,10.0,1.1666666666666667,0.0005269679240882,155.03060912299898,2.1904174534066483
M-5-N-5-pa-0.35-pe-1.00,BinSearch,5,5,0.35,zephyr,16,1.0,1.2,2.0,6.0,0.07832270560320462,1,10.0,1.2,0.0004162609111517,188.1577234776757,2.274522049899759
M-5-N-5-pa-0.45-pe-1.00,BinSearch,4,4,0.45,zephyr,16,1.0,1.06,1.3,5.3,0.07251835011411453,1,10.0,1.0,0.0009264559485018,78.27501151361935,1.8936231401761423
M-5-N-50-pa-0.05-pe-1.00,BinSearch,5,8,0.05,zephyr,16,1.0,1.2,2.0,6.0,0.08071367207448925,1,10.0,1.2,0.0005306389648467,152.10656824965844,2.182147968121444
M-5-N-50-pa-0.15-pe-1.00,BinSearch,5,16,0.15,zephyr,16,1.0,1.2,2.0,6.0,0.07689800004009152,1,10.0,1.2,0.0005716341547667,134.52310234498262,2.1287968743765453
M-5-N-50-pa-0.25-pe-1.00,BinSearch,5,19,0.25,zephyr,16,1.0,1.2,2.0,6.0,0.07733461624011394,1,10.0,1.2,0.0005924180150032,130.54062191062098,2.115745677399644
M-5-N-50-pa-0.35-pe-1.00,BinSearch,5,22,0.35,zephyr,16,1.0,1.2,2.0,6.0,0.07659876672551033,1,10.0,1.2,0.0006251609884202,122.5264660172593,2.088229907512697
M-5-N-50-pa-0.45-pe-1.00,BinSearch,5,29,0.45,zephyr,16,1.0,1.2,2.0,6.0,0.07824564552865917,1,10.0,1.2,0.000660239951685,118.51092199200814,2.0737583768687973
M-5-N-50-pa-0.55-pe-1.00,BinSearch,5,24,0.55,zephyr,16,1.0,1.2,2.0,6.0,0.0810612478293478,1,10.0,1.2,0.0007064789533615,114.73979136803752,2.059714055872571
M-5-N-50-pa-0.65-pe-1.00,BinSearch,5,23,0.65,zephyr,16,1.0,1.2,2.0,6.0,0.074977940111421,1,10.0,1.2,0.0005509010516107,136.10055699858128,2.1338599025854332
M-5-N-50-pa-0.75-pe-1.00,BinSearch,5,14,0.75,zephyr,16,1.0,1.2,2.0,9.6,0.09093248830176885,1,10.0,1.125,0.0012077179271727,75.29281977237137,1.8767535621029316
M-5-N-50-pa-0.85-pe-1.00,BinSearch,5,13,0.85,zephyr,16,1.0,1.2333333333333334,2.0,11.1,0.09621288927737617,1,10.0,1.2222222222222223,0.0007176059298217,134.07482455894268,2.1273472373522213
M-5-N-50-pa-0.95-pe-1.00,BinSearch,5,7,0.95,zephyr,16,1.0,1.3333333333333333,2.0,12.0,0.10689193252474065,1,10.0,1.3333333333333333,0.0010656050872057,100.31101925829644,2.0013486432957843
M-50-N-10-pa-0.05-pe-1.00,BinSearch,21,10,0.05,zephyr,16,1.0,2.172727272727273,3.0,71.7,1.6111998825799674,1,10.0,2.090909090909091,0.024531627073884,65.67847610196016,1.8174230675558143
M-50-N-10-pa-0.15-pe-1.00,BinSearch,39,10,0.15,zephyr,16,1.0,4.361016949152543,7.0,257.3,28.073534770822153,2,10.0,3.9322033898305087,0.0049238819628953,5701.504417992401,3.7559894651858508
M-50-N-10-pa-0.25-pe-1.00,BinSearch,47,10,0.25,zephyr,16,1.0,5.429706729510343,8.0,337.15,40.269480621302506,2,10.0,5.101859125425504,0.0137870959006249,2920.8094952437723,3.4655032317895564
M-50-N-10-pa-0.35-pe-1.00,BinSearch,49,10,0.35,zephyr,16,1.0,5.633898305084746,8.1,332.4,24.469011578592472,1,10.0,5.322033898305085,0.0019898468162864,12296.932289472124,4.089796781689546
M-50-N-10-pa-0.45-pe-1.00,BinSearch,50,10,0.45,zephyr,16,1.0,6.01,8.7,360.6,25.2752770006191,1,10.0,5.8,0.0094068488106131,2686.9015870028484,3.4292517598443046
M-50-N-10-pa-0.55-pe-1.00,BinSearch,50,10,0.55,zephyr,16,1.0,6.113333333333333,8.9,366.8,20.286199291888625,1,10.0,5.466666666666667,0.0160874100401997,1260.99846028266,3.100714556286701
M-50-N-10-pa-0.65-pe-1.00,BinSearch,50,10,0.65,zephyr,16,1.0,6.066666666666666,9.1,364.0,23.084869353123942,1,10.0,5.55,0.0605381538625806,381.32760713424506,2.5812982482111253
M-50-N-25-pa-0.05-pe-1.00,BinSearch,41,25,0.05,zephyr,16,1.0,3.8661764705882353,7.1,262.9,13.983087484538554,1,10.0,3.588235294117647,0.0067836639937013,2061.288338493873,3.314138746295537
M-50-N-25-pa-0.15-pe-1.00,BinSearch,50,25,0.15,zephyr,16,1.0,6.357627118644068,14.3,750.2,62.648619453934955,2,10.0,5.88135593220339,0.0446713319979608,1402.4345514342929,3.1468826028236307
M-50-N-25-pa-0.25-pe-1.00,BinSearch,50,25,0.25,zephyr,16,1.0,6.788499999999999,12.25,678.8499999999999,61.89970538336784,2,10.0,6.27,0.0042791510932147,14465.417093370366,4.160330960537598
M-50-N-25-pa-0.35-pe-1.00,BinSearch,50,25,0.35,zephyr,16,1.0,7.073,11.899999999999999,629.65,62.33827468266245,2,10.0,6.511666666666667,0.0129734410438686,4805.068637308001,3.6816995956655942
M-50-N-25-pa-0.45-pe-1.00,BinSearch,50,25,0.45,zephyr,16,1.0,7.628333333333334,13.399999999999999,680.75,60.78519389564171,2,10.0,6.83,0.1000351051334291,607.6386265997061,2.78364537346249
M-50-N-25-pa-0.55-pe-1.00,BinSearch,50,25,0.55,zephyr,16,1.0,6.601333333333334,10.6,495.1,30.77525716321543,1,10.0,5.986666666666666,0.0045045979786664,6831.965316801606,3.834545652944442
M-50-N-25-pa-0.65-pe-1.00,BinSearch,50,25,0.65,zephyr,16,1.0,6.684,10.5,501.3,29.71126433040481,1,10.0,6.466666666666667,0.0139154540374875,2135.127193710611,3.3294237519049705
M-50-N-25-pa-0.75-pe-1.00,BinSearch,50,25,0.75,zephyr,16,1.0,7.002666666666667,11.3,525.2,30.606936568720265,1,10.0,6.133333333333334,0.0683498550206422,447.7981198208676,2.6510822657657225
M-50-N-5-pa-0.05-pe-1.00,BinSearch,15,5,0.05,zephyr,16,1.0,1.9318181818181817,3.0,42.5,0.5689096454763785,1,10.0,1.8636363636363635,0.0008152250666171,697.855927246324,2.843765771534704
M-50-N-5-pa-0.15-pe-1.00,BinSearch,34,5,0.15,zephyr,16,1.0,3.825,5.9,168.3,6.906660116021522,1,10.0,3.4318181818181817,0.0060092159546911,1149.3446344660797,3.0604502727307508
M-50-N-5-pa-0.25-pe-1.00,BinSearch,39,5,0.25,zephyr,16,1.0,4.4409090909090905,6.3,195.4,10.850468911090866,1,10.0,3.9318181818181817,0.0054949130862951,1974.6388593804065,3.2954876793449377
M-50-N-50-pa-0.05-pe-1.00,BinSearch,45,48,0.05,zephyr,16,1.0,4.008108108108108,7.8,296.6,17.541739756637252,1,10.0,3.6486486486486487,0.015680351993069,1118.7082894103596,3.0487168561303726
M-50-N-50-pa-0.15-pe-1.00,BinSearch,50,50,0.15,zephyr,16,1.0,8.15174824008274,31.46666666666667,1615.0333333333335,100.9221417625202,3,10.0,7.522169952957661,0.4722636910155415,213.69871044984762,2.3298019014518365
M-50-N-50-pa-0.25-pe-1.00,BinSearch,50,50,0.25,zephyr,16,1.0,10.81611111111111,36.43333333333334,1996.6333333333334,102.09996915948577,3,10.0,9.989444444444445,0.964678772026673,105.83830817058438,2.024642889020983
M-50-N-50-pa-0.35-pe-1.00,BinSearch,50,50,0.35,zephyr,16,1.0,11.5,30.05,1725.0,65.36695531085132,2,10.0,10.31,0.1565399540122598,417.57362024850454,2.6207330547873657
M-50-N-50-pa-0.45-pe-1.00,BinSearch,50,50,0.45,zephyr,16,1.0,10.1295,23.3,1320.2,65.00450766531284,2,10.0,8.851666666666667,0.0330474260263145,1967.0066773607437,3.293805834213193
M-50-N-50-pa-0.55-pe-1.00,BinSearch,50,50,0.55,zephyr,16,1.0,9.934166666666666,22.450000000000003,1304.5,66.07499659608584,2,10.0,9.206666666666667,0.2603020560927689,253.83970294988208,2.404559550869456
M-50-N-50-pa-0.65-pe-1.00,BinSearch,50,50,0.65,zephyr,16,1.0,9.9145,22.8,1291.75,66.19311868699734,2,10.0,8.401666666666667,1.2274657760281116,53.92665113738165,1.7318034512966245
M-50-N-50-pa-0.75-pe-1.00,BinSearch,50,50,0.75,zephyr,16,1.0,8.234,16.6,823.4,31.094706662441602,1,10.0,6.86,0.0220239411573857,1411.8593233982635,3.149791426095757
M-50-N-50-pa-0.85-pe-1.00,BinSearch,50,50,0.85,zephyr,16,1.0,8.062244897959184,15.4,790.1,31.32090999719221,1,10.0,7.142857142857143,0.1089125829748809,287.57843346831964,2.45875631364098
M-10-N-10-pa-0.05-pe-1.00,LinearSearch,5,6,0.05,zephyr,16,1.0,1.2,2.0,6.0,0.30641945945098975,4,10.0,1.2,0.0004716061521321,649.7359235369426,2.81273687933037
M-10-N-10-pa-0.15-pe-1.00,LinearSearch,10,9,0.15,zephyr,16,1.0,1.5266666666666668,2.0,22.9,0.7463236232521011,4,10.0,1.4666666666666666,0.0013284040614962,561.819738679274,2.7495969934081455
M-10-N-10-pa-0.25-pe-1.00,LinearSearch,9,10,0.25,zephyr,16,1.0,1.4923076923076923,2.0,19.4,0.6809594580437986,4,10.0,1.4615384615384617,0.0008463929407298,804.5429309135072,2.9055492232789244
M-10-N-10-pa-0.35-pe-1.00,LinearSearch,10,10,0.35,zephyr,16,1.0,1.5842105263157895,2.5,30.1,0.5837778754532337,2,10.0,1.4736842105263157,0.0007756720297038,752.6091599867889,2.87656949980376
M-10-N-10-pa-0.45-pe-1.00,LinearSearch,10,10,0.45,zephyr,16,1.0,1.7115384615384617,3.0,44.5,1.0727013227064162,2,10.0,1.5384615384615383,0.0017262550536543,621.4037258365829,2.7933738528868814
M-10-N-10-pa-0.55-pe-1.00,LinearSearch,10,10,0.55,zephyr,16,1.0,2.003030303030303,3.6,66.1,2.5340182445477692,2,10.0,1.8484848484848484,0.0020302031189203,1248.1599598010898,3.0962702465703393
M-10-N-10-pa-0.65-pe-1.00,LinearSearch,10,10,0.65,zephyr,16,1.0,1.9678571428571427,3.1,55.1,0.800825044582598,1,10.0,1.8571428571428568,0.0010380870662629,771.4430415688684,2.8873038660503676
M-10-N-10-pa-0.75-pe-1.00,LinearSearch,10,10,0.75,zephyr,16,1.0,2.2838709677419358,3.9,70.8,1.1808675409527496,1,10.0,2.161290322580645,0.0033400568645447,353.5471366174398,2.548447324238324
M-10-N-25-pa-0.05-pe-1.00,LinearSearch,9,11,0.05,zephyr,16,1.0,1.6333333333333335,2.0,14.7,1.1097980755148453,8,10.0,1.5555555555555556,0.0006407799664884,1731.9487684123583,3.2385350413047655
M-10-N-25-pa-0.15-pe-1.00,LinearSearch,10,21,0.15,zephyr,16,1.0,1.5692307692307692,2.0,20.4,1.041844596713781,6,10.0,1.5384615384615383,0.0008783668745309,1186.1155352472422,3.0741269941521985
M-10-N-25-pa-0.25-pe-1.00,LinearSearch,10,24,0.25,zephyr,16,1.0,1.546153846153846,2.0,20.1,0.8917559497058389,5,10.0,1.5384615384615383,0.0009035978000611,986.8947762584692,2.9942708502117505
M-10-N-25-pa-0.35-pe-1.00,LinearSearch,10,25,0.35,zephyr,16,1.0,1.625,2.0,19.5,0.8622516279574481,5,10.0,1.5,0.0008877338841557,971.2951621827723,2.9873512256120733
M-10-N-25-pa-0.45-pe-1.00,LinearSearch,10,25,0.45,zephyr,16,1.0,1.683333333333333,3.0,50.5,1.6381541194394231,3,10.0,1.566666666666667,0.0018612260464578,880.1478582770401,2.944555636513821
M-10-N-25-pa-0.55-pe-1.00,LinearSearch,10,25,0.55,zephyr,16,1.0,2.1350000000000002,4.4,85.4,3.2639760641381144,2,10.0,2.0,0.0012604820076376,2589.466602277016,3.413210314064092
M-10-N-25-pa-0.65-pe-1.00,LinearSearch,10,25,0.65,zephyr,16,1.0,2.2974358974358973,4.5,89.6,1.918266610777937,1,10.0,2.051282051282051,0.0010089969728142,1901.161906885137,3.2790191038581025
M-10-N-25-pa-0.75-pe-1.00,LinearSearch,10,22,0.75,zephyr,16,1.0,2.6551020408163266,6.1,130.1,4.1104073897236955,1,10.0,2.4693877551020407,0.0015025539323687,2735.61387610775,3.4370547979788277
M-10-N-25-pa-0.85-pe-1.00,LinearSearch,10,21,0.85,zephyr,16,1.0,2.424324324324324,4.3,89.7,2.01426220536232,1,10.0,2.216216216216216,0.0028012790717184,719.0508882100247,2.856759627082332
M-10-N-5-pa-0.05-pe-1.00,LinearSearch,6,5,0.05,zephyr,16,1.0,1.3,2.0,9.1,0.2769877572078257,3,10.0,1.2857142857142858,0.000561132794246,493.62247146220454,2.6933949221164912
M-10-N-5-pa-0.15-pe-1.00,LinearSearch,8,5,0.15,zephyr,16,1.0,1.4181818181818182,2.0,15.6,0.2710082840872928,2,10.0,1.3636363636363635,0.0007028528489172,385.58324707542846,2.586118156298907
M-10-N-5-pa-0.25-pe-1.00,LinearSearch,7,5,0.25,zephyr,16,1.0,1.3444444444444443,2.0,12.1,0.4266010490944607,4,10.0,1.3333333333333333,0.000760270981118,561.1171005185739,2.749053504398088
M-10-N-5-pa-0.45-pe-1.00,LinearSearch,9,5,0.45,zephyr,16,1.0,1.655,2.8,33.1,0.29220813722349703,1,10.0,1.6,0.0010972078889608,266.319755715516,2.4254033837892828
M-10-N-5-pa-0.55-pe-1.00,LinearSearch,10,5,0.55,zephyr,16,1.0,1.8,3.0,36.0,0.37497734993230547,1,10.0,1.7,0.0013913670554757,269.5028232751998,2.430563319158119
M-10-N-50-pa-0.05-pe-1.00,LinearSearch,10,22,0.05,zephyr,16,1.0,1.72,2.0,17.2,1.4205823880853128,9,10.0,1.7,0.0008135489188134,1746.1548451335234,3.2420827533476526
M-10-N-50-pa-0.15-pe-1.00,LinearSearch,10,36,0.15,zephyr,16,1.0,1.72,2.0,17.2,1.2924658462172371,8,10.0,1.7,0.0008703300263732,1485.029592875375,3.171735108127927
M-10-N-50-pa-0.25-pe-1.00,LinearSearch,10,45,0.25,zephyr,16,1.0,1.6333333333333333,2.0,19.6,1.2072630514623595,7,10.0,1.5833333333333333,0.0013078558258712,923.0857305965523,2.9652420375333177
M-10-N-50-pa-0.35-pe-1.00,LinearSearch,10,46,0.35,zephyr,16,1.0,1.3863636363636362,2.1,30.5,1.1433632881380615,5,10.0,1.3636363636363635,0.0014712840784341,777.1193232634132,2.89048770793409
M-10-N-50-pa-0.45-pe-1.00,LinearSearch,10,46,0.45,zephyr,16,1.0,1.876190476190476,4.1,78.8,4.237251412146724,3,10.0,1.6190476190476193,0.0014524541329592,2917.304796810713,3.4649818061042605
M-10-N-50-pa-0.55-pe-1.00,LinearSearch,10,48,0.55,zephyr,16,1.0,2.5548780487804876,8.6,209.5,51.02363623131532,3,10.0,2.3902439024390243,0.0047015969175845,10852.405494318065,4.035526012573415
M-10-N-50-pa-0.65-pe-1.00,LinearSearch,10,47,0.65,zephyr,16,1.0,2.559375,6.9,163.8,18.74751181320753,2,10.0,2.328125,0.0019774779211729,9480.51637037106,3.976831992474737
M-10-N-50-pa-0.75-pe-1.00,LinearSearch,10,48,0.75,zephyr,16,1.0,2.258974358974359,4.3,88.1,4.312810193398036,2,10.0,2.102564102564102,0.0026195000391453,1646.4249388439828,3.2165419358442953
M-10-N-50-pa-0.85-pe-1.00,LinearSearch,10,29,0.85,zephyr,16,1.0,2.5575,4.7,102.3,2.45148153079208,1,10.0,2.375,0.0021144880447536,1159.373558869365,3.0642233914566357
M-10-N-50-pa-0.95-pe-1.00,LinearSearch,10,16,0.95,zephyr,16,1.0,2.4303030303030306,4.1,80.2,2.1743679551873356,1,10.0,2.272727272727273,0.0030071141663938,723.0746270840168,2.8591831222715482
M-25-N-10-pa-0.05-pe-1.00,LinearSearch,12,9,0.05,zephyr,16,1.0,1.588235294117647,2.0,27.0,1.1856743841897694,5,10.0,1.588235294117647,0.0010182480327785,1164.4259010154788,3.0661118571441506
M-25-N-10-pa-0.15-pe-1.00,LinearSearch,20,10,0.15,zephyr,16,1.0,2.4421052631578943,4.3,92.8,4.635534952906892,3,10.0,2.236842105263158,0.0011958058457821,3876.4946378051786,3.5884391875644273
M-25-N-10-pa-0.25-pe-1.00,LinearSearch,24,10,0.25,zephyr,16,1.0,3.0923076923076924,5.2,160.8,9.271733556548135,2,10.0,2.9423076923076925,0.0012443189043551,7451.251858865067,3.8722292431811125
M-25-N-10-pa-0.35-pe-1.00,LinearSearch,23,10,0.35,zephyr,16,1.0,3.6389830508474574,6.8,214.7,8.07866139083635,1,10.0,3.3220338983050848,0.0012732530012726,6344.898756505528,3.8024246965896773
M-25-N-10-pa-0.45-pe-1.00,LinearSearch,25,10,0.45,zephyr,16,1.0,4.1692307692307695,7.5,271.0,15.85105473662261,1,10.0,3.923076923076923,0.0014512289781123,10922.504280694915,4.0383222235882545
M-25-N-10-pa-0.55-pe-1.00,LinearSearch,25,10,0.55,zephyr,16,1.0,4.295384615384616,7.6,279.2,15.636058167507873,1,10.0,3.953846153846154,0.0019621721003204,7968.749610182479,3.9013901808691385
M-25-N-10-pa-0.65-pe-1.00,LinearSearch,25,10,0.65,zephyr,16,1.0,4.5397058823529415,8.3,308.7,26.101783669972793,1,10.0,4.397058823529412,0.0096548849251121,2703.4795204424718,3.4319230840309447
M-25-N-25-pa-0.05-pe-1.00,LinearSearch,22,23,0.05,zephyr,16,1.0,2.2888888888888888,3.0,61.8,15.612055637012237,15,10.0,2.259259259259259,0.0027349609881639,5708.32845472687,3.75650895427646
M-25-N-25-pa-0.15-pe-1.00,LinearSearch,24,25,0.15,zephyr,16,1.0,2.5354166666666664,4.7,121.7,22.405594213260336,7,10.0,2.375,0.0038146940059959,5873.497106758744,3.768896759158312
M-25-N-25-pa-0.25-pe-1.00,LinearSearch,25,25,0.25,zephyr,16,1.0,4.269949494949495,11.2,422.72499999999997,106.61805230018217,4,10.0,3.878787878787879,0.0185795067809522,5738.475921424838,3.7587965636864658
M-25-N-25-pa-0.35-pe-1.00,LinearSearch,25,25,0.35,zephyr,16,1.0,5.191025641025641,15.350000000000001,607.3499999999999,61.92078742692247,2,10.0,4.760683760683761,0.0017900988459587,34590.708514294165,4.538959457669094
M-25-N-25-pa-0.45-pe-1.00,LinearSearch,25,25,0.45,zephyr,16,1.0,5.773305084745763,17.5,681.25,63.79311061666813,2,10.0,5.050847457627119,0.0039325749967247,16221.714945952053,4.210096765546721
M-25-N-25-pa-0.55-pe-1.00,LinearSearch,25,25,0.55,zephyr,16,1.0,6.438000000000001,19.0,804.75,64.61149215016047,2,10.0,5.848,0.0460209399461746,1403.9585507015968,3.147354286235888
M-25-N-25-pa-0.65-pe-1.00,LinearSearch,25,25,0.65,zephyr,16,1.0,7.050364963503649,23.2,965.9,34.41546486956067,1,10.0,5.956204379562044,0.0025866238866001,13305.167803693234,4.124020356208612
M-25-N-25-pa-0.75-pe-1.00,LinearSearch,25,25,0.75,zephyr,16,1.0,6.931060606060607,21.4,914.9,33.889035023795444,1,10.0,5.651515151515151,0.0073460608255118,4613.2254856222435,3.6640046826091908
M-25-N-25-pa-0.85-pe-1.00,LinearSearch,25,25,0.85,zephyr,16,1.0,7.486896551724138,25.0,1085.6,34.075477997260165,1,10.0,6.558620689655172,0.018967960961163,1796.4755444843763,3.254421309507406
M-25-N-5-pa-0.05-pe-1.00,LinearSearch,8,5,0.05,zephyr,16,1.0,1.4272727272727272,2.0,15.7,0.5556255367351695,4,10.0,1.3636363636363635,0.0009209879208356,603.2929678684221,2.7805282631031307
M-25-N-5-pa-0.15-pe-1.00,LinearSearch,21,5,0.15,zephyr,16,1.0,2.5542857142857143,3.9,89.4,3.354926068498753,2,10.0,2.4,0.0017518601380288,1915.0650178950154,3.282183523178762
M-25-N-5-pa-0.25-pe-1.00,LinearSearch,16,5,0.25,zephyr,16,1.0,2.4483870967741934,3.6,75.9,1.1952595548005776,1,10.0,2.290322580645161,0.0017105161678045,698.7712695144874,2.844335040346993
M-25-N-5-pa-0.35-pe-1.00,LinearSearch,24,5,0.35,zephyr,16,1.0,3.330232558139535,5.3,143.2,3.4759728121804074,1,10.0,3.0232558139534884,0.0021965519990772,1582.467800470119,3.199334881899364
M-25-N-5-pa-0.45-pe-1.00,LinearSearch,25,5,0.45,zephyr,16,1.0,3.651111111111111,5.6,164.3,5.875354425492697,1,10.0,3.4,0.0074717588722705,786.3415462336737,2.8956112221541437
M-25-N-50-pa-0.05-pe-1.00,LinearSearch,24,37,0.05,zephyr,16,1.0,2.479310344827586,3.3,71.9,23.611741716158576,16,10.0,2.3793103448275863,0.0024259348865598,9733.04841660823,3.9882488837589873
M-25-N-50-pa-0.15-pe-1.00,LinearSearch,25,49,0.15,zephyr,16,1.0,2.7288135593220337,5.6,161.0,39.17124345418997,8,10.0,2.5254237288135597,0.0017964020371437,21805.388004718207,4.338563818907133
M-25-N-50-pa-0.25-pe-1.00,LinearSearch,25,50,0.25,zephyr,16,1.0,4.519592875318065,15.033333333333333,592.0666666666667,189.3692636352498,6,10.0,4.305343511450381,0.0305402551311999,6200.6444548523,3.7924368296016535
M-25-N-50-pa-0.35-pe-1.00,LinearSearch,25,50,0.35,zephyr,16,1.0,6.053983516483517,29.474999999999998,1101.825,135.44114166758953,4,10.0,5.736263736263736,0.0156691691372543,8643.798562166714,3.93670463739228
M-25-N-50-pa-0.45-pe-1.00,LinearSearch,25,50,0.45,zephyr,16,0.9,7.931051587301587,48.611111111111114,1776.5555555555557,70.57690222775562,2,10.0,7.417410714285714,0.003422019071877,20624.34507953206,4.314380166537788
M-25-N-50-pa-0.55-pe-1.00,LinearSearch,25,50,0.55,zephyr,16,0.95,8.41514014014014,50.46111111111111,1868.161111111111,74.51485012385528,2,10.0,7.63963963963964,0.0053581960964947,13906.704564003498,4.1432242285378456
M-25-N-50-pa-0.65-pe-1.00,LinearSearch,25,50,0.65,zephyr,16,1.0,9.238075313807531,53.0,2207.9,39.7225261841435,1,10.0,8.451882845188285,0.0025254930369555,15728.622327266705,4.19669068436084
M-25-N-50-pa-0.75-pe-1.00,LinearSearch,25,50,0.75,zephyr,16,1.0,9.53127572016461,57.4,2316.1,47.056039472692646,1,10.0,8.34156378600823,0.0036391660105437,12930.445965759038,4.111613503776633
M-25-N-50-pa-0.85-pe-1.00,LinearSearch,25,50,0.85,zephyr,16,0.9,9.338765432098764,50.666666666666664,2101.222222222222,40.51916184071452,1,10.0,8.635555555555555,0.0143512829672545,2823.3825456820973,3.450769725551519
M-5-N-10-pa-0.05-pe-1.00,LinearSearch,5,5,0.05,zephyr,16,1.0,1.2,2.0,6.0,0.14983838910702607,2,10.0,1.2,0.0006558150053024,228.47660951194328,2.358841745415946
M-5-N-10-pa-0.15-pe-1.00,LinearSearch,4,5,0.15,zephyr,16,1.0,1.0,1.0,4.0,0.2098426566692068,3,10.0,1.0,0.0004031639546155,520.4896264817261,2.7164120783123353
M-5-N-10-pa-0.25-pe-1.00,LinearSearch,4,6,0.25,zephyr,16,1.0,1.0,1.0,4.0,0.13811720313969988,2,10.0,1.0,0.000390850007534,353.37648746062416,2.5482376495716976
M-5-N-10-pa-0.35-pe-1.00,LinearSearch,5,9,0.35,zephyr,16,1.0,1.1666666666666667,2.0,7.0,0.24277692213654506,3,10.0,1.1666666666666667,0.0006384730804711,380.246135948543,2.5800648094598895
M-5-N-10-pa-0.45-pe-1.00,LinearSearch,5,10,0.45,zephyr,16,1.0,1.2222222222222223,2.0,11.0,0.1832104173256084,2,10.0,1.2222222222222223,0.0010825009085237,169.24735648141018,2.2285218940537783
M-5-N-10-pa-0.55-pe-1.00,LinearSearch,5,7,0.55,zephyr,16,1.0,1.2454545454545456,2.0,13.7,0.11305730801541355,1,10.0,1.181818181818182,0.0008417139761149,134.31796440274678,2.1281341014233415
M-5-N-10-pa-0.65-pe-1.00,LinearSearch,5,9,0.65,zephyr,16,1.0,1.2538461538461538,2.0,16.3,0.12429459630511697,1,10.0,1.2307692307692308,0.0006646660622209,187.00307294583203,2.2718487431841257
M-5-N-10-pa-0.75-pe-1.00,LinearSearch,5,8,0.75,zephyr,16,1.0,1.2416666666666667,2.0,14.9,0.13776760820765044,1,10.0,1.1666666666666667,0.0007658789400011,179.88170301114545,2.2549869905559503
M-5-N-25-pa-0.05-pe-1.00,LinearSearch,5,10,0.05,zephyr,16,1.0,1.2,2.0,6.0,0.3115537042263894,4,10.0,1.2,0.0005439899396151,572.7196055759957,2.757942050318722
M-5-N-25-pa-0.15-pe-1.00,LinearSearch,5,10,0.15,zephyr,16,1.0,1.2,2.0,6.0,0.311330165946856,4,10.0,1.2,0.0005103149451315,610.0745594596619,2.7853829149845195
M-5-N-25-pa-0.25-pe-1.00,LinearSearch,5,12,0.25,zephyr,16,1.0,1.2,2.0,6.0,0.3115046139340846,4,10.0,1.2,0.0005640911404043,552.2239068647605,2.7421152041784156
M-5-N-25-pa-0.35-pe-1.00,LinearSearch,5,14,0.35,zephyr,16,1.0,1.2,2.0,6.0,0.23012891977559763,3,10.0,1.2,0.000479273032397,480.1624621867117,2.681388205072336
M-5-N-25-pa-0.45-pe-1.00,LinearSearch,5,15,0.45,zephyr,16,1.0,1.1666666666666667,2.0,7.0,0.24016226232051835,3,10.0,1.1666666666666667,0.0005876100622117,408.71026103239893,2.6114155411971534
M-5-N-25-pa-0.55-pe-1.00,LinearSearch,5,20,0.55,zephyr,16,1.0,1.1666666666666667,2.0,7.0,0.24221095666289316,3,10.0,1.1666666666666667,0.0006183551158756,391.70203343141554,2.59295582609587
M-5-N-25-pa-0.65-pe-1.00,LinearSearch,5,18,0.65,zephyr,16,1.0,1.157142857142857,2.0,8.1,0.16893737888894966,2,10.0,1.1428571428571428,0.0005612131208181,301.0217906909624,2.478597934913038
M-5-N-25-pa-0.75-pe-1.00,LinearSearch,5,12,0.75,zephyr,16,1.0,1.2,2.0,12.0,0.09715690673328932,1,10.0,1.2,0.0007152801845222,135.830558010437,2.1329974848412974
M-5-N-25-pa-0.85-pe-1.00,LinearSearch,5,10,0.85,zephyr,16,1.0,1.3,2.1,19.5,0.17632787029724567,1,10.0,1.2666666666666666,0.0010143858380615,173.82721988743702,2.2401177843204834
M-5-N-5-pa-0.05-pe-1.00,LinearSearch,2,2,0.05,zephyr,16,1.0,1.0,1.0,2.0,0.060563820204697506,1,10.0,1.0,0.0006711098831146,90.2442679481614,1.9554196263461798
M-5-N-5-pa-0.15-pe-1.00,LinearSearch,4,4,0.15,zephyr,16,1.0,1.0,1.0,4.0,0.20604162875097232,3,10.0,1.0,0.000424635130912,485.22040044880623,2.685939051916538
M-5-N-5-pa-0.25-pe-1.00,LinearSearch,5,5,0.25,zephyr,16,1.0,1.1666666666666667,2.0,7.0,0.24358176963869468,3,10.0,1.1666666666666667,0.0005269679240882,462.2326294298192,2.664860599477072
M-5-N-5-pa-0.35-pe-1.00,LinearSearch,5,5,0.35,zephyr,16,1.0,1.2,2.0,6.0,0.07777489472646261,1,10.0,1.2,0.0004162609111517,186.84169581149317,2.2714738003802224
M-5-N-5-pa-0.45-pe-1.00,LinearSearch,4,4,0.45,zephyr,16,1.0,1.06,1.3,5.3,0.0722079022787511,1,10.0,1.0,0.0009264559485018,77.93991966653219,1.8917599538311776
M-5-N-50-pa-0.05-pe-1.00,LinearSearch,5,8,0.05,zephyr,16,1.0,1.2,2.0,6.0,0.3080291905673219,4,10.0,1.2,0.0005306389648467,580.487318860618,2.7637927367219746
M-5-N-50-pa-0.15-pe-1.00,LinearSearch,5,16,0.15,zephyr,16,1.0,1.2,2.0,6.0,0.30547797775361674,4,10.0,1.2,0.0005716341547667,534.3942006822471,2.7278617364723448
M-5-N-50-pa-0.25-pe-1.00,LinearSearch,5,19,0.25,zephyr,16,1.0,1.2,2.0,6.0,0.3058266814565284,4,10.0,1.2,0.0005924180150032,516.2346066377503,2.712847114831584
M-5-N-50-pa-0.35-pe-1.00,LinearSearch,5,22,0.35,zephyr,16,1.0,1.2,2.0,6.0,0.3114791256142779,4,10.0,1.2,0.0006251609884202,498.2382632402518,2.6974370770276477
M-5-N-50-pa-0.45-pe-1.00,LinearSearch,5,29,0.45,zephyr,16,1.0,1.2,2.0,6.0,0.3037056088447569,4,10.0,1.2,0.000660239951685,459.9927762772857,2.662751011579641
M-5-N-50-pa-0.55-pe-1.00,LinearSearch,5,24,0.55,zephyr,16,1.0,1.2,2.0,6.0,0.2364411869551985,3,10.0,1.2,0.0007064789533615,334.67548537081166,2.5246239019081713
M-5-N-50-pa-0.65-pe-1.00,LinearSearch,5,23,0.65,zephyr,16,1.0,1.2,2.0,6.0,0.1535295860609039,2,10.0,1.2,0.0005509010516107,278.6881334376342,2.445118476817055
M-5-N-50-pa-0.75-pe-1.00,LinearSearch,5,14,0.75,zephyr,16,1.0,1.2,2.0,9.6,0.0920725857606157,1,10.0,1.125,0.0012077179271727,76.23682948875592,1.8821648267198572
M-5-N-50-pa-0.85-pe-1.00,LinearSearch,5,13,0.85,zephyr,16,1.0,1.2363636363636366,2.0,13.6,0.11410740395076568,1,10.0,1.181818181818182,0.0007176059298217,159.01123311523662,2.201427805504391
M-5-N-50-pa-0.95-pe-1.00,LinearSearch,5,7,0.95,zephyr,16,1.0,1.3384615384615386,2.0,17.4,0.14935421715490518,1,10.0,1.3076923076923077,0.0010656050872057,140.15906906600136,2.1466212042604087
M-50-N-10-pa-0.05-pe-1.00,LinearSearch,21,10,0.05,zephyr,16,1.0,2.172727272727273,3.0,71.7,10.226186158601195,7,10.0,2.090909090909091,0.024531627073884,416.8572319881294,2.619987340402588
M-50-N-10-pa-0.15-pe-1.00,LinearSearch,39,10,0.15,zephyr,16,1.0,4.290952380952381,7.400000000000001,300.3666666666667,58.34195591683965,3,10.0,3.8666666666666667,0.0049238819628953,11848.772237969151,4.073673351367262
M-50-N-10-pa-0.25-pe-1.00,LinearSearch,47,10,0.25,zephyr,16,1.0,6.033333333333333,11.5,524.9,59.62438723009545,2,10.0,5.436781609195402,0.0137870959006249,4324.651663811835,3.6359511322455176
M-50-N-10-pa-0.35-pe-1.00,LinearSearch,49,10,0.35,zephyr,16,1.0,7.225531914893617,13.6,679.2,31.058986173616724,1,10.0,6.73404255319149,0.0019898468162864,15608.732241998698,4.1933676306304575
M-50-N-10-pa-0.45-pe-1.00,LinearSearch,50,10,0.45,zephyr,16,1.0,8.774000000000001,16.3,877.4,31.778194267931394,1,10.0,7.98,0.0094068488106131,3378.197620089317,3.52868505163048
M-50-N-10-pa-0.55-pe-1.00,LinearSearch,50,10,0.55,zephyr,16,1.0,9.291089108910892,17.8,938.4,32.01292720939964,1,10.0,7.910891089108911,0.0160874100401997,1989.9366726785013,3.2988392557343955
M-50-N-10-pa-0.65-pe-1.00,LinearSearch,50,10,0.65,zephyr,16,1.0,10.260952380952382,20.5,1077.4,31.311429681349544,1,10.0,9.314285714285717,0.0605381538625806,517.218112595705,2.7136737251461733
M-50-N-25-pa-0.05-pe-1.00,LinearSearch,41,25,0.05,zephyr,16,1.0,3.8661764705882353,7.1,262.9,140.58170367700512,10,10.0,3.588235294117647,0.0067836639937013,20723.565286667068,4.316464473617894
M-50-N-25-pa-0.15-pe-1.00,LinearSearch,50,25,0.15,zephyr,16,1.0,6.657874015748032,16.3,845.5500000000001,188.0199387321947,6,10.0,6.133858267716536,0.0446713319979608,4208.961996847747,3.624175004476029
M-50-N-25-pa-0.25-pe-1.00,LinearSearch,50,25,0.25,zephyr,16,1.0,10.123489932885906,29.0,1508.4000000000003,95.70162226941903,3,10.0,9.06711409395973,0.0042791510932147,22364.627974647847,4.349561678278795
M-50-N-25-pa-0.35-pe-1.00,LinearSearch,50,25,0.35,zephyr,16,1.0,12.83323353293413,37.85,2143.15,67.94134772112594,2,10.0,11.407185628742514,0.0129734410438686,5236.956601271091,3.7190789749122652
M-50-N-25-pa-0.45-pe-1.00,LinearSearch,50,25,0.45,zephyr,16,1.0,14.727142857142857,43.65,2577.25,70.82268710238858,2,10.0,12.348571428571429,0.1000351051334291,707.9783342779086,2.850019967509659
M-50-N-25-pa-0.55-pe-1.00,LinearSearch,50,25,0.55,zephyr,16,1.0,14.817415730337078,42.0,2637.5,36.12644345711451,1,10.0,13.668539325842696,0.0045045979786664,8019.904022553851,3.9041691709369606
M-50-N-25-pa-0.65-pe-1.00,LinearSearch,50,25,0.65,zephyr,16,1.0,16.290860215053762,50.9,3030.1,36.23617558311671,1,10.0,14.06989247311828,0.0139154540374875,2604.023949408646,3.415644974154304
M-50-N-25-pa-0.75-pe-1.00,LinearSearch,50,25,0.75,zephyr,16,0.8,17.944095477386934,62.375,3570.875,39.85225552832708,1,10.0,15.206030150753769,0.0683498550206422,583.0627660542706,2.7657153085905346
M-50-N-5-pa-0.05-pe-1.00,LinearSearch,15,5,0.05,zephyr,16,1.0,1.95,3.0,46.8,1.470304127712734,2,10.0,1.8333333333333333,0.0008152250666171,1803.556080544024,3.256129651002971
M-50-N-5-pa-0.15-pe-1.00,LinearSearch,34,5,0.15,zephyr,16,1.0,3.7520000000000002,6.0,187.6,16.119246074580587,2,10.0,3.4,0.0060092159546911,2682.420833838508,3.4285269135142755
M-50-N-5-pa-0.25-pe-1.00,LinearSearch,39,5,0.25,zephyr,16,1.0,4.845000000000001,7.7,290.7,15.12699678700883,1,10.0,4.683333333333334,0.0054949130862951,2752.9091992345184,3.439791887048377
M-50-N-50-pa-0.05-pe-1.00,LinearSearch,45,48,0.05,zephyr,16,1.0,4.008108108108108,7.8,296.6,337.9594931664178,19,10.0,3.6486486486486487,0.015680351993069,21553.05526905576,4.3335088425914305
M-50-N-50-pa-0.15-pe-1.00,LinearSearch,50,50,0.15,zephyr,16,1.0,8.36104368932039,34.3625,1722.375,266.5375596875325,8,10.0,7.574029126213592,0.4722636910155415,564.3829173354696,2.75157386011559
M-50-N-50-pa-0.25-pe-1.00,LinearSearch,50,50,0.25,zephyr,16,1.0,11.76744939271255,52.120000000000005,2906.56,180.48893352989109,5,10.0,11.133603238866396,0.964678772026673,187.09744503915917,2.272067856912247
M-50-N-50-pa-0.35-pe-1.00,LinearSearch,50,50,0.35,zephyr,16,0.9,15.48664343786295,74.88888888888889,4444.666666666667,116.3951943262713,3,10.0,14.121951219512193,0.1565399540122598,743.5494347750476,2.8713098478227534
M-50-N-50-pa-0.45-pe-1.00,LinearSearch,50,50,0.45,zephyr,16,0.35,17.15388888888889,84.5,5146.166666666666,84.73114369381219,2,10.0,16.673333333333332,0.0330474260263145,2563.925663190224,3.4089054293747507
M-50-N-50-pa-0.55-pe-1.00,LinearSearch,50,50,0.55,zephyr,16,0.0,,,,91.052257332718,2,10.0,,0.2603020560927689,349.79461437645404,2.5438131185657804
M-50-N-50-pa-0.65-pe-1.00,LinearSearch,50,50,0.65,zephyr,16,0.0,,,,98.98402599766851,2,10.0,,1.2274657760281116,80.64096607066698,1.9065557219368543
M-50-N-50-pa-0.75-pe-1.00,LinearSearch,50,50,0.75,zephyr,16,0.0,,,,66.067206379259,1,10.0,,0.0220239411573857,2999.7903601419525,3.4770909051813987
M-50-N-50-pa-0.85-pe-1.00,LinearSearch,50,50,0.85,zephyr,16,0.0,,,,70.00556835636962,1,10.0,,0.1089125829748809,642.7684152149124,2.8080545279623617
M-10-N-10-pa-0.05-pe-1.00,LinearSearch With Preprocessing,5,6,0.05,zephyr,16,1.0,1.2,2.0,6.0,0.07661735643632706,1,10.0,1.2,0.0004716061521321,162.4604681840655,2.210747700470307
M-10-N-10-pa-0.15-pe-1.00,LinearSearch With Preprocessing,10,9,0.15,zephyr,16,1.0,1.5266666666666668,2.0,22.9,0.3655153312487527,2,10.0,1.4666666666666666,0.0013284040614962,275.1537288751691,2.4395754027341763
M-10-N-10-pa-0.25-pe-1.00,LinearSearch With Preprocessing,9,10,0.25,zephyr,16,1.0,1.4923076923076923,2.0,19.4,0.17430504099465904,1,10.0,1.4615384615384617,0.0008463929407298,205.93867505372424,2.3137379142997454
M-10-N-10-pa-0.35-pe-1.00,LinearSearch With Preprocessing,10,10,0.35,zephyr,16,1.0,1.5842105263157895,2.5,30.1,0.32989938950631764,1,10.0,1.4736842105263157,0.0007756720297038,425.30783172236596,2.628703379993711
M-10-N-10-pa-0.45-pe-1.00,LinearSearch With Preprocessing,10,10,0.45,zephyr,16,1.0,1.7115384615384617,3.0,44.5,0.9752672427799552,2,10.0,1.5384615384615383,0.0017262550536543,564.961266963683,2.7520186741551784
M-10-N-10-pa-0.55-pe-1.00,LinearSearch With Preprocessing,10,10,0.55,zephyr,16,1.0,2.003030303030303,3.6,66.1,2.4027385863475503,2,10.0,1.8484848484848484,0.0020302031189203,1183.4966475875945,3.0731670320698696
M-10-N-10-pa-0.65-pe-1.00,LinearSearch With Preprocessing,10,10,0.65,zephyr,16,1.0,1.9678571428571427,3.1,55.1,0.762559635262005,1,10.0,1.8571428571428568,0.0010380870662629,734.5815773166582,2.8660400324089137
M-10-N-10-pa-0.75-pe-1.00,LinearSearch With Preprocessing,10,10,0.75,zephyr,16,1.0,2.2838709677419358,3.9,70.8,1.1649729162920266,1,10.0,2.161290322580645,0.0033400568645447,348.78834797983046,2.5425619679679308
M-10-N-25-pa-0.05-pe-1.00,LinearSearch With Preprocessing,9,11,0.05,zephyr,16,1.0,1.6333333333333335,2.0,14.7,0.1442267437698319,1,10.0,1.5555555555555556,0.0006407799664884,225.07998234580083,2.352336872420982
M-10-N-25-pa-0.15-pe-1.00,LinearSearch With Preprocessing,10,21,0.15,zephyr,16,1.0,1.5692307692307692,2.0,20.4,0.17506757220253344,1,10.0,1.5384615384615383,0.0008783668745309,199.31030766240997,2.2995297595416417
M-10-N-25-pa-0.25-pe-1.00,LinearSearch With Preprocessing,10,24,0.25,zephyr,16,1.0,1.546153846153846,2.0,20.1,0.17084440479520704,1,10.0,1.5384615384615383,0.0009035978000611,189.07129321760578,2.276625594719664
M-10-N-25-pa-0.35-pe-1.00,LinearSearch With Preprocessing,10,25,0.35,zephyr,16,1.0,1.625,2.0,19.5,0.17022602153010663,1,10.0,1.5,0.0008877338841557,191.75343464584617,2.28274315168161
M-10-N-25-pa-0.45-pe-1.00,LinearSearch With Preprocessing,10,25,0.45,zephyr,16,1.0,1.6833333333333331,3.0,50.5,1.1712048093555496,2,10.0,1.5666666666666669,0.0018612260464578,629.2652152355528,2.7988337253140623
M-10-N-25-pa-0.55-pe-1.00,LinearSearch With Preprocessing,10,25,0.55,zephyr,16,1.0,2.1350000000000002,4.4,85.4,3.4145097497617827,2,10.0,2.0,0.0012604820076376,2708.8920955344515,3.432791705938688
M-10-N-25-pa-0.65-pe-1.00,LinearSearch With Preprocessing,10,25,0.65,zephyr,16,1.0,2.2974358974358973,4.5,89.6,1.9141037737252191,1,10.0,2.051282051282051,0.0010089969728142,1897.0361888099067,3.27807561578638
M-10-N-25-pa-0.75-pe-1.00,LinearSearch With Preprocessing,10,22,0.75,zephyr,16,1.0,2.6551020408163266,6.1,130.1,4.12009530751966,1,10.0,2.4693877551020407,0.0015025539323687,2742.0615100866808,3.4380771926824854
M-10-N-25-pa-0.85-pe-1.00,LinearSearch With Preprocessing,10,21,0.85,zephyr,16,1.0,2.424324324324324,4.3,89.7,2.031143426406197,1,10.0,2.216216216216216,0.0028012790717184,725.0771428621524,2.860384214760265
M-10-N-5-pa-0.05-pe-1.00,LinearSearch With Preprocessing,6,5,0.05,zephyr,16,1.0,1.3,2.0,9.1,0.09287475538440045,1,10.0,1.2857142857142858,0.000561132794246,165.51296978406734,2.218832031258127
M-10-N-5-pa-0.15-pe-1.00,LinearSearch With Preprocessing,8,5,0.15,zephyr,16,1.0,1.4181818181818182,2.0,15.6,0.13707142062485214,1,10.0,1.3636363636363635,0.0007028528489172,195.02150505756634,2.290082503739427
M-10-N-5-pa-0.25-pe-1.00,LinearSearch With Preprocessing,7,5,0.25,zephyr,16,1.0,1.3444444444444443,2.0,12.1,0.10792690324597057,1,10.0,1.3333333333333333,0.000760270981118,141.9584671577265,2.1521613012703438
M-10-N-5-pa-0.45-pe-1.00,LinearSearch With Preprocessing,9,5,0.45,zephyr,16,1.0,1.655,2.8,33.1,0.30813350470270956,1,10.0,1.6,0.0010972078889608,280.8342042761999,2.4484500016919286
M-10-N-5-pa-0.55-pe-1.00,LinearSearch With Preprocessing,10,5,0.55,zephyr,16,1.0,1.8,3.0,36.0,0.4203017279971391,1,10.0,1.7,0.0013913670554757,302.0782517747355,2.480119459222615
M-10-N-50-pa-0.05-pe-1.00,LinearSearch With Preprocessing,10,22,0.05,zephyr,16,1.0,1.72,2.0,17.2,0.15704978997819125,1,10.0,1.7,0.0008135489188134,193.04283510598606,2.2856536871766187
M-10-N-50-pa-0.15-pe-1.00,LinearSearch With Preprocessing,10,36,0.15,zephyr,16,1.0,1.72,2.0,17.2,0.17254346569534387,1,10.0,1.7,0.0008703300263732,198.25061789044395,2.2972145495658887
M-10-N-50-pa-0.25-pe-1.00,LinearSearch With Preprocessing,10,45,0.25,zephyr,16,1.0,1.6333333333333333,2.0,19.6,0.15872136780526486,1,10.0,1.5833333333333333,0.0013078558258712,121.35998826795458,2.0840755257975374
M-10-N-50-pa-0.35-pe-1.00,LinearSearch With Preprocessing,10,46,0.35,zephyr,16,1.0,1.3863636363636362,2.1,30.5,0.45090052823070426,2,10.0,1.3636363636363635,0.0014712840784341,306.46734681186393,2.486384208529543
M-10-N-50-pa-0.45-pe-1.00,LinearSearch With Preprocessing,10,46,0.45,zephyr,16,1.0,1.8761904761904762,4.1,78.8,2.839957284089178,2,10.0,1.619047619047619,0.0014524541329592,1955.2819037030972,3.291209380860741
M-10-N-50-pa-0.55-pe-1.00,LinearSearch With Preprocessing,10,48,0.55,zephyr,16,1.0,2.5548780487804876,8.6,209.5,49.23405961205717,3,10.0,2.3902439024390243,0.0047015969175845,10471.773838681169,4.020020254085734
M-10-N-50-pa-0.65-pe-1.00,LinearSearch With Preprocessing,10,47,0.65,zephyr,16,1.0,2.559375,6.9,163.8,18.858451973670164,2,10.0,2.328125,0.0019774779211729,9536.618215665358,3.9793943966484373
M-10-N-50-pa-0.75-pe-1.00,LinearSearch With Preprocessing,10,48,0.75,zephyr,16,1.0,2.258974358974359,4.3,88.1,4.094237049878575,2,10.0,2.102564102564102,0.0026195000391453,1562.984152369577,3.193954574581458
M-10-N-50-pa-0.85-pe-1.00,LinearSearch With Preprocessing,10,29,0.85,zephyr,16,1.0,2.5575,4.7,102.3,2.2197894785553216,1,10.0,2.375,0.0021144880447536,1049.7999660074656,3.0211065543698576
M-10-N-50-pa-0.95-pe-1.00,LinearSearch With Preprocessing,10,16,0.95,zephyr,16,1.0,2.4303030303030306,4.1,80.2,2.150460163759999,1,10.0,2.272727272727273,0.0030071141663938,715.1242167914614,2.85438148513214
M-25-N-10-pa-0.05-pe-1.00,LinearSearch With Preprocessing,12,9,0.05,zephyr,16,1.0,1.588235294117647,2.0,27.0,0.23188447619322683,1,10.0,1.588235294117647,0.0010182480327785,227.7288720438313,2.3574180950633155
M-25-N-10-pa-0.15-pe-1.00,LinearSearch With Preprocessing,20,10,0.15,zephyr,16,1.0,2.4421052631578943,4.3,92.8,1.5465649825055152,1,10.0,2.236842105263158,0.0011958058457821,1293.3244863012703,3.111707500078165
M-25-N-10-pa-0.25-pe-1.00,LinearSearch With Preprocessing,24,10,0.25,zephyr,16,1.0,3.0923076923076924,5.2,160.8,5.054508082265966,1,10.0,2.9423076923076925,0.0012443189043551,4062.068060296428,3.60874719577088
M-25-N-10-pa-0.35-pe-1.00,LinearSearch With Preprocessing,23,10,0.35,zephyr,16,1.0,3.6389830508474574,6.8,214.7,7.796224510436877,1,10.0,3.3220338983050848,0.0012732530012726,6123.075693928524,3.7869696282504677
M-25-N-10-pa-0.45-pe-1.00,LinearSearch With Preprocessing,25,10,0.45,zephyr,16,1.0,4.1692307692307695,7.5,271.0,15.735614839801565,1,10.0,3.923076923076923,0.0014512289781123,10842.9579799508,4.035147774741962
M-25-N-10-pa-0.55-pe-1.00,LinearSearch With Preprocessing,25,10,0.55,zephyr,16,1.0,4.295384615384616,7.6,279.2,15.578242906485684,1,10.0,3.953846153846154,0.0019621721003204,7939.284681503042,3.89978137486156
M-25-N-10-pa-0.65-pe-1.00,LinearSearch With Preprocessing,25,10,0.65,zephyr,16,1.0,4.5397058823529415,8.3,308.7,25.39514816023875,1,10.0,4.397058823529412,0.0096548849251121,2630.290091967471,3.4200036490194576
M-25-N-25-pa-0.05-pe-1.00,LinearSearch With Preprocessing,22,23,0.05,zephyr,16,1.0,2.2888888888888888,3.0,61.8,1.0679990007774904,1,10.0,2.259259259259259,0.0027349609881639,390.4988060191625,2.5916197103261918
M-25-N-25-pa-0.15-pe-1.00,LinearSearch With Preprocessing,24,25,0.15,zephyr,16,1.0,2.5354166666666664,4.7,121.7,6.108436527661979,2,10.0,2.375,0.0038146940059959,1601.2913529786413,3.2044703584521326
M-25-N-25-pa-0.25-pe-1.00,LinearSearch With Preprocessing,25,25,0.25,zephyr,16,1.0,4.263973063973064,11.166666666666666,422.1333333333334,79.88974511581473,3,10.0,3.868686868686869,0.0185795067809522,4299.885139761524,3.6334568546879633
M-25-N-25-pa-0.35-pe-1.00,LinearSearch With Preprocessing,25,25,0.35,zephyr,16,1.0,5.219230769230769,15.4,610.65,62.24847322418354,2,10.0,4.914529914529915,0.0017900988459587,34773.76309690439,4.541251691079829
M-25-N-25-pa-0.45-pe-1.00,LinearSearch With Preprocessing,25,25,0.45,zephyr,16,1.0,5.713559322033898,17.35,674.2,64.04522180438508,2,10.0,4.970338983050848,0.0039325749967247,16285.823370549884,4.211809720300156
M-25-N-25-pa-0.55-pe-1.00,LinearSearch With Preprocessing,25,25,0.55,zephyr,16,1.0,6.4144000000000005,19.0,801.8,64.20858643148094,2,10.0,5.704,0.0460209399461746,1395.2037160732295,3.1446376243172462
M-25-N-25-pa-0.65-pe-1.00,LinearSearch With Preprocessing,25,25,0.65,zephyr,16,1.0,7.091240875912409,23.3,971.5,34.731676763203,1,10.0,5.956204379562044,0.0025866238866001,13427.416691580722,4.127992466540082
M-25-N-25-pa-0.75-pe-1.00,LinearSearch With Preprocessing,25,25,0.75,zephyr,16,1.0,6.909090909090909,21.2,912.0,34.37455255473033,1,10.0,5.651515151515151,0.0073460608255118,4679.317714151398,3.670182533719307
M-25-N-25-pa-0.85-pe-1.00,LinearSearch With Preprocessing,25,25,0.85,zephyr,16,1.0,7.399310344827586,24.6,1072.9,35.143804372102025,1,10.0,6.558620689655172,0.018967960961163,1852.7982233939829,3.267828125612467
M-25-N-5-pa-0.05-pe-1.00,LinearSearch With Preprocessing,8,5,0.05,zephyr,16,1.0,1.4272727272727272,2.0,15.7,0.1331544117070734,1,10.0,1.3636363636363635,0.0009209879208356,144.57780449681292,2.160101625434555
M-25-N-5-pa-0.15-pe-1.00,LinearSearch With Preprocessing,21,5,0.15,zephyr,16,1.0,2.5542857142857143,3.9,89.4,1.6545832571806387,1,10.0,2.4,0.0017518601380288,944.4722328678076,2.9751891943496402
M-25-N-5-pa-0.25-pe-1.00,LinearSearch With Preprocessing,16,5,0.25,zephyr,16,1.0,2.4483870967741934,3.6,75.9,1.3087233036523684,1,10.0,2.290322580645161,0.0017105161678045,765.1043161825537,2.8837206519564216
M-25-N-5-pa-0.35-pe-1.00,LinearSearch With Preprocessing,24,5,0.35,zephyr,16,1.0,3.330232558139535,5.3,143.2,3.635739216580987,1,10.0,3.0232558139534884,0.0021965519990772,1655.2028890976428,3.2188512357039967
M-25-N-5-pa-0.45-pe-1.00,LinearSearch With Preprocessing,25,5,0.45,zephyr,16,1.0,3.651111111111111,5.6,164.3,6.159029684332199,1,10.0,3.4,0.0074717588722705,824.30787566841,2.916089449234762
M-25-N-50-pa-0.05-pe-1.00,LinearSearch With Preprocessing,24,37,0.05,zephyr,16,1.0,2.479310344827586,3.3,71.9,1.5040736591210588,1,10.0,2.3793103448275863,0.0024259348865598,619.9975386124138,2.7923899653547224
M-25-N-50-pa-0.15-pe-1.00,LinearSearch With Preprocessing,25,49,0.15,zephyr,16,1.0,2.7288135593220337,5.6,161.0,4.6267568587092684,1,10.0,2.5254237288135597,0.0017964020371437,2575.568698135244,3.4108731383064423
M-25-N-50-pa-0.25-pe-1.00,LinearSearch With Preprocessing,25,50,0.25,zephyr,16,1.0,4.520101781170484,15.166666666666666,592.1333333333333,94.39470059261657,3,10.0,4.305343511450381,0.0305402551311999,3090.8288154113093,3.490074952465124
M-25-N-50-pa-0.35-pe-1.00,LinearSearch With Preprocessing,25,50,0.35,zephyr,16,1.0,6.0489010989011005,29.399999999999995,1100.9,102.13558997293003,3,10.0,5.736263736263736,0.0156691691372543,6518.251802106016,3.8141311333848695
M-25-N-50-pa-0.45-pe-1.00,LinearSearch With Preprocessing,25,50,0.45,zephyr,16,0.9,7.850694444444445,47.888888888888886,1758.5555555555557,76.4965070462087,2,10.0,7.339285714285714,0.003422019071877,22354.202421757884,4.349359179236099
M-25-N-50-pa-0.55-pe-1.00,LinearSearch With Preprocessing,25,50,0.55,zephyr,16,0.95,8.367342342342342,50.08333333333333,1857.55,75.59134705306496,2,10.0,7.7342342342342345,0.0053581960964947,14107.611158241998,4.1494534808964305
M-25-N-50-pa-0.65-pe-1.00,LinearSearch With Preprocessing,25,50,0.65,zephyr,16,1.0,9.238075313807531,53.0,2207.9,39.79630223351997,1,10.0,8.451882845188285,0.0025254930369555,15757.834860529594,4.197496544833678
M-25-N-50-pa-0.75-pe-1.00,LinearSearch With Preprocessing,25,50,0.75,zephyr,16,1.0,9.53127572016461,57.4,2316.1,43.880838376889,1,10.0,8.34156378600823,0.0036391660105437,12057.938065396242,4.081273048817308
M-25-N-50-pa-0.85-pe-1.00,LinearSearch With Preprocessing,25,50,0.85,zephyr,16,0.9,9.338765432098764,50.666666666666664,2101.222222222222,40.258420175057836,1,10.0,8.635555555555555,0.0143512829672545,2805.214019130607,3.4479660006302386
M-5-N-10-pa-0.05-pe-1.00,LinearSearch With Preprocessing,5,5,0.05,zephyr,16,1.0,1.2,2.0,6.0,0.08482800412457431,1,10.0,1.2,0.0006558150053024,129.34745821515958,2.1117578988947407
M-5-N-10-pa-0.15-pe-1.00,LinearSearch With Preprocessing,4,5,0.15,zephyr,16,1.0,1.0,1.0,4.0,0.06817756388336418,1,10.0,1.0,0.0004031639546155,169.10629765818044,2.2281597813904424
M-5-N-10-pa-0.25-pe-1.00,LinearSearch With Preprocessing,4,6,0.25,zephyr,16,1.0,1.0,1.0,4.0,0.0689806853421032,1,10.0,1.0,0.000390850007534,176.48889301764615,2.2467173791186426
M-5-N-10-pa-0.35-pe-1.00,LinearSearch With Preprocessing,5,9,0.35,zephyr,16,1.0,1.1666666666666667,2.0,7.0,0.08189644471276546,1,10.0,1.1666666666666667,0.0006384730804711,128.26922087939653,2.1081224568020107
M-5-N-10-pa-0.45-pe-1.00,LinearSearch With Preprocessing,5,10,0.45,zephyr,16,1.0,1.2222222222222223,2.0,11.0,0.08881579698063428,1,10.0,1.2222222222222223,0.0010825009085237,82.04685668089942,1.9140619473405007
M-5-N-10-pa-0.55-pe-1.00,LinearSearch With Preprocessing,5,7,0.55,zephyr,16,1.0,1.2454545454545456,2.0,13.7,0.10968743502162395,1,10.0,1.181818181818182,0.0008417139761149,130.31437994839288,2.1149923419456695
M-5-N-10-pa-0.65-pe-1.00,LinearSearch With Preprocessing,5,9,0.65,zephyr,16,1.0,1.2538461538461538,2.0,16.3,0.12709122092928732,1,10.0,1.2307692307692308,0.0006646660622209,191.21063638094742,2.2815120469030807
M-5-N-10-pa-0.75-pe-1.00,LinearSearch With Preprocessing,5,8,0.75,zephyr,16,1.0,1.2416666666666667,2.0,14.9,0.12724657370708878,1,10.0,1.1666666666666667,0.0007658789400011,166.14449999207645,2.220485969075095
M-5-N-25-pa-0.05-pe-1.00,LinearSearch With Preprocessing,5,10,0.05,zephyr,16,1.0,1.2,2.0,6.0,0.07523516968358306,1,10.0,1.2,0.0005439899396151,138.30250169426515,2.140830035951586
M-5-N-25-pa-0.15-pe-1.00,LinearSearch With Preprocessing,5,10,0.15,zephyr,16,1.0,1.2,2.0,6.0,0.07629853521939364,1,10.0,1.2,0.0005103149451315,149.51264076779114,2.174677912289016
M-5-N-25-pa-0.25-pe-1.00,LinearSearch With Preprocessing,5,12,0.25,zephyr,16,1.0,1.2,2.0,6.0,0.07623116567265237,1,10.0,1.2,0.0005640911404043,135.13980290999703,2.130783281213248
M-5-N-25-pa-0.35-pe-1.00,LinearSearch With Preprocessing,5,14,0.35,zephyr,16,1.0,1.2,2.0,6.0,0.07746649943292136,1,10.0,1.2,0.000479273032397,161.6333363966942,2.2085309376324482
M-5-N-25-pa-0.45-pe-1.00,LinearSearch With Preprocessing,5,15,0.45,zephyr,16,1.0,1.1666666666666667,2.0,7.0,0.07857994632795448,1,10.0,1.1666666666666667,0.0005876100622117,133.72804730140277,2.126222503084865
M-5-N-25-pa-0.55-pe-1.00,LinearSearch With Preprocessing,5,20,0.55,zephyr,16,1.0,1.1666666666666667,2.0,7.0,0.07977093132212754,1,10.0,1.1666666666666667,0.0006183551158756,129.00504765803655,2.110606703538368
M-5-N-25-pa-0.65-pe-1.00,LinearSearch With Preprocessing,5,18,0.65,zephyr,16,1.0,1.157142857142857,2.0,8.1,0.08440633020363744,1,10.0,1.1428571428571428,0.0005612131208181,150.39978026564242,2.17724720175619
M-5-N-25-pa-0.75-pe-1.00,LinearSearch With Preprocessing,5,12,0.75,zephyr,16,1.0,1.2,2.0,12.0,0.0953700203914195,1,10.0,1.2,0.0007152801845222,133.3323952232695,2.124935680981923
M-5-N-25-pa-0.85-pe-1.00,LinearSearch With Preprocessing,5,10,0.85,zephyr,16,1.0,1.3,2.1,19.5,0.17173700316343452,1,10.0,1.2666666666666666,0.0010143858380615,169.30145961257102,2.2286607023462706
M-5-N-5-pa-0.05-pe-1.00,LinearSearch With Preprocessing,2,2,0.05,zephyr,16,1.0,1.0,1.0,2.0,0.0627675245981663,1,10.0,1.0,0.0006711098831146,93.5279394386747,1.9709413662964144
M-5-N-5-pa-0.15-pe-1.00,LinearSearch With Preprocessing,4,4,0.15,zephyr,16,1.0,1.0,1.0,4.0,0.06836408041417595,1,10.0,1.0,0.000424635130912,160.99487601591923,2.206812053967247
M-5-N-5-pa-0.25-pe-1.00,LinearSearch With Preprocessing,5,5,0.25,zephyr,16,1.0,1.1666666666666667,2.0,7.0,0.07925198536831883,1,10.0,1.1666666666666667,0.0005269679240882,150.39242730960186,2.1772259688378894
M-5-N-5-pa-0.35-pe-1.00,LinearSearch With Preprocessing,5,5,0.35,zephyr,16,1.0,1.2,2.0,6.0,0.07745070368982848,1,10.0,1.2,0.0004162609111517,186.0628789032268,2.2696597364057483
M-5-N-5-pa-0.45-pe-1.00,LinearSearch With Preprocessing,4,4,0.45,zephyr,16,1.0,1.06,1.3,5.3,0.07048374873120335,1,10.0,1.0,0.0009264559485018,76.07889913072053,1.8812642196963967
M-5-N-50-pa-0.05-pe-1.00,LinearSearch With Preprocessing,5,8,0.05,zephyr,16,1.0,1.2,2.0,6.0,0.07586388390045606,1,10.0,1.2,0.0005306389648467,142.96704309945628,2.1552359350257286
M-5-N-50-pa-0.15-pe-1.00,LinearSearch With Preprocessing,5,16,0.15,zephyr,16,1.0,1.2,2.0,6.0,0.07768589761108155,1,10.0,1.2,0.0005716341547667,135.901427210706,2.1332240176393316
M-5-N-50-pa-0.25-pe-1.00,LinearSearch With Preprocessing,5,19,0.25,zephyr,16,1.0,1.2,2.0,6.0,0.0773376725846901,1,10.0,1.2,0.0005924180150032,130.54578101195415,2.115762840830721
M-5-N-50-pa-0.35-pe-1.00,LinearSearch With Preprocessing,5,22,0.35,zephyr,16,1.0,1.2,2.0,6.0,0.07871096157468851,1,10.0,1.2,0.0006251609884202,125.90510749509225,2.100043348158997
M-5-N-50-pa-0.45-pe-1.00,LinearSearch With Preprocessing,5,29,0.45,zephyr,16,1.0,1.2,2.0,6.0,0.07561338371597227,1,10.0,1.2,0.000660239951685,114.52409598733776,2.058896872300533
M-5-N-50-pa-0.55-pe-1.00,LinearSearch With Preprocessing,5,24,0.55,zephyr,16,1.0,1.2,2.0,6.0,0.076059385552071,1,10.0,1.2,0.0007064789533615,107.65980371037632,2.032053583663178
M-5-N-50-pa-0.65-pe-1.00,LinearSearch With Preprocessing,5,23,0.65,zephyr,16,1.0,1.2,2.0,6.0,0.07491862175520504,1,10.0,1.2,0.0005509010516107,135.99288184360591,2.1335161770749376
M-5-N-50-pa-0.75-pe-1.00,LinearSearch With Preprocessing,5,14,0.75,zephyr,16,1.0,1.2,2.0,9.6,0.08783284681849178,1,10.0,1.125,0.0012077179271727,72.72629209983207,1.8616914459342473
M-5-N-50-pa-0.85-pe-1.00,LinearSearch With Preprocessing,5,13,0.85,zephyr,16,1.0,1.2363636363636366,2.0,13.6,0.11179103776812549,1,10.0,1.181818181818182,0.0007176059298217,155.78332475613507,2.1925209683983526
M-5-N-50-pa-0.95-pe-1.00,LinearSearch With Preprocessing,5,7,0.95,zephyr,16,1.0,1.3384615384615386,2.0,17.4,0.14847275917418298,1,10.0,1.3076923076923077,0.0010656050872057,139.33187896482943,2.1440504938464864
M-50-N-10-pa-0.05-pe-1.00,LinearSearch With Preprocessing,21,10,0.05,zephyr,16,1.0,2.172727272727273,3.0,71.7,1.4826709683053196,1,10.0,2.090909090909091,0.024531627073884,60.43916140496485,1.7813184298611435
M-50-N-10-pa-0.15-pe-1.00,LinearSearch With Preprocessing,39,10,0.15,zephyr,16,1.0,4.292857142857143,7.4,300.5,38.57891645906493,2,10.0,3.8857142857142857,0.0049238819628953,7835.061185858528,3.8940423923268885
M-50-N-10-pa-0.25-pe-1.00,LinearSearch With Preprocessing,47,10,0.25,zephyr,16,1.0,6.025287356321838,11.5,524.2,59.47872298436705,2,10.0,5.436781609195402,0.0137870959006249,4314.086404328056,3.634888839085287
M-50-N-10-pa-0.35-pe-1.00,LinearSearch With Preprocessing,49,10,0.35,zephyr,16,1.0,7.225531914893617,13.6,679.2,30.821627966081724,1,10.0,6.73404255319149,0.0019898468162864,15489.447578740705,4.190035929199974
M-50-N-10-pa-0.45-pe-1.00,LinearSearch With Preprocessing,50,10,0.45,zephyr,16,1.0,8.774000000000001,16.3,877.4,31.586695225094445,1,10.0,7.98,0.0094068488106131,3357.8402138343617,3.526060025958955
M-50-N-10-pa-0.55-pe-1.00,LinearSearch With Preprocessing,50,10,0.55,zephyr,16,1.0,9.260396039603961,17.8,935.3,32.175614284188484,1,10.0,7.920792079207921,0.0160874100401997,2000.0493679086348,3.3010407156368413
M-50-N-10-pa-0.65-pe-1.00,LinearSearch With Preprocessing,50,10,0.65,zephyr,16,1.0,10.214285714285715,20.3,1072.5,31.08398914972786,1,10.0,9.028571428571428,0.0605381538625806,513.4611342753186,2.7105075758620925
M-50-N-25-pa-0.05-pe-1.00,LinearSearch With Preprocessing,41,25,0.05,zephyr,16,1.0,3.8661764705882353,7.1,262.9,13.991725219902582,1,10.0,3.588235294117647,0.0067836639937013,2062.561652645455,3.31440693904189
M-50-N-25-pa-0.15-pe-1.00,LinearSearch With Preprocessing,50,25,0.15,zephyr,16,1.0,6.671916010498688,16.333333333333332,847.3333333333334,94.45748485885561,3,10.0,6.133858267716536,0.0446713319979608,2114.4989556401183,3.325207474983115
M-50-N-25-pa-0.25-pe-1.00,LinearSearch With Preprocessing,50,25,0.25,zephyr,16,1.0,10.123489932885906,29.0,1508.4,63.98517142904457,2,10.0,9.06711409395973,0.0042791510932147,14952.772178470359,4.174721716419844
M-50-N-25-pa-0.35-pe-1.00,LinearSearch With Preprocessing,50,25,0.35,zephyr,16,1.0,12.779041916167664,37.900000000000006,2134.1,67.89529218352399,2,10.0,11.407185628742514,0.0129734410438686,5233.4066149997025,3.718784479014515
M-50-N-25-pa-0.45-pe-1.00,LinearSearch With Preprocessing,50,25,0.45,zephyr,16,1.0,14.727142857142857,43.65,2577.25,71.26960521163419,2,10.0,12.348571428571429,0.1000351051334291,712.4459470089097,2.8527519201805474
M-50-N-25-pa-0.55-pe-1.00,LinearSearch With Preprocessing,50,25,0.55,zephyr,16,1.0,14.817415730337078,42.0,2637.5,36.43339084612671,1,10.0,13.668539325842696,0.0045045979786664,8088.0449288895,3.907843555084761
M-50-N-25-pa-0.65-pe-1.00,LinearSearch With Preprocessing,50,25,0.65,zephyr,16,1.0,16.290860215053762,50.9,3030.1,35.969739632005805,1,10.0,14.06989247311828,0.0139154540374875,2584.877182772502,3.4124399129575056
M-50-N-25-pa-0.75-pe-1.00,LinearSearch With Preprocessing,50,25,0.75,zephyr,16,0.8,17.944095477386934,62.375,3570.875,39.73976312985178,1,10.0,15.206030150753769,0.0683498550206422,581.4169337633363,2.7644876764417776
M-50-N-5-pa-0.05-pe-1.00,LinearSearch With Preprocessing,15,5,0.05,zephyr,16,1.0,1.95,3.0,46.8,0.6419915737584233,1,10.0,1.8333333333333333,0.0008152250666171,787.5022484710418,2.896251802458724
M-50-N-5-pa-0.15-pe-1.00,LinearSearch With Preprocessing,34,5,0.15,zephyr,16,1.0,3.7520000000000002,6.0,187.6,8.10150513087865,1,10.0,3.4,0.0060092159546911,1348.180060529531,3.129747899671218
M-50-N-5-pa-0.25-pe-1.00,LinearSearch With Preprocessing,39,5,0.25,zephyr,16,1.0,4.845000000000001,7.7,290.7,15.362769745034166,1,10.0,4.683333333333334,0.0054949130862951,2795.816694636124,3.446508693855607
M-50-N-50-pa-0.05-pe-1.00,LinearSearch With Preprocessing,45,48,0.05,zephyr,16,1.0,4.008108108108108,7.8,296.6,18.605669197882527,1,10.0,3.6486486486486487,0.015680351993069,1186.5594091841824,3.074289487547013
M-50-N-50-pa-0.15-pe-1.00,LinearSearch With Preprocessing,50,50,0.15,zephyr,16,1.0,8.375825242718447,34.6,1725.42,166.80762415048667,5,10.0,7.622330097087378,0.4722636910155415,353.20865720469726,2.5480313396681384
M-50-N-50-pa-0.25-pe-1.00,LinearSearch With Preprocessing,50,50,0.25,zephyr,16,1.0,11.70506072874494,51.95,2891.1499999999996,140.63429003776983,4,10.0,11.133603238866396,0.964678772026673,145.78354382378342,2.163708503200896
M-50-N-50-pa-0.35-pe-1.00,LinearSearch With Preprocessing,50,50,0.35,zephyr,16,0.9,15.48664343786295,74.88888888888889,4444.666666666667,116.61739590540529,3,10.0,14.121951219512193,0.1565399540122598,744.9688907889109,2.8721381373915147
M-50-N-50-pa-0.45-pe-1.00,LinearSearch With Preprocessing,50,50,0.45,zephyr,16,0.35,17.15388888888889,84.5,5146.166666666666,85.12992223382462,2,10.0,16.673333333333332,0.0330474260263145,2575.992519461657,3.4109445975227013
M-50-N-50-pa-0.55-pe-1.00,LinearSearch With Preprocessing,50,50,0.55,zephyr,16,0.0,,,,91.00468813425395,2,10.0,,0.2603020560927689,349.6118682269311,2.5435861671488085
M-50-N-50-pa-0.65-pe-1.00,LinearSearch With Preprocessing,50,50,0.65,zephyr,16,0.0,,,,98.59015923007391,2,10.0,,1.2274657760281116,80.32008806715248,1.904824175984432
M-50-N-50-pa-0.75-pe-1.00,LinearSearch With Preprocessing,50,50,0.75,zephyr,16,0.0,,,,65.68358576835598,1,10.0,,0.0220239411573857,2982.37201489011,3.4745618154875264
M-50-N-50-pa-0.85-pe-1.00,LinearSearch With Preprocessing,50,50,0.85,zephyr,16,0.0,,,,62.53183286224957,1,10.0,,0.1089125829748809,574.147000774901,2.75902310050231
M-10-N-10-pa-0.05-pe-1.00,LinearSearch With Preprocessing and Reduced Qubits,5,6,0.05,zephyr,16,1.0,1.2,2.0,6.0,0.07756465289276089,1,10.0,1.2,0.0004716061521321,164.46912827075545,2.2160843905596703
M-10-N-10-pa-0.15-pe-1.00,LinearSearch With Preprocessing and Reduced Qubits,10,9,0.15,zephyr,16,1.0,1.5266666666666668,2.0,22.9,0.37979526307899497,2,10.0,1.4666666666666666,0.0013284040614962,285.90341884781867,2.4562193487059827
M-10-N-10-pa-0.25-pe-1.00,LinearSearch With Preprocessing and Reduced Qubits,9,10,0.25,zephyr,16,1.0,1.4923076923076923,2.0,19.4,0.1864303394220769,1,10.0,1.4615384615384617,0.0008463929407298,220.2645251755802,2.3429445572480665
M-10-N-10-pa-0.35-pe-1.00,LinearSearch With Preprocessing and Reduced Qubits,10,10,0.35,zephyr,16,1.0,1.5842105263157895,2.5,30.1,0.28609324558638033,1,10.0,1.4736842105263157,0.0007756720297038,368.83274665298404,2.5668294727392373
M-10-N-10-pa-0.45-pe-1.00,LinearSearch With Preprocessing and Reduced Qubits,10,10,0.45,zephyr,16,1.0,1.5791666666666666,2.5,32.65,0.6787791435141116,2,10.0,1.5061274509803924,0.0017262550536543,393.20906935739225,2.59462352626767
M-10-N-10-pa-0.55-pe-1.00,LinearSearch With Preprocessing and Reduced Qubits,10,10,0.55,zephyr,16,1.0,1.7124756335282652,2.9000000000000004,39.900000000000006,0.8673345079645515,2,10.0,1.6072124756335282,0.0020302031189203,427.215631507157,2.630647134828829
M-10-N-10-pa-0.65-pe-1.00,LinearSearch With Preprocessing and Reduced Qubits,10,10,0.65,zephyr,16,1.0,1.6529411764705881,2.5,28.1,0.28964738487266006,1,10.0,1.5294117647058822,0.0010380870662629,279.020319207296,2.4456358312259274
M-10-N-10-pa-0.75-pe-1.00,LinearSearch With Preprocessing and Reduced Qubits,10,10,0.75,zephyr,16,1.0,1.7588235294117645,2.8,29.9,0.3545846291119233,1,10.0,1.7058823529411764,0.0033400568645447,106.16125514800098,2.0259660445658594
M-10-N-25-pa-0.05-pe-1.00,LinearSearch With Preprocessing and Reduced Qubits,9,11,0.05,zephyr,16,1.0,1.6333333333333335,2.0,14.7,0.14046333681326356,1,10.0,1.5555555555555556,0.0006407799664884,219.2068165985641,2.3408540551307144
M-10-N-25-pa-0.15-pe-1.00,LinearSearch With Preprocessing and Reduced Qubits,10,21,0.15,zephyr,16,1.0,1.5692307692307692,2.0,20.4,0.1690812338143587,1,10.0,1.5384615384615383,0.0008783668745309,192.4950024010902,2.2844194587416147
M-10-N-25-pa-0.25-pe-1.00,LinearSearch With Preprocessing and Reduced Qubits,10,24,0.25,zephyr,16,1.0,1.546153846153846,2.0,20.1,0.1659133364912122,1,10.0,1.5384615384615383,0.0009035978000611,183.6141437001941,2.263906131630172
M-10-N-25-pa-0.35-pe-1.00,LinearSearch With Preprocessing and Reduced Qubits,10,25,0.35,zephyr,16,1.0,1.625,2.0,19.5,0.19844594171736388,1,10.0,1.5,0.0008877338841557,223.54215045261944,2.349359424485976
M-10-N-25-pa-0.45-pe-1.00,LinearSearch With Preprocessing and Reduced Qubits,10,25,0.45,zephyr,16,1.0,1.5785714285714287,3.0,44.2,0.9396695481147617,2,10.0,1.5357142857142858,0.0018612260464578,504.8658917052186,2.7031760311344954
M-10-N-25-pa-0.55-pe-1.00,LinearSearch With Preprocessing and Reduced Qubits,10,25,0.55,zephyr,16,1.0,1.7378787878787878,3.2,48.55,1.4628721107495948,2,10.0,1.5984848484848486,0.0012604820076376,1160.5656413380698,3.0646697090875366
M-10-N-25-pa-0.65-pe-1.00,LinearSearch With Preprocessing and Reduced Qubits,10,25,0.65,zephyr,16,1.0,1.685,3.0,33.7,0.408691418543458,1,10.0,1.55,0.0010089969728142,405.04721931774174,2.607505655052169
M-10-N-25-pa-0.75-pe-1.00,LinearSearch With Preprocessing and Reduced Qubits,10,22,0.75,zephyr,16,1.0,1.7913043478260868,3.0,41.2,0.6298400723841041,1,10.0,1.7391304347826086,0.0015025539323687,419.1796769464465,2.622400218623378
M-10-N-25-pa-0.85-pe-1.00,LinearSearch With Preprocessing and Reduced Qubits,10,21,0.85,zephyr,16,1.0,1.7736842105263158,3.0,33.7,0.5452662870055065,1,10.0,1.736842105263158,0.0028012790717184,194.64904168807877,2.289252269906486
M-10-N-5-pa-0.05-pe-1.00,LinearSearch With Preprocessing and Reduced Qubits,6,5,0.05,zephyr,16,1.0,1.3,2.0,9.1,0.08832560412120069,1,10.0,1.2857142857142858,0.000561132794246,157.40588479145805,2.197020964906504
M-10-N-5-pa-0.15-pe-1.00,LinearSearch With Preprocessing and Reduced Qubits,8,5,0.15,zephyr,16,1.0,1.4181818181818182,2.0,15.6,0.13726361200679088,1,10.0,1.3636363636363635,0.0007028528489172,195.29494975080672,2.2906910127548405
M-10-N-5-pa-0.25-pe-1.00,LinearSearch With Preprocessing and Reduced Qubits,7,5,0.25,zephyr,16,1.0,1.3444444444444443,2.0,12.1,0.10551868265029041,1,10.0,1.3333333333333333,0.000760270981118,138.79088526610778,2.142360945887995
M-10-N-5-pa-0.45-pe-1.00,LinearSearch With Preprocessing and Reduced Qubits,9,5,0.45,zephyr,16,1.0,1.5071428571428571,2.0,21.1,0.18425614461302756,1,10.0,1.5,0.0010972078889608,167.93184436507332,2.2251330577883826
M-10-N-5-pa-0.55-pe-1.00,LinearSearch With Preprocessing and Reduced Qubits,10,5,0.55,zephyr,16,1.0,1.592857142857143,2.0,22.3,0.21592291237320746,1,10.0,1.5714285714285714,0.0013913670554757,155.187598677329,2.190857013050507
M-10-N-50-pa-0.05-pe-1.00,LinearSearch With Preprocessing and Reduced Qubits,10,22,0.05,zephyr,16,1.0,1.72,2.0,17.2,0.15328722577542062,1,10.0,1.7,0.0008135489188134,188.41795747277177,2.275122291557791
M-10-N-50-pa-0.15-pe-1.00,LinearSearch With Preprocessing and Reduced Qubits,10,36,0.15,zephyr,16,1.0,1.72,2.0,17.2,0.16488693943247196,1,10.0,1.7,0.0008703300263732,189.45335016203913,2.277502289444856
M-10-N-50-pa-0.25-pe-1.00,LinearSearch With Preprocessing and Reduced Qubits,10,45,0.25,zephyr,16,1.0,1.6333333333333333,2.0,19.6,0.17440455916803327,1,10.0,1.5833333333333333,0.0013078558258712,133.35151748741566,2.124997962155578
M-10-N-50-pa-0.35-pe-1.00,LinearSearch With Preprocessing and Reduced Qubits,10,46,0.35,zephyr,16,1.0,1.3863636363636362,2.1,30.5,0.42983027095906423,2,10.0,1.3636363636363635,0.0014712840784341,292.14634819156737,2.4656004620313
M-10-N-50-pa-0.45-pe-1.00,LinearSearch With Preprocessing and Reduced Qubits,10,46,0.45,zephyr,16,1.0,1.8625,4.0,74.5,1.910989825287834,2,10.0,1.75,0.0014524541329592,1315.6971918133659,3.1191559477457416
M-10-N-50-pa-0.55-pe-1.00,LinearSearch With Preprocessing and Reduced Qubits,10,48,0.55,zephyr,16,1.0,2.0626126126126128,5.433333333333334,116.36666666666667,17.3549176835455,3,10.0,1.9363738738738736,0.0047015969175845,3691.281490964246,3.567177165030705
M-10-N-50-pa-0.65-pe-1.00,LinearSearch With Preprocessing and Reduced Qubits,10,47,0.65,zephyr,16,1.0,1.9816666666666665,4.3,81.75,4.098912017513067,2,10.0,1.8566666666666667,0.0019774779211729,2072.797866187595,3.3165569528998016
M-10-N-50-pa-0.75-pe-1.00,LinearSearch With Preprocessing and Reduced Qubits,10,48,0.75,zephyr,16,1.0,1.8305683563748079,3.15,48.2,1.4433104022638872,2,10.0,1.705069124423963,0.0026195000391453,550.9869746685816,2.741141332252407
M-10-N-50-pa-0.85-pe-1.00,LinearSearch With Preprocessing and Reduced Qubits,10,29,0.85,zephyr,16,1.0,1.8050000000000002,3.0,36.1,0.5160655986983329,1,10.0,1.65,0.0021144880447536,244.0617244134894,2.3874996754466786
M-10-N-50-pa-0.95-pe-1.00,LinearSearch With Preprocessing and Reduced Qubits,10,16,0.95,zephyr,16,1.0,1.764705882352941,2.8,30.0,0.3053346230648458,1,10.0,1.7058823529411764,0.0030071141663938,101.53742294708839,2.0066261366742846
M-25-N-10-pa-0.05-pe-1.00,LinearSearch With Preprocessing and Reduced Qubits,12,9,0.05,zephyr,16,1.0,1.588235294117647,2.0,27.0,0.23430828454438593,1,10.0,1.588235294117647,0.0010182480327785,230.1092432999042,2.3619340642746516
M-25-N-10-pa-0.15-pe-1.00,LinearSearch With Preprocessing and Reduced Qubits,20,10,0.15,zephyr,16,1.0,2.3558823529411765,3.8,80.1,1.575726177659817,1,10.0,2.2058823529411766,0.0011958058457821,1317.7107152470264,3.1198200775104863
M-25-N-10-pa-0.25-pe-1.00,LinearSearch With Preprocessing and Reduced Qubits,24,10,0.25,zephyr,16,1.0,2.856818181818182,4.6,125.7,3.7506203177617863,1,10.0,2.613636363636364,0.0012443189043551,3014.1953976753616,3.479171402385352
M-25-N-10-pa-0.35-pe-1.00,LinearSearch With Preprocessing and Reduced Qubits,23,10,0.35,zephyr,16,1.0,2.875757575757576,4.0,94.9,2.697603023517877,1,10.0,2.757575757575758,0.0012732530012726,2118.6700669097086,3.3260633308134517
M-25-N-10-pa-0.45-pe-1.00,LinearSearch With Preprocessing and Reduced Qubits,25,10,0.45,zephyr,16,1.0,3.242857142857143,4.6,113.5,3.242693113978021,1,10.0,3.057142857142857,0.0014512289781123,2234.4462249930666,3.3491699072311065
M-25-N-10-pa-0.55-pe-1.00,LinearSearch With Preprocessing and Reduced Qubits,25,10,0.55,zephyr,16,1.0,3.2628571428571425,4.5,114.2,2.8784635790856554,1,10.0,3.085714285714286,0.0019621721003204,1466.9781397608588,3.166423642233367
M-25-N-10-pa-0.65-pe-1.00,LinearSearch With Preprocessing and Reduced Qubits,25,10,0.65,zephyr,16,1.0,3.38,4.7,118.3,3.012045156490058,1,10.0,3.2857142857142856,0.0096548849251121,311.9711088781428,2.4941143765962446
M-25-N-25-pa-0.05-pe-1.00,LinearSearch With Preprocessing and Reduced Qubits,22,23,0.05,zephyr,16,1.0,2.2888888888888888,3.0,61.8,1.0701625765068457,1,10.0,2.259259259259259,0.0027349609881639,391.28988703930406,2.5924986236235967
M-25-N-25-pa-0.15-pe-1.00,LinearSearch With Preprocessing and Reduced Qubits,24,25,0.15,zephyr,16,1.0,2.5354166666666664,4.7,121.7,6.5568187274504455,2,10.0,2.375,0.0038146940059959,1718.8321567668777,3.235233470085107
M-25-N-25-pa-0.25-pe-1.00,LinearSearch With Preprocessing and Reduced Qubits,25,25,0.25,zephyr,16,1.0,3.8305317732115682,8.533333333333333,310.76666666666665,54.1384589388268,3,10.0,3.5223078386605784,0.0185795067809522,2913.8803077063344,3.464471708459969
M-25-N-25-pa-0.35-pe-1.00,LinearSearch With Preprocessing and Reduced Qubits,25,25,0.35,zephyr,16,1.0,3.5839999999999996,6.8,227.95,30.58821245629806,2,10.0,3.2800000000000002,0.0017900988459587,17087.443248324584,4.232677085177625
M-25-N-25-pa-0.45-pe-1.00,LinearSearch With Preprocessing and Reduced Qubits,25,25,0.45,zephyr,16,1.0,3.823666666666666,6.8999999999999995,242.75,26.935821613646112,2,10.0,3.546666666666667,0.0039325749967247,6849.410787901204,3.8356532134531367
M-25-N-25-pa-0.55-pe-1.00,LinearSearch With Preprocessing and Reduced Qubits,25,25,0.55,zephyr,16,1.0,3.934344422700587,7.050000000000001,244.35,30.762918867822734,2,10.0,3.74853228962818,0.0460209399461746,668.4548143330868,2.825072055503707
M-25-N-25-pa-0.65-pe-1.00,LinearSearch With Preprocessing and Reduced Qubits,25,25,0.65,zephyr,16,1.0,3.556,5.8,177.8,8.662463057925924,1,10.0,3.44,0.0025866238866001,3348.945743311394,3.5249081115377243
M-25-N-25-pa-0.75-pe-1.00,LinearSearch With Preprocessing and Reduced Qubits,25,25,0.75,zephyr,16,1.0,3.606382978723404,5.8,169.5,8.170438556163571,1,10.0,3.3617021276595747,0.0073460608255118,1112.2203789378664,3.0461908482838043
M-25-N-25-pa-0.85-pe-1.00,LinearSearch With Preprocessing and Reduced Qubits,25,25,0.85,zephyr,16,1.0,3.7122448979591836,5.9,181.9,9.526261412468738,1,10.0,3.5510204081632653,0.018967960961163,502.2290709829897,2.7009018477678017
M-25-N-5-pa-0.05-pe-1.00,LinearSearch With Preprocessing and Reduced Qubits,8,5,0.05,zephyr,16,1.0,1.4272727272727272,2.0,15.7,0.13547884200233964,1,10.0,1.3636363636363635,0.0009209879208356,147.10164899048823,2.1676175411430796
M-25-N-5-pa-0.15-pe-1.00,LinearSearch With Preprocessing and Reduced Qubits,21,5,0.15,zephyr,16,1.0,2.413333333333333,3.3,72.4,1.4172632955946027,1,10.0,2.3,0.0017518601380288,809.0048195173322,2.907951108860475
M-25-N-5-pa-0.25-pe-1.00,LinearSearch With Preprocessing and Reduced Qubits,16,5,0.25,zephyr,16,1.0,2.1333333333333333,3.0,44.8,0.6727172506041825,1,10.0,2.0,0.0017105161678045,393.2831871880829,2.594705380767086
M-25-N-5-pa-0.35-pe-1.00,LinearSearch With Preprocessing and Reduced Qubits,24,5,0.35,zephyr,16,1.0,2.9172413793103447,4.0,84.6,1.982717743027024,1,10.0,2.7586206896551726,0.0021965519990772,902.6500364923477,2.9555194040460955
M-25-N-5-pa-0.45-pe-1.00,LinearSearch With Preprocessing and Reduced Qubits,25,5,0.45,zephyr,16,1.0,3.05,4.0,91.5,2.192162068001926,1,10.0,2.933333333333333,0.0074717588722705,293.393042412567,2.4674498106742746
M-25-N-50-pa-0.05-pe-1.00,LinearSearch With Preprocessing and Reduced Qubits,24,37,0.05,zephyr,16,1.0,2.479310344827586,3.3,71.9,1.498991544288583,1,10.0,2.3793103448275863,0.0024259348865598,617.9026287867061,2.7909200428684238
M-25-N-50-pa-0.15-pe-1.00,LinearSearch With Preprocessing and Reduced Qubits,25,49,0.15,zephyr,16,1.0,2.7288135593220337,5.6,161.0,4.93542383252643,1,10.0,2.5254237288135597,0.0017964020371437,2747.3938059135235,3.4389209147818485
M-25-N-50-pa-0.25-pe-1.00,LinearSearch With Preprocessing and Reduced Qubits,25,50,0.25,zephyr,16,1.0,4.4472,14.566666666666668,555.9,93.77844226364978,3,10.0,4.176,0.0305402551311999,3070.6502567745465,3.487230353661342
M-25-N-50-pa-0.35-pe-1.00,LinearSearch With Preprocessing and Reduced Qubits,25,50,0.35,zephyr,16,1.0,5.110389127780432,17.633333333333333,682.7999999999998,96.6859841683181,3,10.0,4.562509953814302,0.0156691691372543,6170.460176619798,3.79031755377624
M-25-N-50-pa-0.45-pe-1.00,LinearSearch With Preprocessing and Reduced Qubits,25,50,0.45,zephyr,16,1.0,4.664,12.600000000000001,491.4,53.17152023056988,2,10.0,4.258666666666667,0.003422019071877,15538.054902150763,4.191396651650599
M-25-N-50-pa-0.55-pe-1.00,LinearSearch With Preprocessing and Reduced Qubits,25,50,0.55,zephyr,16,1.0,4.650679270915884,11.8,472.65,56.485206772224046,2,10.0,4.292992188384467,0.0053581960964947,10541.832688548762,4.022916119162512
M-25-N-50-pa-0.65-pe-1.00,LinearSearch With Preprocessing and Reduced Qubits,25,50,0.65,zephyr,16,1.0,3.79041095890411,8.0,276.7,22.33678799192421,1,10.0,3.589041095890411,0.0025254930369555,8844.52566537536,3.9466745465240085
M-25-N-50-pa-0.75-pe-1.00,LinearSearch With Preprocessing and Reduced Qubits,25,50,0.75,zephyr,16,1.0,3.9183098591549297,7.6,278.2,20.448397795297204,1,10.0,3.76056338028169,0.0036391660105437,5618.979109618356,3.749657417466991
M-25-N-50-pa-0.85-pe-1.00,LinearSearch With Preprocessing and Reduced Qubits,25,50,0.85,zephyr,16,1.0,3.8,7.5,247.0,23.32406000199262,1,10.0,3.661538461538461,0.0143512829672545,1625.2247310283124,3.2109134223594182
M-5-N-10-pa-0.05-pe-1.00,LinearSearch With Preprocessing and Reduced Qubits,5,5,0.05,zephyr,16,1.0,1.2,2.0,6.0,0.0755427627591416,1,10.0,1.2,0.0006558150053024,115.1891341813981,2.0614115139225975
M-5-N-10-pa-0.15-pe-1.00,LinearSearch With Preprocessing and Reduced Qubits,4,5,0.15,zephyr,16,1.0,1.0,1.0,4.0,0.07009941774886098,1,10.0,1.0,0.0004031639546155,173.87322644416963,2.2402327131029836
M-5-N-10-pa-0.25-pe-1.00,LinearSearch With Preprocessing and Reduced Qubits,4,6,0.25,zephyr,16,1.0,1.0,1.0,4.0,0.0735007101902738,1,10.0,1.0,0.000390850007534,188.05349516547338,2.274281409643998
M-5-N-10-pa-0.35-pe-1.00,LinearSearch With Preprocessing and Reduced Qubits,5,9,0.35,zephyr,16,1.0,1.1666666666666667,2.0,7.0,0.07891568823251868,1,10.0,1.1666666666666667,0.0006384730804711,123.60065055630812,2.0920207566181
M-5-N-10-pa-0.45-pe-1.00,LinearSearch With Preprocessing and Reduced Qubits,5,10,0.45,zephyr,16,1.0,1.2222222222222223,2.0,11.0,0.09269774325657631,1,10.0,1.2222222222222223,0.0010825009085237,85.63294722529452,1.9326408913773472
M-5-N-10-pa-0.55-pe-1.00,LinearSearch With Preprocessing and Reduced Qubits,5,7,0.55,zephyr,16,1.0,1.2444444444444445,2.0,11.2,0.09697352303192017,1,10.0,1.2222222222222223,0.0008417139761149,115.20959098756012,2.06148863481729
M-5-N-10-pa-0.65-pe-1.00,LinearSearch With Preprocessing and Reduced Qubits,5,9,0.65,zephyr,16,1.0,1.22,2.0,12.2,0.10228068707510822,1,10.0,1.2,0.0006646660622209,153.8828183576382,2.1871901317978586
M-5-N-10-pa-0.75-pe-1.00,LinearSearch With Preprocessing and Reduced Qubits,5,8,0.75,zephyr,16,1.0,1.2444444444444445,2.0,11.2,0.09915437039453533,1,10.0,1.2222222222222223,0.0007658789400011,129.46480845253183,2.112151733117468
M-5-N-25-pa-0.05-pe-1.00,LinearSearch With Preprocessing and Reduced Qubits,5,10,0.05,zephyr,16,1.0,1.2,2.0,6.0,0.07627493850886817,1,10.0,1.2,0.0005439899396151,140.21387679085134,2.146790997341471
M-5-N-25-pa-0.15-pe-1.00,LinearSearch With Preprocessing and Reduced Qubits,5,10,0.15,zephyr,16,1.0,1.2,2.0,6.0,0.07468580810818816,1,10.0,1.2,0.0005103149451315,146.35238233634416,2.165399796315136
M-5-N-25-pa-0.25-pe-1.00,LinearSearch With Preprocessing and Reduced Qubits,5,12,0.25,zephyr,16,1.0,1.2,2.0,6.0,0.08202947443351145,1,10.0,1.2,0.0005640911404043,145.41883112948696,2.162620649486198
M-5-N-25-pa-0.35-pe-1.00,LinearSearch With Preprocessing and Reduced Qubits,5,14,0.35,zephyr,16,1.0,1.2,2.0,6.0,0.0794508650898933,1,10.0,1.2,0.000479273032397,165.77370215628454,2.2195156365076523
M-5-N-25-pa-0.45-pe-1.00,LinearSearch With Preprocessing and Reduced Qubits,5,15,0.45,zephyr,16,1.0,1.1666666666666667,2.0,7.0,0.07958313447888936,1,10.0,1.1666666666666667,0.0005876100622117,135.43528176476738,2.131731815608268
M-5-N-25-pa-0.55-pe-1.00,LinearSearch With Preprocessing and Reduced Qubits,5,20,0.55,zephyr,16,1.0,1.1666666666666667,2.0,7.0,0.08005845530424263,1,10.0,1.1666666666666667,0.0006183551158756,129.47002963080308,2.1121692474007108
M-5-N-25-pa-0.65-pe-1.00,LinearSearch With Preprocessing and Reduced Qubits,5,18,0.65,zephyr,16,1.0,1.157142857142857,2.0,8.1,0.08651835031341756,1,10.0,1.1428571428571428,0.0005612131208181,154.16309232601984,2.1879804131642047
M-5-N-25-pa-0.75-pe-1.00,LinearSearch With Preprocessing and Reduced Qubits,5,12,0.75,zephyr,16,1.0,1.2,2.0,12.0,0.09713659726548936,1,10.0,1.2,0.0007152801845222,135.80216428695485,2.1329066913804104
M-5-N-25-pa-0.85-pe-1.00,LinearSearch With Preprocessing and Reduced Qubits,5,10,0.85,zephyr,16,1.0,1.29,2.0,12.9,0.11413848043885078,1,10.0,1.2,0.0010143858380615,112.51978886500486,2.0512289085765154
M-5-N-5-pa-0.05-pe-1.00,LinearSearch With Preprocessing and Reduced Qubits,2,2,0.05,zephyr,16,1.0,1.0,1.0,2.0,0.06272353772073978,1,10.0,1.0,0.0006711098831146,93.4623959584374,1.9706369102089203
M-5-N-5-pa-0.15-pe-1.00,LinearSearch With Preprocessing and Reduced Qubits,4,4,0.15,zephyr,16,1.0,1.0,1.0,4.0,0.06923930046614254,1,10.0,1.0,0.000424635130912,163.05598680537688,2.212336749108426
M-5-N-5-pa-0.25-pe-1.00,LinearSearch With Preprocessing and Reduced Qubits,5,5,0.25,zephyr,16,1.0,1.1666666666666667,2.0,7.0,0.08348119996953753,1,10.0,1.1666666666666667,0.0005269679240882,158.41799091579446,2.1998045011966245
M-5-N-5-pa-0.35-pe-1.00,LinearSearch With Preprocessing and Reduced Qubits,5,5,0.35,zephyr,16,1.0,1.2,2.0,6.0,0.07529611969366667,1,10.0,1.2,0.0004162609111517,180.88683682657702,2.2574069643140096
M-5-N-5-pa-0.45-pe-1.00,LinearSearch With Preprocessing and Reduced Qubits,4,4,0.45,zephyr,16,1.0,1.06,1.3,5.3,0.07222574842162426,1,10.0,1.0,0.0009264559485018,77.95918247431356,1.891867276208959
M-5-N-50-pa-0.05-pe-1.00,LinearSearch With Preprocessing and Reduced Qubits,5,8,0.05,zephyr,16,1.0,1.2,2.0,6.0,0.07838777510914949,1,10.0,1.2,0.0005306389648467,147.7233677780751,2.1694492000863095
M-5-N-50-pa-0.15-pe-1.00,LinearSearch With Preprocessing and Reduced Qubits,5,16,0.15,zephyr,16,1.0,1.2,2.0,6.0,0.07798477842006828,1,10.0,1.2,0.0005716341547667,136.42428051814326,2.134891672060722
M-5-N-50-pa-0.25-pe-1.00,LinearSearch With Preprocessing and Reduced Qubits,5,19,0.25,zephyr,16,1.0,1.2,2.0,6.0,0.0776742656016722,1,10.0,1.2,0.0005924180150032,131.11394910929351,2.117648898399933
M-5-N-50-pa-0.35-pe-1.00,LinearSearch With Preprocessing and Reduced Qubits,5,22,0.35,zephyr,16,1.0,1.2,2.0,6.0,0.07668548338115211,1,10.0,1.2,0.0006251609884202,122.66517693670134,2.0887212896217564
M-5-N-50-pa-0.45-pe-1.00,LinearSearch With Preprocessing and Reduced Qubits,5,29,0.45,zephyr,16,1.0,1.2,2.0,6.0,0.07749599944800135,1,10.0,1.2,0.000660239951685,117.3755073937106,2.0695774826626243
M-5-N-50-pa-0.55-pe-1.00,LinearSearch With Preprocessing and Reduced Qubits,5,24,0.55,zephyr,16,1.0,1.2,2.0,6.0,0.07657364245969797,1,10.0,1.2,0.0007064789533615,108.38771910608935,2.0349800771655593
M-5-N-50-pa-0.65-pe-1.00,LinearSearch With Preprocessing and Reduced Qubits,5,23,0.65,zephyr,16,1.0,1.2,2.0,6.0,0.08342950567603105,1,10.0,1.2,0.0005509010516107,151.44190645608984,2.1802460681964733
M-5-N-50-pa-0.75-pe-1.00,LinearSearch With Preprocessing and Reduced Qubits,5,14,0.75,zephyr,16,1.0,1.2,2.0,9.6,0.08766400367021557,1,10.0,1.125,0.0012077179271727,72.58648863717114,1.8608557879720355
M-5-N-50-pa-0.85-pe-1.00,LinearSearch With Preprocessing and Reduced Qubits,5,13,0.85,zephyr,16,1.0,1.2333333333333334,2.0,11.1,0.09598227229434993,1,10.0,1.2222222222222223,0.0007176059298217,133.7534546076629,2.12630500787663
M-5-N-50-pa-0.95-pe-1.00,LinearSearch With Preprocessing and Reduced Qubits,5,7,0.95,zephyr,16,1.0,1.3333333333333333,2.0,12.0,0.10617346055805679,1,10.0,1.3333333333333333,0.0010656050872057,99.63678076728694,1.9984196871785853
M-50-N-10-pa-0.05-pe-1.00,LinearSearch With Preprocessing and Reduced Qubits,21,10,0.05,zephyr,16,1.0,2.172727272727273,3.0,71.7,1.4036295003723354,1,10.0,2.090909090909091,0.024531627073884,57.21713835318331,1.7575261332930479
M-50-N-10-pa-0.15-pe-1.00,LinearSearch With Preprocessing and Reduced Qubits,39,10,0.15,zephyr,16,1.0,4.361016949152543,7.0,257.3,27.76781270881183,2,10.0,3.9322033898305087,0.0049238819628953,5639.4147772877595,3.751234037993702
M-50-N-10-pa-0.25-pe-1.00,LinearSearch With Preprocessing and Reduced Qubits,47,10,0.25,zephyr,16,1.0,5.429706729510343,8.0,337.15,40.25283236913383,2,10.0,5.101859125425504,0.0137870959006249,2919.6019710278338,3.4653236481714336
M-50-N-10-pa-0.35-pe-1.00,LinearSearch With Preprocessing and Reduced Qubits,49,10,0.35,zephyr,16,1.0,5.633898305084746,8.1,332.4,24.061636021430605,1,10.0,5.322033898305085,0.0019898468162864,12092.205195093366,4.082505508199864
M-50-N-10-pa-0.45-pe-1.00,LinearSearch With Preprocessing and Reduced Qubits,50,10,0.45,zephyr,16,1.0,6.01,8.7,360.6,25.343421065201984,1,10.0,5.8,0.0094068488106131,2694.1456775529973,3.430421075146038
M-50-N-10-pa-0.55-pe-1.00,LinearSearch With Preprocessing and Reduced Qubits,50,10,0.55,zephyr,16,1.0,6.113333333333333,8.9,366.8,20.261258413619363,1,10.0,5.466666666666667,0.0160874100401997,1259.4481250698825,3.1001802842121906
M-50-N-10-pa-0.65-pe-1.00,LinearSearch With Preprocessing and Reduced Qubits,50,10,0.65,zephyr,16,1.0,6.066666666666666,9.1,364.0,22.62101860838011,1,10.0,5.55,0.0605381538625806,373.6654847347233,2.5724829841714953
M-50-N-25-pa-0.05-pe-1.00,LinearSearch With Preprocessing and Reduced Qubits,41,25,0.05,zephyr,16,1.0,3.8661764705882353,7.1,262.9,14.15645942769479,1,10.0,3.588235294117647,0.0067836639937013,2086.845610093949,3.319490320093523
M-50-N-25-pa-0.15-pe-1.00,LinearSearch With Preprocessing and Reduced Qubits,50,25,0.15,zephyr,16,1.0,6.359322033898305,14.300000000000002,750.4,94.3263386233244,3,10.0,5.88135593220339,0.0446713319979608,2111.563152527414,3.324604074813278
M-50-N-25-pa-0.25-pe-1.00,LinearSearch With Preprocessing and Reduced Qubits,50,25,0.25,zephyr,16,1.0,6.7835,12.25,678.3499999999999,62.03091340055689,2,10.0,6.27,0.0042791510932147,14496.079253761582,4.161250554737907
M-50-N-25-pa-0.35-pe-1.00,LinearSearch With Preprocessing and Reduced Qubits,50,25,0.35,zephyr,16,1.0,7.077166666666667,11.85,630.3,62.22017817599699,2,10.0,6.511666666666667,0.0129734410438686,4795.965693358356,3.6808760678299777
M-50-N-25-pa-0.45-pe-1.00,LinearSearch With Preprocessing and Reduced Qubits,50,25,0.45,zephyr,16,1.0,7.628333333333334,13.399999999999999,680.75,61.06454036978539,2,10.0,6.83,0.1000351051334291,610.4311110357278,2.7856366596238127
M-50-N-25-pa-0.55-pe-1.00,LinearSearch With Preprocessing and Reduced Qubits,50,25,0.55,zephyr,16,1.0,6.601333333333334,10.6,495.1,30.613755490072073,1,10.0,5.986666666666666,0.0045045979786664,6796.1126893590745,3.832260571486172
M-50-N-25-pa-0.65-pe-1.00,LinearSearch With Preprocessing and Reduced Qubits,50,25,0.65,zephyr,16,1.0,6.704000000000001,10.5,502.8,29.82568124427926,1,10.0,6.466666666666667,0.0139154540374875,2143.34948480927,3.33109299089685
M-50-N-25-pa-0.75-pe-1.00,LinearSearch With Preprocessing and Reduced Qubits,50,25,0.75,zephyr,16,1.0,7.0040000000000004,11.3,525.3,30.69278503428213,1,10.0,6.133333333333334,0.0683498550206422,449.0541351486936,2.6522986999769516
M-50-N-5-pa-0.05-pe-1.00,LinearSearch With Preprocessing and Reduced Qubits,15,5,0.05,zephyr,16,1.0,1.9318181818181817,3.0,42.5,0.5364396203774959,1,10.0,1.8636363636363635,0.0008152250666171,658.0264048375095,2.818243321038995
M-50-N-5-pa-0.15-pe-1.00,LinearSearch With Preprocessing and Reduced Qubits,34,5,0.15,zephyr,16,1.0,3.825,5.9,168.3,6.817469441262074,1,10.0,3.4318181818181817,0.0060092159546911,1134.502319692057,3.054805388214346
M-50-N-5-pa-0.25-pe-1.00,LinearSearch With Preprocessing and Reduced Qubits,39,5,0.25,zephyr,16,1.0,4.4409090909090905,6.3,195.4,10.830297578428873,1,10.0,3.9318181818181817,0.0054949130862951,1970.9679491509742,3.294679562067384
M-50-N-50-pa-0.05-pe-1.00,LinearSearch With Preprocessing and Reduced Qubits,45,48,0.05,zephyr,16,1.0,4.008108108108108,7.8,296.6,18.59812138536945,1,10.0,3.6486486486486487,0.015680351993069,1186.0780543959777,3.0741132703756735
M-50-N-50-pa-0.15-pe-1.00,LinearSearch With Preprocessing and Reduced Qubits,50,50,0.15,zephyr,16,1.0,8.150360324291864,31.04,1601.6200000000001,166.75375468253623,5,10.0,7.448653788409568,0.4722636910155415,353.09459070122654,2.5478910643583337
M-50-N-50-pa-0.25-pe-1.00,LinearSearch With Preprocessing and Reduced Qubits,50,50,0.25,zephyr,16,1.0,10.620541666666666,34.2,1872.6,134.41761539694852,4,10.0,9.920833333333333,0.964678772026673,139.33924876818227,2.1440734647552313
M-50-N-50-pa-0.35-pe-1.00,LinearSearch With Preprocessing and Reduced Qubits,50,50,0.35,zephyr,16,1.0,10.164555555555555,24.733333333333334,1399.6333333333332,96.72752133808098,3,10.0,8.828888888888889,0.1565399540122598,617.9094784318617,2.7909248571325023
M-50-N-50-pa-0.45-pe-1.00,LinearSearch With Preprocessing and Reduced Qubits,50,50,0.45,zephyr,16,1.0,10.114,23.3,1318.65,64.18379482887686,2,10.0,8.851666666666667,0.0330474260263145,1942.172282217302,3.288287751780882
M-50-N-50-pa-0.55-pe-1.00,LinearSearch With Preprocessing and Reduced Qubits,50,50,0.55,zephyr,16,1.0,9.9885,22.5,1312.5,65.36178193998057,2,10.0,9.24,0.2603020560927689,251.0997528057759,2.399846285173541
M-50-N-50-pa-0.65-pe-1.00,LinearSearch With Preprocessing and Reduced Qubits,50,50,0.65,zephyr,16,1.0,9.888166666666667,22.6,1287.8000000000002,66.3716387903085,2,10.0,8.401666666666667,1.2274657760281116,54.07208908506005,1.732973148946579
M-50-N-50-pa-0.75-pe-1.00,LinearSearch With Preprocessing and Reduced Qubits,50,50,0.75,zephyr,16,1.0,8.261,16.6,826.1,30.99198596577626,1,10.0,6.86,0.0220239411573857,1407.19527639929,3.1483543686344913
M-50-N-50-pa-0.85-pe-1.00,LinearSearch With Preprocessing and Reduced Qubits,50,50,0.85,zephyr,16,1.0,8.11122448979592,15.6,794.9,31.210244402801617,1,10.0,7.142857142857143,0.1089125829748809,286.5623378862775,2.457219111661614
M-10-N-10-pa-0.05-pe-1.00,LinearSearch With Reduced Qubits,5,6,0.05,zephyr,16,1.0,1.2,2.0,6.0,0.30730457359459235,4,10.0,1.2,0.0004716061521321,651.6127314151355,2.813989561103392
M-10-N-10-pa-0.15-pe-1.00,LinearSearch With Reduced Qubits,10,9,0.15,zephyr,16,1.0,1.525357142857143,2.0,22.5,0.7506059389328582,4,10.0,1.4749999999999999,0.0013284040614962,565.0433931392809,2.752081801231162
M-10-N-10-pa-0.25-pe-1.00,LinearSearch With Reduced Qubits,9,10,0.25,zephyr,16,1.0,1.4942307692307693,2.0,19.049999999999997,0.6765696633141486,4,10.0,1.450320512820513,0.0008463929407298,799.3564572164577,2.902740487550377
M-10-N-10-pa-0.35-pe-1.00,LinearSearch With Reduced Qubits,10,10,0.35,zephyr,16,1.0,1.5654385964912283,2.3,26.65,0.4979599460028111,2,10.0,1.5035087719298246,0.0007756720297038,641.9722850532473,2.8075162793029755
M-10-N-10-pa-0.45-pe-1.00,LinearSearch With Reduced Qubits,10,10,0.45,zephyr,16,1.0,1.5791666666666666,2.5,32.65,0.6809341964544728,2,10.0,1.5061274509803924,0.0017262550536543,394.45746711562083,2.5960001817087583
M-10-N-10-pa-0.55-pe-1.00,LinearSearch With Reduced Qubits,10,10,0.55,zephyr,16,1.0,1.7124756335282652,2.9000000000000004,39.900000000000006,0.8416082697222009,2,10.0,1.6072124756335282,0.0020302031189203,414.5438756666082,2.6175705034066294
M-10-N-10-pa-0.65-pe-1.00,LinearSearch With Reduced Qubits,10,10,0.65,zephyr,16,1.0,1.6529411764705881,2.5,28.1,0.3110667440341785,1,10.0,1.5294117647058822,0.0010380870662629,299.6538092458477,2.4766198028880186
M-10-N-10-pa-0.75-pe-1.00,LinearSearch With Reduced Qubits,10,10,0.75,zephyr,16,1.0,1.7588235294117645,2.8,29.9,0.37050614464096726,1,10.0,1.7058823529411764,0.0033400568645447,110.92809480671663,2.045041554033716
M-10-N-25-pa-0.05-pe-1.00,LinearSearch With Reduced Qubits,9,11,0.05,zephyr,16,1.0,1.6333333333333335,2.0,14.7,1.128153521288186,8,10.0,1.5555555555555556,0.0006407799664884,1760.5942422171754,3.2456592772222246
M-10-N-25-pa-0.15-pe-1.00,LinearSearch With Reduced Qubits,10,21,0.15,zephyr,16,1.0,1.5692307692307692,2.0,20.4,1.028689055563882,6,10.0,1.5384615384615383,0.0008783668745309,1171.138261494805,3.0686081697608003
M-10-N-25-pa-0.25-pe-1.00,LinearSearch With Reduced Qubits,10,24,0.25,zephyr,16,1.0,1.546153846153846,2.0,20.1,0.8678173453081397,5,10.0,1.5384615384615383,0.0009035978000611,960.4022323749094,2.9824531608679745
M-10-N-25-pa-0.35-pe-1.00,LinearSearch With Reduced Qubits,10,25,0.35,zephyr,16,1.0,1.6327272727272728,2.0,19.259999999999998,0.8624060627305878,5,10.0,1.5272727272727273,0.0008877338841557,971.4691273492733,2.9874290035622484
M-10-N-25-pa-0.45-pe-1.00,LinearSearch With Reduced Qubits,10,25,0.45,zephyr,16,1.0,1.5365079365079366,2.766666666666667,39.63333333333333,1.2422580600716173,3,10.0,1.4841269841269842,0.0018612260464578,667.4407236930653,2.824412701473476
M-10-N-25-pa-0.55-pe-1.00,LinearSearch With Reduced Qubits,10,25,0.55,zephyr,16,1.0,1.7378787878787878,3.2,48.55,1.3604879274731503,2,10.0,1.5984848484848486,0.0012604820076376,1079.3394258309504,3.033158041147019
M-10-N-25-pa-0.65-pe-1.00,LinearSearch With Reduced Qubits,10,25,0.65,zephyr,16,1.0,1.685,3.0,33.7,0.3884622353129089,1,10.0,1.55,0.0010089969728142,384.9984146577249,2.5854589411802174
M-10-N-25-pa-0.75-pe-1.00,LinearSearch With Reduced Qubits,10,22,0.75,zephyr,16,1.0,1.7913043478260868,3.0,41.2,0.5853850676678121,1,10.0,1.7391304347826086,0.0015025539323687,389.59338142051837,2.5906115702890378
M-10-N-25-pa-0.85-pe-1.00,LinearSearch With Reduced Qubits,10,21,0.85,zephyr,16,1.0,1.7736842105263158,3.0,33.7,0.546851290925406,1,10.0,1.736842105263158,0.0028012790717184,195.21485604600397,2.2905128648340196
M-10-N-5-pa-0.05-pe-1.00,LinearSearch With Reduced Qubits,6,5,0.05,zephyr,16,1.0,1.3,2.0,9.1,0.2681304788216947,3,10.0,1.2857142857142858,0.000561132794246,477.83783285050487,2.6792805320788204
M-10-N-5-pa-0.15-pe-1.00,LinearSearch With Reduced Qubits,8,5,0.15,zephyr,16,1.0,1.434090909090909,2.0,15.05,0.26033886785153293,2,10.0,1.3818181818181818,0.0007028528489172,370.4030906073758,2.568674601737616
M-10-N-5-pa-0.25-pe-1.00,LinearSearch With Reduced Qubits,7,5,0.25,zephyr,16,1.0,1.3444444444444443,2.0,12.1,0.42166306979488566,4,10.0,1.3333333333333333,0.000760270981118,554.6220751714029,2.743997151456956
M-10-N-5-pa-0.45-pe-1.00,LinearSearch With Reduced Qubits,9,5,0.45,zephyr,16,1.0,1.5071428571428571,2.0,21.1,0.1790430781431496,1,10.0,1.5,0.0010972078889608,163.18063311552226,2.212668613794282
M-10-N-5-pa-0.55-pe-1.00,LinearSearch With Reduced Qubits,10,5,0.55,zephyr,16,1.0,1.592857142857143,2.0,22.3,0.2076056186109781,1,10.0,1.5714285714285714,0.0013913670554757,149.20981321552793,2.1737973867125007
M-10-N-50-pa-0.05-pe-1.00,LinearSearch With Reduced Qubits,10,22,0.05,zephyr,16,1.0,1.72,2.0,17.2,1.3976679383311417,9,10.0,1.7,0.0008135489188134,1717.988807177961,3.2350203300446125
M-10-N-50-pa-0.15-pe-1.00,LinearSearch With Reduced Qubits,10,36,0.15,zephyr,16,1.0,1.72,2.0,17.2,1.251604593871161,8,10.0,1.7,0.0008703300263732,1438.0804459300466,3.1577831810724555
M-10-N-50-pa-0.25-pe-1.00,LinearSearch With Reduced Qubits,10,45,0.25,zephyr,16,1.0,1.6333333333333333,2.0,19.6,1.1542424435261636,7,10.0,1.5833333333333333,0.0013078558258712,882.5456291214242,2.9457371684096607
M-10-N-50-pa-0.35-pe-1.00,LinearSearch With Reduced Qubits,10,46,0.35,zephyr,16,1.0,1.3852813852813852,2.08,30.2,1.0509501877240834,5,10.0,1.3575757575757574,0.0014712840784341,714.3081356037717,2.8538855965448127
M-10-N-50-pa-0.45-pe-1.00,LinearSearch With Reduced Qubits,10,46,0.45,zephyr,16,1.0,1.7416666666666665,3.6333333333333333,63.166666666666664,2.4985037872567775,3,10.0,1.6358024691358024,0.0014524541329592,1720.1946201538103,3.235577585092209
M-10-N-50-pa-0.55-pe-1.00,LinearSearch With Reduced Qubits,10,48,0.55,zephyr,16,1.0,2.0626126126126128,5.433333333333334,116.36666666666667,17.691931377374566,3,10.0,1.9363738738738736,0.0047015969175845,3762.9621772640253,3.575529853109132
M-10-N-50-pa-0.65-pe-1.00,LinearSearch With Reduced Qubits,10,47,0.65,zephyr,16,1.0,1.9816666666666665,4.3,81.75,4.269439688068815,2,10.0,1.8566666666666667,0.0019774779211729,2159.03279636996,3.334259239450738
M-10-N-50-pa-0.75-pe-1.00,LinearSearch With Reduced Qubits,10,48,0.75,zephyr,16,1.0,1.8305683563748079,3.15,48.2,1.4028019408229737,2,10.0,1.705069124423963,0.0026195000391453,535.5227788983589,2.728777948631228
M-10-N-50-pa-0.85-pe-1.00,LinearSearch With Reduced Qubits,10,29,0.85,zephyr,16,1.0,1.8050000000000002,3.0,36.1,0.5139779971679672,1,10.0,1.65,0.0021144880447536,243.07443979177773,2.3857392935171338
M-10-N-50-pa-0.95-pe-1.00,LinearSearch With Reduced Qubits,10,16,0.95,zephyr,16,1.0,1.764705882352941,2.8,30.0,0.3247588598402217,1,10.0,1.7058823529411764,0.0030071141663938,107.99685072206056,2.0334110912848358
M-25-N-10-pa-0.05-pe-1.00,LinearSearch With Reduced Qubits,12,9,0.05,zephyr,16,1.0,1.588235294117647,2.0,27.0,1.171902038156986,5,10.0,1.588235294117647,0.0010182480327785,1150.9003693415532,3.061037729435561
M-25-N-10-pa-0.15-pe-1.00,LinearSearch With Reduced Qubits,20,10,0.15,zephyr,16,1.0,2.319397759103641,3.5666666666666664,74.36666666666666,4.289856972591951,3,10.0,2.1848739495798317,0.0011958058457821,3587.419298990641,3.5547821401540642
M-25-N-10-pa-0.25-pe-1.00,LinearSearch With Reduced Qubits,24,10,0.25,zephyr,16,1.0,2.7725267379679144,4.25,108.55000000000001,6.02690194521565,2,10.0,2.542112299465241,0.0012443189043551,4843.534819954946,3.6851624262077216
M-25-N-10-pa-0.35-pe-1.00,LinearSearch With Reduced Qubits,23,10,0.35,zephyr,16,1.0,2.875757575757576,4.0,94.9,2.6259776598541067,1,10.0,2.757575757575758,0.0012732530012726,2062.4162324118297,3.3143763181723824
M-25-N-10-pa-0.45-pe-1.00,LinearSearch With Reduced Qubits,25,10,0.45,zephyr,16,1.0,3.242857142857143,4.6,113.5,3.5893909876933323,1,10.0,3.057142857142857,0.0014512289781123,2473.3457223882897,3.3932848259576236
M-25-N-10-pa-0.55-pe-1.00,LinearSearch With Reduced Qubits,25,10,0.55,zephyr,16,1.0,3.2628571428571425,4.5,114.2,2.962132769823074,1,10.0,3.085714285714286,0.0019621721003204,1509.6192468692084,3.1788674242236654
M-25-N-10-pa-0.65-pe-1.00,LinearSearch With Reduced Qubits,25,10,0.65,zephyr,16,1.0,3.38,4.7,118.3,3.18029192937538,1,10.0,3.2857142857142856,0.0096548849251121,329.3971863687497,2.5177198852110885
M-25-N-25-pa-0.05-pe-1.00,LinearSearch With Reduced Qubits,22,23,0.05,zephyr,16,1.0,2.2888888888888888,3.0,61.8,15.930301641020923,15,10.0,2.259259259259259,0.0027349609881639,5824.690627814383,3.7652728632257815
M-25-N-25-pa-0.15-pe-1.00,LinearSearch With Reduced Qubits,24,25,0.15,zephyr,16,1.0,2.517632850241546,4.528571428571429,115.15714285714286,19.90929826372303,7,10.0,2.3409247757073848,0.0038146940059959,5219.107542363995,3.7175962458062504
M-25-N-25-pa-0.25-pe-1.00,LinearSearch With Reduced Qubits,25,25,0.25,zephyr,16,1.0,3.643306993173982,7.675,270.825,59.44604663767386,4,10.0,3.366220674913801,0.0185795067809522,3199.54923106025,3.5050887969909157
M-25-N-25-pa-0.35-pe-1.00,LinearSearch With Reduced Qubits,25,25,0.35,zephyr,16,1.0,3.5839999999999996,6.8,227.95,29.64342399747111,2,10.0,3.2800000000000002,0.0017900988459587,16559.657612111198,4.219051353058296
M-25-N-25-pa-0.45-pe-1.00,LinearSearch With Reduced Qubits,25,25,0.45,zephyr,16,1.0,3.823666666666666,6.8999999999999995,242.75,27.839850510517138,2,10.0,3.546666666666667,0.0039325749967247,7079.292963675111,3.8499898851887076
M-25-N-25-pa-0.55-pe-1.00,LinearSearch With Reduced Qubits,25,25,0.55,zephyr,16,1.0,3.934344422700587,7.050000000000001,244.35,31.115012909122743,2,10.0,3.74853228962818,0.0460209399461746,676.1055498831247,2.830014500902444
M-25-N-25-pa-0.65-pe-1.00,LinearSearch With Reduced Qubits,25,25,0.65,zephyr,16,1.0,3.556,5.8,177.8,8.086901462636888,1,10.0,3.44,0.0025866238866001,3126.4311372845204,3.4950488673597118
M-25-N-25-pa-0.75-pe-1.00,LinearSearch With Reduced Qubits,25,25,0.75,zephyr,16,1.0,3.606382978723404,5.8,169.5,9.201397476322018,1,10.0,3.3617021276595747,0.0073460608255118,1252.5621137132898,3.097799271444775
M-25-N-25-pa-0.85-pe-1.00,LinearSearch With Reduced Qubits,25,25,0.85,zephyr,16,1.0,3.7122448979591836,5.9,181.9,9.740830881218425,1,10.0,3.5510204081632653,0.018967960961163,513.541276294763,2.7105753561059194
M-25-N-5-pa-0.05-pe-1.00,LinearSearch With Reduced Qubits,8,5,0.05,zephyr,16,1.0,1.4379545454545455,2.0,15.45,0.563734196173027,4,10.0,1.3727272727272726,0.0009209879208356,612.0972738159924,2.7868204452256435
M-25-N-5-pa-0.15-pe-1.00,LinearSearch With Reduced Qubits,21,5,0.15,zephyr,16,1.0,2.387435897435897,3.15,66.9,2.6226988144917414,2,10.0,2.2846153846153845,0.0017518601380288,1497.093721160708,3.1752489889263
M-25-N-5-pa-0.25-pe-1.00,LinearSearch With Reduced Qubits,16,5,0.25,zephyr,16,1.0,2.1333333333333333,3.0,44.8,0.6696344109252095,1,10.0,2.0,0.0017105161678045,391.4809009921402,2.592710579176086
M-25-N-5-pa-0.35-pe-1.00,LinearSearch With Reduced Qubits,24,5,0.35,zephyr,16,1.0,2.9172413793103447,4.0,84.6,1.975949661922641,1,10.0,2.7586206896551726,0.0021965519990772,899.5688068632995,2.9540343875797155
M-25-N-5-pa-0.45-pe-1.00,LinearSearch With Reduced Qubits,25,5,0.45,zephyr,16,1.0,3.05,4.0,91.5,2.286740160640329,1,10.0,2.933333333333333,0.0074717588722705,306.05111854197037,2.4857939710783885
M-25-N-50-pa-0.05-pe-1.00,LinearSearch With Reduced Qubits,24,37,0.05,zephyr,16,1.0,2.4806034482758617,3.2874999999999996,71.78125,23.726981607754716,16,10.0,2.377924876847291,0.0024259348865598,9780.551707890732,3.990363353451687
M-25-N-50-pa-0.15-pe-1.00,LinearSearch With Reduced Qubits,25,49,0.15,zephyr,16,1.0,2.6687290259547174,5.2875,150.85,37.25181420797016,8,10.0,2.4446179006839133,0.0017964020371437,20736.90266264899,4.316743889132407
M-25-N-50-pa-0.25-pe-1.00,LinearSearch With Reduced Qubits,25,50,0.25,zephyr,16,1.0,3.9991878767393394,11.299999999999999,431.6666666666667,163.27631476270034,6,10.0,3.72497797307194,0.0305402551311999,5346.2655781991525,3.728050528734325
M-25-N-50-pa-0.35-pe-1.00,LinearSearch With Reduced Qubits,25,50,0.35,zephyr,16,1.0,4.663643623165974,14.649999999999999,569.0999999999999,111.24582973006181,4,10.0,4.211246856837794,0.0156691691372543,7099.663597252848,3.8512377710686563
M-25-N-50-pa-0.45-pe-1.00,LinearSearch With Reduced Qubits,25,50,0.45,zephyr,16,1.0,4.6332,12.100000000000001,487.54999999999995,51.92259182687849,2,10.0,4.258666666666667,0.003422019071877,15173.08662550075,4.1810739372841415
M-25-N-50-pa-0.55-pe-1.00,LinearSearch With Reduced Qubits,25,50,0.55,zephyr,16,1.0,4.668861089097701,11.600000000000001,474.85,55.128055615350604,2,10.0,4.210347560285293,0.0053581960964947,10288.547603012606,4.0123540713108685
M-25-N-50-pa-0.65-pe-1.00,LinearSearch With Reduced Qubits,25,50,0.65,zephyr,16,1.0,3.79041095890411,8.0,276.7,22.582447632797994,1,10.0,3.589041095890411,0.0025254930369555,8941.797618685774,3.9514248361781235
M-25-N-50-pa-0.75-pe-1.00,LinearSearch With Reduced Qubits,25,50,0.75,zephyr,16,1.0,3.9183098591549297,7.6,278.2,20.423435512417928,1,10.0,3.76056338028169,0.0036391660105437,5612.119767999949,3.7491269307145867
M-25-N-50-pa-0.85-pe-1.00,LinearSearch With Reduced Qubits,25,50,0.85,zephyr,16,1.0,3.8,7.5,247.0,23.38479161686264,1,10.0,3.661538461538461,0.0143512829672545,1629.4565209668397,3.212042776610876
M-5-N-10-pa-0.05-pe-1.00,LinearSearch With Reduced Qubits,5,5,0.05,zephyr,16,1.0,1.2,2.0,6.0,0.15161416560877106,2,10.0,1.2,0.0006558150053024,231.18434947623157,2.3639584302436876
M-5-N-10-pa-0.15-pe-1.00,LinearSearch With Reduced Qubits,4,5,0.15,zephyr,16,1.0,1.0,1.0,4.0,0.2072362955426796,3,10.0,1.0,0.0004031639546155,514.0248592568186,2.7109841228436604
M-5-N-10-pa-0.25-pe-1.00,LinearSearch With Reduced Qubits,4,6,0.25,zephyr,16,1.0,1.0,1.0,4.0,0.139559060987085,2,10.0,1.0,0.000390850007534,357.06551858740664,2.552747912894696
M-5-N-10-pa-0.35-pe-1.00,LinearSearch With Reduced Qubits,5,9,0.35,zephyr,16,1.0,1.1666666666666667,2.0,7.0,0.24980322641786173,3,10.0,1.1666666666666667,0.0006384730804711,391.2509918856601,2.592455451565631
M-5-N-10-pa-0.45-pe-1.00,LinearSearch With Reduced Qubits,5,10,0.45,zephyr,16,1.0,1.2222222222222223,2.0,11.0,0.1844666105927899,2,10.0,1.2222222222222223,0.0010825009085237,170.4078111804591,2.231489498149114
M-5-N-10-pa-0.55-pe-1.00,LinearSearch With Reduced Qubits,5,7,0.55,zephyr,16,1.0,1.2444444444444445,2.0,11.2,0.09680968087632205,1,10.0,1.2222222222222223,0.0008417139761149,115.01493798184468,2.0607542495909237
M-5-N-10-pa-0.65-pe-1.00,LinearSearch With Reduced Qubits,5,9,0.65,zephyr,16,1.0,1.22,2.0,12.2,0.10194006727542723,1,10.0,1.2,0.0006646660622209,153.37035079154887,2.18574141090686
M-5-N-10-pa-0.75-pe-1.00,LinearSearch With Reduced Qubits,5,8,0.75,zephyr,16,1.0,1.2444444444444445,2.0,11.2,0.09870443278923627,1,10.0,1.2222222222222223,0.0007658789400011,128.8773296994133,2.110176529054109
M-5-N-25-pa-0.05-pe-1.00,LinearSearch With Reduced Qubits,5,10,0.05,zephyr,16,1.0,1.2,2.0,6.0,0.30919112779665714,4,10.0,1.2,0.0005439899396151,568.3765538882001,2.754636154536581
M-5-N-25-pa-0.15-pe-1.00,LinearSearch With Reduced Qubits,5,10,0.15,zephyr,16,1.0,1.2,2.0,6.0,0.31262405880261196,4,10.0,1.2,0.0005103149451315,612.6100385114994,2.787184109080547
M-5-N-25-pa-0.25-pe-1.00,LinearSearch With Reduced Qubits,5,12,0.25,zephyr,16,1.0,1.2,2.0,6.0,0.3049861441133542,4,10.0,1.2,0.0005640911404043,540.6682036418686,2.7329308297417945
M-5-N-25-pa-0.35-pe-1.00,LinearSearch With Reduced Qubits,5,14,0.35,zephyr,16,1.0,1.2,2.0,6.0,0.22906407671980547,3,10.0,1.2,0.000479273032397,477.94067422538046,2.6793739918952815
M-5-N-25-pa-0.45-pe-1.00,LinearSearch With Reduced Qubits,5,15,0.45,zephyr,16,1.0,1.1666666666666667,2.0,7.0,0.24096584857907133,3,10.0,1.1666666666666667,0.0005876100622117,410.07781123084317,2.6128662708237704
M-5-N-25-pa-0.55-pe-1.00,LinearSearch With Reduced Qubits,5,20,0.55,zephyr,16,1.0,1.1666666666666667,2.0,7.0,0.24279099418781686,3,10.0,1.1666666666666667,0.0006183551158756,392.64006646307297,2.5939946145627153
M-5-N-25-pa-0.65-pe-1.00,LinearSearch With Reduced Qubits,5,18,0.65,zephyr,16,1.0,1.157142857142857,2.0,8.1,0.16604436070192596,2,10.0,1.1428571428571428,0.0005612131208181,295.86685386829595,2.4710963136309214
M-5-N-25-pa-0.75-pe-1.00,LinearSearch With Reduced Qubits,5,12,0.75,zephyr,16,1.0,1.2,2.0,12.0,0.09707279789727176,1,10.0,1.2,0.0007152801845222,135.71296935396364,2.1326213528205633
M-5-N-25-pa-0.85-pe-1.00,LinearSearch With Reduced Qubits,5,10,0.85,zephyr,16,1.0,1.29,2.0,12.9,0.10777229967061426,1,10.0,1.2,0.0010143858380615,106.2438921370631,2.0263039722565783
M-5-N-5-pa-0.05-pe-1.00,LinearSearch With Reduced Qubits,2,2,0.05,zephyr,16,1.0,1.0,1.0,2.0,0.06341055443044746,1,10.0,1.0,0.0006711098831146,94.48609822533824,1.9753679153081791
M-5-N-5-pa-0.15-pe-1.00,LinearSearch With Reduced Qubits,4,4,0.15,zephyr,16,1.0,1.0,1.0,4.0,0.20545848135370748,3,10.0,1.0,0.000424635130912,483.8471099378702,2.684708151316111
M-5-N-5-pa-0.25-pe-1.00,LinearSearch With Reduced Qubits,5,5,0.25,zephyr,16,1.0,1.1666666666666667,2.0,7.0,0.24199701002798962,3,10.0,1.1666666666666667,0.0005269679240882,459.22531240869347,2.662025818277702
M-5-N-5-pa-0.35-pe-1.00,LinearSearch With Reduced Qubits,5,5,0.35,zephyr,16,1.0,1.2,2.0,6.0,0.07697354808915403,1,10.0,1.2,0.0004162609111517,184.91658919226649,2.266975874233947
M-5-N-5-pa-0.45-pe-1.00,LinearSearch With Reduced Qubits,4,4,0.45,zephyr,16,1.0,1.06,1.3,5.3,0.07506189248524603,1,10.0,1.0,0.0009264559485018,81.02046570655672,1.9085947351901424
M-5-N-50-pa-0.05-pe-1.00,LinearSearch With Reduced Qubits,5,8,0.05,zephyr,16,1.0,1.2,2.0,6.0,0.3098220746032892,4,10.0,1.2,0.0005306389648467,583.866045549312,2.7663132197991156
M-5-N-50-pa-0.15-pe-1.00,LinearSearch With Reduced Qubits,5,16,0.15,zephyr,16,1.0,1.2,2.0,6.0,0.3105982986046,4,10.0,1.2,0.0005716341547667,543.3515395664424,2.735080901957053
M-5-N-50-pa-0.25-pe-1.00,LinearSearch With Reduced Qubits,5,19,0.25,zephyr,16,1.0,1.2,2.0,6.0,0.3099498177412896,4,10.0,1.2,0.0005924180150032,523.1944494740271,2.718663127948368
M-5-N-50-pa-0.35-pe-1.00,LinearSearch With Reduced Qubits,5,22,0.35,zephyr,16,1.0,1.2,2.0,6.0,0.30724411706905796,4,10.0,1.2,0.0006251609884202,491.46399450485353,2.6914917061763988
M-5-N-50-pa-0.45-pe-1.00,LinearSearch With Reduced Qubits,5,29,0.45,zephyr,16,1.0,1.2,2.0,6.0,0.3122323246207086,4,10.0,1.2,0.000660239951685,472.90734732267015,2.6747760614833105
M-5-N-50-pa-0.55-pe-1.00,LinearSearch With Reduced Qubits,5,24,0.55,zephyr,16,1.0,1.2,2.0,6.0,0.22883171527646468,3,10.0,1.2,0.0007064789533615,323.9045039682431,2.510416987020889
M-5-N-50-pa-0.65-pe-1.00,LinearSearch With Reduced Qubits,5,23,0.65,zephyr,16,1.0,1.2,2.0,6.0,0.1523305673617869,2,10.0,1.2,0.0005509010516107,276.5116650982929,2.4417134574553487
M-5-N-50-pa-0.75-pe-1.00,LinearSearch With Reduced Qubits,5,14,0.75,zephyr,16,1.0,1.2,2.0,9.6,0.08721160611603405,1,10.0,1.125,0.0012077179271727,72.21189988293612,1.8586087713647337
M-5-N-50-pa-0.85-pe-1.00,LinearSearch With Reduced Qubits,5,13,0.85,zephyr,16,1.0,1.2333333333333334,2.0,11.1,0.09805559772066769,1,10.0,1.2222222222222223,0.0007176059298217,136.64268020804732,2.1355863719979937
M-5-N-50-pa-0.95-pe-1.00,LinearSearch With Reduced Qubits,5,7,0.95,zephyr,16,1.0,1.3333333333333333,2.0,12.0,0.10851615092251443,1,10.0,1.3333333333333333,0.0010656050872057,101.8352409570767,2.0078980953395638
M-50-N-10-pa-0.05-pe-1.00,LinearSearch With Reduced Qubits,21,10,0.05,zephyr,16,1.0,2.176113172541744,3.0,70.24285714285715,9.73345846615266,7,10.0,2.098330241187384,0.024531627073884,396.77182587362836,2.598540826027473
M-50-N-10-pa-0.15-pe-1.00,LinearSearch With Reduced Qubits,39,10,0.15,zephyr,16,1.0,4.299181367462239,6.733333333333333,239.73333333333335,36.87606198748108,3,10.0,3.947999538798571,0.0049238819628953,7489.225423736255,3.874436902934136
M-50-N-10-pa-0.25-pe-1.00,LinearSearch With Reduced Qubits,47,10,0.25,zephyr,16,1.0,5.429706729510343,8.0,337.15,40.7266210667789,2,10.0,5.101859125425504,0.0137870959006249,2953.9666190309877,3.470405583307507
M-50-N-10-pa-0.35-pe-1.00,LinearSearch With Reduced Qubits,49,10,0.35,zephyr,16,1.0,5.633898305084746,8.1,332.4,24.04348189018201,1,10.0,5.322033898305085,0.0019898468162864,12083.0818137904,4.0821777160753845
M-50-N-10-pa-0.45-pe-1.00,LinearSearch With Reduced Qubits,50,10,0.45,zephyr,16,1.0,6.01,8.7,360.6,25.360685978224502,1,10.0,5.8,0.0094068488106131,2695.9810331931567,3.43071683251889
M-50-N-10-pa-0.55-pe-1.00,LinearSearch With Reduced Qubits,50,10,0.55,zephyr,16,1.0,6.113333333333333,8.9,366.8,20.22298844328616,1,10.0,5.466666666666667,0.0160874100401997,1257.069248032796,3.0993592022764074
M-50-N-10-pa-0.65-pe-1.00,LinearSearch With Reduced Qubits,50,10,0.65,zephyr,16,1.0,6.066666666666666,9.1,364.0,22.813174975733272,1,10.0,5.55,0.0605381538625806,376.8396212930693,2.5761565586758413
M-50-N-25-pa-0.05-pe-1.00,LinearSearch With Reduced Qubits,41,25,0.05,zephyr,16,1.0,3.8625178613955704,6.989999999999999,256.05,135.8274534167489,10,10.0,3.5830467571644045,0.0067836639937013,20022.72717558584,4.301523229818859
M-50-N-25-pa-0.15-pe-1.00,LinearSearch With Reduced Qubits,50,25,0.15,zephyr,16,1.0,6.113568904428469,12.533333333333333,640.75,177.81213475703262,6,10.0,5.619846930984946,0.0446713319979608,3980.4529392848444,3.5999324936414725
M-50-N-25-pa-0.25-pe-1.00,LinearSearch With Reduced Qubits,50,25,0.25,zephyr,16,1.0,6.509555555555555,11.333333333333334,601.1333333333333,87.14985960526391,3,10.0,6.051111111111111,0.0042791510932147,20366.156203992945,4.308909070388658
M-50-N-25-pa-0.35-pe-1.00,LinearSearch With Reduced Qubits,50,25,0.35,zephyr,16,1.0,7.0521666666666665,11.9,627.8,62.24767921604216,2,10.0,6.511666666666667,0.0129734410438686,4798.085488711806,3.6810679816362053
M-50-N-25-pa-0.45-pe-1.00,LinearSearch With Reduced Qubits,50,25,0.45,zephyr,16,1.0,7.6075,13.399999999999999,678.8499999999999,61.459894008329144,2,10.0,6.83,0.1000351051334291,614.3832600139536,2.7884393740439553
M-50-N-25-pa-0.55-pe-1.00,LinearSearch With Reduced Qubits,50,25,0.55,zephyr,16,1.0,6.601333333333334,10.6,495.1,30.663745042565278,1,10.0,5.986666666666666,0.0045045979786664,6807.210139723981,3.8329691575553833
M-50-N-25-pa-0.65-pe-1.00,LinearSearch With Reduced Qubits,50,25,0.65,zephyr,16,1.0,6.684,10.5,501.3,29.604798175767066,1,10.0,6.466666666666667,0.0139154540374875,2127.4762644385028,3.3278647235012295
M-50-N-25-pa-0.75-pe-1.00,LinearSearch With Reduced Qubits,50,25,0.75,zephyr,16,1.0,7.0040000000000004,11.3,525.3,30.435801918176004,1,10.0,6.133333333333334,0.0683498550206422,445.29431567248906,2.648647151255585
M-50-N-5-pa-0.05-pe-1.00,LinearSearch With Reduced Qubits,15,5,0.05,zephyr,16,1.0,1.8948564593301434,3.0,38.9,1.0201044485438615,2,10.0,1.852870813397129,0.0008152250666171,1251.3163408058872,3.097367116008011
M-50-N-5-pa-0.15-pe-1.00,LinearSearch With Reduced Qubits,34,5,0.15,zephyr,16,1.0,3.8009615384615385,5.7,157.8,11.776513168308885,2,10.0,3.5236013986013988,0.0060092159546911,1959.7420454087353,3.2921989103217144
M-50-N-5-pa-0.25-pe-1.00,LinearSearch With Reduced Qubits,39,5,0.25,zephyr,16,1.0,4.4409090909090905,6.3,195.4,10.795116236014291,1,10.0,3.9318181818181817,0.0054949130862951,1964.565419783235,3.293266495340694
M-50-N-50-pa-0.05-pe-1.00,LinearSearch With Reduced Qubits,45,48,0.05,zephyr,16,1.0,4.018020244984918,7.752631578947367,294.5052631578948,333.4923531444045,19,10.0,3.663063619804788,0.015680351993069,21268.167530330058,4.327730072613147
M-50-N-50-pa-0.15-pe-1.00,LinearSearch With Reduced Qubits,50,50,0.15,zephyr,16,1.0,7.578786816468154,25.9375,1337.5875,262.2272407977842,8,10.0,6.869142436526206,0.4722636910155415,555.2559847091853,2.7444932481969526
M-50-N-50-pa-0.25-pe-1.00,LinearSearch With Reduced Qubits,50,50,0.25,zephyr,16,1.0,9.865066666666667,29.9,1636.0,163.2937586640939,5,10.0,9.120000000000001,0.964678772026673,169.27267749539493,2.2285868637758965
M-50-N-50-pa-0.35-pe-1.00,LinearSearch With Reduced Qubits,50,50,0.35,zephyr,16,1.0,10.161888888888889,24.7,1399.6000000000001,98.02520459739026,3,10.0,8.866666666666667,0.1565399540122598,626.199267882032,2.7967125555278196
M-50-N-50-pa-0.45-pe-1.00,LinearSearch With Reduced Qubits,50,50,0.45,zephyr,16,1.0,10.061166666666665,23.15,1311.85,65.65211104764603,2,10.0,8.851666666666667,0.0330474260263145,1986.6028595807425,3.298111056273765
M-50-N-50-pa-0.55-pe-1.00,LinearSearch With Reduced Qubits,50,50,0.55,zephyr,16,1.0,9.935666666666666,22.4,1304.35,66.85184999851045,2,10.0,9.216666666666667,0.2603020560927689,256.8241334767956,2.409635831481481
M-50-N-50-pa-0.65-pe-1.00,LinearSearch With Reduced Qubits,50,50,0.65,zephyr,16,1.0,9.9145,22.8,1291.75,65.98865285413339,2,10.0,8.401666666666667,1.2274657760281116,53.76007554981178,1.7304598703665215
M-50-N-50-pa-0.75-pe-1.00,LinearSearch With Reduced Qubits,50,50,0.75,zephyr,16,1.0,8.25,16.5,825.0,31.109629776608198,1,10.0,6.88,0.0220239411573857,1412.5369093970307,3.149999804695408
M-50-N-50-pa-0.85-pe-1.00,LinearSearch With Reduced Qubits,50,50,0.85,zephyr,16,1.0,8.075510204081633,15.4,791.4,31.13279367152136,1,10.0,7.142857142857143,0.1089125829748809,285.85121040069197,2.4561400355190948
